# decimated from female-skull-hangar79.obj (hangar79 'European Female skull scan', CC BY 4.0) with fast-simplification, target 10000 tris
v 69.6685 227.9493 18.8784
v 64.8503 226.3767 23.0190
v 59.3107 230.8189 25.1694
v 62.3977 228.3432 24.9244
v 55.1556 228.8080 28.2246
v 64.9336 221.6288 25.4199
v 66.4575 233.7200 29.9683
v 61.1111 216.3558 30.4709
v 62.3005 228.2248 18.7386
v 69.7350 227.1415 14.6476
v 64.3215 223.6849 29.8453
v 63.2202 224.7479 18.1637
v 59.9362 223.1007 28.8759
v 64.1123 232.5311 31.1749
v 55.8322 231.3192 25.6459
v 54.7835 223.1627 21.4734
v 62.5359 226.8833 27.7394
v 56.7187 232.8553 31.2783
v 64.6274 229.3980 26.3691
v 63.4828 242.5203 29.0386
v 65.9711 222.1792 27.5519
v 67.8795 227.9259 21.2144
v 67.3143 226.4323 19.0402
v 68.1944 226.7115 18.0949
v 58.9986 222.0222 25.0869
v 63.1671 227.5976 28.1711
v 63.8280 225.1662 25.1436
v 58.7830 227.8337 25.9485
v 70.5345 230.2962 18.6103
v 65.9615 225.2785 28.1316
v 68.2942 226.1971 24.8615
v 55.3901 225.7179 27.4979
v 60.0082 223.9730 17.5476
v 59.8181 234.4458 8.2690
v 52.6240 234.0909 20.1019
v 66.7823 227.9181 21.2396
v 60.3173 227.6819 20.0505
v 65.8320 226.1788 28.4196
v 61.7301 228.9282 33.2451
v 65.1612 223.0617 26.3535
v 55.2602 224.8216 17.6071
v 64.8211 221.6300 27.7562
v 62.2579 217.8516 27.6452
v 59.0023 226.9659 18.8194
v 64.4787 221.0838 27.1093
v 66.3299 238.8448 30.8800
v 68.5594 231.9782 28.5703
v 59.0039 220.1152 23.5723
v 68.0262 227.0859 25.9732
v 54.5629 227.4194 21.6494
v 59.6682 225.1992 24.2313
v 64.1176 224.8589 26.0444
v 64.4328 228.4202 21.5627
v 68.6726 227.8466 23.0150
v 70.0688 231.2689 11.3949
v 57.9778 223.6653 26.9262
v 57.0938 228.6075 24.0325
v 62.2616 227.9261 16.9850
v 57.5314 229.2203 26.5311
v 60.9106 222.1808 30.7492
v 61.0322 226.4527 25.6884
v 62.1156 227.8752 23.8253
v 54.6888 238.1201 28.4673
v 61.4223 222.0117 31.7147
v 57.7585 227.2494 29.9873
v 63.0447 221.2078 30.7867
v 64.2245 222.3867 30.6097
v 54.1663 228.0627 21.6480
v 59.3563 221.1033 27.7354
v 64.6989 221.8670 30.4201
v 63.8790 220.3388 29.1126
v 62.1680 222.2280 30.9717
v 57.6051 225.4619 22.4745
v 56.5278 224.6782 23.7197
v 64.2536 233.8808 8.0025
v 56.0201 226.3991 26.0795
v 62.5582 228.2449 28.5092
v 61.5137 224.6871 30.7117
v 59.2051 221.2362 24.1427
v 60.8490 226.7397 25.2541
v 64.0604 225.4024 22.5327
v 54.7369 227.1828 13.3867
v 68.3754 219.8903 23.1008
v 70.9290 227.6550 23.1011
v 64.8323 228.1471 30.0124
v 71.1930 235.5145 19.6204
v 64.9855 221.7629 26.9280
v 65.3551 222.8671 24.8256
v 61.7177 226.6867 24.8868
v 61.8029 225.3871 14.0863
v 59.7322 226.3043 22.8290
v 55.4225 226.9016 18.6148
v 53.6692 228.6446 22.0203
v 55.0912 238.8343 28.5625
v 59.6334 227.5542 22.4197
v 65.5514 222.2867 26.2016
v 63.9149 230.3855 24.4423
v 64.4211 224.4923 16.5338
v 64.4476 224.8192 15.9882
v 53.5184 232.0412 22.7661
v 65.3394 222.6181 28.6495
v 58.6652 225.2419 16.1299
v 64.6915 221.8036 28.4109
v 55.4634 226.6905 12.5960
v 54.7193 227.9757 26.5039
v 67.9005 230.9917 28.5705
v 65.2350 225.8962 17.7535
v 60.3857 228.0790 22.1303
v 68.2047 228.5624 23.9370
v 67.0261 227.4580 20.6191
v 64.4253 228.5555 20.2602
v 64.6351 228.6634 25.0875
v 62.9556 227.3058 25.6216
v 59.9136 224.4004 14.6308
v 59.7181 220.9869 29.7125
v 68.4600 234.2414 29.7589
v 54.5766 241.4766 23.2944
v 70.6342 230.4967 15.2037
v 65.8886 232.9736 31.6993
v 63.5588 219.2884 30.1774
v 58.4164 224.6576 23.3158
v 62.0433 226.4925 24.4880
v 59.0611 221.5778 28.3783
v 59.3155 217.1541 28.7841
v 60.8310 225.9412 30.0561
v 64.1046 220.4220 26.9934
v 71.6542 237.0598 16.9527
v 55.5646 228.2069 29.6079
v 68.4411 237.0818 29.3951
v 55.6557 230.9629 28.5847
v 62.5224 222.1789 31.5604
v 59.1848 228.6898 25.0021
v 53.7614 227.2562 25.7968
v 70.9612 234.5699 20.7165
v 63.9681 223.8579 30.4363
v 63.5445 225.7219 30.3489
v 59.6014 224.9777 23.7640
v 61.7436 227.3717 25.4932
v 70.8742 230.9942 20.6160
v 64.6422 220.7104 28.9761
v 64.6541 227.1223 23.1065
v 58.6669 223.3936 25.5889
v 60.1709 228.8702 29.4428
v 65.4616 225.4564 16.1074
v 65.8416 218.7527 27.3592
v 62.0234 227.9581 21.9394
v 69.3282 230.6948 28.4079
v 52.9009 234.6556 21.1758
v 65.1441 225.8215 18.3087
v 70.6539 228.5494 21.5247
v 64.5019 216.7389 27.1938
v 70.9890 230.5239 16.5762
v 60.4145 226.9492 30.8163
v 57.9998 225.4325 17.7918
v 59.0052 231.1036 25.3626
v 56.3081 227.2996 19.1626
v 61.8691 222.5313 31.4149
v 54.4320 235.9838 27.8292
v 64.0410 224.5615 16.7851
v 57.4501 242.4302 26.9634
v 60.1479 219.9517 29.5883
v 61.7689 225.1071 29.4198
v 65.6655 233.1771 31.2969
v 53.7982 227.5229 24.7434
v 54.3977 226.2962 15.6006
v 59.3464 223.5029 25.5734
v 56.6173 225.0026 14.7839
v 60.3961 221.1550 30.2057
v 60.9041 228.0043 21.7623
v 60.0478 220.1780 29.7092
v 63.7816 221.1788 30.3141
v 62.2507 228.4656 27.9436
v 59.6039 224.5402 23.0146
v 55.8556 228.2272 20.5377
v 60.8659 228.2802 22.7671
v 56.0515 222.2143 23.6574
v 63.8498 226.6650 23.0736
v 56.3364 229.7659 25.0630
v 60.9053 221.2832 31.2008
v 66.0906 227.4930 18.6575
v 61.3137 230.4499 31.9610
v 59.9932 230.8718 24.0656
v 68.8306 226.9930 19.4117
v 57.6107 226.4584 18.6761
v 63.2947 220.9289 30.3970
v 69.6687 226.5614 17.5181
v 69.0324 225.7471 23.1537
v 53.1587 234.7268 14.8889
v 60.2255 224.5476 26.9019
v 59.4445 227.1693 24.2821
v 62.8256 228.5493 29.1168
v 56.9656 225.2669 15.8423
v 59.7380 228.8752 20.7021
v 59.0369 222.3297 29.6400
v 58.9861 227.2779 29.8239
v 56.3162 227.6643 19.8748
v 57.6772 228.0462 28.3539
v 63.1239 228.3648 32.3175
v 55.7329 231.7766 28.5719
v 64.0232 244.6858 20.2255
v 57.3580 222.9186 23.1091
v 58.8042 220.3854 27.4807
v 59.6200 224.3308 26.1606
v 67.7579 226.0444 26.3464
v 61.9350 229.8396 30.7757
v 69.8331 238.2179 25.2213
v 53.1647 239.3831 20.2386
v 60.3086 227.0502 25.2721
v 69.4054 236.2506 11.1282
v 62.3449 225.6743 29.2403
v 56.3090 223.2818 21.9328
v 61.7752 224.8413 31.5770
v 60.3842 228.6228 28.9219
v 65.4184 227.9082 21.9030
v 58.3652 222.7788 24.8994
v 66.2934 226.9356 29.5813
v 66.6315 228.4284 27.2107
v 57.2148 227.0962 21.2459
v 65.6837 221.9380 28.5267
v 67.9562 224.9627 22.5974
v 64.5793 227.4810 22.5162
v 63.5557 225.9419 24.9241
v 56.8554 233.8416 30.0644
v 60.6629 224.5137 30.5429
v 65.6835 226.4940 28.6383
v 60.4295 219.9399 27.7198
v 54.8257 225.9104 26.9333
v 62.0473 226.5607 26.9414
v 61.9119 220.0529 30.5330
v 58.2739 228.3167 28.1327
v 65.9462 221.9996 27.1493
v 64.0345 225.4126 12.1030
v 59.9141 218.6606 29.0416
v 59.6181 227.6282 24.9912
v 64.7468 223.6592 24.8065
v 68.9178 225.9464 27.0440
v 55.7032 228.0548 20.0730
v 71.2674 233.3523 13.5060
v 59.3883 228.4419 20.6563
v 56.1360 222.8653 21.2654
v 58.1661 228.7274 24.1273
v 58.5123 231.2940 25.5955
v 57.6712 227.8250 29.6284
v 58.8696 225.2925 12.2781
v 58.2721 222.7086 27.6042
v 60.6147 219.5883 30.1285
v 60.4247 227.7342 26.1911
v 70.2999 227.1440 25.6164
v 56.5077 221.2408 24.6966
v 58.8323 228.4962 26.3181
v 62.7103 228.3896 24.9543
v 60.7598 222.1028 30.2287
v 70.6357 229.9889 14.7542
v 62.4776 224.6274 13.9269
v 63.0325 226.0360 29.6996
v 68.7900 225.8207 17.8828
v 64.2432 220.0606 28.9430
v 59.2658 224.2577 29.1456
v 63.6734 220.5401 29.7153
v 69.7271 227.9384 20.7603
v 55.7610 228.8128 29.4517
v 54.8964 236.9651 29.1195
v 65.1030 222.6082 27.8233
v 60.9995 229.2625 29.6374
v 63.1363 222.5654 31.3511
v 60.1856 224.6753 30.3057
v 59.1438 221.3989 24.6650
v 58.2328 221.5744 27.8528
v 56.9045 226.1077 19.3507
v 54.0200 238.3442 26.9505
v 59.4637 221.7634 28.4142
v 60.4000 228.6841 30.1697
v 64.8961 220.9691 25.2849
v 53.5002 227.6618 22.6546
v 55.9226 229.6803 28.5411
v 54.0728 229.1391 15.9197
v 65.9239 221.2082 27.0751
v 70.2638 236.7148 22.2774
v 58.8863 226.1440 24.8094
v 65.4683 224.7508 13.1370
v 64.1604 220.9966 28.6736
v 69.0296 233.0733 25.9456
v 56.3525 224.8921 22.9349
v 67.8975 220.1583 24.1243
v 54.4891 228.4681 26.5980
v 53.1011 234.6922 21.8834
v 69.5493 239.2903 12.1816
v 53.6044 227.7344 25.0426
v 61.5898 244.4429 25.4012
v 61.9097 218.4056 27.9052
v 59.4994 228.6350 30.5891
v 60.6880 216.9508 30.3058
v 61.8928 243.1612 12.5315
v 66.8586 225.6332 15.8535
v 70.7102 229.6243 13.6641
v 54.6411 226.7588 27.7949
v 65.7347 222.4029 27.7830
v 66.1949 222.9097 24.4722
v 67.6699 230.5085 9.5982
v 64.1444 224.8053 22.3990
v 60.4437 228.9080 31.1540
v 59.5972 225.4607 18.7627
v 66.0255 227.2834 17.4701
v 66.1267 227.3780 17.2225
v 65.8048 223.8276 24.9269
v 64.0100 226.1215 14.9767
v 58.6221 227.3439 19.7598
v 66.1510 227.6214 20.4361
v 65.2463 231.3884 8.2218
v 61.7508 227.8861 15.5106
v 68.9377 234.4132 10.5025
v 57.4224 225.1675 13.2538
v 63.4114 228.5734 29.4078
v 65.6372 225.7394 15.6586
v 66.5878 226.1108 17.4695
v 63.0068 220.8560 31.0563
v 58.4750 228.0982 20.9607
v 62.8198 225.7364 14.2495
v 60.6319 228.0766 32.2203
v 65.4548 221.7077 26.3319
v 60.3539 223.4051 29.1365
v 60.4757 237.1335 32.7894
v 60.4303 228.3780 29.4948
v 58.9315 223.1623 26.5699
v 60.8390 224.5341 14.5346
v 66.8726 227.0967 17.5328
v 67.9416 222.9770 22.3027
v 66.2043 226.9284 17.1786
v 56.9964 225.5388 19.6943
v 69.5819 227.0977 14.3655
v 56.3111 228.2196 19.5495
v 56.1152 227.2414 19.0217
v 63.1911 228.0301 27.3337
v 62.5894 229.8608 30.4855
v 63.3720 227.9712 29.5113
v 69.0414 227.1052 13.1709
v 56.6637 228.3819 28.2138
v 65.8514 226.4093 17.1787
v 68.3995 227.8425 19.7923
v 65.9594 230.6426 25.9265
v 63.2996 225.7818 29.7290
v 64.3604 228.4788 21.3102
v 69.3840 227.9912 12.7033
v 56.7145 227.7757 30.1794
v 67.1604 227.4093 19.3356
v 58.8156 233.6129 30.0192
v 62.1527 225.2705 29.4251
v 58.5736 225.1973 18.5586
v 66.6166 227.4741 19.7807
v 57.1237 226.8739 19.2726
v 55.8380 227.7265 20.0120
v 63.2005 222.7366 31.3299
v 60.4507 227.1082 19.7382
v 66.5637 227.1269 19.9840
v 60.3403 230.8677 24.5230
v 64.8846 218.1428 28.3059
v 55.4544 227.6508 19.9488
v 59.6202 243.1524 27.9475
v 59.0094 228.1797 22.0519
v 64.5435 218.0797 28.2711
v 67.5421 226.2860 19.4625
v 67.3070 233.6254 30.7598
v 59.8144 228.2997 30.1223
v 63.0348 222.0592 30.7830
v 55.5112 226.1019 23.6047
v 67.0585 227.1825 18.4923
v 61.6666 220.0219 29.9226
v 62.9173 235.0566 8.1521
v 61.3635 219.9075 29.3787
v 56.8665 227.2831 21.5826
v 70.6735 230.4438 14.8896
v 60.0240 227.8263 30.7505
v 54.4151 228.0068 19.3365
v 69.7147 227.4706 17.5651
v 63.6094 225.5722 24.2250
v 53.8587 239.3882 24.4766
v 62.6400 220.8939 30.5618
v 61.8124 229.6874 30.5172
v 60.8438 228.6136 32.6690
v 66.7083 227.4195 19.2125
v 58.3767 240.1981 30.5669
v 60.1775 225.9399 25.1627
v 59.8295 229.2417 21.0172
v 66.5191 222.3395 23.2699
v 68.2087 222.9016 23.9424
v 65.2332 224.7298 23.7726
v 68.0029 232.4046 28.6005
v 60.9993 220.9359 30.6630
v 64.6710 228.1801 30.5533
v 65.0242 226.6009 29.2379
v 61.1468 227.4193 14.9337
v 55.1194 227.9954 19.2727
v 58.0779 221.2095 26.6649
v 60.0577 227.3806 18.1033
v 64.8459 223.1904 24.6518
v 62.3062 224.1542 28.8937
v 64.4560 226.1647 18.6188
v 70.0964 228.1848 14.5534
v 58.3321 231.7364 25.4965
v 64.8266 222.5154 29.8625
v 58.9844 226.4044 23.6912
v 70.0792 227.2722 22.3073
v 60.8004 224.8962 26.6844
v 61.6728 227.4194 27.1946
v 54.1233 228.6134 14.5305
v 60.8931 232.1250 32.1795
v 56.5909 221.9233 24.5828
v 55.2226 228.3126 28.1615
v 60.7733 227.5337 29.3392
v 62.4352 227.0447 25.6881
v 55.9235 227.2751 29.3142
v 56.2755 218.7085 22.1295
v 63.9995 228.1518 21.2462
v 58.9665 221.6728 27.6765
v 60.7345 228.4106 27.9723
v 60.2908 228.3202 26.1678
v 65.9449 223.1854 25.1626
v 65.8628 223.5566 25.6630
v 64.8130 216.2375 27.7806
v 63.3584 239.9227 9.5625
v 61.9973 224.7497 29.9743
v 61.2369 225.8089 18.3477
v 58.8738 225.0381 15.5196
v 68.4770 220.3818 22.7013
v 59.7055 228.1820 20.2621
v 66.6812 234.3450 9.0369
v 57.9119 232.9604 9.1099
v 70.0990 239.4920 22.6021
v 65.9841 224.4480 27.3656
v 57.9304 225.7261 22.6019
v 54.4891 227.9159 19.0287
v 67.2575 233.0147 9.3617
v 68.5600 225.0187 23.9833
v 62.1054 228.4492 27.4744
v 69.2568 221.9720 20.8275
v 62.1101 228.6912 28.8328
v 63.7595 225.9840 24.6481
v 61.5317 215.4122 29.7824
v 66.3487 232.7351 27.0725
v 55.6891 232.2020 28.7542
v 55.0839 227.9615 21.8940
v 62.3936 228.3807 27.6346
v 59.6497 230.0680 24.5786
v 58.0983 225.8605 11.8001
v 61.3911 229.4612 31.9902
v 55.9400 222.9564 20.7388
v 64.6427 227.7806 24.4558
v 58.2208 227.1592 19.5002
v 66.5897 243.4639 24.7035
v 61.6200 227.6137 9.9885
v 64.1954 219.4520 25.9027
v 66.3602 227.3447 29.9646
v 55.2860 220.9927 20.2740
v 64.0140 244.6102 22.9186
v 56.2631 227.5715 28.5244
v 70.1375 237.4711 22.7650
v 58.7343 221.2200 25.1823
v 54.6289 231.2232 28.3141
v 60.8266 222.7333 31.3065
v 59.2409 227.7795 20.2965
v 63.1504 226.6646 24.7487
v 65.4950 226.2013 17.5944
v 64.7651 221.1723 28.7664
v 55.0417 227.2554 19.9368
v 61.7586 227.4254 14.8254
v 52.8122 232.7601 18.2926
v 64.8050 220.9622 27.4083
v 54.5082 230.5638 28.0696
v 59.1448 233.4021 30.7182
v 68.1124 226.5799 21.4362
v 56.6117 232.2333 27.3812
v 61.9102 224.5753 27.1017
v 54.0122 229.4116 21.1156
v 62.0436 220.2246 30.9359
v 63.9397 225.4182 17.5817
v 58.6734 224.1582 23.9925
v 62.8141 226.5231 29.5916
v 64.9975 227.2498 22.5315
v 59.8977 221.4963 28.6641
v 69.5351 226.8885 26.0654
v 59.9220 226.3446 22.7519
v 54.4281 230.4317 28.3397
v 64.0173 227.1485 19.1817
v 64.2611 242.9657 12.1268
v 64.8616 236.7283 32.4198
v 58.7090 222.0657 28.8817
v 58.7040 225.8840 11.6140
v 64.2733 226.7561 23.3561
v 60.0100 230.5367 24.2960
v 67.3612 227.2322 20.9670
v 53.3571 237.4186 22.5422
v 65.0963 221.6894 29.4746
v 59.4939 221.6749 28.4672
v 53.5239 237.5929 24.3600
v 65.6590 228.0459 21.0021
v 68.2497 226.2871 19.4524
v 59.1878 222.2755 28.9127
v 54.2526 228.8687 15.2980
v 68.1639 228.7941 28.3663
v 62.1041 229.6687 31.7830
v 61.5996 226.4655 25.3492
v 70.8275 230.8511 15.4639
v 59.1125 221.2415 27.0109
v 67.9045 225.7321 28.4947
v 60.5035 228.7541 29.0881
v 63.3628 228.6842 29.5173
v 58.1104 227.1324 19.8289
v 69.5211 229.6210 22.8823
v 55.2887 224.6400 17.2605
v 63.5412 227.3720 31.5094
v 54.1236 229.9657 13.6457
v 65.1723 225.0474 15.9038
v 71.1342 231.6674 16.8695
v 64.0826 226.2877 11.0997
v 67.7085 222.0329 24.5885
v 63.3875 228.0722 30.0643
v 58.6402 224.7134 14.1325
v 65.4926 228.9945 25.9119
v 62.9558 221.4275 31.3693
v 55.9082 227.1232 25.8115
v 59.7697 232.6461 31.1070
v 54.0358 229.3789 15.2608
v 69.3867 228.3996 21.6405
v 52.8880 236.5689 15.5867
v 67.9105 228.7075 24.4393
v 59.2086 222.9871 26.8143
v 69.5092 239.4489 25.3468
v 63.7287 228.2643 30.8559
v 69.1025 225.8602 15.7359
v 57.6231 229.0708 27.2617
v 57.3423 226.6548 18.1873
v 63.3012 219.0011 27.4273
v 69.3720 238.9890 26.1239
v 64.2457 232.7828 31.8471
v 67.8221 226.7034 18.5238
v 54.5881 235.3827 27.9414
v 62.7874 230.2934 8.3075
v 64.4754 223.8561 24.2760
v 54.0028 234.1886 24.4263
v 61.9134 223.9042 29.6589
v 55.9669 219.9866 22.8012
v 70.7008 230.6785 21.2068
v 64.1768 220.8214 30.0171
v 68.7571 226.4093 18.8291
v 63.1457 231.4032 27.7721
v 64.8879 228.3203 30.4910
v 57.0825 226.1779 19.2997
v 64.1203 223.2709 30.6520
v 60.9923 226.0636 25.3050
v 58.2606 226.0560 22.6642
v 60.7820 226.2946 24.8403
v 61.8566 237.1316 32.7635
v 59.7697 228.8102 21.1466
v 66.3868 217.9971 26.8934
v 70.1605 229.8808 12.0732
v 62.7770 224.4965 28.1269
v 61.6031 227.7077 22.9940
v 56.7760 225.6892 19.9177
v 56.6439 224.2627 23.8497
v 69.0042 232.1107 29.1981
v 60.1558 233.0067 32.3702
v 61.2384 227.8748 25.8982
v 66.8771 226.8578 19.3846
v 66.9595 225.6252 17.2740
v 59.6750 226.8474 24.4356
v 66.0919 221.0398 23.3295
v 71.2735 234.1365 20.2348
v 56.5812 228.1251 20.9556
v 58.4035 222.6811 25.2559
v 69.5006 224.7833 22.3292
v 58.8376 229.0440 25.9490
v 64.1694 231.0015 24.6757
v 59.3448 221.2539 29.5392
v 70.3494 228.7290 19.6497
v 70.9925 231.1637 15.7854
v 55.5005 227.3867 27.9875
v 52.8029 233.5938 17.2169
v 65.0547 229.0857 25.8446
v 65.5798 224.5456 24.1531
v 58.4691 224.9972 18.2130
v 62.1433 234.6523 32.7470
v 57.7325 221.1676 22.7957
v 55.5738 229.5627 29.3165
v 67.1100 228.6432 27.5442
v 69.8205 233.9780 25.0772
v 56.6212 227.5324 20.0843
v 60.3661 224.9439 13.7455
v 69.5059 229.2601 11.7615
v 68.3080 230.2431 25.1218
v 57.2185 228.3199 10.7314
v 67.7554 223.0861 24.8389
v 67.3094 225.0951 14.4165
v 65.4541 228.2798 21.8160
v 71.0376 237.0059 13.3174
v 67.2162 227.9057 10.3878
v 66.6997 228.8243 9.5530
v 55.9874 228.0987 19.4340
v 52.7975 236.6707 18.8583
v 65.2352 228.9172 26.9896
v 62.4856 232.9566 32.6040
v 66.4965 221.4468 25.1119
v 68.2875 239.6372 11.2215
v 56.4322 221.5412 21.2119
v 69.3280 221.0654 21.1956
v 67.0278 218.5836 23.5748
v 68.9077 227.2739 18.3567
v 59.9668 221.6150 29.0643
v 53.7712 235.8668 24.1328
v 64.6403 223.1925 29.8892
v 62.8517 226.5320 11.0859
v 65.1489 227.2637 30.0010
v 56.2411 228.0443 20.0808
v 63.4516 229.1205 30.5774
v 66.0001 219.9979 23.8367
v 55.4115 221.4022 20.2451
v 68.1423 226.6881 27.6517
v 64.4744 232.6955 28.1932
v 55.4518 232.2492 11.4415
v 69.7676 227.7483 22.9386
v 59.1701 224.5259 16.3764
v 65.2679 222.2321 25.8397
v 65.3029 221.7581 26.3422
v 54.9108 224.8210 17.4881
v 58.3675 226.6178 11.1863
v 67.6840 225.4340 26.1968
v 57.2294 227.3090 20.6616
v 58.0948 229.1281 25.2661
v 64.9578 226.5517 18.0153
v 68.4206 234.0296 29.0415
v 58.8259 222.7479 26.5681
v 63.6939 227.8563 20.2246
v 54.3309 229.0885 21.6843
v 60.0741 226.0083 29.3178
v 63.4797 228.6475 29.9901
v 65.8402 244.1072 22.3102
v 62.4608 225.0316 29.5959
v 62.2641 224.7715 25.0138
v 58.2674 228.1215 26.5873
v 56.4474 218.0558 23.2223
v 54.2834 227.3409 24.9563
v 53.2395 232.9135 15.2703
v 63.1502 226.8595 29.6965
v 57.2715 227.8673 19.7177
v 65.5202 224.2696 28.1394
v 56.0107 226.6764 20.8944
v 71.4738 238.1804 17.3378
v 58.9581 230.0146 25.5457
v 62.8055 223.4420 29.5175
v 70.4619 228.7494 21.4631
v 65.4445 223.5558 23.8377
v 67.6829 227.2670 21.1472
v 61.3053 215.5060 29.9629
v 63.4658 227.3009 25.6973
v 60.7304 226.0512 25.2523
v 69.7584 235.7960 24.5790
v 67.8272 227.7923 21.5506
v 60.8059 224.8003 29.5981
v 64.4630 220.6779 26.2123
v 61.3854 228.8844 31.6734
v 68.7544 232.3788 29.6245
v 67.0030 226.9990 19.5611
v 52.9174 234.8278 15.7672
v 58.2956 225.8571 17.8395
v 64.9621 221.9199 26.3316
v 64.8044 227.3471 22.3207
v 61.3430 223.7711 29.2610
v 64.0662 220.9315 27.6831
v 60.1705 224.9413 25.9313
v 59.5294 232.7215 31.8861
v 69.6776 235.2945 26.4455
v 68.3377 226.8085 19.4672
v 61.1043 229.5086 31.1691
v 58.1303 221.6034 24.0313
v 69.3393 226.3557 14.8571
v 57.6444 224.9993 22.6606
v 61.0249 228.2810 27.6357
v 58.4519 234.0328 8.9302
v 55.3930 229.5587 12.0320
v 54.9469 228.2569 20.9893
v 58.3920 223.4883 28.5865
v 52.6970 234.0877 20.6008
v 58.9688 216.7577 26.6292
v 71.0352 234.3243 21.4201
v 63.9191 231.1624 25.2002
v 58.7430 222.3620 28.0132
v 59.4284 221.4506 26.6670
v 62.7959 225.7458 29.5505
v 63.0353 222.3055 30.8297
v 56.5021 223.2667 22.1470
v 56.0759 225.4837 28.5889
v 68.8832 226.1070 28.0127
v 62.0601 227.4752 24.9439
v 65.1360 220.9096 28.3281
v 66.0443 237.5286 31.7764
v 66.9231 227.4600 29.5244
v 65.2224 227.6707 18.2677
v 69.4591 230.3627 27.5590
v 67.4936 225.4683 14.3704
v 56.3145 225.9591 24.5925
v 70.0329 237.7915 24.8816
v 62.9752 219.8862 30.6235
v 67.0097 226.8245 20.1614
v 62.5647 228.2175 25.0897
v 69.0473 220.1527 22.0210
v 63.4821 227.4165 31.4737
v 54.3487 228.2857 15.5020
v 54.7243 230.7636 28.1729
v 63.5925 226.2243 23.9396
v 57.3492 233.7850 29.5559
v 59.1744 222.5148 26.7940
v 64.8437 228.5166 21.0353
v 65.7151 232.6079 27.0011
v 63.6910 224.8779 26.0510
v 59.9341 233.5646 8.1598
v 63.0198 226.9176 25.3987
v 55.5812 225.4873 20.5928
v 65.6021 228.6705 27.3142
v 55.2226 225.7006 23.1002
v 62.7475 223.1466 29.7146
v 61.9619 221.7687 30.9844
v 54.6029 224.9633 21.1178
v 61.3195 227.0803 26.1250
v 55.2762 230.9863 11.8810
v 55.3339 226.4934 13.5841
v 64.4031 228.1602 24.8120
v 59.0111 218.4833 27.8482
v 57.1892 230.0379 26.7780
v 63.6863 226.5366 30.8581
v 54.6017 231.6187 28.5809
v 61.6548 243.9611 27.1313
v 64.6286 232.9244 31.2361
v 64.1116 225.2990 29.8444
v 64.5064 220.7482 28.4967
v 67.7055 240.4316 27.8639
v 66.0450 222.5612 25.6761
v 68.1406 228.2781 23.6033
v 61.2178 217.3890 27.5217
v 62.0717 222.3212 30.9404
v 58.6664 221.1661 25.4490
v 70.6729 227.4470 24.4299
v 64.4626 221.3011 28.1571
v 60.5235 230.8962 24.9749
v 64.7544 227.8412 21.6145
v 55.7628 226.0988 12.9158
v 59.9586 225.5256 23.1735
v 61.3604 229.5328 31.6644
v 55.8357 226.1792 20.5904
v 54.9354 224.7869 16.9623
v 59.2108 227.8302 21.1707
v 58.3704 228.6741 25.7360
v 53.8798 230.6803 22.1440
v 66.6800 227.3774 20.2965
v 69.6172 227.5564 22.7522
v 60.2802 225.3124 30.6135
v 60.1608 225.2862 13.0047
v 60.8406 228.4629 32.4082
v 70.8614 228.1727 23.9869
v 62.7286 224.2654 30.7616
v 67.2686 225.5957 27.7873
v 56.0927 221.8818 23.8683
v 55.3155 222.0341 20.3821
v 57.2295 229.3329 25.3374
v 64.3321 229.7783 24.9927
v 60.9041 220.3168 30.5325
v 64.7038 232.9973 31.7095
v 64.5724 227.6761 19.3174
v 57.6039 221.5939 23.9030
v 57.6676 227.8373 29.0879
v 58.5547 244.2707 16.7996
v 59.1611 220.0330 28.4503
v 60.1387 222.7686 29.4197
v 69.5052 226.1153 26.4929
v 63.9868 226.3278 22.2773
v 61.7742 222.1296 31.5099
v 65.1806 244.3737 21.5863
v 55.1408 235.2753 29.7636
v 62.1646 222.5492 30.4647
v 58.5882 226.3003 17.9812
v 59.6817 224.6871 16.4078
v 61.0473 219.8836 30.4894
v 70.5593 229.2409 18.6344
v 56.3052 226.6319 29.1449
v 63.6061 224.5363 17.9303
v 56.2509 230.6339 28.2905
v 69.3797 224.4731 21.1991
v 68.0341 226.4734 18.3096
v 53.8696 228.2623 24.9656
v 58.8813 224.8021 13.2678
v 59.4597 222.7353 28.1110
v 59.5470 222.5679 28.7273
v 57.9584 243.4654 14.3766
v 65.0316 217.7013 28.4653
v 62.8776 242.6039 11.7272
v 55.0465 228.4185 21.5946
v 65.3888 244.0129 24.5943
v 62.8159 224.8119 25.2296
v 62.8974 226.1229 30.1116
v 54.4484 226.1598 26.4880
v 58.7526 228.8111 24.4534
v 58.1260 244.2947 21.4115
v 66.9648 227.3180 19.3758
v 59.5395 231.3840 25.0990
v 56.1713 225.6270 25.1347
v 63.8995 229.0136 30.6065
v 67.1920 226.4154 18.1039
v 57.8272 223.2902 24.7207
v 65.7033 225.5500 16.3182
v 58.0633 224.0150 24.8557
v 65.0591 240.2987 9.9102
v 58.5223 226.2122 25.7004
v 69.6817 225.1783 21.7348
v 69.6251 228.0805 19.5396
v 69.1069 238.7992 27.5193
v 58.1137 237.9687 32.0651
v 59.5193 220.6284 28.9367
v 66.7540 229.6312 9.1335
v 58.8688 225.4480 16.0989
v 67.9768 226.2002 19.6872
v 67.5670 223.8640 25.0752
v 65.5538 220.5448 27.2923
v 53.6892 228.7963 25.3094
v 69.9482 229.0469 21.7980
v 69.1071 229.6328 23.8134
v 67.5518 224.6918 25.6972
v 56.1926 233.1951 30.4283
v 56.9728 227.2512 19.3897
v 59.5184 225.8450 18.6154
v 58.6432 229.0263 25.9576
v 66.8970 227.9439 22.8205
v 65.8074 227.2209 29.8817
v 71.0236 238.9290 19.4650
v 60.0331 230.0665 25.2292
v 59.9066 225.1589 25.5331
v 54.3783 227.8341 15.0205
v 60.6940 230.7345 28.4438
v 70.3320 234.2227 23.5796
v 70.5500 229.9620 20.6862
v 66.8939 227.1305 21.0819
v 63.6763 230.3470 25.3919
v 56.6177 230.2170 27.8903
v 63.9736 225.2600 23.8867
v 62.4556 219.2590 30.4321
v 68.5695 226.0182 18.5244
v 61.0994 229.4550 31.7302
v 59.4720 221.1091 28.2192
v 64.0730 229.4950 27.0449
v 58.6326 225.6323 16.4262
v 62.9582 226.6133 25.3492
v 60.1117 227.4239 24.1246
v 58.5423 236.9035 32.5572
v 70.8330 231.1345 19.5977
v 62.3273 229.6559 30.3285
v 60.0335 226.5575 18.0391
v 63.2514 227.3171 25.8542
v 54.0525 229.0194 26.6893
v 55.4988 227.5602 19.9191
v 65.5746 226.6147 17.4817
v 69.2623 225.1066 16.3819
v 54.5680 225.8757 26.9825
v 62.8299 225.7525 28.3456
v 67.8897 226.4362 26.3227
v 64.8374 220.3556 28.0927
v 54.7622 226.9407 26.6953
v 59.8287 225.6177 22.7258
v 57.6513 228.1828 27.7997
v 61.1235 220.8981 30.9852
v 63.0123 225.9496 30.2280
v 55.7755 218.9487 22.2112
v 68.7076 230.8722 25.2770
v 70.5666 227.1568 22.6001
v 64.9902 227.8027 9.2752
v 64.9187 222.1106 25.8277
v 64.5888 226.3271 29.2402
v 62.7337 225.6044 29.1832
v 60.1567 227.9861 25.3121
v 58.0444 226.0882 26.9165
v 60.4441 228.1884 20.6517
v 53.6094 229.4883 18.3596
v 69.2158 221.4651 21.7210
v 59.6261 227.3020 30.2408
v 64.1253 224.8796 23.8641
v 62.1390 228.2926 25.4650
v 55.9930 228.4114 21.0140
v 58.5005 223.0106 26.7567
v 70.9140 229.9825 13.5664
v 63.5771 227.6673 24.9045
v 56.5576 225.7125 19.1834
v 60.9809 226.6032 29.2378
v 66.4941 229.4668 26.6610
v 58.4283 227.2020 29.4162
v 61.2544 217.9273 27.3636
v 67.7613 227.0373 26.1493
v 64.2573 222.7946 28.0911
v 65.2294 222.5907 28.1279
v 62.0280 224.9403 29.5664
v 58.5904 221.8541 25.0028
v 68.1826 225.2409 25.0389
v 69.5984 238.5061 25.8077
v 66.6933 235.2171 31.2031
v 70.0757 227.5513 15.1931
v 71.2245 239.8063 17.8894
v 61.2017 228.1317 23.0462
v 61.6823 225.6489 29.3637
v 64.1350 223.4562 27.5962
v 53.8305 230.6088 13.7467
v 63.9801 228.6209 30.7560
v 61.6872 228.1990 24.6341
v 62.4111 222.6460 31.6256
v 62.0917 226.9699 25.7502
v 67.6028 225.5940 16.2491
v 61.5113 224.9005 24.8926
v 66.7333 227.8102 19.6132
v 62.0393 224.7748 13.7355
v 54.2840 228.2051 17.9034
v 56.4515 222.9919 24.5509
v 67.2616 227.4383 20.6451
v 63.1403 227.6527 27.4260
v 53.6964 227.2859 22.9110
v 61.7331 221.8051 30.6252
v 67.7498 225.8995 13.9583
v 54.4290 228.2045 13.5337
v 64.0926 228.7041 20.3400
v 65.9284 228.2008 23.2670
v 56.6343 225.1842 15.1772
v 58.9647 227.9613 23.5600
v 56.6358 224.0838 22.5510
v 64.4633 226.2463 17.6511
v 59.7199 231.6920 26.2138
v 55.3658 234.6227 30.0037
v 56.2877 233.3498 28.9988
v 57.8941 223.2288 26.5952
v 70.2235 238.4998 22.4092
v 58.2082 223.8960 25.9357
v 65.2389 222.8571 29.0178
v 59.1512 221.0681 27.9783
v 53.9819 227.4974 22.1602
v 66.8700 225.1542 14.7819
v 64.3535 227.5328 21.9302
v 55.6418 223.1258 23.3333
v 57.0684 223.7106 23.1165
v 61.0783 227.0045 19.8414
v 63.6512 230.7556 24.2243
v 59.5880 225.9273 29.6588
v 65.3869 227.6987 21.6216
v 54.2797 233.7895 25.1055
v 62.9920 226.2826 29.1705
v 60.7656 234.9334 8.1839
v 62.0777 229.4413 30.2514
v 61.3332 224.5560 30.1487
v 58.1661 227.5273 26.8233
v 55.1744 232.5629 30.2059
v 55.7879 238.3045 11.2615
v 64.9685 221.2084 27.8274
v 65.5373 219.6902 24.3256
v 61.0841 218.9433 30.0533
v 63.9815 226.5357 22.6591
v 65.6784 225.2672 16.4911
v 65.7945 225.1215 17.1302
v 66.5024 225.3706 27.3306
v 64.8886 222.2948 26.1990
v 57.3154 226.6388 29.0902
v 68.4419 233.2908 29.9218
v 59.1877 220.5570 27.9113
v 53.3199 228.4089 24.0394
v 61.0277 239.9113 9.5969
v 59.4467 230.4786 25.1050
v 60.5182 225.0381 17.6746
v 68.1628 232.2656 30.3022
v 56.2437 225.5221 15.6075
v 68.1525 230.2688 28.9558
v 61.9973 227.5860 27.3260
v 57.4761 229.0578 25.0790
v 59.5436 226.1221 17.1735
v 59.4987 226.4975 18.3863
v 63.0654 224.8860 25.9972
v 57.5980 226.6689 18.8810
v 68.8441 226.4418 28.1305
v 69.4763 227.8232 20.0997
v 61.3687 235.7934 8.3408
v 65.3043 227.5744 19.0626
v 65.1344 227.6284 21.8674
v 57.1888 226.6870 20.1917
v 69.0527 228.5897 21.2245
v 71.3207 232.2626 15.4779
v 58.0257 223.0833 26.7951
v 57.9243 223.6036 24.4320
v 62.7240 223.0700 31.3380
v 60.3320 227.2979 30.6853
v 69.8865 241.2358 14.9894
v 58.7752 223.4581 28.7686
v 55.6837 223.9235 23.9269
v 53.7785 228.9510 18.5803
v 60.4167 221.8129 31.2530
v 70.4982 228.4264 22.1968
v 62.2163 226.1809 28.9226
v 62.6412 227.2649 27.2598
v 61.9220 225.6491 12.9490
v 56.3503 223.4248 22.5131
v 53.6174 231.6677 14.4567
v 55.8643 242.4944 24.3264
v 57.5687 227.4816 21.7527
v 69.7484 226.4100 21.2939
v 62.1808 231.7345 32.0282
v 54.6052 242.5604 19.1100
v 54.8087 229.9621 28.6716
v 56.6570 227.5138 20.8040
v 68.2806 229.1734 28.3937
v 60.0799 236.4707 32.8457
v 63.3663 216.4571 30.3416
v 68.9762 225.8078 17.9148
v 62.3840 226.4671 27.1621
v 68.7862 231.8631 29.4956
v 61.8992 226.2467 27.6074
v 66.8435 229.9429 26.0887
v 67.7515 232.9482 30.2955
v 64.5889 222.4029 28.6255
v 58.7081 224.5932 17.1466
v 60.5909 228.6251 30.3272
v 59.4865 227.4103 23.6343
v 61.4040 228.3893 9.6198
v 62.9541 225.8518 29.1839
v 61.8305 225.7286 23.9950
v 55.3774 219.9091 20.8251
v 56.3807 231.8926 27.4077
v 55.3443 224.3802 22.9106
v 60.6001 225.1409 14.6492
v 64.5504 231.2520 24.8291
v 54.1273 228.7502 13.8953
v 63.6097 227.1524 19.8020
v 65.5494 227.3875 17.6808
v 64.9357 224.3804 23.4982
v 55.8461 226.0474 24.0932
v 67.8367 232.7538 27.3353
v 53.8390 228.5466 21.1031
v 63.0008 228.0374 26.3897
v 58.7704 227.3246 19.0715
v 61.6083 228.3232 25.2403
v 60.6694 228.1309 24.5885
v 65.9714 225.3595 16.9827
v 64.9413 218.5518 28.3149
v 69.2083 227.1246 18.1918
v 63.7683 224.4357 18.4731
v 69.4352 226.3826 17.7679
v 63.8320 224.3304 27.3381
v 65.7227 222.7358 25.1932
v 62.8506 227.2682 28.8084
v 64.7630 231.9392 26.2543
v 62.1542 229.8172 30.5259
v 56.6206 220.9902 21.8897
v 62.9788 228.2639 24.6571
v 68.0455 223.1738 22.8493
v 61.9840 225.9897 14.1401
v 63.9958 229.8945 25.3597
v 56.4506 227.7999 20.3669
v 70.8490 234.5899 21.4759
v 69.3490 229.8032 11.1683
v 70.9944 234.7169 12.5639
v 53.6951 228.4782 21.1321
v 61.5011 224.7819 31.1305
v 53.6087 238.1160 25.1065
v 61.9818 224.7733 25.8614
v 59.6165 226.0887 15.8443
v 59.4958 224.2313 25.4616
v 56.3985 226.1826 19.7791
v 65.0939 221.5003 26.0167
v 54.4189 228.3770 26.2176
v 56.4134 223.5579 22.6384
v 67.9363 238.0703 10.3705
v 60.3790 230.4803 26.4786
v 65.8953 228.4429 21.6925
v 59.6650 229.0408 9.0816
v 54.4350 234.4755 25.8585
v 58.1835 224.8552 16.9181
v 59.0719 221.6811 28.7613
v 63.2447 225.0383 24.8613
v 55.8015 230.8765 11.3947
v 58.1728 227.6375 20.4752
v 59.1629 223.6369 25.2092
v 68.2478 227.6560 27.9705
v 55.1358 228.0632 23.1147
v 57.6977 227.4667 21.1332
v 63.4371 224.6117 27.7350
v 67.0192 218.1523 25.9755
v 62.3705 225.7996 12.9240
v 68.1526 223.2223 22.4690
v 66.0782 222.2454 25.9982
v 64.2834 227.9301 24.8299
v 57.3567 226.3799 17.4730
v 58.8477 221.2367 27.3557
v 67.5186 227.3793 28.0088
v 57.5697 220.4657 22.8258
v 60.7784 230.8238 30.7962
v 63.4799 227.1677 10.5966
v 69.3543 238.7430 11.6361
v 64.8837 225.9469 28.7148
v 63.0890 228.0090 18.1283
v 54.6684 227.9489 23.1821
v 60.0491 230.4561 24.5173
v 64.9344 222.8402 27.6950
v 61.8942 228.9193 31.2899
v 70.1986 229.2561 12.8963
v 55.7628 232.9665 28.3874
v 61.8614 229.1756 31.7587
v 63.5391 229.3139 28.7243
v 55.9444 232.6653 28.5832
v 57.2685 226.8568 19.5269
v 60.3519 224.1811 28.8556
v 62.5612 244.9489 21.0859
v 55.1535 226.1302 14.0952
v 57.1487 228.4326 23.2266
v 58.0250 220.0060 23.1141
v 53.5176 228.4975 21.9519
v 69.5782 229.2792 26.9732
v 62.3641 225.0256 23.3426
v 70.7400 235.1406 12.3103
v 61.6605 227.4467 25.8981
v 68.7875 226.3038 20.8993
v 64.9281 242.5293 28.1322
v 60.2257 225.6967 24.4008
v 65.4039 227.5242 22.6560
v 60.9244 229.4346 29.5836
v 60.1235 227.8623 24.7864
v 58.1990 222.5070 27.0031
v 53.1318 232.2575 17.3566
v 59.8420 227.4553 24.5344
v 61.5220 225.5609 18.5686
v 61.6371 245.0710 20.5155
v 63.3021 227.7039 27.6796
v 62.3170 228.0980 25.7386
v 59.7306 224.9453 18.9771
v 68.4116 226.1238 16.7075
v 65.2046 217.1774 28.1969
v 55.1958 227.4985 28.9147
v 54.5346 228.0295 18.7001
v 59.3809 222.0195 27.0457
v 62.7140 224.8720 29.5631
v 56.4068 222.8065 21.9362
v 56.4127 225.5102 18.7548
v 55.6283 222.6437 20.4502
v 56.4182 236.5730 31.0641
v 63.2185 224.9873 23.7534
v 62.1540 226.3481 28.5483
v 55.5422 226.1622 13.6297
v 63.2791 225.2688 18.6515
v 68.1148 225.4754 19.4327
v 56.6494 231.2955 10.3321
v 57.4626 228.9388 25.5951
v 57.8528 229.0823 26.5793
v 71.4867 232.7633 15.1908
v 56.3971 243.2672 22.3229
v 65.8769 225.6078 16.6796
v 52.8427 233.0474 18.5104
v 65.7676 225.3042 17.5399
v 58.8573 228.4913 21.9939
v 58.9031 226.1472 17.8997
v 64.2807 228.0941 9.0842
v 55.3262 229.9359 28.5704
v 67.7557 222.2134 22.1948
v 67.0068 233.0463 31.2839
v 55.1759 240.5963 13.3720
v 60.9328 220.0913 29.4139
v 60.3113 228.2833 21.1198
v 62.8834 227.9722 25.5440
v 59.3541 230.8922 25.0293
v 53.4729 231.7294 16.2558
v 69.3855 234.5147 10.9773
v 65.8637 223.9682 25.4594
v 67.5582 222.3346 24.6625
v 68.8180 226.6204 23.2336
v 56.0864 225.1703 22.2961
v 62.1906 223.9723 30.1897
v 59.8551 225.9111 22.8135
v 54.7053 226.9229 18.1659
v 63.9420 225.0414 23.6055
v 60.2335 226.3426 30.7778
v 66.2708 224.9405 27.7226
v 60.7285 220.8472 30.9323
v 66.8340 243.0776 13.8406
v 61.9497 229.4992 31.8612
v 67.6183 226.3078 27.7969
v 59.2325 221.4938 25.6327
v 63.1580 225.8605 29.5544
v 58.7477 230.3183 8.7766
v 57.7452 226.7328 18.1895
v 58.4858 227.3937 18.6368
v 60.7844 221.3288 30.6054
v 57.1255 227.8774 22.2224
v 71.1935 231.2895 16.3697
v 68.2142 225.8999 14.4551
v 69.5485 240.0984 12.8546
v 63.2280 227.1850 25.6639
v 57.8552 222.0193 23.2478
v 59.7696 222.7190 28.6871
v 55.9541 224.4638 25.1767
v 59.1932 221.6160 29.8956
v 64.5783 225.7628 23.7987
v 66.4551 226.9205 17.2089
v 60.5229 229.5182 29.6946
v 57.0072 227.5775 19.5270
v 71.7725 234.1558 16.4874
v 67.0589 227.0137 27.7182
v 63.3897 219.9768 29.1528
v 54.1656 226.7154 15.9627
v 63.7171 220.7229 28.5756
v 65.8769 228.9871 26.2775
v 67.2090 233.7058 29.6713
v 59.0416 220.8009 28.1214
v 66.3823 228.5638 27.1284
v 58.0134 225.2490 16.1658
v 60.0166 224.3654 27.1722
v 60.7119 227.8440 18.7707
v 66.5911 227.3580 21.0795
v 63.7646 226.2753 23.0275
v 61.9281 226.6669 25.4462
v 57.4933 228.1183 27.3516
v 65.3264 224.9641 24.8317
v 65.5417 221.2456 26.1688
v 62.1942 225.4030 29.5471
v 62.5194 226.1731 18.7020
v 60.2858 230.1585 27.3403
v 62.2912 226.2823 27.6605
v 65.7644 222.7199 27.9245
v 64.3829 244.4774 23.7083
v 60.5189 227.4989 26.1790
v 65.8535 221.7684 27.4360
v 61.7214 225.4141 30.6142
v 59.1565 231.3874 24.8735
v 61.3635 228.1824 28.8414
v 61.2663 225.6082 18.8835
v 54.6970 227.8957 21.5175
v 64.4287 225.6403 15.6373
v 70.6783 227.9075 22.0251
v 58.3439 226.9659 19.0879
v 58.5224 234.2112 32.2996
v 63.6955 222.4942 31.0576
v 57.3373 227.8835 30.2436
v 59.4383 228.2239 21.0062
v 58.0576 227.3557 18.2483
v 59.5557 224.5996 22.7187
v 56.4847 228.0052 20.3944
v 54.0931 235.8575 26.0334
v 54.2638 228.0234 23.5244
v 59.8012 228.3217 24.8710
v 61.3884 233.3013 8.0742
v 61.7967 224.4759 29.6316
v 60.4910 222.5318 29.8856
v 66.2107 228.0898 20.8815
v 60.2525 222.1263 30.3457
v 59.7117 220.4530 27.3492
v 68.7264 228.5214 27.8594
v 65.6534 222.9191 28.3041
v 60.7476 228.2502 27.7516
v 57.0191 227.8985 28.8864
v 63.9072 223.7976 28.2417
v 59.6492 233.1048 30.2401
v 63.8798 231.0188 8.1586
v 53.4443 230.8943 16.8619
v 60.8839 229.4186 30.8011
v 61.0821 225.0693 23.6487
v 63.4966 227.6524 31.0375
v 58.4840 228.3761 26.5765
v 55.6737 228.5058 21.4756
v 70.4136 232.9065 24.3698
v 64.1636 230.0752 24.8534
v 67.2445 226.9353 20.4094
v 56.6535 219.0697 25.2692
v 59.4919 225.1581 12.3924
v 55.4305 227.7335 22.5745
v 62.0792 236.0229 32.8329
v 66.0204 227.7176 18.0963
v 66.5336 239.6941 10.1665
v 55.9597 231.9678 26.0269
v 68.9161 225.0155 21.0818
v 63.1591 225.1196 29.6159
v 57.6426 225.4977 28.3257
v 58.6117 233.3127 31.9475
v 57.6136 225.7678 18.0079
v 54.5840 227.4500 13.6234
v 65.2337 225.4868 15.8192
v 60.6113 228.5839 28.5990
v 56.4552 226.8213 19.7602
v 65.0760 227.8013 20.3366
v 62.4970 226.9296 27.1641
v 59.4708 219.9562 24.6653
v 64.2563 223.0562 30.7781
v 68.5386 223.3336 21.1170
v 53.8407 238.5318 25.8412
v 56.4090 225.6014 14.2083
v 59.9983 215.6772 29.1923
v 66.4286 233.5737 30.6269
v 71.0588 231.2870 14.9554
v 64.1549 226.6561 30.0707
v 54.2802 227.1308 25.5657
v 58.6257 227.3642 29.5113
v 54.6793 228.0163 27.8762
v 60.6372 240.9371 10.3933
v 55.3918 242.9478 20.5273
v 67.5842 230.5072 27.4370
v 68.4512 233.4753 29.8108
v 59.1125 228.5059 24.7329
v 62.7393 229.2122 31.8775
v 58.4128 222.5976 26.6061
v 61.3530 230.2001 8.4390
v 56.5102 223.4810 22.5807
v 58.8100 226.7395 25.5106
v 55.1814 222.1281 21.9273
v 64.3855 222.6192 28.1831
v 63.8991 230.1300 25.2345
v 56.8766 218.4385 23.0186
v 55.2415 234.8315 29.1007
v 70.1882 227.7988 21.7657
v 68.2720 226.1081 17.0505
v 65.8434 220.8056 26.7459
v 66.0126 223.8443 25.1839
v 66.1889 226.2830 17.4710
v 63.4640 220.7904 30.3530
v 64.7322 217.9368 26.0180
v 56.5015 226.7315 28.1569
v 67.7019 226.7574 11.5160
v 62.9336 229.4710 32.0285
v 69.1765 225.3151 16.0553
v 61.0092 226.8564 25.6513
v 63.7841 224.9075 30.2482
v 56.4889 227.8937 11.2829
v 70.3883 228.0552 23.3604
v 65.3760 220.7694 24.2504
v 62.1170 226.4066 28.2840
v 57.8103 222.7799 25.0463
v 58.9241 231.4582 25.0427
v 64.5068 225.3692 23.8293
v 66.2409 226.8676 29.1856
v 58.3609 221.9816 24.7189
v 68.9524 227.0366 19.3891
v 68.0080 228.0992 20.3077
v 58.7243 222.4951 29.4702
v 57.4608 227.3210 20.9976
v 59.3028 226.4599 23.4382
v 59.0722 226.4360 17.8722
v 63.1869 225.8674 29.3630
v 67.1763 229.4301 25.3379
v 63.6511 230.5942 24.1367
v 65.1151 232.9084 8.0838
v 64.5747 222.4806 30.3638
v 58.7912 233.1173 31.6336
v 55.5324 227.1220 21.0042
v 63.3134 225.8550 29.4258
v 56.2004 226.5607 18.5129
v 58.6149 227.9946 9.8392
v 54.7123 231.0678 12.1874
v 61.3082 225.7062 28.3001
v 60.9158 227.9057 9.7059
v 63.9100 227.5281 30.6325
v 54.0749 231.8225 24.0987
v 59.2157 223.6251 24.7469
v 54.7985 234.4782 27.8886
v 54.7208 234.5673 27.1148
v 70.8011 230.9505 17.5906
v 65.3581 236.4343 32.2397
v 55.1513 227.1919 19.7832
v 56.5508 217.6531 24.1456
v 59.2739 228.0605 21.4635
v 55.1195 222.9885 22.1226
v 69.7299 237.8770 25.8734
v 68.5019 228.1350 19.9598
v 60.0464 224.0772 17.1094
v 61.5450 229.0620 31.9806
v 67.8841 225.8208 27.7044
v 60.7576 229.2783 30.1953
v 66.0934 228.9393 26.1461
v 70.3550 233.4252 24.0058
v 55.2447 231.8945 11.6451
v 59.0750 224.5242 15.8161
v 63.1753 228.9611 30.2562
v 62.5026 227.9184 25.8780
v 57.8733 226.3629 17.7934
v 63.1244 228.0739 21.6443
v 65.6436 217.1868 25.9351
v 54.8032 239.8920 26.5297
v 66.2785 227.4400 26.9400
v 62.2838 225.7512 28.5579
v 57.8930 219.9392 26.4829
v 53.2642 234.4940 23.2290
v 63.7463 226.2122 23.5264
v 61.1593 220.2422 30.1184
v 61.2506 225.8331 27.7751
v 62.9874 229.2626 31.1627
v 68.9822 226.6973 27.0535
v 60.2933 224.8991 18.8891
v 62.6479 225.6331 24.0679
v 69.2193 220.7780 21.0494
v 69.8045 242.0733 17.8589
v 62.6143 225.4079 29.4572
v 54.8550 241.0727 25.1286
v 64.4486 228.9614 20.6241
v 55.8575 222.1620 23.4926
v 64.3264 228.2634 20.0225
v 63.2686 229.0682 31.3850
v 61.5743 228.8823 32.1853
v 58.4676 225.1656 24.6895
v 58.7807 227.5277 22.9963
v 58.8509 222.4827 26.4972
v 58.7668 227.0028 22.9077
v 66.4133 227.3014 17.6403
v 69.6406 225.5096 17.3807
v 63.2738 226.5749 30.6242
v 62.9559 223.5701 30.8540
v 59.3281 220.9635 29.9870
v 69.7735 238.6006 24.8472
v 69.8149 238.9998 24.4882
v 68.5643 219.4346 22.6312
v 65.1927 229.0617 25.6981
v 59.8623 226.7762 22.5743
v 67.7748 231.8492 9.8447
v 60.5179 224.9771 25.8082
v 63.7529 222.2337 31.1442
v 62.8650 226.8316 25.4813
v 63.8421 230.7216 24.1915
v 60.5735 219.4082 27.0949
v 61.9504 225.1917 31.3426
v 69.7162 228.9201 12.2580
v 68.4381 229.4165 24.4284
v 63.4744 236.8311 8.4599
v 68.9464 227.3585 12.6611
v 61.6989 224.9529 23.4991
v 64.5044 229.1006 21.1480
v 64.7974 223.2859 25.9817
v 62.5709 227.6305 15.3166
v 55.6071 224.5104 24.0237
v 61.3896 224.3355 28.2076
v 62.2688 229.9613 30.7618
v 63.1946 230.5391 30.0883
v 59.1423 220.5639 26.7481
v 58.2240 227.9318 22.2993
v 67.7500 229.1858 9.9841
v 59.9434 219.5741 29.2097
v 68.5067 225.8192 27.4508
v 67.9265 231.9686 28.3264
v 58.8144 223.8233 24.4084
v 62.6581 220.0231 29.8856
v 63.5962 235.6326 8.3197
v 61.9963 227.7697 24.4604
v 68.2559 227.7576 22.7149
v 65.7573 221.6967 26.5946
v 68.5643 225.6988 21.1992
v 69.0013 228.1501 23.0448
v 62.3672 226.7121 27.2563
v 57.7395 223.6164 26.1541
v 59.4815 228.0644 21.2019
v 59.7305 230.4546 24.8358
v 64.7680 229.3302 24.9936
v 68.6840 228.1479 21.7120
v 60.6589 225.5996 29.0180
v 65.3364 231.1908 25.4688
v 58.7470 227.5193 30.4425
v 62.2328 225.7136 18.9058
v 60.7270 229.5229 29.9333
v 62.7629 226.8050 25.5628
v 54.7342 227.3362 26.5750
v 60.1836 228.4628 30.2752
v 60.7562 224.6448 14.0489
v 64.7360 234.2510 8.1987
v 64.0744 227.9208 19.7717
v 70.0717 239.2062 23.7775
v 69.3378 228.2098 26.7108
v 70.1154 227.6517 22.2574
v 61.5704 229.1679 31.0523
v 66.7940 227.7520 19.3828
v 64.4938 225.9946 11.1826
v 60.3312 222.2521 29.6465
v 56.0376 226.9534 19.2636
v 57.6062 224.8374 13.8888
v 56.9465 224.9547 14.1597
v 54.2479 227.6160 16.7006
v 68.5379 226.0783 19.0472
v 58.7452 227.5749 22.6848
v 65.7246 228.6387 26.5644
v 56.3289 219.2003 21.8771
v 55.8537 225.9366 18.2954
v 57.6441 226.8437 29.4972
v 59.7341 235.7213 8.6486
v 65.5567 226.0410 16.2144
v 68.1906 227.7493 19.5852
v 68.2016 231.6704 29.0445
v 56.8262 223.4964 22.1405
v 59.1838 224.1056 23.8354
v 68.6452 228.5376 21.4244
v 58.6081 221.0336 27.1776
v 63.4445 227.4659 25.4991
v 62.1481 229.1179 32.7803
v 65.2313 224.9508 23.9869
v 60.4986 227.7491 30.2212
v 57.8275 228.1112 20.7280
v 70.3524 231.8235 23.4397
v 63.5689 225.3946 30.0178
v 64.9823 222.2690 28.8456
v 57.3392 233.7708 9.6015
v 65.8029 223.4328 23.7828
v 60.9100 228.5084 24.5221
v 67.0987 219.3294 23.2981
v 66.6369 226.8147 20.1597
v 58.6626 223.0026 25.3144
v 62.8390 227.4680 27.3253
v 63.4076 228.8882 29.6131
v 53.1636 238.5695 20.4685
v 64.3843 229.4413 26.0499
v 60.1287 233.9476 32.8016
v 56.3187 227.7639 21.6987
v 62.2600 223.7150 29.9379
v 66.0115 221.9333 26.6555
v 53.9559 227.8583 26.0173
v 69.9158 226.5625 22.1083
v 56.0129 230.2869 28.3832
v 65.6713 224.7554 26.2417
v 54.2330 226.0415 17.2597
v 58.7692 223.5927 25.7206
v 58.4794 222.1575 24.1489
v 60.1627 224.5152 14.3333
v 68.7409 227.3537 19.7717
v 62.9916 244.6162 15.0332
v 61.3001 238.5636 9.1146
v 62.5893 226.5075 27.8599
v 67.8499 225.5395 15.5745
v 64.3856 239.0169 9.2321
v 62.5588 231.7327 32.0784
v 61.4727 228.6394 30.5276
v 64.9154 231.1409 25.0396
v 56.5333 220.3495 24.8539
v 54.3190 227.0750 20.9859
v 70.2553 228.9316 14.5372
v 59.9763 228.1836 21.3949
v 64.3793 225.1428 18.8790
v 58.5560 234.4631 8.9279
v 56.9647 223.8181 22.7341
v 62.7612 225.8868 28.5589
v 60.6979 231.5384 27.8204
v 59.8219 230.3471 24.5458
v 65.6778 221.5865 28.1604
v 58.9715 217.9621 28.2148
v 63.2938 220.4041 29.9916
v 67.6644 230.7237 25.6257
v 64.7408 226.9298 22.6904
v 55.7623 219.8458 20.6657
v 60.0362 221.0872 30.3878
v 57.8173 227.4072 19.7984
v 59.7793 225.0185 26.0944
v 56.9393 232.6666 27.4375
v 59.4313 228.0159 25.1699
v 63.3714 243.6489 12.8642
v 63.6538 231.9143 31.2170
v 55.4418 226.7562 19.8802
v 56.6847 226.3538 19.1819
v 58.9672 225.9483 24.2915
v 65.2377 224.8500 23.1149
v 59.8845 244.7205 23.0379
v 60.8736 225.6977 28.9853
v 66.9630 225.0860 13.6997
v 54.0514 238.6283 26.4563
v 68.0061 228.2823 20.7055
v 66.9291 226.5497 17.7866
v 63.5627 226.4450 30.9075
v 64.2239 229.1462 21.0079
v 55.6421 227.0505 19.4772
v 62.2785 240.2060 9.8296
v 65.7914 226.7316 29.0111
v 64.2530 221.1460 29.9742
v 67.1363 230.9939 27.1208
v 60.2504 228.3972 29.7504
v 57.3992 222.6696 22.7578
v 63.1700 225.5528 29.6657
v 61.3499 225.8198 27.2221
v 65.0472 223.3806 23.8593
v 63.5144 230.8789 25.8609
v 62.6250 225.0567 23.6217
v 64.7658 228.3451 20.8100
v 61.8871 220.8951 30.6746
v 68.5891 234.2859 28.0278
v 64.4987 224.8244 24.0251
v 57.4029 227.0646 20.8477
v 60.5708 222.2862 31.1505
v 60.2201 232.3279 30.2630
v 61.3838 227.9639 21.5126
v 60.9316 224.5968 18.2961
v 61.3084 223.0768 30.0874
v 67.2525 229.3744 27.3792
v 66.6882 228.9821 24.8878
v 69.0856 235.1557 27.6205
v 61.8541 222.8782 31.6894
v 61.7746 229.1193 29.1976
v 57.9743 223.8675 25.5308
v 61.5750 226.7828 25.3941
v 65.1276 233.4536 29.7024
v 59.7649 228.4623 21.2334
v 69.0326 224.8492 17.4646
v 58.9511 223.7922 25.6324
v 61.7999 229.4548 29.7502
v 59.5821 225.6926 17.4234
v 67.1473 226.8764 20.7963
v 68.9123 224.8137 16.9403
v 55.5243 226.8931 24.5815
v 68.2433 242.2329 13.8430
v 55.5941 225.4545 27.8104
v 66.6973 225.2250 12.8237
v 57.2134 226.8473 20.1585
v 69.2501 227.4822 22.5602
v 55.1517 227.8698 23.1435
v 69.5062 228.2367 22.3843
v 64.5044 226.7323 18.3430
v 67.3601 225.1995 13.6204
v 70.2211 228.5357 14.8430
v 58.2789 220.6182 22.9288
v 55.8951 226.0651 17.1016
v 64.2953 224.3121 16.9856
v 68.0981 226.4981 17.8249
v 64.7345 227.7306 19.4385
v 62.0211 226.2993 19.4740
v 60.9567 243.2952 12.6671
v 65.0547 226.3235 24.9342
v 64.5362 223.0815 26.5850
v 68.6641 226.9268 12.8678
v 61.4787 231.8214 7.8136
v 58.5716 225.6720 25.4860
v 58.8372 225.5348 11.9617
v 68.1116 228.8515 29.1245
v 60.1598 225.7372 29.8725
v 62.1581 226.0014 29.8786
v 69.1887 228.0855 19.0637
v 58.9771 222.5180 27.8972
v 66.1406 222.4001 25.5293
v 59.4746 221.4439 28.9902
v 70.0984 227.0462 15.6777
v 62.1988 229.9774 31.0728
v 59.3363 227.7249 21.9695
v 62.7626 224.8467 30.6469
v 63.5442 222.9084 29.4181
v 69.4550 227.0637 13.9261
v 53.8922 228.9544 25.8829
v 59.0686 227.4709 10.5270
v 64.8959 221.0803 26.1110
v 68.2516 226.0918 18.6894
v 55.7079 230.2947 29.3002
v 64.4603 223.0050 26.9646
v 58.9961 228.2980 25.8209
v 58.5642 226.5989 22.7343
v 64.5858 228.6831 21.1350
v 67.3819 221.9983 22.5180
v 71.1644 237.1174 19.1782
v 57.4114 233.5690 30.7825
v 64.6809 226.3496 18.3767
v 63.1511 226.7190 30.1279
v 65.4467 228.6928 27.1482
v 67.2422 226.5234 19.4121
v 56.3877 226.3191 28.0460
v 62.2916 227.8421 25.9627
v 69.5535 233.7711 25.6161
v 64.6074 224.1262 23.7628
v 62.4250 228.3238 29.1729
v 63.0722 225.0882 30.4386
v 59.9147 224.5960 16.5637
v 68.6188 231.4973 29.3630
v 61.6992 228.8361 29.2932
v 60.6998 238.8328 9.1390
v 59.7906 222.4860 30.7099
v 60.9040 221.3122 30.7894
v 68.7451 225.7254 18.1894
v 59.1492 226.2631 17.9993
v 60.4917 225.2818 28.8865
v 57.0546 227.8931 29.6054
v 64.0548 220.4974 27.8245
v 69.1441 225.8745 27.3547
v 57.9320 228.8776 26.7444
v 61.9655 224.5812 27.9435
v 58.7778 225.0248 23.4480
v 57.8452 235.3044 31.9660
v 63.9213 222.0211 30.4564
v 68.0778 225.5529 27.7050
v 64.4050 229.5013 24.9144
v 59.7885 220.9693 27.1071
v 65.5128 228.2988 26.1759
v 59.1014 228.3570 21.8419
v 65.7804 217.6925 27.4964
v 69.2812 223.1861 22.1166
v 59.5680 226.1556 23.8593
v 61.1564 220.5552 30.4054
v 63.4759 228.3814 29.7974
v 69.9502 235.1294 23.4757
v 59.1407 226.1156 23.8940
v 55.5068 233.5064 28.0220
v 69.8422 226.3944 15.9971
v 61.9742 221.2148 31.2666
v 60.6034 218.8711 29.7845
v 59.2395 224.4386 24.2568
v 58.4172 224.3678 28.2185
v 58.2279 227.2362 30.0205
v 59.5096 230.8650 24.5537
v 64.0484 224.1480 26.2738
v 61.7275 226.6994 25.2725
v 58.0399 228.0938 21.6641
v 61.8187 226.1834 24.5555
v 69.8308 228.1450 21.3602
v 70.3575 227.9653 21.3671
v 59.1706 226.1105 18.2097
v 57.2732 218.0274 23.7150
v 61.1312 220.6606 30.3711
v 59.2978 216.2870 28.5667
v 67.2899 233.4854 28.9950
v 57.9090 226.8172 29.0647
v 60.5327 227.5766 15.5937
v 55.8955 225.5819 18.9944
v 65.9325 243.9232 15.6378
v 60.3535 230.7274 25.4909
v 63.0631 228.6124 9.4263
v 57.9056 227.4297 20.1905
v 54.4493 228.4337 26.9645
v 63.8655 223.8941 27.7556
v 59.1100 233.2739 28.9695
v 60.0614 222.6578 31.0617
v 69.0537 226.5055 14.0541
v 53.1847 234.8046 22.3757
v 62.8236 226.6182 29.3034
v 62.7856 222.6995 31.5348
v 62.5270 228.2869 23.6577
v 62.3670 225.8501 18.5397
v 65.7625 227.9073 21.3242
v 71.5145 233.5818 14.5304
v 62.2773 228.8655 9.5041
v 68.6264 229.1850 10.8574
v 63.4576 231.1990 26.1753
v 70.5048 229.1364 14.1833
v 64.3862 225.2521 16.8416
v 68.1659 229.1757 10.4741
v 54.2499 227.6985 21.2733
v 64.7305 220.8691 27.4404
v 54.1143 236.1267 27.1995
v 67.4237 225.2880 24.5448
v 60.2658 224.2378 28.2914
v 66.0360 221.8383 26.2671
v 61.9500 245.1127 18.3039
v 54.2934 227.6927 25.6490
v 69.2439 231.2060 25.2166
v 63.8992 220.9256 30.0157
v 65.0325 225.3946 23.8334
v 56.2926 225.4950 15.1201
v 70.0704 230.3202 22.7147
v 57.1113 226.4850 19.1867
v 66.4454 218.8195 23.8170
v 59.1745 223.2099 26.2529
v 60.5638 226.7446 30.1965
v 64.5458 226.1678 17.7801
v 63.6326 228.8818 29.4828
v 67.4647 226.0039 17.2239
v 59.8395 229.9134 25.2379
v 68.0374 228.3284 21.1152
v 69.7864 228.0532 18.3817
v 69.5906 228.1102 13.2375
v 59.5067 222.9166 27.2223
v 55.5293 229.4564 24.2534
v 67.7066 225.7313 19.5356
v 61.6164 227.2851 25.4764
v 59.8058 216.3725 27.7618
v 70.1267 228.6557 17.1570
v 65.3612 225.8715 16.1904
v 57.5751 227.6491 19.8059
v 65.7084 223.5165 27.6430
v 66.9623 226.8468 19.6897
v 70.6324 232.5878 22.7759
v 68.9868 228.1012 19.7103
v 66.2101 217.0820 25.8949
v 63.2495 228.8220 31.1968
v 56.0862 229.3649 28.6429
v 54.1539 228.7947 26.1995
v 67.7870 219.3579 22.5502
v 59.6065 228.3583 21.5471
v 70.2240 227.2888 22.0645
v 67.6562 232.7255 30.8499
v 58.3184 223.9864 24.4788
v 54.3432 227.5027 15.5149
v 62.4807 227.4757 27.3055
v 63.2674 218.2541 30.2353
v 69.1152 228.0002 12.4840
v 61.6195 222.5002 31.4598
v 71.4174 233.8826 19.2409
v 60.5257 226.6405 24.4940
v 56.9427 221.3376 24.6086
v 55.5040 231.7767 28.6709
v 58.5455 221.3242 27.1338
v 66.9684 217.6255 24.7641
v 59.0812 225.8034 18.2542
v 58.8141 239.0226 9.6706
v 64.7942 241.3119 29.6210
v 69.1611 226.6455 23.1240
v 57.3663 222.0019 23.4669
v 53.9463 227.2800 22.3977
v 58.9286 222.1359 25.8486
v 63.1629 225.2497 30.3286
v 66.4457 220.1229 25.9239
v 68.9315 227.9189 18.7786
v 70.5483 228.0917 21.3820
v 64.3339 226.1543 29.4085
v 59.6157 220.5381 29.3920
v 56.4603 226.4186 18.6131
v 59.1608 223.2589 29.5619
v 67.5751 220.9224 24.8374
v 67.4247 243.2400 22.0033
v 67.5245 223.2229 24.7787
v 60.1653 227.1682 24.8752
v 61.7339 232.2417 32.3351
v 61.6765 231.7576 32.0832
v 59.9502 225.2764 17.3214
v 59.8537 225.4516 17.5029
v 66.4946 230.3335 26.5204
v 65.8615 233.1879 28.2594
v 65.8533 244.0232 23.9575
v 69.6162 229.0181 27.1237
v 58.8738 216.3075 27.4509
v 66.8346 221.9848 23.9485
v 58.0892 224.0334 27.4172
v 54.4847 227.7607 23.3556
v 54.4812 226.3831 21.6927
v 57.3564 230.1157 27.3350
v 58.8822 226.1800 23.5953
v 62.1844 225.2776 30.3921
v 63.1130 226.0721 29.7723
v 62.1789 225.9793 12.4788
v 58.0664 223.3669 26.2561
v 61.5331 227.5528 25.8842
v 55.6190 228.1567 19.6675
v 62.6840 230.7945 8.0332
v 67.9906 224.1728 25.1091
v 64.7162 233.0626 28.7637
v 65.2131 224.9887 12.5455
v 62.0173 225.9332 19.1333
v 62.1361 220.0311 29.8046
v 55.3670 230.9999 29.5256
v 55.4971 225.8995 24.6059
v 58.8793 224.6695 23.1911
v 60.5269 228.9248 29.7975
v 60.4784 220.2269 29.0050
v 59.2742 228.0360 30.5521
v 55.0906 232.0062 30.0284
v 65.3021 221.3049 28.7734
v 58.6282 220.1415 23.1657
v 58.6025 225.6181 17.8339
v 71.4446 232.8436 17.4098
v 65.1284 227.4936 25.5958
v 64.1741 229.1900 27.5091
v 62.8909 227.3991 28.2684
v 62.9397 228.1089 21.4436
v 67.6788 226.4011 26.3692
v 63.7706 227.5438 18.2943
v 58.9527 220.7952 28.6823
v 54.2968 228.3921 14.2509
v 64.9320 224.5852 17.0122
v 68.9004 220.7213 20.9392
v 56.5801 227.5875 22.0966
v 62.2580 225.8830 29.5043
v 60.2473 226.4363 23.7764
v 63.3524 223.0817 30.9043
v 52.5893 233.7117 19.8125
v 60.7966 222.5241 30.0370
v 64.3906 222.1485 29.4560
v 70.3466 227.6057 25.4355
v 61.6029 227.9094 27.3812
v 57.8508 228.3045 27.1178
v 70.6748 234.1433 22.8332
v 60.8966 243.3249 28.2770
v 59.1040 228.8763 9.2088
v 66.0124 222.9228 25.0021
v 70.2604 227.3326 24.2685
v 59.8211 224.7399 26.4547
v 62.6366 221.7886 30.5108
v 62.7957 222.1963 30.5118
v 62.6570 219.9893 30.7541
v 61.0104 229.0993 32.1521
v 52.7138 234.6674 17.1960
v 57.0213 224.9020 14.7063
v 61.7634 226.2064 28.5815
v 61.9973 226.1564 28.2693
v 54.2378 234.3389 24.9444
v 59.1073 227.5038 25.4147
v 68.8587 225.3384 17.6808
v 62.1799 229.3313 32.4185
v 55.0288 226.7698 13.3034
v 69.4750 229.7306 27.5786
v 53.0386 232.8016 16.6432
v 61.8485 224.5805 30.0995
v 60.7112 219.2442 30.0235
v 62.9592 237.7178 32.4253
v 58.9705 221.6372 25.3213
v 59.4357 220.5297 27.8655
v 69.5755 227.5753 18.2373
v 60.9863 222.9793 29.7594
v 56.3209 226.4309 11.9719
v 61.8843 226.2552 25.1228
v 66.5397 226.8658 18.7347
v 63.0097 225.1721 29.4790
v 62.1938 223.7860 31.3841
v 60.2782 224.3665 15.0898
v 58.0666 223.4498 25.9871
v 66.4598 227.4028 19.7839
v 56.1319 227.7968 19.0461
v 63.4621 225.8610 18.8202
v 59.2689 231.0746 24.8518
v 62.7553 225.7935 28.1650
v 64.3954 221.1170 28.6032
v 62.6131 227.9638 25.2024
v 59.2168 222.2458 28.7456
v 62.7531 220.2281 29.8157
v 58.6308 221.3469 28.2787
v 59.4990 222.4113 28.1917
v 61.3425 220.0053 30.5900
v 61.2715 229.2341 30.0095
v 64.4524 228.1059 21.5617
v 61.9582 225.8803 29.3078
v 59.4865 225.7605 16.3321
v 52.8807 234.2720 21.9834
v 68.3187 242.2779 23.8339
v 67.7920 225.8024 19.2491
v 69.4887 232.9409 25.4124
v 61.6353 228.9433 29.8866
v 58.8374 221.5738 29.0475
v 64.3519 224.8389 24.9663
v 61.5013 228.5266 25.9302
v 66.9922 226.9393 19.2846
v 60.4389 225.5632 12.1050
v 69.1865 228.1261 19.4874
v 61.5431 218.2069 27.5573
v 53.2789 235.3941 22.4358
v 61.3037 226.5125 25.2334
v 62.8756 226.0429 30.1663
v 62.9934 226.0417 29.9513
v 68.6388 225.9481 14.8637
v 62.8346 228.6403 30.1924
v 53.8854 228.7018 26.1047
v 60.8976 225.5177 24.0638
v 60.5429 228.5972 31.3317
v 58.3799 224.0325 28.4151
v 59.4708 220.3715 27.8439
v 70.5109 228.9335 15.1094
v 65.3355 226.3125 25.3941
v 55.6358 226.3585 27.7947
v 65.2936 226.9396 25.6433
v 53.7937 238.0947 26.2638
v 68.3105 228.3742 28.1837
v 61.4044 219.7782 30.5881
v 61.6565 219.9589 30.7430
v 63.6078 223.9189 28.4828
v 62.6046 225.8177 28.2734
v 69.7325 228.4480 12.8638
v 66.7385 229.9823 27.1375
v 64.2643 227.3651 24.6153
v 54.5306 225.3475 17.1104
v 62.1858 225.7444 28.7699
v 69.7657 227.5331 13.9552
v 55.7238 241.9463 25.3953
v 63.5102 226.0427 30.6504
v 55.4882 219.2854 21.3485
v 61.1954 221.7191 30.5862
v 57.2466 226.5722 20.7040
v 55.2933 233.1957 30.1812
v 71.0085 234.4667 20.4275
v 53.3632 231.6525 21.5929
v 62.2912 228.3995 9.6752
v 61.7758 229.2865 29.5377
v 58.5649 221.7497 27.0410
v 65.4606 228.7414 26.3743
v 70.0859 231.4836 24.0989
v 59.2012 227.3179 22.5687
v 59.4671 223.2560 30.2375
v 70.0510 227.9186 15.7219
v 63.5541 231.7255 30.8722
v 70.1518 228.5560 25.3881
v 69.9603 226.1681 16.2830
v 64.9737 226.7773 25.0486
v 65.7547 225.1026 17.6996
v 59.4231 230.2340 25.1777
v 68.2914 229.4791 28.9659
v 66.6729 231.6094 26.4365
v 67.4427 231.9841 27.4242
v 61.4009 225.0987 24.2901
v 55.1168 222.0121 21.1970
v 60.6309 231.4735 28.2278
v 60.7787 228.4490 28.8013
v 55.8208 231.2068 28.4987
v 56.7029 229.9929 27.6530
v 54.9705 230.5082 28.3974
v 66.5496 220.9914 23.2664
v 64.4082 221.4473 27.5984
v 54.0139 232.7893 24.6361
v 56.0728 225.4305 25.7767
v 59.6362 225.8294 23.1795
v 62.1284 227.0846 23.1556
v 54.1501 226.6373 26.0385
v 63.9325 226.3804 18.1048
v 65.4789 228.5542 25.1525
v 61.1304 229.4638 30.1087
v 60.8723 229.2241 9.2030
v 61.7248 229.4610 30.8657
v 71.1257 231.8523 16.3046
v 54.6613 226.7364 15.0557
v 63.3943 226.3873 24.4680
v 68.0365 223.0345 22.9862
v 59.3162 222.6001 30.4129
v 66.1094 226.1003 11.0371
v 64.7658 224.7786 14.3159
v 69.6680 228.0833 25.9587
v 63.3145 231.1677 27.1872
v 61.5023 227.3435 10.6255
v 58.3180 217.0137 27.2477
v 53.9896 234.7899 24.4096
v 59.8923 217.1293 29.3138
v 62.1865 223.8667 29.4249
v 59.2237 242.7256 12.2911
v 62.2462 228.2466 25.7047
v 57.6168 240.5656 29.6336
v 63.4092 226.5086 11.1065
v 59.4731 224.5578 16.3596
v 59.5239 225.1065 23.0476
v 65.1736 228.5896 24.9764
v 70.7409 231.9311 12.5468
v 60.0406 227.5623 10.3476
v 58.8249 225.6977 16.2553
v 62.8826 228.6219 32.7313
v 60.1985 226.2450 24.3229
v 68.2066 232.4446 28.7068
v 63.1756 225.4310 24.3131
v 57.0166 243.7218 17.0070
v 71.4343 237.1955 18.2753
v 60.0884 230.2393 25.0756
v 63.1317 225.9725 24.9390
v 59.2026 229.3979 25.3231
v 63.8667 223.2805 28.7415
v 60.5246 225.7217 29.3182
v 61.2569 229.3375 32.2129
v 54.8976 232.2034 29.1294
v 56.9813 220.6903 22.4500
v 54.6641 226.2174 15.4268
v 58.8682 227.8721 21.5003
v 62.3393 229.8516 31.2847
v 58.6971 220.4773 27.2211
v 64.1479 229.0237 20.6246
v 54.4359 240.3889 25.1051
v 55.7709 221.3907 20.3754
v 59.0151 224.2950 28.6335
v 61.2190 222.3727 30.3342
v 62.4859 228.0885 27.9020
v 56.5288 233.6018 30.4028
v 69.5066 234.8338 25.8453
v 63.1404 221.0357 30.7963
v 65.1318 220.3292 27.7826
v 63.5961 224.2970 14.2939
v 64.4790 226.7649 24.4611
v 61.9783 229.9923 31.0645
v 66.4031 227.5390 21.5230
v 58.5766 244.4001 23.6137
v 60.0861 227.6103 22.4608
v 58.5813 221.4207 26.6845
v 57.3494 226.5850 19.3007
v 62.0306 227.9147 27.4021
v 58.9647 221.2774 26.4067
v 70.7903 230.3907 14.5799
v 63.2125 224.8190 25.4599
v 54.7951 227.6057 20.2934
v 68.3425 229.5690 28.3125
v 69.0891 228.7890 22.9602
v 64.2710 225.6813 23.8139
v 69.2763 227.5142 13.5091
v 61.3474 228.2229 25.7884
v 53.3481 232.2242 15.6841
v 63.7339 229.0339 9.0078
v 59.7199 244.2239 14.9306
v 66.0856 221.6688 24.9277
v 55.5102 227.8623 19.0543
v 62.2040 226.5810 24.9628
v 64.4590 221.0452 28.8232
v 61.7753 228.6200 31.0190
v 58.7872 222.3996 28.9383
v 60.0922 225.0592 24.4314
v 69.3867 228.2574 21.4456
v 60.0470 222.2531 30.4650
v 63.5181 228.1680 20.8960
v 64.8738 229.4214 25.2891
v 68.0797 232.4867 26.3390
v 70.9652 231.5917 13.3883
v 62.9250 225.5118 29.7699
v 61.7652 244.9091 22.5187
v 71.4497 234.3664 14.1317
v 57.9372 225.9705 28.3325
v 55.6780 221.3339 22.8557
v 55.7519 231.4012 29.1574
v 61.7676 244.6176 14.8306
v 59.6941 220.3512 28.8039
v 62.9034 227.9188 27.3224
v 67.1636 232.7421 27.6321
v 69.7485 227.5745 22.9361
v 64.9617 228.1703 24.5897
v 69.6438 237.4646 11.5664
v 59.9032 227.7836 24.5532
v 56.9296 222.2075 22.2627
v 53.9862 226.9186 25.4677
v 60.6697 226.0372 14.4203
v 61.7782 229.8243 30.9377
v 64.4681 221.5169 27.2623
v 61.5521 220.2811 30.9422
v 63.6558 230.4383 25.0469
v 64.6425 222.6715 26.6033
v 58.6388 223.0540 28.6711
v 53.1796 231.6357 19.8706
v 62.6400 226.2288 27.7474
v 57.1738 233.0298 9.8015
v 59.4130 230.0103 24.8932
v 63.7172 228.3205 28.2656
v 55.2454 226.9270 28.8148
v 66.3610 241.4342 28.2259
v 55.7576 226.5790 29.0158
v 61.9052 237.9325 8.8577
v 59.0332 228.8689 25.3659
v 59.4681 233.1697 32.0539
v 67.6684 225.9793 17.0782
v 57.2246 227.9229 20.6470
v 61.3867 224.7348 26.3392
v 61.5260 222.2751 30.3862
v 60.3440 226.6478 30.9992
v 59.2664 218.4502 28.5247
v 58.8379 226.6123 18.1522
v 54.8128 226.4533 26.8098
v 60.1445 227.4654 24.9752
v 59.3967 225.4187 28.6868
v 63.5422 226.3967 30.1453
v 57.4691 228.1522 20.7381
v 56.7746 229.3081 27.6714
v 59.3795 226.7048 18.3043
v 58.3117 223.2280 24.3718
v 68.2052 219.0984 23.4069
v 63.6282 225.2259 23.1749
v 58.6486 228.4426 21.5758
v 60.4285 228.1096 26.0139
v 59.6393 229.8129 25.2616
v 53.5155 237.0860 25.6471
v 67.9921 222.9735 22.7436
v 59.1545 220.8961 25.6012
v 64.5864 229.6126 24.8214
v 54.1299 239.7471 25.4929
v 69.5479 238.2387 26.5096
v 63.3982 228.0921 29.0427
v 53.6428 228.6688 21.2952
v 61.4188 227.5855 27.3125
v 66.0997 228.9484 26.5594
v 69.1811 227.8861 26.9832
v 56.8481 241.1557 11.9779
v 59.2936 218.2450 27.8502
v 62.3379 224.7621 30.5967
v 58.4232 221.9489 28.5118
v 54.2353 238.8949 26.4363
v 59.8843 228.5890 20.3234
v 65.8250 224.1736 24.4593
v 67.4380 223.5280 22.4341
v 68.7614 228.0699 28.6023
v 57.6796 226.1606 17.5223
v 59.7759 228.1811 24.6352
v 57.8186 228.0400 22.2184
v 63.7980 225.8013 23.2416
v 69.7368 228.0440 13.3275
v 58.6102 225.1464 15.4158
v 61.9135 221.0582 30.8923
v 66.9120 240.7471 11.0063
v 57.9221 221.9433 24.2938
v 69.4258 229.5250 27.2432
v 64.0440 223.7179 26.7718
v 66.4466 228.1668 27.1782
v 59.8562 229.1116 21.1961
v 70.9377 240.4173 18.6470
v 57.1933 227.0950 19.1000
v 57.2393 227.6821 20.6594
v 63.5051 244.2354 13.9797
v 59.6222 221.1348 27.1351
v 61.9851 244.9324 21.7612
v 65.6514 225.4054 18.3027
v 56.9613 227.2836 20.5768
v 59.5325 221.7833 30.7472
v 65.6697 223.0189 24.4633
v 64.3522 222.4474 29.6627
v 65.3992 222.3806 25.0638
v 55.9675 226.6111 19.6788
v 66.1797 232.9349 31.4813
v 68.0165 227.4578 20.7057
v 67.6155 231.0882 27.5025
v 60.0316 220.9815 30.6250
v 62.9926 229.6700 31.5626
v 60.8554 226.4280 30.1289
v 56.3171 224.5643 22.4924
v 70.8188 227.3943 23.7636
v 62.7845 231.4250 31.4914
v 55.2801 227.5381 20.0703
v 59.6050 219.2211 25.1273
v 54.4274 236.9491 28.0923
v 60.0129 241.1059 10.5182
v 69.1861 228.1177 27.6513
v 62.3309 227.2896 25.8459
v 67.5344 232.8800 28.3166
v 69.0759 228.8850 27.5348
v 54.2793 240.7432 23.9761
v 64.2358 231.2841 25.0381
v 62.8998 228.0480 25.1243
v 55.5049 231.9772 29.7276
v 66.3252 232.1113 26.4005
v 58.9468 231.6546 25.1817
v 60.0062 231.3522 25.2703
v 53.9819 236.4952 13.2258
v 66.9338 228.6135 27.5736
v 65.5912 223.7735 28.2714
v 62.6627 226.3177 24.9222
v 53.6478 231.1505 15.6760
v 54.4262 229.9235 27.6486
v 60.5255 216.1189 30.0766
v 61.7043 229.3486 30.1470
v 58.2936 222.4300 28.1187
v 62.5083 220.4416 30.3428
v 70.4899 238.3010 12.8249
v 58.5372 231.9858 25.8587
v 65.1636 228.9782 26.6830
v 65.3340 222.7967 24.5284
v 60.5305 229.5235 30.9691
v 62.0853 226.2452 29.1954
v 63.1265 225.7085 24.3853
v 62.8072 229.5391 30.7049
v 53.9553 240.6493 15.5537
v 60.2194 226.0378 29.2014
v 61.8542 222.9361 30.5556
v 60.7972 225.0045 28.7123
v 58.0434 225.2871 12.5776
v 62.6638 225.5326 18.4230
v 63.7561 230.0601 26.2274
v 62.1564 226.9809 25.7627
v 54.1860 229.3860 13.5679
v 66.3113 242.4505 12.4490
v 60.5793 225.4868 29.1345
v 63.7568 227.8534 22.5036
v 64.5344 241.0127 10.2828
v 63.1341 228.1897 22.4853
v 62.3638 224.5641 30.0178
v 59.8451 230.8300 24.3396
v 58.5258 226.5660 18.4130
v 66.4284 225.4419 17.1340
v 59.1060 227.7571 21.9119
v 62.0479 225.3639 31.1187
v 59.8619 221.0520 27.5613
v 65.7880 226.2620 17.7472
v 52.8789 234.3213 20.3564
v 62.8399 224.7180 27.0880
v 63.2494 230.7068 29.7523
v 60.2797 228.9142 30.5391
v 67.2437 221.1698 22.8768
v 64.8160 235.5122 8.4543
v 67.0512 219.2948 25.8333
v 57.3189 226.6736 19.5794
v 56.5590 228.1159 29.6983
v 61.6973 228.7868 30.4890
v 61.2543 227.0924 10.8570
v 59.9273 223.9155 27.1598
v 67.8017 225.4860 27.9980
v 63.8456 232.8714 32.1758
v 57.2364 229.6343 10.0559
v 55.2352 225.7456 18.1223
v 59.6740 223.0367 27.0801
v 67.8519 227.9022 28.2208
v 60.9616 224.7928 25.9011
v 61.5966 228.1346 28.8711
v 57.8646 219.2004 23.5108
v 61.6398 225.6665 18.4707
v 57.4615 228.0237 20.9670
v 58.9897 222.9182 24.5531
v 54.9688 227.4944 27.3061
v 53.6564 239.1593 23.8305
v 59.4179 224.9541 24.2377
v 63.2839 225.9546 11.8224
v 53.0717 237.0830 14.9083
v 69.4403 222.7607 21.4358
v 60.2854 231.6376 27.0659
v 58.3067 226.9752 17.9073
v 61.6522 216.6382 30.7002
v 59.0213 222.5100 30.0494
v 63.3589 229.4527 30.9054
v 69.1866 237.7178 28.0028
v 62.1540 228.1098 25.7161
v 68.5196 227.3054 18.7944
v 71.2365 234.2821 19.4945
v 69.7946 236.0821 26.1599
v 55.0906 234.9646 28.5594
v 54.6441 241.2428 24.2449
v 69.7476 233.1546 11.0105
v 70.8456 234.6662 22.2479
v 60.8141 224.4961 28.1303
v 64.8053 228.3331 21.3837
v 66.1231 228.0590 21.5374
v 64.6838 228.0333 21.1012
v 58.8161 226.0597 25.4381
v 58.5931 224.5128 23.6564
v 54.3321 226.1277 27.0384
v 70.9748 232.9817 21.3281
v 60.0187 229.6160 27.4840
v 61.4468 225.8505 27.0599
v 60.3249 228.4847 30.5984
v 60.7712 242.3493 11.5667
v 60.0844 225.7990 24.2287
v 62.7376 227.9328 26.1273
v 60.2468 226.4750 30.5101
v 64.8677 226.5235 22.8112
v 66.4583 227.2075 17.1550
v 57.2219 226.2641 19.6791
v 57.1551 225.4452 16.4104
v 62.4797 220.8486 30.6952
v 68.0317 222.7221 21.8074
v 60.6187 224.2285 17.6954
v 65.5606 227.0440 29.4144
v 59.6421 220.8997 28.7184
v 62.4834 220.0329 30.3502
v 69.9266 234.1390 24.6237
v 71.6203 237.5910 16.0787
v 62.7453 244.0889 26.5026
v 57.8411 226.8972 18.7615
v 66.9535 230.6417 26.7051
v 66.3336 225.5582 17.5093
v 59.3095 225.0984 18.9356
v 64.4569 224.8634 16.3621
v 68.3814 231.9431 29.5704
v 61.0468 227.3661 26.3142
v 69.1953 227.8854 19.8186
v 68.4377 241.1193 26.0972
v 63.5022 231.5691 27.2077
v 54.9210 232.2984 29.9282
v 56.2149 225.5463 19.0405
v 64.2128 242.0544 11.1906
v 69.3704 240.0814 25.2303
v 55.6254 237.2010 11.1893
v 56.5699 221.7432 22.0949
v 53.6044 239.5001 22.9604
v 57.1314 236.9415 31.7308
v 65.5882 231.4566 25.6813
v 64.0990 221.1480 28.5312
v 64.1126 222.3644 29.1750
v 55.6448 226.6944 18.9682
v 65.4657 221.1943 27.6311
v 60.8562 228.1277 24.7969
v 65.0973 233.4159 30.5735
v 62.2027 225.6604 30.3961
v 64.3123 228.5076 30.0790
v 60.8117 224.6994 25.6752
v 70.4873 228.4798 24.9270
v 64.8816 228.9151 25.3303
v 58.9259 221.8926 29.6080
v 62.4104 229.2260 30.1376
v 54.1443 228.8541 26.6192
v 69.2315 227.4138 26.8549
v 66.4318 226.3687 17.1805
v 59.4195 226.7212 23.8486
v 61.9994 227.6216 22.0930
v 59.7113 220.1783 25.9449
v 70.7315 230.6600 16.0048
v 58.8855 228.9522 27.1000
v 58.4462 221.5840 27.9109
v 59.4191 228.2746 24.7414
v 54.2795 228.9190 15.7103
v 66.1843 225.2987 12.1222
v 62.0033 221.4733 31.3281
v 57.9525 222.4128 25.4262
v 57.7424 218.6011 26.7005
v 64.9622 226.5087 23.2994
v 66.4213 227.5323 21.8115
v 62.3871 229.5169 32.0270
v 56.0587 232.8021 10.7750
v 61.7779 228.9254 32.5988
v 62.2520 231.5776 32.0362
v 65.0657 223.5122 25.1669
v 61.0610 229.4266 30.5823
v 60.9681 229.4518 30.3194
v 67.3602 226.7019 18.9119
v 62.8750 222.7942 30.1448
v 60.1935 226.0111 30.1478
v 55.3350 219.8496 21.2493
v 61.5790 228.0908 30.0457
v 70.3206 227.7625 23.9735
v 63.7335 225.0116 23.7678
v 63.1430 225.9138 29.6112
v 64.2817 224.6734 23.1261
v 64.7425 219.6079 25.0549
v 53.7786 238.6497 25.4046
v 61.8690 224.0782 29.7298
v 55.1819 227.9166 20.1094
v 65.3156 227.4303 19.5602
v 60.1773 222.0381 30.5546
v 54.5532 228.2027 21.0732
v 63.2630 230.8273 28.6332
v 62.4514 225.1681 13.5749
v 63.9828 226.1569 11.3584
v 64.4720 228.1253 20.3722
v 66.4092 228.2408 27.4411
v 68.5383 227.3595 19.4814
v 63.6989 220.9877 28.8062
v 54.6466 229.1864 27.6440
v 64.8193 223.4921 25.4068
v 67.1812 243.2718 23.8093
v 55.9351 243.1091 16.8154
v 68.4726 228.0932 19.3325
v 59.9846 239.7774 9.7099
v 67.5200 227.6645 20.4009
v 64.9099 225.6613 24.3010
v 59.2505 230.0727 25.1324
v 71.5437 235.7348 18.0936
v 70.0125 238.1379 24.6490
v 66.7404 226.7930 17.3739
v 67.2292 233.1732 30.6804
v 63.1210 224.2524 28.6525
v 59.5650 222.2417 30.7023
v 59.7378 228.6891 29.0180
v 55.4717 220.8471 21.5145
v 62.6476 230.5008 31.4773
v 67.1238 225.6823 16.3932
v 64.9438 226.9618 23.3423
v 59.0112 228.0597 22.1632
v 69.0198 230.6601 28.1274
v 56.5967 225.8637 17.0448
v 66.9356 226.9088 20.6530
v 56.0367 233.5751 10.6780
v 63.4554 227.9888 24.3367
v 53.4519 234.7237 23.2526
v 56.2999 222.4877 21.7463
v 62.4099 228.6226 28.6163
v 58.2496 227.9160 21.4920
v 66.4569 226.9532 19.0472
v 64.3703 224.6210 23.4896
v 64.9738 221.3332 27.9800
v 54.9379 229.8880 12.3392
v 64.6698 231.6049 25.3814
v 60.7084 217.7391 26.9004
v 64.1521 219.8532 29.2705
v 61.0998 230.2963 31.5431
v 68.2872 225.9937 21.9623
v 68.2367 227.7286 22.2058
v 64.6408 226.5747 18.0447
v 59.2695 220.4755 29.0527
v 69.5088 228.5495 12.4674
v 60.0983 225.3752 23.7185
v 63.5265 223.9373 30.4682
v 66.2447 222.5624 26.1205
v 54.3796 227.8894 13.9592
v 58.7042 228.9345 26.3177
v 57.3272 240.4824 11.1276
v 65.7267 224.2574 25.6474
v 55.1913 227.3113 18.5950
v 61.7923 224.8394 24.2106
v 66.0303 223.6388 25.7171
v 69.4981 227.5142 20.8504
v 67.8997 223.1500 22.8595
v 63.0781 228.4263 28.0969
v 66.9991 221.2579 24.7977
v 54.4246 228.5920 13.3064
v 53.9847 241.3382 16.5593
v 65.6740 225.9044 26.3619
v 55.3842 228.7930 28.4694
v 61.2077 229.0021 32.6453
v 56.5455 223.1455 24.0388
v 63.4942 226.1936 29.5685
v 60.9360 231.0090 31.0986
v 63.8452 221.8830 31.1824
v 60.1994 224.9388 24.2233
v 63.3429 224.8094 26.6173
v 58.5943 228.1729 30.4527
v 62.3006 239.5083 9.4695
v 57.7360 219.9725 22.9900
v 56.7208 220.1972 25.3489
v 69.6975 234.3783 24.9489
v 63.3242 227.9500 32.0088
v 63.3717 231.5343 28.0612
v 62.6831 227.9751 21.8399
v 66.6882 229.3004 26.9266
v 67.1124 227.9023 19.5708
v 69.9866 230.0726 11.7907
v 57.9788 221.9962 26.9265
v 64.1650 227.4247 22.0155
v 53.8260 230.9194 15.8790
v 61.6161 222.5669 30.2684
v 52.7314 237.5470 17.1364
v 68.7132 228.2551 19.5167
v 58.8882 227.8653 10.0976
v 58.1890 227.8857 10.3451
v 67.7407 228.8160 28.5208
v 60.2679 225.4152 17.6755
v 69.8741 236.4727 25.1976
v 65.1132 221.2710 29.1736
v 69.2040 231.7144 28.3615
v 66.8165 221.6995 22.9919
v 67.8428 231.0390 27.8358
v 60.0020 229.9135 25.6826
v 63.5147 225.6579 30.6013
v 66.1193 227.6973 9.8387
v 57.5290 228.8446 25.6539
v 57.5791 231.1482 26.3170
v 63.1655 238.4574 8.9288
v 64.5988 229.5135 25.5874
v 66.1546 227.6612 21.2913
v 63.6630 224.7049 18.6817
v 61.8587 227.5031 20.8040
v 59.3944 226.2368 28.9869
v 63.4232 226.3733 18.3728
v 66.3422 227.9483 22.7823
v 64.6356 226.4871 24.3152
v 63.1812 225.0939 29.9184
v 63.9556 219.7393 29.7755
v 63.1631 227.6859 9.6924
v 62.8993 229.0488 31.4617
v 56.2975 227.8940 30.0274
v 57.8231 216.8062 25.9845
v 58.1686 224.7557 28.0778
v 68.8175 228.3238 21.5809
v 57.7586 230.0644 9.4414
v 54.8846 225.9739 22.3244
v 64.0369 225.4226 23.5383
v 53.5761 230.0282 17.6854
v 53.4319 227.6667 24.1814
v 61.7337 226.8466 27.0067
v 63.7965 232.3079 30.4596
v 62.6858 238.6009 32.1409
v 60.4149 228.6704 29.6052
v 65.6998 227.2260 17.5108
v 62.7911 225.9868 12.3047
v 55.6624 232.5400 30.1560
v 61.5816 228.2300 29.3590
v 64.3402 229.6210 25.0765
v 61.4368 223.4654 29.7011
v 57.5783 227.0669 19.8376
v 58.0988 221.1509 25.2204
v 57.5412 229.5651 27.4191
v 68.8640 231.5479 28.3491
v 69.3261 223.0238 20.9530
v 68.9075 232.1267 29.5163
v 62.4137 222.6376 30.3758
v 62.3433 223.0858 30.2749
v 65.9328 232.4047 8.4276
v 61.3594 229.5336 31.3700
v 64.5384 233.1636 30.4809
v 63.4610 226.6100 30.9270
v 59.6037 228.6760 30.4615
v 68.1266 218.9853 22.7652
v 66.8255 226.8013 20.3930
v 67.4364 226.0603 12.1251
v 65.2335 227.7778 23.6603
v 68.9827 227.8154 22.2277
v 57.2944 228.8716 27.4895
v 58.1172 218.9941 23.9008
v 55.0443 228.4486 22.8684
v 62.5399 229.5312 31.5195
v 63.5503 228.0072 27.7689
v 60.1462 224.1645 16.7203
v 59.4506 224.7441 23.2831
v 66.9874 226.6367 19.7544
v 58.0215 221.6442 25.3474
v 57.2281 225.7222 18.1571
v 63.7156 224.3558 14.6793
v 62.8314 218.3365 27.5266
v 59.7784 223.5790 26.9715
v 62.8244 226.9036 28.8950
v 58.7134 225.5213 24.7211
v 68.1886 226.3099 24.5582
v 59.0656 228.2230 9.4940
v 71.2138 239.3855 16.0855
v 67.1241 229.8839 27.4569
v 54.8074 227.3368 13.1376
v 68.6825 224.0726 21.1275
v 55.1047 223.5077 20.6154
v 62.9647 232.6778 7.8211
v 64.5090 228.6919 28.0821
v 53.8846 229.7274 20.8312
v 59.0311 231.2082 25.0997
v 66.9195 227.2891 17.4868
v 64.7003 221.2467 27.5989
v 55.5311 223.7933 23.3108
v 65.1614 223.9073 24.0051
v 61.7559 229.5894 8.9748
v 58.2337 225.2105 23.3526
v 56.6531 226.2889 18.7084
v 60.7765 224.7769 18.6801
v 60.4369 228.2951 29.0992
v 60.3410 225.6717 29.2912
v 63.7471 224.5156 26.9809
v 67.1721 232.4422 27.1754
v 65.4224 228.0971 23.5300
v 69.3867 226.2674 26.3260
v 64.5515 226.9545 22.5601
v 55.4024 233.2893 29.6811
v 59.2354 224.1395 24.2502
v 70.0833 228.1543 19.9528
v 67.1247 226.7351 10.9303
v 59.7203 225.2404 29.8725
v 67.1824 243.6621 18.8343
v 63.6974 232.2851 30.8070
v 66.8701 227.5267 20.8251
v 60.6872 229.0347 29.6357
v 63.8972 221.1246 30.5007
v 69.3595 234.0024 26.5827
v 67.4779 229.0101 24.6910
v 68.9150 232.5796 29.3671
v 59.3769 220.9512 26.7430
v 66.4846 226.7247 29.0048
v 62.9610 226.3609 28.6405
v 66.9973 225.4321 27.9754
v 67.6437 226.5552 18.3807
v 68.7800 226.6297 19.3473
v 59.1395 220.3179 28.2064
v 68.1247 223.6231 22.5910
v 61.7879 229.6013 31.3467
v 57.8372 228.1311 10.1827
v 62.1437 219.6932 30.7997
v 62.2956 228.5038 29.6560
v 60.4112 223.8372 29.0431
v 53.5061 228.6409 24.7252
v 60.6204 228.7497 9.3897
v 57.8003 225.2127 15.4031
v 66.3343 221.5131 25.2183
v 62.4057 227.8912 21.7835
v 63.6568 227.4631 23.3138
v 64.8727 226.1442 18.1415
v 54.8693 226.1893 18.3767
v 67.8109 231.4287 28.1456
v 60.5941 229.1890 29.3566
v 54.2131 230.1152 22.1420
v 59.8045 224.9858 22.8553
v 61.1068 225.6313 28.1871
v 60.1509 225.9845 18.0250
v 60.3260 224.0495 18.0517
v 58.2963 223.2851 27.9240
v 60.8492 225.4703 28.7587
v 58.7494 227.8012 20.7140
v 58.7879 222.1849 26.3177
v 55.3905 223.8381 20.5461
v 62.3171 219.9422 30.8105
v 66.2323 222.1680 25.2411
v 67.4981 225.3419 25.2385
v 69.1681 230.6178 27.8448
v 57.5200 226.4385 19.7589
v 55.8246 219.8324 22.1290
v 57.9953 220.7958 25.7153
v 63.3050 224.0346 28.9495
v 62.4712 227.7275 27.1008
v 53.5323 228.6264 25.2700
v 54.6160 226.8409 14.2272
v 69.4639 240.0008 24.6770
v 65.7363 231.2138 25.8105
v 62.5072 236.2459 8.4180
v 68.8771 222.3752 22.7340
v 62.2863 228.6884 27.6752
v 68.2627 226.6488 18.3790
v 57.0394 237.4550 10.1011
v 58.6534 226.8278 18.3613
v 59.5873 220.8511 29.8911
v 66.7436 228.1446 20.6611
v 56.1865 243.4844 18.0656
v 64.5372 224.7358 13.3249
v 61.7851 228.9788 28.9450
v 54.1081 228.7534 17.1709
v 63.4560 227.8729 23.2141
v 68.3202 226.4224 18.4568
v 62.6930 226.9766 28.2560
v 67.3981 218.8490 25.5534
v 57.0221 217.2951 25.0285
v 64.6368 220.0446 25.1575
v 68.7963 229.1899 23.7248
v 62.0271 238.7140 9.1042
v 66.9412 227.3402 20.3453
v 62.9112 228.3369 24.0478
v 58.6097 231.5631 25.3505
v 67.7709 226.9582 19.6270
v 66.2919 227.4515 10.2224
v 63.6059 227.2182 25.1752
v 66.2671 227.2955 18.1906
v 60.4838 231.7421 28.2488
v 65.9385 227.8956 21.8139
v 56.3341 228.2261 19.8060
v 69.5135 228.7876 22.2800
v 59.4555 225.7342 11.7536
v 64.1233 220.1537 30.0558
v 57.2823 232.9963 31.6485
v 65.0968 225.4308 24.6438
v 56.5180 230.4600 25.7114
v 63.1893 227.6147 29.4100
v 60.8486 224.8334 25.4064
v 62.2395 227.3101 27.2140
v 55.4007 230.2816 11.8427
v 60.1805 221.4462 30.2380
v 62.0452 227.6728 9.9821
v 68.2888 221.5314 23.6153
v 59.4402 229.6740 25.0063
v 64.0009 221.4570 30.3639
v 66.9209 229.1734 25.4027
v 58.5756 244.0936 24.6623
v 60.9156 227.5215 10.3585
v 54.8618 226.0538 18.1520
v 55.2436 223.3492 22.4876
v 60.8896 221.9433 30.8516
v 61.2138 229.0422 30.6950
v 58.6344 222.8071 26.5134
v 66.6320 230.8709 26.4604
v 60.4865 215.6424 29.7686
v 56.0260 226.6582 25.2103
v 63.3961 222.2563 30.1911
v 65.7688 228.8230 24.6323
v 63.3746 224.8423 25.9198
v 66.5188 227.6517 20.5787
v 55.7015 239.4216 28.7571
v 61.9534 223.7245 30.4661
v 54.4468 241.8530 21.8641
v 59.3677 229.4489 25.7919
v 64.0574 228.0234 21.6968
v 65.7854 224.7039 14.0000
v 63.2692 229.9683 29.2432
v 62.2701 228.5911 28.4140
v 71.2165 231.6941 15.2682
v 68.0739 226.9672 26.2531
v 55.6015 227.3173 19.7340
v 61.1934 225.7276 12.4612
v 53.2106 239.0101 15.2620
v 59.4583 221.2108 26.8809
v 66.1111 220.8927 26.2375
v 59.5835 227.2828 22.7430
v 63.2879 226.1670 24.5535
v 66.8150 226.3418 27.4441
v 66.7812 225.4353 12.2496
v 69.2769 236.0098 27.8218
v 64.1816 226.7945 10.5868
v 63.6318 231.0119 25.2181
v 60.4671 220.2259 29.7347
v 62.5523 229.5594 29.8170
v 61.8658 226.5554 26.8117
v 70.3429 229.1738 21.2230
v 60.2299 232.1642 31.6433
v 55.8006 225.9661 18.9456
v 61.5333 226.0208 26.9477
v 70.7643 228.4919 23.2240
v 60.0762 231.0160 24.2778
v 69.3084 228.1660 22.6917
v 61.9655 241.3140 30.5669
v 69.3760 230.9843 27.7309
v 61.9584 226.4640 27.9236
v 65.9448 227.4355 19.8167
v 61.7268 227.8436 23.4920
v 58.3302 226.4392 26.5231
v 60.8011 227.8752 26.1454
v 61.3827 230.6701 8.1100
v 64.8556 228.4742 8.8994
v 60.4805 244.7633 22.9432
v 64.4817 230.9916 24.8831
v 70.0351 234.1139 23.8657
v 54.0802 229.6801 15.5702
v 65.5328 221.4150 27.2819
v 64.1583 224.5988 15.4771
v 53.9036 228.7066 19.5032
v 54.9099 232.4983 29.6733
v 65.4256 227.3047 29.3567
v 60.5520 231.2324 27.0487
v 53.7088 234.2251 24.2554
v 70.4821 235.8695 12.3581
v 61.6166 228.6754 31.8445
v 63.9601 225.6738 22.7000
v 70.8994 230.7959 14.4060
v 64.3090 227.9858 21.5798
v 64.7600 224.7745 23.1660
v 64.6525 226.7945 18.7615
v 60.0457 227.7669 9.7837
v 53.6999 241.4167 18.0114
v 64.2140 219.0224 29.0515
v 53.4178 233.2835 23.3837
v 69.5903 225.7621 15.4827
v 63.0620 221.6089 30.7044
v 54.1728 226.8837 16.6693
v 64.1317 225.9802 17.7848
v 60.8357 225.1006 23.7504
v 71.0744 238.3680 13.8674
v 63.9432 228.5927 29.5639
v 56.4515 223.2862 22.6560
v 63.5934 218.6954 30.0364
v 56.7190 231.4938 27.0961
v 70.6655 229.9849 15.5557
v 68.9752 229.1505 27.9188
v 63.5130 230.9249 27.0775
v 61.1882 228.4035 29.1145
v 61.2623 223.4075 31.3261
v 61.1761 225.5524 27.7951
v 68.5072 232.2939 10.1951
v 64.5210 227.2077 24.1564
v 60.7844 230.4332 30.3987
v 63.3286 229.3368 29.5961
v 58.2049 222.5778 28.1220
v 59.6146 228.7844 25.0850
v 68.5882 228.4341 20.7282
v 61.7670 224.7764 26.1235
v 62.0315 226.8926 27.0441
v 54.0310 237.8593 13.2457
v 59.8993 229.9672 24.9946
v 57.6402 221.1144 24.8885
v 63.9228 226.7552 23.3310
v 59.2788 229.5771 25.2521
v 62.0627 227.3898 27.3460
v 58.3480 226.1254 18.0813
v 58.1073 228.3485 21.6245
v 53.2242 232.0909 16.9049
v 60.4366 228.5505 21.1420
v 62.3476 225.0966 24.2470
v 54.4138 227.5360 14.3685
v 69.8282 228.2377 22.3174
v 57.1787 226.4298 18.8712
v 64.2062 224.4757 29.6661
v 64.6360 228.0573 20.8221
v 59.8516 222.1803 29.4773
v 65.4309 226.8259 18.3513
v 60.4354 227.3207 31.4830
v 61.1539 225.4375 23.8552
v 67.1057 233.2230 28.4645
v 61.2825 220.9275 30.3644
v 61.6269 225.6132 29.9633
v 53.2497 231.5155 20.7703
v 62.7407 229.2189 29.8395
v 64.4306 224.6527 24.2544
v 59.6766 229.0197 27.8156
v 55.3594 232.7396 29.3156
v 60.5507 224.2901 18.5746
v 56.4397 225.6450 16.4094
v 65.7986 220.3778 23.6720
v 58.3524 221.6709 25.8437
v 60.8927 229.5304 29.7494
v 61.0599 225.3623 28.2774
v 63.8460 224.7029 26.5399
v 61.4187 227.6372 20.8886
v 56.7468 227.5186 20.6685
v 55.3003 229.0248 23.5292
v 59.0449 220.6952 23.5866
v 65.8464 228.1690 26.5137
v 59.6287 226.3336 23.6482
v 59.9794 227.9821 21.6226
v 62.8056 228.2388 23.0300
v 64.7103 227.5764 25.0172
v 63.0127 230.5716 30.8644
v 62.1946 225.6441 23.8959
v 62.0676 245.0544 17.3423
v 54.6407 225.7031 17.8727
v 67.0775 232.8168 31.1328
v 63.1571 225.5101 18.1263
v 54.8632 233.0418 25.6065
v 54.5664 228.3183 27.5035
v 55.7651 227.9909 28.4848
v 63.4677 226.9704 25.0689
v 63.2307 221.4959 31.0283
v 62.1668 227.1034 25.8528
v 59.2664 226.9350 22.6862
v 68.6116 227.5349 27.6659
v 62.7957 226.3568 30.1250
v 64.1418 224.2072 17.5909
v 62.2481 227.3343 19.1675
v 60.6116 228.2926 25.5590
v 53.9616 230.1603 13.7063
v 59.1774 226.2167 11.4568
v 54.8541 225.7015 27.4916
v 58.3756 220.5782 26.7632
v 63.6980 218.2708 26.7375
v 56.7715 225.2492 13.1440
v 65.1143 234.3238 32.2349
v 61.7458 222.3764 30.5725
v 68.2352 226.9057 20.7925
v 55.6071 236.0658 11.0639
v 57.9825 227.3784 18.5526
v 61.3632 225.7700 27.8455
v 57.8682 221.7061 22.8918
v 55.8751 231.1129 28.9312
v 60.8934 228.9195 31.9045
v 61.2159 224.6000 29.6207
v 61.3979 224.7336 29.6359
v 55.1545 227.0104 20.0498
v 57.9095 221.8966 26.3639
v 63.6923 220.2507 28.4303
v 59.6316 228.5717 24.8121
v 55.8183 218.9313 21.6905
v 64.2998 225.1315 15.3716
v 60.3489 231.2945 26.3150
v 58.2883 225.3041 16.2077
v 54.0166 226.7854 26.3682
v 65.5182 216.8261 27.3047
v 55.5656 237.6969 29.8098
v 65.0213 223.9311 28.5641
v 54.4515 226.8839 26.0145
v 60.9742 228.3612 18.3893
v 58.8286 225.3596 28.2533
v 64.9759 221.7041 28.6876
v 68.1405 221.7095 21.5463
v 62.1393 239.5045 31.7526
v 63.4656 220.3017 29.2954
v 63.7058 220.7383 29.2025
v 63.0964 226.6088 19.3315
v 59.7406 221.1564 29.4776
v 67.4507 226.6483 18.4562
v 53.1703 237.9201 14.8181
v 58.9403 229.2857 25.6358
v 58.5479 226.4702 18.0913
v 65.7321 242.9828 12.8585
v 54.5411 234.9295 26.4469
v 61.7906 227.9805 27.7165
v 55.8999 227.3595 28.3376
v 54.7129 226.5911 14.1716
v 52.8962 239.4543 18.2251
v 65.8551 221.9095 24.2850
v 59.8273 228.4800 30.6867
v 69.6795 237.0893 26.5034
v 64.4591 243.6015 13.1184
v 63.8927 228.6768 20.8302
v 66.0373 227.6800 30.2413
v 61.8619 220.3788 30.4031
v 58.6954 218.5392 27.7155
v 65.1030 222.4283 29.3065
v 65.3399 227.2771 17.8229
v 65.1101 231.4232 25.2858
v 56.3780 219.0843 24.0278
v 63.2907 225.1988 29.6232
v 67.8297 218.7471 23.0318
v 67.3312 228.2560 27.9879
v 64.3439 224.8175 22.8821
v 65.7975 227.9707 30.3039
v 58.6095 225.3025 23.6824
v 54.3453 228.1509 18.4335
v 67.9409 219.8919 21.9214
v 58.2305 225.7695 22.6979
v 59.9675 232.3330 31.4374
v 71.5723 237.3347 14.6932
v 66.7109 228.9580 27.0961
v 68.0910 228.1403 19.4331
v 70.7492 232.2088 22.1144
v 65.5163 229.4906 8.7031
v 54.7265 240.2322 26.1597
v 64.7654 224.4822 15.4951
v 69.9654 237.2340 25.4337
v 62.2105 224.2738 30.0542
v 65.2411 225.8697 25.0309
v 52.7540 234.0515 19.9091
v 63.2373 224.7424 18.3461
v 61.1220 229.5178 31.4390
v 70.1288 237.8215 23.4977
v 63.0797 225.6568 13.0558
v 60.2619 220.5916 28.8910
v 62.9205 226.2670 28.1095
v 70.3262 239.6310 13.7034
v 60.4277 228.3895 26.0294
v 57.2767 229.3872 27.5547
v 71.4512 232.9094 17.6746
v 64.6327 233.8721 32.3754
v 62.8952 225.6003 18.8336
v 60.0566 221.1048 29.7004
v 70.3527 230.0559 21.5597
v 59.3999 226.5974 18.7988
v 61.9534 223.4041 31.5650
v 61.4825 220.0753 29.8513
v 56.2357 223.9600 24.8412
v 60.2638 227.8798 25.8285
v 64.4917 224.1394 23.3065
v 71.0026 232.8988 20.5515
v 68.2164 225.8002 18.7698
v 54.5798 225.6275 15.7319
v 56.9378 237.6333 31.4618
v 61.8768 236.7002 8.5465
v 66.0386 227.2289 19.4756
v 52.8084 234.5682 21.6612
v 58.0502 221.2382 26.0294
v 59.3840 216.1100 27.9312
v 65.2493 218.5874 25.0523
v 58.5455 225.0689 16.2876
v 64.1151 228.7408 21.2416
v 60.3825 225.7441 18.8327
v 65.2781 227.3430 18.9424
v 60.3334 230.5474 24.9721
v 63.4459 225.6092 17.8921
v 59.5562 228.4107 30.0559
v 68.5043 226.0543 18.0197
v 63.5625 228.2611 28.7975
v 68.3745 225.7392 18.5346
v 67.6766 226.3101 25.6694
v 64.9992 220.4475 27.8435
v 71.3589 232.8588 14.4422
v 55.7596 226.3229 21.1593
v 63.9749 232.5767 7.8660
v 59.2688 221.7624 29.7669
v 65.2103 223.4122 28.4239
v 60.1299 227.0415 22.9193
v 64.2621 222.3107 29.5382
v 60.0110 227.2166 22.3822
v 57.0172 229.5152 25.5442
v 57.1077 225.0140 15.4445
v 55.1534 224.8817 16.6643
v 64.8771 228.0296 25.6142
v 61.1852 219.5646 30.3158
v 64.6917 228.1004 25.1336
v 58.1630 228.2880 22.9332
v 56.2066 226.4706 18.2589
v 67.0508 238.0779 30.6973
v 62.4294 245.1250 19.5978
v 69.6497 226.3332 26.8253
v 61.8447 226.9512 23.2400
v 55.5016 225.8945 18.2823
v 55.9458 227.7780 19.2163
v 71.5331 238.4313 15.7637
v 60.7541 245.0061 20.2143
v 70.6428 239.7560 20.1222
v 65.6293 227.2295 19.3679
v 70.7106 240.0311 15.5030
v 55.8551 225.6962 18.5771
v 54.6809 239.3487 27.2794
v 59.5170 226.5443 16.9750
v 67.5243 233.4662 30.0418
v 69.1527 230.8940 27.7711
v 56.2252 222.5931 24.5618
v 56.2088 227.7819 22.9077
v 70.0641 228.3267 18.5632
v 58.1124 227.8309 21.2793
v 63.6320 224.5671 17.5849
v 59.6220 224.3227 29.8186
v 60.2314 228.1982 31.0670
v 60.3373 227.2075 31.4027
v 70.4832 229.0206 13.8726
v 67.0199 223.6141 23.3326
v 64.0600 225.0452 25.5886
v 56.4858 231.0485 27.7434
v 66.9952 227.7558 27.7255
v 56.1300 232.0583 10.8879
v 62.5694 229.7932 32.3620
v 53.6592 238.2771 25.8796
v 69.3508 225.4776 17.6690
v 63.1409 224.4980 28.0148
v 63.5923 224.2961 27.9494
v 67.8820 226.2039 18.7758
v 60.9146 225.3120 18.0337
v 52.8846 232.8026 17.7088
v 70.0990 226.7653 25.1583
v 58.7270 231.5196 25.1818
v 66.6482 243.7408 21.2846
v 61.8217 224.7568 29.2650
v 54.1029 235.1082 25.1764
v 59.3747 226.3259 18.5817
v 69.2097 226.5073 20.9876
v 62.9812 215.4766 29.9856
v 62.5607 225.8154 27.8745
v 54.1728 229.0797 26.9247
v 55.4833 225.6864 14.6568
v 61.1848 228.5657 29.6125
v 67.8947 227.4161 21.6387
v 65.6144 227.2756 19.0473
v 60.4797 230.9307 25.9388
v 53.3591 239.3395 21.8381
v 66.4464 226.5935 17.1136
v 66.7060 227.0263 20.5489
v 65.6553 227.5091 26.0773
v 54.5461 225.3024 16.3118
v 70.6731 236.4158 21.1576
v 65.5590 232.2608 26.4632
v 69.6741 225.3240 16.8933
v 56.9786 240.9727 28.5211
v 59.1013 218.1863 28.2171
v 64.7319 221.5526 29.5109
v 59.8471 244.7835 18.6204
v 56.3018 230.6359 10.7850
v 59.5333 237.7835 32.5721
v 65.4557 222.0054 27.1650
v 59.5051 222.7327 30.7150
v 57.7148 227.5324 19.8967
v 57.9833 224.7829 23.2650
v 53.7592 230.8003 15.1423
v 53.2579 240.7140 18.3820
v 62.9228 222.0527 31.4161
v 64.3134 224.3611 15.1476
v 59.8318 225.5893 15.5237
v 70.8795 233.6076 22.1519
v 63.8981 221.9771 29.7265
v 55.1201 226.3406 18.7959
v 66.8258 220.6269 25.3600
v 58.4389 232.9710 31.7586
v 62.8466 226.3962 25.4493
v 61.1806 220.9327 30.5860
v 58.8971 221.5195 23.7410
v 59.0385 228.2380 30.1335
v 69.2100 229.8226 27.6128
v 53.9785 227.9366 24.3449
v 57.8466 226.9516 18.9092
v 59.8928 218.0586 26.0522
v 53.7240 228.3311 24.1325
v 60.7187 226.8752 29.7507
v 58.5459 228.5571 27.8270
v 57.3985 227.4570 19.2082
v 69.4487 225.7534 21.1499
v 61.0918 228.3362 28.4317
v 67.4333 221.3508 24.8026
v 63.5836 241.2001 30.2730
v 66.8499 227.8731 29.9609
v 59.3248 242.2922 28.9618
v 57.9262 227.8999 27.2626
v 64.7627 220.9382 27.3213
v 57.7417 233.7074 30.4428
v 63.2446 227.2968 29.8199
v 61.9554 227.2312 25.5679
v 63.9774 228.7599 30.4095
v 60.0111 224.0457 27.9362
v 57.0387 227.6442 19.6706
v 55.6114 233.0743 11.1243
v 56.1473 225.4366 27.9621
v 56.5543 234.0698 10.1597
v 62.6561 224.6998 29.9883
v 61.6997 244.7550 23.2858
v 62.6933 224.9741 30.4155
v 54.6015 228.1632 20.9151
v 56.7779 233.6552 29.1844
v 69.6411 236.1492 26.5112
v 58.2409 222.9683 28.3997
v 59.6167 222.2773 29.8122
v 62.3406 226.2412 11.5371
v 61.3734 228.3158 28.4782
v 55.7279 232.7481 29.9223
v 55.8310 239.3330 11.6423
v 64.4093 222.8549 30.6025
v 63.6082 228.3959 21.2182
v 65.2206 228.8772 26.2397
v 58.0501 242.0584 28.1755
v 58.6834 224.7989 16.4458
v 57.9796 224.5331 24.3512
v 59.6355 226.3822 22.9363
v 56.4179 219.9908 24.0006
v 60.1223 227.0044 24.1559
v 69.0208 241.2929 24.4723
v 60.4835 220.2062 29.6611
v 58.7861 227.2638 30.2011
v 68.1831 222.8204 21.1780
v 54.1756 227.7881 20.9348
v 58.3837 225.3554 23.8229
v 60.7666 240.1744 31.3483
v 66.8518 227.1165 19.8193
v 59.1518 225.3636 23.7998
v 61.2972 226.4851 27.6739
v 59.3011 221.7883 30.5245
v 61.6194 228.4633 18.2645
v 52.5712 233.6369 19.1842
v 59.8544 224.8694 13.5814
v 61.6494 226.2952 26.7334
v 57.7711 224.9762 27.4754
v 58.1191 227.8201 30.4287
v 58.0005 220.9712 26.7712
v 62.5393 227.9890 23.0315
v 61.9055 229.0719 32.2695
v 64.8109 225.9241 18.5048
v 62.6446 226.2808 27.4214
v 60.3406 230.9335 25.3925
v 57.9444 226.9058 20.0206
v 61.1868 226.6683 28.0673
v 63.0467 225.9808 29.3899
v 64.3649 224.4033 14.7565
v 60.6976 228.2198 29.5443
v 56.0734 223.6615 24.8351
v 68.3533 227.9755 21.9600
v 56.1239 229.3630 11.1351
v 56.6258 241.8628 13.0048
v 65.3333 228.5782 24.2952
v 66.3453 228.1626 9.9341
v 62.4469 230.4848 31.9219
v 61.8601 230.4162 32.3204
v 54.4024 240.1231 25.4596
v 68.9372 229.4968 28.0161
v 67.6670 218.1322 24.3687
v 59.7573 224.0504 17.0691
v 61.6060 224.7498 25.3646
v 54.2892 229.3325 27.3611
v 68.5265 219.4889 21.8030
v 65.5497 221.8900 27.7301
v 71.5318 233.5235 18.3006
v 59.9266 225.6427 11.9993
v 65.6785 226.9140 17.4159
v 60.1997 221.8318 29.8989
v 69.9155 241.8090 16.5375
v 70.4964 229.2165 14.6412
v 59.2623 225.9005 28.6774
v 69.9179 228.2013 22.3213
v 68.6056 232.7929 29.9838
v 56.1033 226.8075 20.2178
v 69.2768 230.3374 24.4267
v 62.2101 216.1782 28.3493
v 58.8408 222.2844 25.5154
v 65.4824 226.5738 17.9887
v 59.7338 227.4520 22.0494
v 68.3458 233.4667 27.4517
v 65.3480 228.1699 21.9420
v 60.3103 218.9798 26.2276
v 66.4923 226.0922 11.3118
v 68.7621 227.0259 28.5561
v 56.1732 227.4730 19.9159
v 59.8776 231.9439 8.0179
v 64.5780 229.7578 24.9064
v 55.2600 226.2242 22.5503
v 64.5775 228.1542 20.1262
v 58.3041 225.6183 26.4350
v 66.8435 227.5363 19.8817
v 66.4116 229.0183 26.8181
v 63.5334 228.7715 29.4085
v 55.7223 225.4147 21.2197
v 54.5920 232.4770 12.0727
v 64.0941 226.5177 23.6732
v 60.9717 224.0858 29.0282
v 53.8236 227.2916 25.0813
v 69.6918 225.7806 17.5571
v 55.3725 226.8425 19.4249
v 67.7043 227.5406 20.2678
v 58.0895 231.5965 26.1051
v 67.3096 231.0934 26.2034
v 68.7252 220.0744 21.2677
v 65.3469 222.3262 25.2573
v 55.8905 218.9951 22.7012
v 55.2197 226.3399 15.0376
v 55.7311 225.7696 21.6114
v 63.5421 223.4367 29.0183
v 60.3963 227.9642 18.1582
v 67.9502 233.0997 9.8214
v 59.4726 228.7883 20.8834
v 55.7856 224.4170 21.8005
v 66.1834 227.0708 18.5256
v 65.6946 222.9329 26.7657
v 59.4560 223.2571 26.4488
v 66.7703 225.9136 17.7506
v 64.8914 229.3078 25.7837
v 65.2961 221.7542 29.2153
v 64.8282 222.3103 27.6533
v 57.0014 226.0286 18.3886
v 63.5425 230.6157 26.4450
v 68.6698 226.7501 13.7994
v 54.6021 227.1435 14.1350
v 53.7067 230.3836 18.1837
v 58.1774 222.7848 27.2186
v 66.4052 225.7952 17.7075
v 66.6457 240.0561 29.4957
v 62.5736 226.3223 27.5479
v 58.3746 225.3833 17.8836
v 63.6687 230.7274 24.7368
v 68.7654 232.2463 28.8603
v 54.8736 231.7935 25.2083
v 70.4758 241.1260 16.7600
v 67.8836 226.2405 17.8554
v 55.5680 220.6802 20.2842
v 64.5558 222.2921 27.1262
v 57.9232 222.2169 25.8099
v 53.3758 227.6473 23.4594
v 57.3151 228.7314 27.5371
v 56.3651 242.6820 14.4044
v 59.5545 224.2618 15.9113
v 54.6701 227.3261 18.3306
v 60.2902 230.4998 25.1503
v 59.8257 224.1678 15.4907
v 64.8590 222.4431 29.5775
v 62.4931 228.8337 33.1454
v 59.7777 220.1313 29.1800
v 60.8207 216.3621 28.2221
v 67.6855 229.6630 27.9120
v 62.0992 226.0340 23.9313
v 60.5858 231.1446 26.6785
v 58.9240 221.9998 24.6435
v 59.4886 229.8120 24.7861
v 69.9493 236.5016 23.3458
v 59.5245 220.4928 26.8702
v 57.0922 233.4140 28.5495
v 60.3739 226.0119 29.1469
v 70.0386 227.4706 21.3311
v 61.9549 228.5171 27.6515
v 68.0816 225.4542 19.0767
v 54.4901 228.5759 22.2407
v 61.2676 227.9419 27.3701
v 68.5146 229.1942 28.9539
v 67.6375 227.7376 22.8013
v 62.7005 225.9262 27.8303
v 67.8888 225.6789 15.0348
v 65.2853 221.5783 28.6242
v 60.4327 226.4235 24.1518
v 64.5271 226.5563 17.2705
v 55.8155 225.8386 19.3509
v 58.4728 225.6167 16.1135
v 65.0206 232.4634 27.1228
v 55.6280 229.9784 28.5924
v 58.3808 226.2902 23.1341
v 69.8503 240.7078 21.8624
v 66.7250 233.5939 29.0876
v 64.3928 225.6548 17.3246
v 63.8807 225.8310 24.5006
v 56.7060 223.1266 22.0373
v 61.6404 226.2765 18.7618
v 63.3272 224.9274 29.4501
v 69.2038 227.7552 20.0054
v 68.9168 224.3240 23.1500
v 56.6016 225.4776 28.1602
v 63.7322 226.8890 18.3001
v 60.7090 227.8667 28.3598
v 60.9434 226.8692 28.4844
v 69.7775 225.7413 15.8733
v 54.9526 227.8783 19.5676
v 59.6957 227.1914 19.1296
v 58.4206 218.9354 24.1568
v 69.2213 227.9001 22.4202
v 61.1229 222.7442 31.5362
v 60.8075 228.1773 21.4084
v 68.0563 232.6918 29.9232
v 64.6899 224.6406 15.8111
v 68.4317 230.9145 29.1752
v 69.5941 226.7488 21.0269
v 62.6932 231.9966 7.7528
v 63.2425 244.8753 16.2788
v 67.1935 227.6688 30.0120
v 61.6925 228.7538 30.8895
v 61.8763 224.0761 29.1812
v 58.9585 227.4365 22.4510
v 69.3560 227.4693 13.2509
v 68.1457 225.7018 15.8466
v 65.1847 237.9445 9.0669
v 53.5984 231.2797 16.2724
v 60.2779 228.3788 25.4960
v 55.3087 225.5584 20.3422
v 54.3163 227.5478 20.4413
v 65.4125 227.6426 18.6626
v 60.5266 229.0844 29.3832
v 61.9343 226.3880 27.1805
v 56.1971 232.1966 26.8677
v 59.1724 221.7168 25.7994
v 61.3031 229.9942 32.2547
v 63.0956 225.3782 13.4477
v 66.9464 226.1439 28.7104
v 62.5942 243.4863 27.9872
v 61.7890 227.5731 10.2401
v 61.6600 228.5303 30.5771
v 65.5886 222.4231 25.8155
v 55.2249 221.1525 20.5786
v 64.0679 228.2677 21.1197
v 69.8943 226.4341 15.5620
v 65.1600 227.4290 23.1609
v 65.1263 224.3040 23.6542
v 68.5258 227.2128 21.7989
v 62.9600 226.2158 30.4732
v 68.5558 228.1902 20.2506
v 62.8748 226.7962 18.8762
v 63.2147 221.4782 30.5880
v 62.4432 234.3618 8.1006
v 59.0343 221.2375 29.3081
v 58.2715 218.0630 27.2579
v 68.9835 228.1222 22.3241
v 59.7719 228.0477 20.3713
v 68.7386 219.4201 22.3530
v 58.3802 224.6761 23.8512
v 69.5411 225.0016 16.5642
v 59.3280 222.2460 27.4530
v 66.9132 230.7728 8.9495
v 56.4943 226.0364 18.6569
v 59.2753 234.4955 32.5988
v 57.8213 225.2832 23.0720
v 64.3054 220.4801 28.3348
v 59.8994 227.4943 16.5981
v 59.1517 221.1117 29.0863
v 61.6814 229.1824 30.4643
v 64.0922 228.5350 29.8507
v 61.8454 220.6022 30.4165
v 56.0752 220.3484 20.8025
v 55.0826 227.0880 12.9282
v 70.0207 227.8884 15.1251
v 57.4170 228.4127 27.2713
v 62.2539 227.5680 22.4258
v 60.9935 228.7935 32.9611
v 59.2486 238.6832 32.1171
v 57.9206 227.5505 21.3236
v 64.5900 230.8637 24.9944
v 55.4533 232.6297 25.9154
v 56.2347 232.8320 31.1916
v 57.7017 243.8293 24.5426
v 57.3929 228.9314 27.2871
v 61.5982 227.7990 25.7304
v 54.3939 229.1920 27.0831
v 71.6129 235.4630 14.5837
v 63.0442 224.3292 14.1314
v 58.8679 219.1918 27.8908
v 65.0943 233.3227 32.0041
v 65.5065 223.5025 25.2591
v 68.2923 226.2029 23.8014
v 60.1934 228.6792 21.1957
v 62.4666 221.5864 31.6159
v 57.5498 226.8687 19.8373
v 58.0234 225.0655 26.8561
v 66.6773 228.8692 27.2930
v 69.6285 225.3351 16.2360
v 68.4393 233.2031 26.8563
v 63.5130 225.2987 29.7525
v 61.7431 217.4511 30.8793
v 56.0838 232.8780 30.6468
v 64.6819 218.3754 28.6523
v 56.8425 226.2461 12.0246
v 53.9232 231.2640 23.2395
v 61.9950 229.1752 33.1978
v 65.7215 234.2887 8.5932
v 54.9985 230.0990 28.3496
v 54.8274 230.2912 28.1315
v 64.5143 221.8387 27.8757
v 54.9864 233.7290 26.9985
v 65.5447 225.6275 17.7478
v 54.7578 233.9336 26.2087
v 58.6220 227.3135 29.9101
v 64.0085 227.0717 22.2156
v 63.9158 225.9936 22.6117
v 55.4270 234.0015 30.1471
v 69.7533 237.4594 26.1613
v 60.6090 230.6161 30.2244
v 69.2977 227.9305 21.9414
v 63.6609 225.8677 24.7101
v 54.9791 231.5530 28.5827
v 53.5178 228.5663 23.9682
v 55.5734 226.7065 24.4186
v 69.9380 227.2836 25.1388
v 60.9252 226.1600 28.5424
v 61.2979 224.9174 25.5971
v 53.9262 229.6538 14.3462
v 63.3105 227.4494 18.7972
v 59.1552 232.5403 27.2674
v 59.3567 220.5904 26.1609
v 62.6101 227.3987 20.6749
v 67.8556 225.5986 18.8248
v 66.6114 227.7711 29.1880
v 61.6469 228.3569 25.9539
v 60.1267 231.0380 24.9606
v 70.1372 228.3203 22.2027
v 61.8819 228.5013 28.1121
v 67.4050 224.7625 23.3810
v 69.0587 227.7285 22.5910
v 69.3263 235.5809 27.1562
v 55.8403 228.0454 21.7268
v 60.1608 225.3274 12.6331
v 66.7324 226.7290 19.0638
v 62.0082 226.7970 23.1172
v 65.9817 222.9325 27.5403
v 58.2852 228.6125 9.6031
v 58.2685 227.1213 29.5919
v 61.5888 228.0491 27.9485
v 63.8601 220.1534 29.0370
v 53.5463 236.5756 23.3603
v 62.0258 224.6147 26.9710
v 64.2914 230.7500 24.8457
v 63.5773 226.6632 24.6108
v 60.2373 228.1139 24.6589
v 59.2206 226.2488 24.4067
v 52.7307 233.7309 19.0271
v 58.5418 222.8915 24.3053
v 63.2117 228.1918 25.3871
v 57.1576 229.3316 27.3235
v 59.2451 221.7031 27.1892
v 64.3622 229.5197 25.3844
v 56.5137 242.7583 25.1407
v 59.0237 224.8517 15.7982
v 62.7885 224.5224 27.5074
v 58.2764 225.0126 17.7232
v 59.8517 224.1593 16.5162
v 53.6645 241.3649 19.4597
v 60.7610 229.6777 31.4745
v 56.6705 239.1292 30.1869
v 55.8474 226.9325 19.2659
v 61.0710 227.7738 20.7378
v 58.0991 222.7501 28.0291
v 66.9934 228.0224 20.8371
v 64.5564 220.7449 26.8220
v 62.2652 226.6538 19.8812
v 59.3825 226.6115 29.4848
v 64.3066 221.6802 30.5482
v 58.0015 231.2368 9.0500
v 58.7166 244.5141 19.8045
v 56.4688 227.5185 19.5643
v 60.6773 224.3164 28.5349
v 67.4086 223.4673 24.2331
v 61.6320 228.1539 25.4220
v 60.0388 225.2844 18.8739
v 66.0619 226.8581 26.7257
v 59.7617 230.8558 8.2087
v 63.9575 219.3762 29.7754
v 56.0046 228.7926 24.1611
v 60.8658 221.0113 30.8759
v 61.2985 227.9518 21.8630
v 64.1801 224.6176 14.2349
v 65.7471 224.5468 27.9454
v 64.7632 239.3887 31.2637
v 60.6189 228.4319 28.2444
v 69.3991 233.8622 26.1281
v 60.6199 223.8744 30.5878
v 58.8490 222.2218 24.3343
v 70.8228 230.1985 17.4120
v 65.3884 236.9085 8.8339
v 64.9353 222.5152 25.3836
v 65.2570 227.1650 10.1462
v 59.3797 227.4313 22.6855
v 61.2500 228.7106 30.6661
v 53.2067 240.0316 19.8611
v 63.3639 227.8189 25.8518
v 59.8589 226.7989 15.4513
v 62.2553 217.2748 27.7121
v 68.1442 226.1693 27.5875
v 68.7976 235.0804 28.7637
v 63.4011 225.2510 29.8548
v 64.8439 227.6866 21.9646
v 58.2002 216.6889 26.4339
v 56.3047 231.0348 27.7251
v 60.8307 226.0591 11.7135
v 62.1058 243.1608 28.6227
v 65.1395 225.4614 18.7491
v 57.3308 227.5924 19.9471
v 66.1210 223.3163 24.1932
v 70.2812 227.3841 23.7880
v 63.8154 222.6510 29.2222
v 56.2189 235.4042 30.7926
v 60.5978 226.4872 30.2653
v 58.2518 221.5232 26.3755
v 58.9394 224.0980 23.5327
v 65.8940 225.2796 15.3920
v 61.8644 224.2277 30.0427
v 56.0344 226.2117 18.4598
v 56.5228 229.5268 25.0587
v 64.9692 228.8313 25.6740
v 59.2905 225.0249 13.1030
v 57.2217 227.4196 27.7948
v 61.0919 224.5626 27.3761
v 63.2744 224.8443 13.8324
v 59.3996 225.8515 23.7442
v 57.3633 233.5955 31.6291
v 63.4523 224.5849 26.9611
v 65.4273 224.8032 23.3489
v 63.8219 225.5182 18.7940
v 65.4341 221.9533 25.9966
v 69.7628 226.4259 25.8956
v 67.8808 235.1485 9.7039
v 55.5440 226.2345 19.2097
v 61.4750 238.5559 32.3580
v 60.2418 222.3853 30.9464
v 68.0126 227.7737 19.1484
v 59.8614 226.6076 30.1802
v 53.9426 236.3889 26.5254
v 67.6932 228.4122 10.3244
v 60.1406 228.0797 19.8971
v 65.8567 227.5915 22.2925
v 62.0935 219.1855 30.5342
v 60.0636 223.8666 30.4326
v 64.5013 222.9592 27.6798
v 55.6556 228.0199 23.2500
v 64.8203 220.7422 27.6050
v 68.9883 230.2087 28.0201
v 56.9151 227.1329 20.8903
v 65.2581 228.4829 24.9020
v 67.1497 227.2509 17.8109
v 61.0804 226.0749 19.0752
v 63.2954 231.1376 26.7149
v 62.3353 224.4071 28.1029
v 69.3330 227.8563 22.9157
v 69.7941 228.8816 26.1368
v 65.7817 218.8011 24.4614
v 61.1634 224.8092 30.8185
v 54.9551 226.9759 19.9769
v 63.4780 241.3163 10.5097
v 69.1519 241.9204 14.7286
v 58.2546 219.7205 23.3139
v 56.8212 226.2750 18.7674
v 54.7187 231.2505 24.8744
v 55.2259 231.6367 28.6414
v 67.5707 222.2331 22.2866
v 69.5706 226.4571 14.9799
v 60.6898 225.0191 18.0718
v 57.3810 225.2513 28.0451
v 55.9094 224.1169 21.0494
v 67.8932 218.6221 24.5573
v 62.9673 230.9279 30.8585
v 61.7117 228.1977 28.1951
v 63.2109 229.1624 29.9063
v 65.4149 231.8399 25.4966
v 65.9315 223.1230 26.5126
v 57.3114 226.0192 17.8030
v 62.5188 220.6586 30.5143
v 54.6520 228.4496 27.0895
v 55.3623 225.9828 23.8651
v 60.5325 228.0485 23.7977
v 63.0989 224.4512 30.5016
v 57.7635 224.1032 25.1467
v 64.8841 225.0077 15.2667
v 59.6699 218.6133 25.4809
v 62.5924 224.8609 25.7186
v 61.9997 224.8830 24.0396
v 61.7526 226.6654 11.1908
v 59.9173 220.4210 28.9512
v 54.2761 229.2807 27.1375
v 62.1400 224.8829 31.5702
v 59.7163 238.5857 9.2495
v 59.0609 226.6681 28.9687
v 53.8099 228.0986 24.3201
v 64.8512 230.3176 25.1426
v 56.0576 218.4164 23.2163
v 65.0822 241.9402 11.2601
v 60.8086 230.3535 31.0284
v 58.6800 231.7401 25.2523
v 66.6291 226.4592 17.4507
v 70.2794 233.0040 24.4705
v 55.1160 241.0102 25.8942
v 65.3966 225.3395 18.4916
v 70.1325 228.4755 15.1200
v 60.4035 225.2729 29.9846
v 61.9437 245.0502 20.0035
v 59.4721 224.7839 25.7262
v 61.0565 227.7403 27.6546
v 62.1006 225.5312 30.6850
v 55.5065 228.1125 21.1800
v 58.6100 228.2908 28.7830
v 56.6514 226.4036 18.4612
v 56.1728 225.7959 14.2802
v 68.4906 226.1628 23.9635
v 69.1981 231.2145 28.0011
v 54.9356 227.6418 19.9543
v 64.7078 225.8593 24.0006
v 55.7303 227.3453 25.2366
v 55.5460 226.2647 19.7241
v 66.6423 233.0380 27.8049
v 58.3439 221.5670 25.4965
v 54.4339 226.6034 20.9023
v 62.7860 226.7534 29.2426
v 63.4061 219.7661 30.2378
v 64.6570 224.8123 14.9885
v 55.9591 226.6849 28.0802
v 68.5851 227.9570 20.8112
v 58.2453 239.1341 31.4424
v 59.6703 228.1802 20.0801
v 56.7352 225.5375 17.4658
v 68.5517 227.8452 19.6420
v 69.1684 236.1204 28.5053
v 58.4667 222.4822 28.9886
v 65.9448 228.9928 25.3151
v 56.7931 227.6809 21.3555
v 68.1655 235.6207 29.9203
v 53.9976 228.0098 20.9063
v 55.9233 228.6664 11.4039
v 52.7068 236.0013 17.8811
v 69.0871 227.5145 19.8712
v 69.9126 227.5903 14.6432
v 68.7489 230.6376 10.5644
v 54.0748 227.6199 23.7167
v 56.4840 229.7772 27.8562
v 54.6637 233.4100 11.8364
v 63.3688 227.4293 25.7656
v 59.3815 216.6055 28.8806
v 61.0884 226.6339 25.5097
v 57.9931 221.9034 24.9746
v 59.8824 231.1586 24.7819
v 54.4300 227.7944 17.9898
v 65.8100 224.0332 27.0972
v 62.8366 228.5424 32.6087
v 69.1017 230.2306 10.9019
v 63.1596 224.4240 14.4652
v 55.2337 241.8741 14.9105
v 60.9933 220.4032 29.6122
v 59.3718 223.9678 24.3698
v 57.5214 227.5686 20.4836
v 60.7998 221.6987 30.3758
v 57.2622 227.6588 20.5001
v 64.6385 226.5108 23.8158
v 66.4103 229.3807 26.4806
v 62.9198 219.7797 28.9679
v 64.9068 225.6252 23.6539
v 54.2598 227.8711 25.3208
v 54.0522 227.7108 26.2473
v 63.3255 228.1973 31.5879
v 63.6831 225.0786 17.6901
v 69.4515 227.4682 26.3375
v 62.2395 224.9558 13.9984
v 61.6343 223.3992 30.4193
v 67.8319 233.1558 29.8255
v 57.7549 222.7631 26.2617
v 66.3521 233.5907 31.5518
v 65.2615 228.8050 25.4692
v 57.9938 224.1038 26.1559
v 69.0289 226.9268 13.6558
v 65.3813 221.5458 24.8671
v 54.0021 240.6933 23.0989
v 58.1857 221.9620 26.5240
v 63.2647 229.4946 31.0583
v 68.2180 242.6408 22.4513
v 63.6637 228.3640 29.6466
v 64.1068 231.4573 25.6519
v 70.3864 229.7065 12.6769
v 69.4591 226.7300 27.1215
v 58.2246 222.4148 26.7103
v 62.1656 216.1261 30.3280
v 64.5397 221.1760 29.9420
v 62.4381 229.8562 30.8054
v 61.2792 244.7370 15.2322
v 64.8902 226.1986 23.4587
v 66.9928 236.7649 31.1581
v 63.3621 226.1575 29.5127
v 63.9064 220.9351 29.0480
v 60.7610 224.9694 30.5598
v 64.0048 244.0858 25.6150
v 62.7041 215.7903 30.2356
v 59.5593 225.4908 24.7635
v 68.2848 227.5188 18.9698
v 57.0745 226.5871 20.7440
v 65.1198 221.3410 27.0407
v 63.2093 227.6953 28.5665
v 62.3037 219.9112 29.6729
v 64.6641 226.8736 18.1184
v 63.6107 226.2482 30.4822
v 60.0200 230.4254 8.3745
v 56.1675 229.2932 24.6955
v 60.1652 226.1895 23.6082
v 55.8892 227.1379 19.5794
v 66.3349 241.8443 11.7033
v 67.9963 232.4760 28.3861
v 67.6424 223.4912 22.3929
v 54.9414 227.5747 19.7792
v 67.4003 229.1752 24.9370
v 63.4786 227.6649 25.4130
v 57.9975 243.2768 26.0339
v 70.4065 229.2557 20.5664
v 64.1484 229.6597 8.5590
v 64.6072 216.0768 28.5288
v 58.9811 232.1033 8.3210
v 60.3293 225.4769 30.4121
v 65.8549 222.3449 26.4203
v 58.8613 228.0003 21.7558
v 60.9488 222.0902 30.8063
v 61.8994 226.3449 23.4699
v 53.6860 238.8709 24.6150
v 69.9759 228.3254 17.9947
v 60.8452 228.0410 24.9392
v 65.8476 222.6930 28.1432
v 68.8211 221.7694 20.8195
v 66.2751 222.9001 25.6647
v 60.8227 228.2559 23.2488
v 63.5957 232.0700 30.4196
v 54.7853 228.0424 27.1548
v 62.0965 240.7641 10.3012
v 69.7886 229.3926 22.0907
v 63.2337 234.9609 32.6171
v 53.5465 228.6376 23.1533
v 53.7272 230.7374 16.1713
v 60.2466 224.5120 27.8272
v 54.2763 228.2275 25.8899
v 64.6980 228.2070 29.3632
v 59.9251 227.8471 24.7466
v 59.4340 227.2044 24.9778
v 57.6188 228.3870 27.2694
v 59.0088 222.2597 29.2638
v 55.5567 224.0798 23.7173
v 69.9883 228.1588 13.8718
v 57.8219 227.0909 27.1761
v 67.1796 228.2531 28.1712
v 68.7492 225.9931 15.7530
v 65.5773 226.3710 25.7063
v 55.2002 231.6583 29.8258
v 58.2390 225.2868 15.9036
v 61.6722 224.5466 30.3977
v 57.8671 224.6965 27.8493
v 64.8726 222.7391 25.8464
v 62.7256 230.1541 31.5980
v 57.7467 221.4676 24.3654
v 68.9061 222.6044 20.8438
v 70.9009 231.8544 21.4867
v 65.6005 244.2588 17.8385
v 64.4742 225.0967 12.6445
v 66.2185 218.0378 24.4820
v 54.6545 227.6920 23.1698
v 60.1474 228.1273 21.1712
v 66.2324 222.0877 23.6379
v 58.2288 221.6622 26.9342
v 67.5399 229.6999 27.8279
v 55.7810 226.7706 26.0442
v 53.1951 240.2647 17.1444
v 58.4228 224.8772 23.1775
v 54.8694 228.7514 27.7246
v 54.2956 226.0449 16.4344
v 55.4251 229.1319 29.3240
v 59.5315 225.6032 23.7047
v 59.4253 227.0796 23.5673
v 58.7007 226.4953 23.1788
v 58.7281 220.8726 27.1512
v 63.7416 228.5500 29.0940
v 67.1126 227.2603 19.7980
v 70.4847 227.1518 24.6355
v 53.2157 237.6858 21.3694
v 54.8140 229.4018 28.0188
v 61.0840 225.3585 13.3285
v 54.2837 229.0382 27.0060
v 59.0190 226.4566 24.7393
v 70.0787 226.9097 16.2957
v 60.9344 227.0846 28.8427
v 59.5482 228.0015 20.6562
v 60.9168 227.1203 26.1669
v 53.8701 228.7839 21.5950
v 62.2587 222.2373 31.3606
v 56.9144 225.5217 17.7327
v 67.7675 226.5192 18.7598
v 61.3919 225.0207 23.7284
v 63.7475 226.7631 24.0718
v 64.9008 221.9174 27.4921
v 69.5436 224.3794 21.8911
v 62.3146 228.8318 28.6352
v 61.2237 225.2784 28.6862
v 55.5712 225.2014 17.1323
v 55.2579 226.6516 27.5699
v 64.5320 225.2531 16.3789
v 67.6179 223.8578 22.5919
v 61.0308 216.9265 27.6662
v 63.9248 217.4848 26.9602
v 55.3988 232.0772 30.3228
v 68.3266 225.6511 18.9631
v 56.2828 222.8375 24.6341
v 62.5441 227.2924 10.4716
v 69.4281 236.8048 27.3454
v 55.7768 228.6222 28.6030
v 63.8237 222.3487 30.4376
v 60.8145 225.7206 29.4746
v 56.7859 225.7862 18.0481
v 61.1187 229.4010 29.9200
v 60.0128 217.0273 27.0381
v 61.8413 225.1361 29.9407
v 60.6975 229.3403 29.8702
v 64.1778 224.9329 23.6443
v 64.8293 223.8019 24.2469
v 56.0802 228.5688 29.3679
v 58.3770 221.0266 25.5761
v 66.2998 220.0928 23.6896
v 68.7339 235.0017 29.3596
v 68.0613 231.8326 28.4086
v 55.7575 225.5532 15.3249
v 58.6126 222.7773 26.7665
v 55.6434 226.8268 19.9728
v 63.8984 228.0882 30.8067
v 58.4001 224.2762 23.7894
v 70.1213 228.8918 26.0084
v 62.7821 219.6388 30.6604
v 56.1672 221.5248 20.8493
v 61.6342 215.9146 28.7321
v 66.3178 221.0999 25.8852
v 56.8484 225.5627 12.6502
v 58.9568 224.6489 23.6053
v 59.3799 242.0833 11.5504
v 68.6306 240.1692 26.9356
v 62.8355 228.6666 32.0450
v 56.1193 233.5105 29.6751
v 59.3816 220.1773 28.7305
v 64.2623 224.1920 25.2412
v 56.9905 217.6731 25.4634
v 61.9143 227.3119 27.5830
v 70.1149 228.0581 25.8575
v 56.0920 218.4117 22.7891
v 69.4504 231.1176 28.1037
v 56.5108 235.8615 10.2132
v 53.6788 237.3364 26.4659
v 65.3095 216.6151 27.0982
v 60.2500 225.3005 29.5544
v 60.1436 223.1592 30.7484
v 63.7310 226.7796 23.2516
v 68.2577 227.6638 18.9663
v 59.4467 228.5839 25.2549
v 68.5791 227.5171 19.3538
v 66.5442 227.6888 19.6230
v 69.8384 230.5812 23.5781
v 54.9564 224.9553 20.5551
v 65.8420 222.8673 27.3533
v 59.3769 226.4318 24.2389
v 57.8713 227.3107 19.2977
v 69.4575 228.9254 26.9896
v 67.6198 228.0575 10.6359
v 55.5260 227.4397 25.4565
v 67.3036 226.9734 18.5836
v 70.5976 233.0939 11.9692
v 53.3926 235.4003 14.0583
v 62.6538 226.7139 28.7680
v 60.8266 228.5204 29.1821
v 56.3772 225.2596 15.5829
v 60.2611 230.2495 25.9542
v 59.0749 221.1620 28.4815
v 66.5493 228.8141 27.1667
v 70.2349 232.3776 24.7049
v 60.8194 242.5885 29.3430
v 64.4164 220.9578 29.4981
v 62.0920 227.4430 25.4901
v 63.0017 226.2686 19.1545
v 65.2082 228.0908 21.8441
v 58.5098 229.3482 26.1005
v 70.7166 229.5854 14.6812
v 58.2278 222.6314 28.6019
v 59.2437 229.3238 26.4594
v 58.4018 225.1471 25.6104
v 53.3997 231.3369 17.1325
v 62.1975 220.8465 31.3920
v 67.3498 226.4353 11.6021
v 56.3464 227.3110 20.0746
v 57.4185 243.9420 22.1087
v 54.0727 238.7899 13.6502
v 63.8211 221.7150 30.1859
v 61.3401 231.5979 31.8360
v 70.4024 231.2907 22.7491
v 66.9461 223.0034 23.0451
v 56.9167 227.3851 29.5235
v 60.0997 229.0333 20.7394
v 55.4682 225.4798 28.0332
v 56.8895 230.2484 27.4705
v 60.0191 232.5839 29.4711
v 61.2026 227.2966 27.8129
v 63.8719 228.6257 21.0720
v 63.2654 216.7777 27.8180
v 63.5335 227.3033 30.5824
v 59.3170 223.4681 30.0357
v 54.3023 242.0656 17.7001
v 60.5074 228.3542 21.1778
v 58.5918 225.0463 14.9726
v 55.3313 227.3204 27.7367
v 54.4737 227.5251 26.2083
v 68.0750 227.4055 29.1291
v 54.3954 230.4417 23.4337
v 60.3806 222.4233 31.0730
v 70.9010 228.3313 22.5536
v 68.1373 221.9090 21.3241
v 64.6818 226.0441 23.7861
v 58.8014 232.9230 27.9312
v 65.1937 226.0095 11.1081
v 63.2137 229.0539 30.7329
v 69.6792 228.1395 18.6632
v 63.7701 227.2340 24.3648
v 64.7824 244.0515 14.3402
v 67.2767 227.7275 19.7450
v 60.5657 228.0359 29.0233
v 67.6812 230.6778 28.0522
v 65.8798 228.5894 25.5724
v 64.5082 227.0309 30.0169
v 56.5648 227.2737 20.8390
v 55.9934 225.8249 27.8645
v 58.9223 235.3029 8.8596
v 56.8577 228.3110 28.2776
v 57.9666 232.3784 26.5887
v 66.8844 222.9998 23.5320
v 60.3287 225.2392 23.8455
v 61.1175 228.0599 26.1382
v 68.6582 225.2929 17.2880
v 65.6599 222.8178 26.4802
v 64.4778 225.7188 28.9737
v 55.8244 232.9088 27.6912
v 64.0881 225.3876 24.3900
v 68.2807 230.2838 28.3214
v 55.6038 232.3219 29.3539
v 62.2504 226.0117 27.9795
v 65.4885 228.3774 21.4977
v 62.3436 226.0123 24.6666
v 70.0104 228.9258 12.6164
v 68.0160 224.3255 22.3803
v 59.5523 244.4854 24.0957
v 57.7477 227.1941 19.7568
v 58.9821 225.2929 18.8425
v 63.5493 229.8167 8.5639
v 59.3219 232.9242 31.6797
v 58.5896 228.3530 23.4416
v 67.4541 226.0369 16.9485
v 60.6243 224.5958 27.3182
v 57.5335 226.6463 11.3720
v 55.2729 226.3171 19.0867
v 66.8387 220.1811 23.4414
v 61.8545 227.5254 24.0190
v 64.3555 221.8166 29.4143
v 61.8671 229.1458 31.4704
v 55.4975 235.8715 30.0508
v 65.0979 224.9034 28.2619
v 59.4675 221.3430 26.0664
v 64.4264 220.2500 28.5870
v 55.0141 226.6010 13.6477
v 59.4129 230.8497 24.7888
v 59.5535 229.5799 25.5180
v 57.3578 234.7884 31.6530
v 57.9498 223.3846 25.6214
v 67.6259 226.5081 19.0993
v 59.2896 224.2473 15.5380
v 60.7007 229.0510 29.3176
v 64.3339 221.5081 28.8231
v 61.9172 228.7848 31.6882
v 65.1443 222.1965 25.0798
v 64.3595 225.6159 11.6742
v 58.7766 232.0515 26.0398
v 63.7013 232.1375 28.7407
v 55.3980 226.0596 23.2566
v 63.6373 222.4182 29.5017
v 63.7580 225.8340 17.8058
v 67.5451 227.4775 21.8362
v 71.4296 233.8453 18.5602
v 62.3669 224.7239 31.0864
v 62.2073 222.0061 31.0375
v 65.2787 227.0690 18.1338
v 65.9076 226.5215 10.7606
v 69.3879 227.0577 17.9403
v 64.0088 221.4115 28.2278
v 54.3571 230.0605 12.7443
v 58.8182 240.5002 10.4145
v 63.8188 224.9389 23.0622
v 59.8630 243.7638 26.9504
v 60.4426 224.9931 29.1304
v 61.6428 226.0089 29.1807
v 63.8637 234.0671 32.6404
v 59.4010 226.3809 24.3663
v 70.3633 234.4281 23.0951
v 68.9720 227.2340 20.7395
v 64.0223 224.2636 14.4345
v 61.7735 225.0669 30.6125
v 58.4674 225.7116 23.6253
v 68.2333 227.6001 11.6748
v 62.0863 229.9090 31.3059
v 60.1941 230.2868 25.3626
v 66.5465 229.5591 27.1353
v 67.4250 226.9788 29.1109
v 71.2454 238.7932 14.7915
v 59.9583 229.7388 26.2569
v 57.1156 225.7289 28.5864
v 64.3534 220.4979 28.2367
v 59.8695 222.4027 28.9860
v 68.1519 228.0727 11.2076
v 54.5688 227.4583 14.1664
v 57.4925 227.0587 20.4028
v 65.6068 217.6684 25.3954
v 61.9666 225.7605 23.8517
v 69.7904 231.8371 25.0613
v 59.3651 228.4767 21.1816
v 63.8816 225.6586 23.7381
v 60.9274 227.3322 19.0425
v 67.7704 228.0357 29.7292
v 58.0345 224.8015 22.8581
v 57.3187 229.5340 27.0607
v 67.5485 242.5215 25.1667
v 61.1297 225.3762 18.5859
v 61.9196 227.9857 19.0321
v 69.6766 225.5322 22.3313
v 60.4611 228.0076 31.5224
v 62.5192 227.9095 9.7629
v 62.0360 222.5000 31.6553
v 56.5306 225.5518 17.6213
v 67.6747 229.1828 28.1044
v 60.3853 229.4542 28.7927
v 55.8173 233.0120 29.5067
v 65.2046 228.2420 25.8756
v 55.4348 226.1518 15.7490
v 63.2643 231.2165 28.1797
v 56.6137 225.5946 19.3990
v 63.3303 222.3988 31.1418
v 57.0716 225.4127 27.9867
v 64.9971 233.0128 31.5044
v 55.9405 227.8726 11.7629
v 61.7239 226.3667 25.3728
v 60.1695 228.9729 21.0795
v 68.1860 226.6095 25.4607
v 64.9597 226.4025 10.8861
v 57.6542 232.9569 31.5327
v 71.2215 232.7005 19.3518
v 64.3255 227.9236 19.7000
v 61.7311 227.8712 21.6175
v 62.9940 229.8529 30.0493
v 63.4597 216.8867 30.3883
v 59.1380 233.0380 31.4541
v 68.5165 231.9826 25.7365
v 62.3767 228.7773 29.8770
v 57.2430 226.5816 17.9870
v 65.7296 227.8368 18.4182
v 63.9291 220.5256 29.4598
v 64.5345 222.6908 27.9618
v 66.0183 223.1340 26.7950
v 69.0379 228.4227 12.1297
v 55.3112 227.5655 12.6290
v 56.7990 225.7328 28.0320
v 55.6350 242.5861 22.8424
v 69.0701 229.0626 28.1310
v 63.8671 228.3291 20.2199
v 64.2978 226.8124 17.0327
v 70.4051 241.4224 18.5482
v 62.8227 225.8906 29.9985
v 65.8421 228.0436 28.8531
v 55.3761 243.0805 19.6990
v 70.3474 228.9971 13.2085
v 66.4278 233.3776 8.7534
v 59.8720 228.3379 29.8419
v 58.5466 228.1044 29.5874
v 55.2382 229.1799 12.2760
v 53.9418 230.1344 15.9345
v 56.1332 225.8926 13.3435
v 54.3002 231.2981 12.6826
v 54.8292 231.0705 28.3910
v 55.7429 224.0972 20.6445
v 70.3357 230.4011 12.0998
v 71.2774 238.8234 18.4641
v 59.9057 220.8426 28.6097
v 56.6422 230.9305 26.1791
v 56.0319 225.3519 23.3668
v 64.4943 216.3050 29.0688
v 65.4242 231.9527 26.0138
v 53.6264 228.6145 20.8791
v 62.2654 242.1532 29.8450
v 58.1412 223.2779 25.7113
v 67.3357 225.6480 15.6010
v 66.9923 233.6637 30.2217
v 62.7913 217.6041 30.5855
v 63.1670 226.6844 14.6639
v 67.1680 225.8564 16.9983
v 55.1783 230.9636 28.5094
v 56.4910 225.2800 19.6864
v 58.6806 228.8061 25.3553
v 66.7369 229.6310 27.0956
v 58.0837 241.2504 11.2337
v 58.9072 228.9285 25.9028
v 57.7724 224.0141 25.6118
v 64.7235 243.4532 26.6171
v 69.0899 234.6214 27.1088
v 55.3074 228.5134 21.1075
v 61.5289 226.9151 27.0644
v 54.0233 229.0356 26.3480
v 54.7459 224.4572 21.8239
v 64.1883 226.5944 17.9044
v 68.9357 230.1347 24.6099
v 63.8028 216.2129 30.0315
v 57.3020 219.8970 25.8556
v 58.2597 222.2752 25.9770
v 55.5814 224.9128 17.2923
v 68.6463 236.3647 10.4484
v 69.9895 227.8895 25.4389
v 69.9426 228.2992 25.7430
v 61.8086 224.3683 28.7141
v 68.3963 224.4621 21.5469
v 60.5885 231.4372 29.5447
v 53.9518 227.5908 24.0849
v 56.2051 228.2977 28.5409
v 63.3481 225.8954 25.0227
v 61.8174 225.3479 29.5706
v 55.0057 239.3532 12.5726
v 68.2285 242.0471 24.8096
v 70.7324 228.2587 23.7534
v 55.1288 226.2371 22.5113
v 66.0864 236.4261 31.8337
v 56.5533 227.8919 28.4210
v 66.1631 228.4796 27.0270
v 70.7826 230.0492 12.7853
v 60.2636 244.2477 25.7420
v 65.3196 225.2840 23.3760
v 65.6072 222.8005 28.5955
v 56.8220 220.9380 24.8989
v 59.7255 223.4495 27.8831
v 57.3620 227.0825 19.8260
v 70.2495 228.0174 22.5055
v 61.8242 222.2271 30.8799
v 63.6398 221.7130 30.2196
v 61.2706 222.7294 30.2161
v 60.4722 220.6292 29.7587
v 67.3828 221.8643 24.6816
v 68.5877 228.4412 23.4480
v 60.7087 228.9042 32.2667
v 63.9839 218.7412 26.3548
v 64.4394 224.4382 15.6053
v 63.7623 226.8769 22.4994
v 57.7672 242.5754 12.8566
v 60.3514 220.8967 30.0763
v 57.1763 226.7951 20.4334
v 63.8509 224.7003 14.8744
v 62.9527 222.3742 31.2900
v 59.0477 221.9101 27.7544
v 62.9050 225.8914 28.5323
v 62.5347 216.5962 28.0880
v 67.2208 225.9744 17.6741
v 63.1650 225.6352 29.2744
v 65.0308 235.1847 32.1863
v 61.9548 244.9370 16.5263
v 63.2825 228.6774 31.9329
v 62.2452 227.9700 27.2452
v 53.0168 232.7599 20.9450
v 55.7010 228.7940 23.7644
v 58.2611 229.0246 25.4998
v 59.9805 225.8281 23.3821
v 60.5523 230.3387 28.8157
v 57.8817 228.4150 27.2781
v 58.0734 220.6432 26.3947
v 59.4411 231.2011 24.5869
v 57.1656 234.5650 9.7198
v 58.2693 228.9928 26.4029
v 64.8087 224.4757 23.1487
v 58.2042 221.8657 26.5354
v 55.2211 228.2188 12.5428
v 64.5637 229.0547 20.8360
v 66.8732 238.8195 9.9987
v 59.6888 227.7410 19.5059
v 65.1774 222.3705 26.0807
v 58.6116 221.6355 25.4051
v 65.8068 223.9067 26.7285
v 59.6626 220.7893 27.8183
v 54.2909 227.1346 15.5307
v 60.1178 223.6782 28.7462
v 68.5375 240.7465 12.3295
v 54.1021 227.5501 24.5873
v 63.4213 228.4759 30.8848
v 61.4172 229.3525 32.9551
v 67.6138 226.4915 18.6240
v 69.7536 226.1069 15.3533
v 69.2232 227.6907 20.3104
v 69.2026 228.0759 21.0409
v 60.8905 235.2582 32.8097
v 59.9971 218.6149 25.8121
v 66.0326 225.5228 26.7911
v 67.6988 228.0360 20.9318
v 63.3569 231.1850 30.5010
v 65.1448 237.9637 32.0166
v 54.3211 228.6340 26.9294
v 52.8527 238.2863 18.7332
v 55.7439 229.1950 28.6089
v 65.0959 229.2420 25.5627
v 70.1887 227.2913 23.3593
v 53.0468 233.8513 22.4845
v 69.7968 235.0668 24.3508
v 67.1999 228.4810 23.9977
v 65.3942 227.9838 29.9064
v 58.4764 236.4445 9.0667
v 62.1256 219.9190 30.8008
v 63.3492 224.9878 14.4889
v 61.2177 220.0953 30.1643
v 64.0424 225.4370 22.9992
v 60.7486 224.5286 18.0570
v 65.2543 231.7126 25.3070
v 67.5339 232.3081 9.5300
v 56.0956 232.1682 27.9384
v 59.4040 221.6108 28.0561
v 59.7238 228.4824 29.6578
v 68.5939 228.2111 11.7243
v 65.2547 227.3143 18.6711
v 62.6782 225.8257 28.0484
v 59.3550 220.7509 25.0040
v 69.4440 242.0400 20.8517
v 70.4236 234.8010 22.5746
v 55.6007 225.7707 28.5444
v 56.8070 228.8123 27.8142
v 61.4776 224.0095 30.0932
v 54.1945 228.3827 15.9767
v 63.6496 220.2388 28.6521
v 57.8111 222.6954 26.6381
v 65.6323 221.9791 26.2241
v 53.9991 228.3263 25.4352
v 63.4753 230.5709 27.7801
v 58.4950 227.2803 26.1244
v 53.7255 228.4166 20.9281
v 66.4210 221.6411 25.7217
v 63.1747 227.7563 26.2029
v 58.4358 230.7222 25.7903
v 58.3614 224.9519 23.9487
v 69.3123 224.8009 17.0927
v 58.3952 225.5686 23.4886
v 60.6121 228.3701 29.8265
v 63.9059 225.8245 23.3076
v 55.8036 226.9832 18.9938
v 64.3372 231.6663 26.0296
v 58.6824 218.7148 24.5983
v 60.3613 227.9597 30.8506
v 56.9421 228.8602 24.3757
v 59.2290 228.6202 28.2447
v 57.6914 232.6428 27.0062
v 60.2205 226.0987 24.9592
v 57.5350 219.9076 22.9714
v 61.4069 225.7627 29.1055
v 62.5660 226.3292 27.6990
v 54.1854 227.9472 20.1396
v 60.9108 223.2372 30.9774
v 62.1900 228.9251 29.9662
v 55.5768 225.3909 17.8119
v 54.9938 229.4717 23.5479
v 62.8816 224.9777 30.1896
v 69.2208 242.4766 17.0568
v 60.7725 228.0919 26.1959
v 58.1557 224.1236 24.4126
v 63.7753 220.1311 29.2672
v 61.3415 215.4399 29.3121
v 58.4247 221.4774 27.6508
v 64.8452 223.3905 29.2075
v 53.0430 232.9674 15.8981
v 56.3216 218.0904 24.3188
v 58.4006 226.2868 28.5595
v 58.7556 226.1948 23.6296
v 61.8639 227.8789 24.2730
v 68.7070 221.0732 22.6925
v 65.5592 222.2060 24.7998
v 67.5938 220.0623 25.1271
v 59.4711 222.4498 30.2748
v 60.5471 231.2754 27.4022
v 66.5342 224.9146 13.6110
v 64.3648 220.8925 27.5118
v 57.3431 228.8534 10.3920
v 54.4583 227.0393 15.1383
v 57.0668 226.7856 20.5438
v 65.6522 223.6789 25.1093
v 58.3552 228.3961 21.9044
v 68.3440 231.1317 10.1802
v 57.3142 227.3078 20.3470
v 62.9045 225.9168 30.0647
v 60.9170 226.0931 25.4975
v 71.2131 232.0098 16.6779
v 68.9629 240.9357 25.3311
v 58.1500 226.4582 17.7669
v 68.4127 233.1057 29.1994
v 61.5959 224.5522 30.1256
v 64.1172 220.6541 29.5820
v 59.7769 221.6804 29.5319
v 56.0815 228.0350 19.9272
v 55.9889 229.6622 24.8924
v 58.6960 217.6105 25.3674
v 58.7061 221.5572 25.5598
v 59.7053 227.3440 24.4071
v 61.0171 222.1772 30.9705
v 61.4732 224.1448 28.7612
v 62.2645 221.8965 30.6215
v 56.4158 221.6759 24.6653
v 68.9144 241.3786 13.5299
v 68.1884 221.8636 23.7206
v 59.9431 222.3426 29.2586
v 60.9612 224.9002 30.1600
v 60.6525 244.0789 13.7749
v 53.4973 240.0360 21.6190
v 58.3357 227.6776 20.0808
v 60.3016 226.4000 18.7830
v 60.6486 229.0992 31.0638
v 60.8587 228.3000 28.1357
v 68.4618 227.7112 28.9311
v 53.6168 231.0241 18.5200
v 61.2816 224.3888 30.8520
v 61.5861 228.4945 25.7105
v 64.3049 225.6325 18.7504
v 62.7498 227.3864 27.7154
v 65.8840 225.5348 16.1403
v 55.8726 232.4251 30.7383
v 65.1797 222.8715 24.0712
v 59.7108 220.8818 29.0832
v 63.0695 229.2108 29.6912
v 68.1585 227.6982 20.1623
v 59.7961 225.6570 23.2307
v 67.1303 225.3600 15.1099
v 62.9201 219.9664 29.7931
v 65.8652 227.7059 20.0040
v 71.3033 232.6770 18.2723
v 54.6814 228.8863 12.9942
v 55.5461 231.7147 29.5134
v 62.8229 227.7221 20.8879
v 55.2280 225.8756 18.5762
v 66.3771 227.9710 21.4097
v 67.3775 243.0932 14.6367
v 59.8052 220.4001 28.0604
v 64.6039 221.5370 29.3664
v 60.2500 224.6640 17.0866
v 62.2934 218.6629 27.9656
v 67.7682 228.2634 29.4498
v 62.2606 228.2898 24.4395
v 57.9211 217.6341 24.5688
v 60.7183 224.4120 14.3432
v 56.4351 228.2141 21.3676
v 61.4438 229.1335 31.0864
v 67.2076 224.3280 23.9917
v 57.5340 228.3606 27.5106
v 56.1010 228.5425 23.7246
v 59.5317 225.4547 16.9318
v 68.9277 232.1207 25.5404
v 61.0949 229.5417 30.9129
v 68.9997 226.4304 18.7055
v 52.7248 233.0362 18.6522
v 57.0862 243.9796 19.4853
v 61.9572 227.2322 22.6420
v 60.0225 221.7002 30.5620
v 59.8806 224.8154 15.8375
v 58.5042 222.4258 28.5148
v 57.9010 223.1016 27.1586
v 56.7681 222.3269 23.9258
v 65.4835 222.0418 26.7974
v 53.7544 233.7405 13.3009
v 59.3626 223.7141 24.6955
v 53.4167 231.6962 16.5860
v 65.2101 225.6309 11.5332
v 60.6159 228.0506 29.7176
v 63.2000 223.6787 29.1120
v 65.7343 231.8886 26.1255
v 68.4242 232.0003 29.8601
v 57.2228 239.1526 10.4737
v 53.7893 228.7901 21.3226
v 59.8281 225.3746 22.7521
v 59.6808 227.9542 21.5127
v 65.6587 228.6872 9.0961
v 63.1884 228.5523 29.3316
v 59.0060 225.7486 23.8326
v 66.0052 223.4736 26.2668
v 59.4617 225.1887 24.9611
v 63.4749 228.3118 27.7420
v 68.8013 226.8644 18.6034
v 53.9607 231.4279 13.3376
v 65.1433 221.2130 25.6627
v 62.8189 225.8008 28.1202
v 59.3223 227.6479 19.9973
v 65.1664 240.3478 30.3223
v 54.9734 226.7080 18.4693
v 57.6446 225.4412 16.2003
v 68.1067 225.5104 22.7351
v 60.6540 241.6490 30.2589
v 61.6157 224.4409 29.6343
v 58.4929 224.7260 17.6557
v 60.8755 219.9796 30.3720
v 56.1023 225.7230 18.8897
v 62.4902 244.7253 15.5610
v 58.3764 232.1724 26.3576
v 63.1483 227.1029 19.9248
v 67.5767 239.5934 28.8920
v 57.9967 224.3949 25.3704
v 62.0091 221.9046 30.9526
v 56.1997 240.5611 12.0634
v 54.6843 229.7765 27.9134
v 70.0035 237.3683 24.1678
v 58.9762 223.1922 26.7712
v 64.4432 232.1770 27.0718
v 61.5619 224.0566 31.2326
v 60.7115 227.7443 29.7461
v 66.6206 227.9802 21.0574
v 61.6246 228.2446 30.1552
v 55.6292 227.8963 19.9754
v 63.3637 225.2500 29.5111
v 54.9479 227.3612 21.4849
v 69.6962 227.5299 25.7960
v 68.8752 227.4725 19.5761
v 61.4336 232.8052 32.5888
v 64.8834 224.7465 15.4989
v 67.5376 226.1642 19.2200
v 64.3421 220.6209 27.3603
v 61.3044 228.9019 31.1357
v 57.7541 225.3788 22.3415
v 61.9705 225.2932 23.3069
v 61.0977 228.2749 18.7070
v 66.1045 223.4752 24.9348
v 62.9346 219.2752 30.3581
v 61.6392 225.8073 24.3075
v 60.9708 228.9426 29.7696
v 62.1222 243.8876 13.3123
v 63.3927 226.4797 30.0045
v 61.6270 224.1315 30.2580
v 62.7017 228.9079 33.1042
v 59.0412 233.3031 31.8430
v 54.4394 229.4015 27.4195
v 62.2442 244.1910 13.8457
v 65.5580 221.2572 26.0202
v 61.1159 229.5880 30.5012
v 59.1343 222.7635 25.9982
v 64.3231 228.6640 30.5935
v 60.9653 245.1094 18.6731
v 59.3412 224.7853 23.0755
v 60.1811 232.3614 30.8694
v 64.5658 230.1193 24.9383
v 57.8685 226.8794 17.8325
v 59.4566 231.6026 25.4410
v 58.6447 220.8004 27.5877
v 70.5688 229.4881 13.3085
v 60.2452 215.7002 28.7898
v 59.0157 222.0175 26.3783
v 58.5984 227.8752 22.3519
v 61.8715 224.0213 31.5079
v 54.4136 227.4743 22.5790
v 67.7791 223.7950 25.1512
v 55.0789 240.2211 26.9024
v 55.0064 226.8012 21.9363
v 65.9570 229.0261 26.5512
v 63.7149 222.1273 30.2639
v 61.1268 222.1645 31.5956
v 59.3399 222.2004 27.9034
v 58.0353 216.8780 26.6077
v 64.8733 223.0364 25.5199
v 69.5479 231.8032 10.8778
v 54.6831 227.9874 20.3648
v 65.8210 219.3564 24.2621
v 69.8375 225.5359 16.8640
v 62.4366 223.5919 29.3839
v 62.7026 224.8178 26.1541
v 57.7491 225.1074 22.5292
v 63.2568 228.9782 29.5557
v 69.1807 223.9145 20.9954
v 68.3295 228.6006 10.8418
v 65.5871 227.9064 21.1889
v 61.0631 222.4711 31.3771
v 61.0592 226.7520 18.8525
v 55.9350 225.5539 25.7845
v 70.9126 240.6573 17.5289
v 60.3072 227.7464 23.2596
v 65.0065 221.9450 26.1858
v 61.9584 220.8830 30.4928
v 62.4906 229.0100 30.3366
v 58.2854 225.5983 11.9348
v 63.8548 217.4758 29.8607
v 53.9039 229.9660 15.2456
v 60.1203 227.5659 24.3147
v 60.2182 230.7134 24.1783
v 61.6973 225.1100 23.3139
v 64.5925 224.2580 29.1636
v 61.8172 226.4384 24.5173
v 63.5111 230.1131 28.2212
v 59.3826 226.4619 18.1690
v 58.5744 227.2583 18.1393
v 57.5927 225.2248 17.5086
v 60.5576 227.9330 16.4215
v 69.4707 240.5639 24.3011
v 57.3842 226.6940 17.6911
v 58.9535 229.6085 25.5693
v 58.6122 226.9402 29.2416
v 61.2412 228.8148 30.0192
v 67.7626 226.5082 28.9847
v 58.2235 233.6001 29.4364
v 67.7452 227.7668 21.6122
v 60.3064 224.6141 26.5489
v 64.6183 224.5957 14.6215
v 57.0879 226.3878 27.9017
v 65.0643 231.6479 25.2283
v 64.2960 223.1090 26.9779
v 65.9796 235.9366 8.8364
v 58.6038 221.3523 26.3553
v 68.6642 230.8150 28.3321
v 58.0214 224.2479 26.7771
v 64.5465 227.4560 24.3509
v 59.8459 223.7461 28.2579
v 58.6999 224.9632 12.9950
v 63.6578 231.0950 25.5020
v 58.3020 220.4198 26.9312
v 68.0293 226.5862 25.2231
v 69.8952 225.9896 17.0286
v 56.6110 219.8725 22.0217
v 61.5399 228.3137 23.9734
v 54.3147 228.1878 22.7364
v 59.3974 222.1247 28.6062
v 58.2179 223.1863 24.7772
v 64.6912 221.6194 26.7124
v 58.6929 223.4284 24.0839
v 60.5454 228.1841 32.3260
v 61.8550 218.8971 30.4960
v 68.7348 225.4846 16.6087
v 65.6815 222.0161 27.8620
v 65.2736 222.5633 27.9491
v 55.1037 229.5751 28.4425
v 64.5089 221.4320 26.5478
v 64.3210 224.2342 23.8835
v 60.5378 229.7067 8.8455
v 55.1328 242.4024 16.3926
v 61.8446 229.5906 30.1762
v 53.4217 237.7423 25.4280
v 57.9989 222.7592 25.4454
v 62.5470 228.4775 30.1862
v 69.5519 228.9427 12.2099
v 61.8078 222.3622 30.8354
v 70.0788 227.7847 16.1450
v 70.3503 238.8721 21.6730
v 65.5373 226.1938 26.0456
v 58.3115 228.6092 26.6214
v 53.7897 228.4948 25.1379
v 65.5949 219.6198 27.3995
v 70.1737 228.6325 25.7605
v 63.2899 220.0178 29.9385
v 60.6107 230.6812 29.6612
v 58.8793 228.0993 21.2289
v 60.2860 222.3671 30.5585
v 55.8500 232.5553 26.5185
v 63.9772 230.9675 24.6839
v 56.2702 226.9372 20.7864
v 55.9602 226.0908 18.0122
v 63.1889 220.0497 30.2750
v 68.8251 230.2541 28.7355
v 64.0258 226.9698 15.9620
v 55.9895 231.4295 28.3909
v 65.2367 221.9532 28.8031
v 62.6251 227.1915 25.8623
v 70.6522 238.7862 20.6324
v 61.3189 245.0099 17.1790
v 71.6743 236.1790 15.1714
v 67.8844 229.3898 24.8888
v 70.4764 229.2801 15.7497
v 68.6806 232.1362 29.7869
v 59.7542 220.8972 28.1842
v 64.3307 220.5118 29.4255
v 55.2212 225.6259 16.2132
v 57.5623 226.2474 11.6994
v 59.4690 227.4821 19.3261
v 60.5440 228.9781 30.6802
v 56.1240 226.2004 17.7320
v 64.9109 231.3389 25.0223
v 66.4185 226.9852 18.8728
v 62.8893 231.0687 31.0617
v 58.4666 231.8613 25.2224
v 56.3188 225.9952 17.5434
v 54.6661 236.2884 28.9839
v 59.9259 220.3471 28.3082
v 55.9016 231.9456 28.3787
v 56.0917 224.9814 25.5016
v 63.0832 222.2300 30.3806
v 68.8113 227.1953 27.3821
v 64.5976 224.9316 28.7176
v 67.7013 233.3431 29.3032
v 65.2356 225.4065 15.4756
v 54.9447 227.7854 12.9536
v 68.2019 232.3176 29.2428
v 61.6403 223.8068 29.5951
v 63.4687 231.8263 29.6108
v 56.9446 225.9115 19.6387
v 54.5857 232.6969 25.1141
v 54.1019 239.7051 24.5720
v 70.6930 230.5192 15.5799
v 59.2894 235.6467 32.5679
v 69.9105 227.9145 14.0970
v 70.7096 230.9809 18.8977
v 59.2941 229.7632 25.1195
v 63.8039 227.4278 10.1197
v 56.5120 227.7831 19.1761
v 64.9100 227.8629 21.2300
v 56.9184 217.5609 24.2043
v 65.1650 227.6932 30.3939
v 56.8686 233.3838 30.8257
v 63.0437 228.1653 23.1586
v 68.6122 226.5000 22.4437
v 65.6495 230.1718 8.4896
v 64.0397 216.2244 27.9862
v 56.6181 231.4506 27.1173
v 57.2714 227.9075 10.7998
v 53.6469 241.0078 20.6356
v 59.7491 227.1966 24.5481
v 57.9969 222.1768 24.7096
v 58.8888 221.5676 28.6900
v 61.6326 228.6123 29.8067
v 56.8551 226.7586 28.0506
v 56.8736 232.8174 10.1048
v 53.8172 236.1838 25.2186
v 65.0939 228.5247 28.1955
v 62.0729 231.5395 7.8165
v 65.3421 225.5396 25.4343
v 58.0244 229.2885 26.7661
v 64.4886 222.7252 30.1553
v 66.0891 222.6102 25.2065
v 66.6025 228.0239 28.0258
v 60.5837 219.9054 30.1002
v 58.7635 221.6447 24.0121
v 58.5958 227.9311 21.4915
v 61.0982 223.2961 29.5811
v 54.6078 229.5896 22.7088
v 60.8388 221.5767 31.0371
v 63.2241 240.2077 31.0567
v 70.6081 235.0449 22.0253
v 58.2514 221.9814 25.2424
v 67.8977 232.8229 28.7635
v 71.0115 230.8744 16.1245
v 63.9696 228.9337 28.4471
v 62.0778 221.4533 30.9215
v 64.2062 226.6385 15.5969
v 60.2053 227.6273 25.4798
v 65.7382 227.7576 26.3495
v 60.6055 236.1799 8.5636
v 57.6681 223.2751 25.1264
v 60.1767 229.1043 30.8087
v 58.7650 227.1136 18.7666
v 63.5290 228.6648 28.7278
v 54.7262 230.6982 24.2441
v 64.0531 224.6163 22.8580
v 61.0354 224.7288 28.8558
v 69.0512 231.3076 28.2008
v 58.9373 225.5068 18.5519
v 70.3270 230.5651 22.1741
v 63.8134 228.4186 28.6526
v 67.6335 220.6909 22.5411
v 62.2647 227.7859 21.2811
v 67.7688 241.4665 12.3367
v 69.4044 238.9626 26.5819
v 53.8733 228.3740 23.2135
v 61.6018 245.1007 19.0102
v 60.9642 226.4378 11.4574
v 56.1850 225.6824 12.8457
v 61.8441 220.1956 30.4972
v 59.5000 243.6967 13.6224
v 54.0984 229.4134 14.0275
v 53.6257 239.8023 15.2113
v 58.9987 222.8148 25.5631
v 69.7571 229.0130 26.6683
v 58.6632 228.7221 26.5461
v 53.4671 234.4844 23.5658
v 59.4293 223.6493 25.2793
v 59.2932 231.9142 26.1569
v 66.2406 225.5740 15.9768
v 53.7475 228.9594 20.2100
v 65.4574 227.8808 21.4727
v 70.8277 229.9856 14.1370
v 69.1046 239.8923 26.2362
v 64.1354 244.6175 16.5530
v 65.8601 221.6360 23.7132
v 66.0810 228.1112 27.0176
v 55.7736 227.8331 21.1158
v 62.9188 217.5295 27.5081
v 62.3402 231.0687 31.9552
v 68.4701 225.6546 27.9299
v 64.7150 224.8343 16.1804
v 58.7097 226.5924 22.7241
v 57.2359 231.8929 26.6454
v 67.9895 231.3206 9.8865
v 61.4810 226.1000 24.9537
v 64.8784 231.5124 24.9857
v 63.2767 215.4290 29.6814
v 59.0996 244.3996 16.2939
v 52.8118 238.6319 16.3874
v 60.6604 225.2470 18.7637
v 65.2951 227.4493 29.6502
v 52.8217 235.9577 15.9029
v 58.8341 225.8354 23.9142
v 58.1253 226.0300 22.8306
v 66.0898 227.7968 29.4412
v 59.6506 225.4497 24.2435
v 59.9112 229.6086 26.9516
v 54.0476 227.9368 24.7585
v 55.7286 230.8971 25.3553
v 54.9768 225.7835 27.9439
v 68.8713 236.1555 29.0778
v 54.8261 225.9552 20.4117
v 63.6278 222.7362 31.2074
v 66.7179 227.0482 19.1250
v 66.5320 217.3872 26.1501
v 59.3107 240.1626 31.0551
v 61.6324 227.1118 20.2385
v 63.6621 224.6182 14.0156
v 62.0383 220.9872 31.1640
v 53.6233 228.6465 21.1615
v 60.0966 226.2010 29.7544
v 61.8940 229.8566 32.6745
v 59.0835 223.4357 25.7204
v 61.2294 228.0805 29.8474
v 69.6009 227.5597 13.4630
v 58.5767 228.7504 26.9414
v 67.6169 243.1576 15.7627
v 69.1508 242.5732 19.2748
v 59.9759 226.4038 15.1284
v 53.8739 238.9754 25.2699
v 59.6582 226.5791 23.1653
v 70.0307 226.6275 15.9800
v 57.4526 225.4797 17.8252
v 54.9910 228.2573 27.5797
v 65.3999 239.0538 9.4860
v 70.7297 228.4696 22.6586
v 58.0538 226.5925 17.7492
v 61.1805 228.1588 17.4704
v 65.4226 224.9961 14.9392
v 66.5522 228.8549 25.5897
v 67.6684 224.4757 25.6772
v 55.9132 241.1588 26.9823
v 68.4370 220.6047 21.2250
v 58.3946 231.7397 25.8099
v 61.7506 242.2956 11.6211
v 63.3604 220.0252 28.6093
v 64.3368 230.3039 24.9123
v 60.8147 224.5592 17.5730
v 53.4277 238.5988 22.8295
v 63.1445 228.1855 32.0445
v 63.1128 228.5524 28.7585
v 68.3560 238.2723 28.8818
v 61.0770 227.0778 28.0434
v 61.8138 225.9507 11.8451
v 53.8139 228.2072 20.5805
v 61.3648 228.3665 25.8801
v 64.3054 227.5787 22.4196
v 55.5617 225.9039 16.7636
v 60.6016 226.5315 30.5562
v 67.1581 233.4024 30.5160
v 59.7166 230.7374 24.6920
v 58.0510 221.6035 27.4524
v 64.5961 218.0532 28.7151
v 69.9450 228.2519 19.3351
v 64.9200 230.6410 25.1930
v 65.8882 241.2782 10.8770
v 71.7949 234.9676 16.0985
v 68.6478 228.0128 19.8946
v 69.2056 241.6542 22.7562
v 56.2417 225.2170 19.3402
v 70.2216 239.8520 21.5583
v 55.2183 227.8064 22.1947
v 67.9782 227.1444 27.9171
v 58.3002 223.8680 27.9188
v 65.0479 227.9889 23.9852
v 57.7272 230.2360 26.4236
v 61.4212 229.3429 31.5890
v 61.8806 224.8129 29.8083
v 67.6543 218.3281 23.6920
v 67.0431 227.3471 21.4043
v 66.3028 221.1623 25.8031
v 64.6072 229.3209 25.1766
v 54.8044 225.4966 15.8378
v 64.4772 227.5198 9.7731
v 63.6646 244.8112 18.7816
v 60.2964 227.9331 24.1689
v 69.8797 230.0019 22.4270
v 61.3403 225.8997 27.4705
v 63.7152 225.3060 12.9906
v 63.3939 225.1642 18.1975
v 58.9975 220.6851 26.9041
v 57.7472 225.2210 16.6336
v 53.7733 227.9476 21.9295
v 64.4903 226.4286 23.7433
v 57.0367 226.4658 18.6453
v 54.6471 230.3895 28.0027
v 54.9989 229.3461 12.5069
v 63.1641 220.4686 30.0927
v 70.5248 232.9502 23.5501
v 63.0976 227.6873 26.2596
v 63.1574 227.7869 26.2626
v 55.7898 225.6178 15.8704
v 54.0683 239.8516 23.9972
v 57.4386 226.6072 19.0966
v 56.3627 227.4337 29.6038
v 69.1447 220.2162 21.7074
v 66.8291 227.1362 10.5778
v 62.2647 226.3071 18.7550
v 67.1330 227.9708 28.8886
v 64.6684 225.8571 16.5401
v 63.5855 219.8141 27.4562
v 54.7583 236.7184 12.0758
v 61.9824 220.0275 29.9320
v 68.7350 227.3314 19.4362
v 68.7303 229.2041 28.1927
v 68.6111 227.1378 19.0491
v 56.1965 229.2489 28.3815
v 54.2159 234.5364 12.4523
v 58.3884 223.6424 25.7535
v 55.4541 226.1109 16.0387
v 63.6522 219.3588 30.0413
v 60.8904 225.0875 18.6482
v 69.5569 235.5659 25.3868
v 56.3903 232.5659 10.5436
v 53.7102 234.8487 23.9022
v 59.6236 226.9693 24.3901
v 61.7377 226.9568 19.1224
v 61.7758 227.0455 27.4912
v 63.5030 228.0119 30.7770
v 62.4073 229.0242 32.8042
v 68.5907 226.4244 13.8747
v 54.7574 239.4763 26.9496
v 71.7580 236.2061 15.8761
v 58.0650 221.7790 23.4662
v 54.9402 227.0213 27.1669
v 64.9524 227.9814 21.4519
v 71.3354 236.3439 13.6300
v 67.0447 233.6399 9.2048
v 61.9579 224.5154 31.6970
v 63.0198 224.9382 29.5559
v 70.1264 226.6314 25.8471
v 66.6256 227.2426 17.4573
v 61.7115 226.0609 29.4860
v 65.1214 227.4598 18.4131
v 57.2694 230.7170 26.7381
v 57.4555 243.8723 23.7160
v 67.3097 220.2193 23.0020
v 60.4265 226.7409 11.2086
v 54.8357 227.6246 19.9870
v 59.5110 224.4252 15.2856
v 69.1975 226.5198 18.3590
v 58.0782 226.0068 17.8845
v 60.6560 237.5857 8.7417
v 53.2073 233.9600 14.7520
v 68.0776 230.9438 28.1506
v 68.3203 231.2535 28.3001
v 57.8470 233.3743 28.5886
v 55.0010 225.3147 17.9931
v 67.3758 231.5302 27.1214
v 67.5502 227.6221 20.6802
v 55.8118 230.1082 24.9807
v 58.2708 233.4505 31.0570
v 53.8342 226.8958 25.6411
v 64.4672 221.5734 28.5821
v 64.2319 222.4823 28.8055
v 70.1158 227.1427 24.6148
v 60.6212 228.1984 25.6673
v 57.2137 225.3752 17.3087
v 66.8583 227.4188 21.0844
v 67.7199 231.1254 27.9956
v 56.9017 232.2156 9.9936
v 61.9563 225.5514 30.1999
v 55.8378 227.4201 19.0016
v 64.1711 222.5934 28.6503
v 60.2521 224.9783 17.3721
v 59.4792 224.6607 14.9720
v 61.6206 241.3216 10.7905
v 54.0177 228.4180 22.4831
v 64.5634 222.1187 29.5180
v 55.5160 228.2228 20.5224
v 63.6845 224.9910 23.4969
v 55.9691 228.0781 20.2290
v 56.6153 225.0288 13.8686
v 60.1818 225.9198 29.3738
v 61.8282 220.8638 30.8219
v 60.4002 224.4137 14.7201
v 55.1786 226.2102 27.3166
v 59.7755 226.1102 23.4692
v 59.0662 224.4129 23.4574
v 61.7765 228.6630 28.6450
v 67.9368 232.6927 27.9551
v 64.2078 232.9627 29.6735
v 58.4292 228.1680 21.4082
v 59.8539 226.9746 10.8869
v 58.9790 230.4736 25.3614
v 62.4951 220.1797 30.4924
v 66.4130 227.3322 17.9845
v 54.6669 229.1787 22.2856
v 67.5321 226.3905 18.0175
v 57.8592 238.1889 9.7784
v 54.1755 229.0068 26.6429
v 61.6653 224.7288 13.9674
v 53.7670 229.8996 19.6826
v 60.5492 226.8261 18.5714
v 64.3535 228.9689 8.7568
v 58.0060 228.1924 27.1194
v 59.4551 227.9281 24.5196
v 58.2675 225.7982 23.4367
v 61.4017 225.2307 23.6287
v 64.2117 225.2800 23.3195
v 55.2547 230.8316 24.9672
v 66.6359 225.5966 16.7854
v 64.1077 222.5867 30.6942
v 60.7203 229.0241 31.9361
v 60.4418 226.2375 29.5107
v 63.9654 224.8418 16.9991
v 68.7785 228.8043 11.2728
v 70.5773 228.6219 25.0311
v 68.3907 233.6312 28.1530
v 64.4339 224.5591 23.3697
v 60.7274 225.0755 25.1882
v 56.4988 225.4003 19.4066
v 61.4339 229.2878 32.2552
v 68.6148 227.6799 12.1557
v 67.3146 225.3971 12.9509
v 69.8560 227.9814 21.4189
v 66.8528 227.9021 20.6292
v 60.4094 231.7474 30.8806
v 62.9037 229.4882 29.9392
v 65.5889 228.2871 21.5298
v 64.1401 229.6175 25.9467
v 59.3231 227.2420 30.0543
v 62.2284 229.7852 31.5282
v 61.7560 227.5359 22.3894
v 69.2093 226.0499 18.0838
v 57.8255 228.5530 25.7789
v 58.4585 228.3329 21.6073
v 61.2774 228.4750 25.4009
v 61.7622 218.7543 27.9329
v 59.2261 224.7911 14.7697
v 61.2144 218.6413 27.4497
v 68.0869 232.8163 29.3248
v 68.0719 243.1497 20.0537
v 66.8641 226.4085 19.1413
v 61.6302 229.0768 32.8397
v 68.7589 230.1157 28.2213
v 58.7007 222.7385 24.9787
v 58.1629 224.6148 26.1834
v 59.6063 224.6719 14.1654
v 64.0873 227.4642 19.7361
v 63.5199 220.2127 30.4398
v 65.7783 221.7847 24.7856
v 62.6769 218.9786 28.1960
v 63.4175 220.9274 30.7412
v 67.5738 232.6491 30.7444
v 66.2050 226.4281 17.1191
v 59.1478 220.8531 29.0699
v 66.4872 233.3165 30.9733
v 60.8975 227.4486 25.9306
v 62.9212 215.3872 29.2941
v 62.1881 224.6487 29.5563
v 67.7501 231.6212 26.0112
v 62.5821 227.1842 28.1099
v 65.6954 222.1776 25.4392
v 68.5672 226.4485 27.3632
v 63.1100 222.9049 29.6902
v 52.8136 234.9142 19.5984
v 57.5596 225.7391 27.4268
v 56.3698 225.6257 24.6929
v 62.6469 245.1722 17.6754
v 64.9636 229.9618 25.3292
v 65.6093 220.7778 27.4448
v 68.9913 228.2490 27.2371
v 65.3204 225.6687 28.3543
v 57.6439 217.1227 25.2441
v 60.6271 228.7977 29.4754
v 61.7539 219.3562 28.9386
v 68.2378 228.0482 29.4361
v 60.1771 224.7052 15.0581
v 67.7891 223.1006 22.7285
v 65.1112 227.1478 18.8807
v 66.4634 229.1814 27.0758
v 64.0074 226.6792 18.8035
v 63.5834 225.0461 13.4685
v 67.6744 226.1410 12.7962
v 63.7810 229.8263 27.3777
v 53.0608 236.4128 20.9377
v 65.2352 225.8605 11.1252
v 58.5707 228.9629 9.3636
v 66.8854 242.0767 26.8271
v 62.1327 229.6689 31.5550
v 56.0810 219.9864 21.0023
v 65.5813 223.9552 24.4077
v 65.5168 227.6064 22.1297
f 2705 923 1585
f 4495 1758 3963
f 4000 1013 2869
f 3837 4962 4273
f 4977 682 3503
f 68 794 441
f 58 1096 3140
f 3590 4841 3989
f 1429 3472 2292
f 2077 1979 4923
f 4337 1202 3663
f 1092 3409 2789
f 2569 2634 761
f 1232 3918 84
f 1692 2043 2889
f 2419 2244 1967
f 4472 3388 1972
f 1231 4812 4648
f 4586 1800 4581
f 3502 665 221
f 2382 3944 27
f 1426 1618 2168
f 106 2623 4872
f 3566 674 10
f 870 1232 84
f 4265 4487 2351
f 3702 1443 622
f 3438 1693 1479
f 2793 1334 3340
f 904 893 2031
f 3218 4500 4740
f 1895 4842 1274
f 2240 2151 3110
f 4105 4108 750
f 2373 235 395
f 1173 1514 2843
f 4354 1507 3432
f 2553 4348 1365
f 1110 4358 3015
f 2122 153 2814
f 4020 3385 3152
f 554 2884 4717
f 1253 865 3935
f 1236 344 65
f 1065 320 872
f 1971 4554 4920
f 2895 1029 4406
f 2234 1028 4673
f 3185 4120 569
f 179 4465 4640
f 3041 2131 974
f 413 1376 3121
f 2922 81 4220
f 2312 3919 1158
f 438 4962 3043
f 881 3944 2382
f 23 3434 2376
f 504 2605 2260
f 286 148 2966
f 2965 2429 380
f 2855 783 3018
f 3567 4824 1582
f 3882 2284 1653
f 3620 2531 457
f 4588 4090 2091
f 996 1446 1283
f 2464 2692 1674
f 1449 2110 443
f 607 1629 479
f 3695 4302 3881
f 1132 4093 2884
f 3721 3194 3477
f 3664 1330 1196
f 1083 3167 3570
f 3434 4946 563
f 1036 4186 4394
f 460 4319 307
f 4301 4400 2874
f 4995 1497 650
f 79 3081 4636
f 4958 338 1315
f 963 69 935
f 1928 61 3647
f 4248 1593 1598
f 4759 956 3405
f 361 4426 1917
f 4555 1539 1202
f 529 1131 3752
f 964 3247 2519
f 2753 1443 3702
f 72 4311 4647
f 88 2373 395
f 240 446 3569
f 1648 628 2439
f 4348 2553 1658
f 1181 2140 739
f 2382 27 1075
f 1972 3388 3297
f 1516 4636 673
f 2324 98 159
f 2767 2564 1351
f 4270 2958 2136
f 1224 562 4961
f 1859 1891 4149
f 4874 2345 1625
f 2867 4820 4814
f 42 3799 3172
f 1268 3432 1507
f 103 1016 1307
f 3702 2102 2575
f 563 4946 1651
f 3402 2177 1974
f 3225 564 4165
f 150 574 3718
f 1958 4290 1578
f 1714 1946 3032
f 2043 2127 2889
f 1099 3544 4513
f 4065 1307 3544
f 3041 4497 1701
f 4922 4181 1031
f 3477 1071 1183
f 4801 1493 1765
f 777 72 4547
f 226 4346 4588
f 3556 2969 954
f 2517 2134 4883
f 2382 375 841
f 920 4833 1189
f 4386 3525 3777
f 4386 3137 2924
f 1794 2507 4268
f 3349 3068 121
f 2890 4866 103
f 497 486 1074
f 123 2360 4162
f 2236 1666 1452
f 4022 2841 4430
f 956 4251 3406
f 2211 2224 3949
f 4029 1148 1670
f 1022 4430 4493
f 1138 1800 3353
f 2367 2418 3661
f 3323 2301 1013
f 1059 4325 212
f 2520 2795 4830
f 2959 4922 1031
f 3757 3144 1816
f 1438 4373 1354
f 124 3345 3646
f 1224 80 1782
f 3709 2023 2304
f 2023 3709 1856
f 1333 4362 4390
f 2841 1573 4430
f 1543 1407 2654
f 1193 4144 4519
f 2633 4456 4182
f 436 3428 2715
f 436 2658 4892
f 2345 3608 1821
f 2967 739 3825
f 3562 547 1551
f 292 8 3391
f 4887 2817 3080
f 807 957 144
f 3714 357 1359
f 902 3481 4936
f 2596 838 4871
f 2544 1500 702
f 2643 1777 2092
f 994 649 3427
f 25 3261 896
f 323 3156 2582
f 2927 4249 4475
f 416 2958 875
f 3783 740 1861
f 3783 1868 740
f 1394 1561 2040
f 490 1597 1265
f 1716 3917 1579
f 4282 1628 2636
f 3985 3075 4464
f 1487 2602 503
f 567 2299 2960
f 2986 2210 2886
f 4292 1154 2419
f 3246 569 4120
f 4120 2876 3246
f 12 4792 3668
f 1774 4957 968
f 852 2351 2731
f 271 4225 1909
f 3818 2375 1368
f 1505 19 3226
f 2198 3101 3882
f 4803 1035 3496
f 2494 3581 1323
f 2818 4845 903
f 3581 2494 1657
f 3561 1841 48
f 1689 774 64
f 1364 2483 1766
f 980 3049 2389
f 4767 1453 1526
f 4035 2509 2689
f 659 4355 4428
f 3633 2705 1585
f 80 1224 4961
f 298 3509 4432
f 417 1867 4432
f 1466 2610 3965
f 170 161 2730
f 1466 1100 3311
f 2850 316 2048
f 4721 66 2048
f 2092 2045 2643
f 2804 4324 1124
f 3349 2297 3833
f 1423 336 1619
f 790 1906 1909
f 4310 3472 1429
f 4568 1457 410
f 179 3480 866
f 3959 2292 3741
f 1697 1001 3369
f 1604 4615 1169
f 1872 701 185
f 2890 4347 3978
f 3357 3218 394
f 1332 1516 4622
f 2908 301 4653
f 986 4652 808
f 3060 2150 1538
f 2136 4869 4270
f 2947 4869 2136
f 1772 4383 1361
f 1167 4291 1314
f 1268 4774 3432
f 2978 313 3781
f 688 265 4161
f 688 4045 265
f 2431 953 1987
f 4418 1525 4726
f 257 140 4576
f 4576 140 3881
f 67 3468 70
f 2536 1870 777
f 440 2823 2589
f 687 4075 255
f 492 2489 3227
f 820 2049 4553
f 1568 201 1192
f 2587 772 236
f 1889 69 963
f 1090 2265 4775
f 4071 147 4564
f 736 1445 4152
f 4318 3495 207
f 1226 1419 2245
f 569 2365 4544
f 3803 1478 4266
f 4403 3009 1478
f 208 1782 1805
f 247 208 4649
f 370 1001 1187
f 3033 786 3423
f 3658 1492 2129
f 963 935 4453
f 3137 3777 2017
f 1428 3579 718
f 336 3314 2066
f 3874 4978 505
f 948 1595 1963
f 593 4932 1070
f 214 944 3189
f 1921 3846 1695
f 2913 229 367
f 143 1456 1198
f 3823 538 2577
f 3361 2817 1575
f 9 4032 4431
f 3751 4634 4811
f 4075 2084 867
f 452 3310 2912
f 782 961 3900
f 3410 1451 523
f 1850 4959 3877
f 658 273 2665
f 2124 44 2242
f 4633 735 1045
f 1666 2583 3855
f 4867 1016 103
f 2965 380 1467
f 1532 34 3721
f 2449 2072 3251
f 2368 2676 2053
f 2294 2676 1070
f 1011 2795 228
f 963 845 1889
f 4815 367 229
f 1573 2806 1114
f 3938 1934 2775
f 1651 4946 3975
f 1335 194 2281
f 544 2607 1474
f 232 3981 1830
f 1813 3834 4676
f 170 3256 1435
f 314 4329 1481
f 1592 1530 1772
f 275 4819 4209
f 1041 1043 3993
f 2495 3162 2672
f 908 1587 4036
f 1780 157 1587
f 2151 1633 3110
f 4538 4530 664
f 4470 4851 3320
f 3152 1712 4294
f 2379 1956 868
f 110 838 2596
f 4529 215 1328
f 2132 215 4529
f 61 4296 654
f 245 3463 3234
f 4981 1914 4367
f 986 4531 2132
f 2132 4529 806
f 3710 3193 156
f 4184 1561 1394
f 1425 2971 1561
f 3899 3023 2156
f 1045 735 3332
f 2044 4149 2481
f 252 2044 3725
f 253 2060 371
f 697 2638 3013
f 4456 1135 3451
f 1135 3351 3451
f 1915 681 4171
f 501 1696 1893
f 1492 3658 1077
f 802 4178 3649
f 260 1699 983
f 1700 1699 260
f 2586 2418 3336
f 1323 2443 135
f 1769 583 261
f 1474 2607 671
f 4917 4723 633
f 1799 4332 3588
f 1835 2297 121
f 4305 1756 3479
f 257 3969 140
f 2779 2769 3478
f 4528 1906 4017
f 120 4823 3623
f 1082 3031 3527
f 674 2771 529
f 356 792 1040
f 3140 2888 4740
f 3994 741 1987
f 400 609 4632
f 1332 3488 1516
f 2643 2045 4170
f 2922 4657 300
f 4336 592 698
f 4636 4836 673
f 4121 3803 4266
f 2374 4361 1258
f 2305 1163 1035
f 1946 2642 3032
f 3217 2031 3511
f 2790 4057 3573
f 1484 926 1533
f 1308 1053 1264
f 2295 4610 4838
f 17 4965 4328
f 2662 4965 17
f 2311 4898 3577
f 2211 3949 2073
f 3634 1507 4354
f 3226 2081 2499
f 3447 3141 1858
f 3646 2010 124
f 2852 3126 4733
f 4836 1192 1791
f 10 900 3335
f 2900 2124 2242
f 2231 2845 4792
f 101 4142 2915
f 35 681 2248
f 986 2132 806
f 4712 296 2298
f 1659 1483 3306
f 1101 1754 1948
f 911 1424 2450
f 1407 573 2654
f 4067 2441 1779
f 726 2914 2150
f 1413 4223 2787
f 4833 920 4987
f 298 1867 2180
f 3834 4554 3555
f 2308 1403 304
f 3549 2095 3161
f 304 303 328
f 386 579 3337
f 2322 564 3225
f 307 448 1233
f 3072 2754 2558
f 286 1915 1718
f 1915 286 2966
f 3276 3227 1840
f 4688 2835 1476
f 3134 1552 4705
f 1913 4874 1625
f 3201 313 4385
f 3474 562 2067
f 3939 2067 562
f 1862 3271 2146
f 1421 589 4572
f 4423 4818 3860
f 3440 4064 2894
f 1938 3886 4573
f 3178 1938 1609
f 4309 1579 60
f 2412 3031 3032
f 3474 4326 1037
f 2310 3875 192
f 4394 3628 460
f 2618 2636 4244
f 2558 3654 2050
f 4888 4353 325
f 450 2695 2767
f 3330 2695 450
f 4844 2308 1197
f 692 882 2284
f 1847 2502 4342
f 2309 4600 269
f 3261 25 267
f 2350 194 1920
f 3385 1603 2639
f 3840 1691 4891
f 1469 4315 771
f 737 2434 891
f 161 4635 2730
f 2514 3626 22
f 1446 2795 1011
f 4905 2107 4324
f 996 1777 2686
f 1315 338 857
f 17 1283 1446
f 4733 3126 1990
f 4681 4329 314
f 4423 3630 4770
f 1612 3018 4918
f 3516 314 4595
f 1597 2422 1265
f 2422 1597 838
f 3694 2462 4437
f 1969 1760 4548
f 1760 374 4548
f 342 1644 2293
f 4385 313 506
f 168 4158 764
f 919 866 1957
f 4037 3629 3817
f 4763 3971 1164
f 87 4371 3065
f 1960 2286 86
f 4148 4464 3896
f 3207 1010 3030
f 1764 3136 661
f 354 3136 1764
f 4793 2861 2039
f 4252 332 4875
f 355 742 3426
f 4765 356 360
f 3456 4499 1073
f 799 241 3957
f 483 1029 2895
f 3537 3467 943
f 2149 4157 4107
f 4821 4097 1898
f 3881 140 2074
f 2878 132 2361
f 2976 4226 3082
f 2586 2705 3161
f 2772 1871 364
f 1851 3418 4673
f 1028 1851 4673
f 365 3579 3414
f 364 4591 2772
f 2873 657 4316
f 611 2757 4703
f 26 2552 1128
f 333 2092 917
f 4332 2944 3588
f 2552 333 917
f 2829 2627 1555
f 1350 4000 2869
f 2900 2242 2653
f 1060 3029 2386
f 3214 2640 868
f 4024 553 1592
f 2062 3615 2193
f 2045 77 2427
f 2746 4270 3939
f 3982 2206 4680
f 1143 3970 724
f 2367 3661 3692
f 2053 4344 2500
f 4486 2311 3577
f 4486 3361 1575
f 1464 4676 3555
f 4105 2116 4108
f 64 4721 1689
f 1154 4939 2135
f 3714 1359 464
f 1775 1438 4531
f 2192 4691 2416
f 1364 4770 339
f 202 2039 4522
f 2039 202 4453
f 2559 43 4349
f 3339 1649 2854
f 4358 1080 3545
f 4051 897 31
f 4563 3623 4555
f 2133 2543 1410
f 1248 252 2688
f 1031 386 3337
f 1543 2688 1186
f 4460 591 1828
f 1457 3079 2211
f 3000 3686 977
f 1487 1785 3146
f 2264 789 1755
f 3033 1917 4426
f 3769 4182 1964
f 1264 763 4450
f 2557 3795 4735
f 2053 838 2368
f 4905 2819 2107
f 1070 4932 1723
f 4272 71 4302
f 2160 1433 2996
f 2755 4722 4682
f 1609 1529 3178
f 1162 1592 3383
f 2459 408 5
f 2900 778 1155
f 4957 1774 2844
f 4228 2973 4983
f 815 2315 4959
f 4284 2281 3115
f 4738 1325 2737
f 2260 1367 1675
f 4491 2987 4788
f 2240 3110 3108
f 3164 3326 4724
f 3170 482 2213
f 1242 3087 3593
f 919 720 4647
f 720 72 4647
f 4418 3331 1525
f 210 1855 1218
f 4343 2263 3002
f 4325 3487 4264
f 1895 1274 3290
f 2244 2037 1632
f 3285 1705 1206
f 31 897 433
f 4386 1686 3525
f 1820 4386 4249
f 4876 2031 893
f 2039 4453 3780
f 4301 1885 4400
f 3411 3287 375
f 1438 4271 476
f 1184 2868 2320
f 1610 582 2870
f 1484 2098 3288
f 3002 2263 4266
f 4289 1776 834
f 4925 2033 445
f 2018 725 2095
f 2892 2740 3135
f 141 2418 2367
f 2741 697 3013
f 1021 3154 946
f 4178 1694 2241
f 4033 811 1511
f 1956 1023 1542
f 1023 1956 2379
f 4816 1518 183
f 1518 4423 3639
f 2618 3838 601
f 3436 1763 3730
f 606 2285 4390
f 830 216 452
f 3815 4915 1235
f 3742 3665 4240
f 2544 1265 2422
f 1684 516 1373
f 709 3112 3265
f 1237 4024 1448
f 1040 360 356
f 545 2473 4043
f 4907 2933 2748
f 3664 1741 4141
f 3893 982 2178
f 3527 3455 2249
f 1872 185 377
f 45 2102 4538
f 2083 2763 885
f 1359 2875 464
f 1854 1268 1507
f 2792 132 2878
f 4765 4489 792
f 3511 1634 3217
f 792 4489 4118
f 4763 1164 1449
f 4535 894 101
f 4112 1262 794
f 4510 2004 4741
f 2063 4038 3945
f 2572 4682 473
f 896 4188 25
f 2983 4421 4462
f 4347 2489 3061
f 3102 4446 2346
f 4235 3517 4438
f 481 91 1412
f 2251 2542 4653
f 3073 1026 4731
f 777 4547 2228
f 3485 1982 1280
f 4063 3321 696
f 599 1845 2571
f 1424 4493 1114
f 3867 2200 2167
f 1021 4166 1339
f 4166 2383 1339
f 1817 1242 3642
f 2442 137 2554
f 2554 173 2442
f 4427 4287 3546
f 3437 2262 2515
f 3841 2012 2303
f 1136 636 2240
f 1467 3861 2965
f 1179 1881 3148
f 2126 875 4649
f 2807 3232 2645
f 3077 1802 2455
f 503 2056 1785
f 1335 3887 3632
f 1988 4601 945
f 2066 3314 1754
f 3584 3086 4254
f 72 720 4547
f 4715 265 1235
f 583 1640 1833
f 4217 2612 2635
f 4016 862 733
f 1205 4463 518
f 3602 1531 1042
f 2125 3804 4889
f 4682 4905 878
f 4807 782 3900
f 2629 1582 2824
f 1577 2430 2821
f 573 2985 3344
f 3224 1746 166
f 3171 3348 2543
f 1366 1398 4925
f 659 1366 4779
f 4355 659 4779
f 3577 377 2217
f 1697 3369 2428
f 4572 2600 525
f 1759 4455 2968
f 2440 4959 1850
f 765 3380 534
f 1185 4654 1036
f 4755 3790 3296
f 3791 3347 239
f 894 4142 101
f 3136 3782 661
f 1044 1714 3032
f 4833 3231 1717
f 4160 2880 4218
f 1783 767 1791
f 2380 2527 4418
f 837 542 2953
f 2552 4389 333
f 544 1333 183
f 1313 277 820
f 544 183 2607
f 545 2783 2006
f 4446 546 2346
f 2255 2639 547
f 1144 2940 2501
f 4894 1591 2540
f 3233 4324 3890
f 3233 3890 2518
f 764 1683 388
f 3469 3477 1183
f 4050 553 2170
f 655 1685 3263
f 3754 2204 2526
f 4844 1403 2308
f 2661 1639 2961
f 3269 2961 3810
f 2514 3346 1606
f 4441 3787 3376
f 357 3714 4419
f 3332 3723 96
f 35 2939 3447
f 1777 996 1502
f 4788 2987 4484
f 4701 2906 3772
f 4376 3156 4250
f 2976 3082 291
f 565 4621 4828
f 2036 4822 4577
f 3436 3730 1222
f 1078 1501 4949
f 2550 4172 2833
f 2016 620 3250
f 1644 711 2293
f 58 1427 4565
f 1291 2716 575
f 1233 1185 1036
f 1010 3207 1043
f 983 1486 2793
f 2035 582 1091
f 1548 793 4436
f 4537 4411 3398
f 1074 3358 1920
f 195 3131 3404
f 3250 3976 3253
f 2471 1654 585
f 3174 1267 244
f 2560 2264 3224
f 4866 4867 103
f 3254 2181 4881
f 589 869 4060
f 1730 3641 1056
f 2216 4764 268
f 4224 440 1102
f 158 4587 2195
f 4915 1343 3120
f 1422 2115 2498
f 1145 1917 3269
f 1852 1974 2855
f 1617 2406 2506
f 3958 2118 1750
f 715 113 461
f 918 1792 4459
f 2903 3572 3439
f 3248 1769 3935
f 3117 3572 1228
f 2355 190 1019
f 1736 4239 320
f 2526 3809 3754
f 1878 539 945
f 404 1862 2146
f 904 3544 893
f 1282 2395 3197
f 945 539 1988
f 1521 4262 2108
f 3213 621 3491
f 88 3213 3491
f 3525 4335 3777
f 3555 1971 4124
f 3555 4554 1971
f 3562 4797 2809
f 3229 4797 3562
f 1783 2798 767
f 2798 3760 767
f 607 4017 4315
f 4796 2 3692
f 6 3678 4392
f 1071 1996 2616
f 42 3400 3799
f 3518 4403 1478
f 1605 1080 1097
f 115 4158 2952
f 1212 4417 36
f 3915 452 695
f 3907 4962 4164
f 4396 92 2449
f 4953 4823 2680
f 4862 490 916
f 1992 798 2298
f 1447 1824 931
f 4179 3107 3852
f 1361 4024 1772
f 4347 1565 3896
f 906 528 3832
f 4453 935 1089
f 630 324 4413
f 854 2305 4802
f 2671 818 671
f 2927 550 4694
f 4221 4750 967
f 2928 669 3956
f 2306 4723 3513
f 4252 3461 332
f 3102 634 804
f 1836 3821 1018
f 3807 2434 737
f 2201 4602 2041
f 3440 4748 1202
f 4055 1282 3197
f 2591 978 812
f 3520 112 2349
f 1153 2243 2322
f 3234 884 3830
f 4792 2845 3668
f 643 1762 3508
f 3164 2372 1807
f 3494 4428 2699
f 534 731 765
f 1321 3388 858
f 399 4746 242
f 4180 1148 4938
f 1525 3311 4428
f 3297 1688 1972
f 4467 3503 1814
f 2271 4949 3448
f 660 2535 2601
f 1334 2793 1558
f 3864 21 1509
f 2535 660 4574
f 839 2104 2729
f 2668 110 4929
f 2707 2668 4929
f 2287 670 4825
f 4504 890 3438
f 3299 4320 353
f 1239 173 2554
f 1239 2626 173
f 4923 911 2685
f 4186 37 3540
f 3270 4880 4527
f 2546 2418 2586
f 1005 1295 1133
f 3793 632 2145
f 3524 4720 254
f 665 478 2588
f 470 3338 3048
f 195 1294 4504
f 741 3994 1904
f 3856 459 4264
f 268 2360 685
f 667 3994 1987
f 1176 30 3483
f 4144 789 2264
f 268 685 2216
f 2297 3349 121
f 2941 844 672
f 946 2604 1534
f 2158 1088 3576
f 1399 2562 4247
f 4264 2785 4325
f 2474 1847 1376
f 3609 679 1230
f 1918 282 4360
f 4065 263 3228
f 3285 7 1811
f 1110 1187 2160
f 3853 1733 2195
f 1433 2160 1697
f 189 668 4509
f 3397 4514 426
f 2452 3626 4200
f 2743 2965 1899
f 3147 3366 2474
f 2541 1405 4437
f 4550 4630 2938
f 2383 255 1339
f 1917 3033 3423
f 971 2058 2903
f 3228 1307 4065
f 2377 2536 719
f 1709 1178 3926
f 690 3902 3106
f 690 4233 3902
f 2660 4614 2237
f 573 3358 1629
f 882 692 1441
f 3886 371 4573
f 2613 1588 436
f 3410 2547 1451
f 4658 2229 3999
f 1442 736 3273
f 3877 2315 845
f 1700 260 978
f 3338 3301 3158
f 549 4697 4434
f 2377 4968 4591
f 3900 961 1479
f 1279 1761 144
f 4563 4555 4337
f 2203 703 251
f 704 4808 424
f 1723 4479 1247
f 1017 3124 3168
f 2686 2801 2795
f 4046 4069 4970
f 4202 891 2434
f 3916 4656 3395
f 2978 4662 2111
f 674 3752 1931
f 1931 3752 3315
f 3525 1682 4890
f 1306 1395 1362
f 1554 3470 2054
f 1012 1659 4564
f 4938 1148 59
f 4494 2886 4593
f 3849 3686 248
f 4972 2999 4787
f 428 3284 1463
f 3483 3967 644
f 2217 2316 1832
f 4545 4487 4061
f 1975 2110 1449
f 4322 3485 415
f 4421 2983 1345
f 4581 1611 4586
f 4016 733 1668
f 3405 956 773
f 3405 773 4156
f 2154 3540 3901
f 2116 2792 4108
f 3277 2023 1856
f 4608 2509 4786
f 741 463 2431
f 4545 191 4385
f 1799 170 115
f 4551 4908 1863
f 3502 743 944
f 1896 2955 987
f 4678 2759 4827
f 518 3675 3930
f 3675 1994 3930
f 3575 3941 3723
f 3298 4263 373
f 4720 2050 3378
f 3703 2684 2144
f 57 241 627
f 4887 4671 1575
f 1759 2968 1814
f 872 3530 4966
f 2229 2631 1666
f 1891 1859 1246
f 2060 118 371
f 1820 1686 4386
f 3860 2397 3630
f 1204 2877 4237
f 3603 1938 1969
f 1 1890 1753
f 773 3406 4156
f 4357 3935 865
f 1104 4646 1845
f 4910 430 3355
f 1799 3588 3256
f 3729 1038 2343
f 3909 1968 3019
f 3566 3335 4198
f 758 1896 987
f 3049 3321 180
f 4015 782 690
f 340 4767 4973
f 4596 3363 2567
f 1107 2614 4192
f 3927 345 801
f 789 790 1909
f 4840 426 3532
f 287 2218 1094
f 296 4712 2112
f 498 522 3418
f 2114 411 2112
f 3727 2386 4732
f 4175 835 2300
f 1220 1535 4285
f 4879 793 3559
f 4879 2303 4747
f 4091 3324 1272
f 1411 578 3520
f 2478 3687 3680
f 1075 2061 796
f 227 859 798
f 472 3442 1671
f 867 1930 1929
f 3694 1822 1182
f 2059 503 686
f 4659 2420 4516
f 1428 1834 3579
f 2366 1381 4119
f 2727 3631 1586
f 3640 4605 398
f 672 1258 4361
f 1215 4908 3097
f 3569 3202 3221
f 386 4181 3528
f 3639 4423 2327
f 4072 1396 111
f 811 1002 1511
f 3891 2048 316
f 2967 3825 4177
f 1254 1946 1714
f 3292 187 433
f 273 1638 1217
f 3229 4062 4797
f 3991 4228 2813
f 2599 2047 670
f 818 496 671
f 4309 4480 1579
f 710 1135 4456
f 3455 3527 3031
f 1291 2763 2716
f 953 820 4974
f 4995 650 2577
f 476 3833 3515
f 1573 2841 1389
f 3960 4619 2485
f 632 3793 3270
f 3950 1101 1948
f 433 897 1828
f 2121 2481 2865
f 4725 142 1515
f 2146 3607 4113
f 2505 2368 829
f 1487 2861 4793
f 3093 515 1168
f 2310 2825 3875
f 4953 3623 4823
f 1482 2931 1364
f 2797 1751 832
f 2752 522 276
f 2287 2488 2936
f 2207 2881 4452
f 618 1371 3105
f 1371 1349 3203
f 904 2031 1714
f 4756 1924 3505
f 957 512 144
f 207 3051 4318
f 2679 3505 3174
f 1635 1953 330
f 4441 3376 3170
f 3278 4116 3294
f 4149 1891 1583
f 370 3634 3548
f 4025 2517 841
f 4025 841 375
f 1894 4583 3222
f 1972 4734 3789
f 4727 2162 3749
f 1014 1340 3211
f 817 102 847
f 4030 449 4992
f 1286 2312 4126
f 1193 789 4144
f 1648 2766 397
f 4305 3479 3708
f 3740 2480 3069
f 854 4802 3496
f 146 4664 2619
f 2247 3186 462
f 2079 2390 4558
f 674 1931 1189
f 3575 4387 4066
f 3356 3969 4016
f 2049 2981 862
f 2008 4467 1814
f 2462 1346 341
f 2626 4382 745
f 3821 2597 2624
f 1172 864 4335
f 4005 2558 2050
f 4955 3704 3663
f 4896 2859 1637
f 1221 3237 1011
f 4721 64 866
f 3751 2209 4634
f 1708 4403 2331
f 1153 3402 1974
f 391 3497 2100
f 3168 2553 1365
f 1855 210 1952
f 328 303 3175
f 182 489 4492
f 4072 111 922
f 4178 2241 2738
f 1319 3892 2592
f 378 4542 852
f 674 1717 330
f 3983 2329 617
f 1895 3290 1569
f 2189 888 3088
f 3065 1225 3172
f 2412 396 3553
f 2356 3481 146
f 1278 921 2567
f 4788 3445 4491
f 756 1935 2872
f 4080 2976 363
f 4226 143 2414
f 1960 567 2286
f 829 3273 736
f 4487 1932 2820
f 1055 683 134
f 4001 2950 2864
f 1510 1933 288
f 206 1408 898
f 3178 1728 3886
f 362 899 3674
f 4680 2206 4452
f 2975 1219 2504
f 457 3825 739
f 1221 1327 3947
f 4845 4000 903
f 3474 3425 4326
f 830 2314 1331
f 3101 909 1214
f 8 3688 2280
f 1672 2579 2924
f 4104 4772 4924
f 915 2461 2957
f 4802 4245 3496
f 225 38 2603
f 4785 2036 4577
f 2008 3847 4467
f 3434 1923 4716
f 3838 2722 1795
f 1836 2597 3821
f 2992 4121 509
f 2348 4124 1971
f 4429 73 430
f 2445 1028 921
f 972 4256 57
f 4995 2155 305
f 3774 4736 3578
f 2040 922 111
f 3250 620 3976
f 3245 87 3799
f 4015 1275 2087
f 753 1606 1604
f 1604 1606 3301
f 4247 3349 3125
f 2503 3467 3592
f 4796 488 2
f 447 2095 725
f 425 3347 460
f 3634 2832 3548
f 2832 2178 3548
f 564 2417 4102
f 2740 4096 4399
f 1185 4498 4654
f 66 4647 1870
f 549 4296 61
f 3089 4176 865
f 933 4109 1589
f 1792 936 4459
f 1757 1917 1145
f 4495 89 1758
f 3275 4098 4336
f 991 939 3014
f 4818 4390 2285
f 320 3530 872
f 494 2273 4751
f 1267 3521 4520
f 3518 1138 4403
f 2301 2736 1570
f 4823 120 3478
f 244 2230 4488
f 2630 3114 1936
f 4645 575 1188
f 1499 605 1745
f 4471 954 614
f 2566 1949 4011
f 235 2373 2400
f 1839 951 2330
f 3262 2691 1751
f 4169 1397 1320
f 1533 283 74
f 2323 3954 348
f 3195 1676 2141
f 3847 4277 2664
f 3074 683 2291
f 339 2397 1482
f 1907 4337 1439
f 249 4312 3127
f 1217 4392 273
f 2762 81 300
f 628 3186 2813
f 1125 2097 4308
f 293 793 4747
f 1164 966 1449
f 3 966 1164
f 372 2908 1838
f 372 1838 880
f 1030 696 2916
f 693 862 2981
f 2173 2119 2270
f 3825 457 2641
f 1249 3421 3264
f 1511 1002 1465
f 3658 1712 1077
f 2837 3767 108
f 108 3767 169
f 2732 2520 4113
f 2910 3926 1178
f 2536 777 2537
f 3124 620 3168
f 1147 972 627
f 1147 762 972
f 1596 973 853
f 154 4499 3238
f 2590 1485 1691
f 2131 4497 974
f 974 4497 3041
f 3585 796 975
f 691 977 3192
f 708 2000 3444
f 1700 978 2591
f 1797 1700 2591
f 540 3312 2011
f 4552 4240 787
f 478 981 4996
f 4290 2178 4159
f 1208 3878 217
f 666 3205 4310
f 4924 887 4044
f 4465 1780 1587
f 2628 1809 1596
f 805 4165 1750
f 1294 195 3404
f 3566 2771 674
f 2203 251 1050
f 4273 4455 3257
f 1908 2360 123
f 1231 2880 4812
f 1023 453 1542
f 3134 4007 4910
f 2773 1203 3775
f 4468 3758 1426
f 706 1776 4236
f 3407 1959 3526
f 1659 2325 1483
f 4638 1891 321
f 1417 572 4560
f 2222 2789 1456
f 1414 2266 403
f 2721 69 2175
f 604 1390 435
f 4372 999 4856
f 4135 50 1818
f 281 3695 2074
f 3603 398 1609
f 2692 2598 171
f 3741 1735 3103
f 2259 1210 3103
f 4627 494 608
f 3582 808 1589
f 3011 3357 394
f 3497 3357 3011
f 2068 4276 641
f 2068 2804 4276
f 916 1265 2405
f 2681 18 4053
f 1251 4142 3730
f 3783 1861 248
f 1522 1189 1931
f 1015 4957 2844
f 3390 1494 341
f 3195 763 1676
f 2804 4374 3890
f 1018 4250 2523
f 2962 4785 3055
f 1021 1339 3154
f 1716 1579 459
f 4541 3655 2457
f 732 2810 4494
f 214 3189 2676
f 1023 2379 3333
f 1460 1517 587
f 3748 1025 2576
f 3452 4933 1505
f 2287 2936 2909
f 4402 246 780
f 2956 369 1161
f 686 2602 3968
f 1196 3204 4796
f 1196 4796 3920
f 723 1349 1371
f 3481 169 3303
f 4343 3533 3961
f 1406 987 1857
f 1163 3449 1035
f 4181 2765 1553
f 2615 821 4552
f 654 549 382
f 1039 958 957
f 301 2222 4653
f 3393 360 1040
f 2501 2940 1042
f 4542 1595 948
f 4542 2215 1595
f 2799 3204 177
f 3051 4751 2336
f 4746 399 2219
f 4975 2853 1250
f 3597 1092 2789
f 1674 67 3815
f 3602 149 3507
f 4475 2579 4028
f 2755 4243 4722
f 4966 4282 2182
f 2155 1314 305
f 2450 3169 911
f 4646 2571 1845
f 3114 3463 3887
f 2828 3818 1368
f 1717 3231 3677
f 399 4585 2219
f 1033 2082 3389
f 4003 1864 2291
f 1281 1064 558
f 1213 1383 4251
f 2356 2474 3366
f 2402 3910 1004
f 4944 3012 4594
f 4944 4594 4644
f 1873 2033 2460
f 4994 1477 2879
f 3761 2534 435
f 282 1654 3486
f 1661 1520 4855
f 1076 3063 3159
f 2505 3541 2368
f 666 4598 2529
f 3301 1606 3346
f 2656 4364 2026
f 3369 1081 3017
f 1082 3527 2584
f 3582 3125 4271
f 3582 1775 808
f 1908 4623 2152
f 3216 1170 3202
f 4852 4878 114
f 2780 1105 4589
f 1352 4612 389
f 1487 503 1785
f 327 2139 1085
f 287 4193 1190
f 685 2360 2152
f 2100 1052 391
f 4885 1875 167
f 2372 3164 4691
f 33 2313 2629
f 1582 2629 2313
f 1087 1950 447
f 835 1220 2300
f 265 352 1720
f 3200 2930 4984
f 1091 2469 4260
f 3094 4395 1789
f 4527 1242 1097
f 4583 1894 2429
f 3450 4029 3374
f 2548 3450 3374
f 2125 2887 863
f 331 4609 2677
f 3721 3469 427
f 4065 3544 1099
f 1781 2286 567
f 2387 2937 3517
f 1490 2406 2682
f 4078 295 3022
f 3583 4425 3072
f 4425 2935 3072
f 4593 3967 3942
f 1627 4162 3351
f 3155 4005 4510
f 2453 2139 4982
f 2612 842 2635
f 1589 3974 4097
f 3785 2399 4411
f 2490 3240 560
f 2236 2583 1666
f 3076 4396 2622
f 1420 588 555
f 3950 1420 555
f 2029 3079 848
f 3385 2255 1106
f 934 609 400
f 1735 3472 1107
f 4310 3205 3472
f 4874 3608 2345
f 2805 1162 3383
f 4681 294 4914
f 1086 2444 3723
f 4315 4017 771
f 3282 4103 130
f 2268 1111 3561
f 4249 4386 2924
f 23 4946 3434
f 1530 1592 3767
f 2932 3074 1765
f 2044 2121 1957
f 2028 4010 3252
f 4010 1710 3252
f 4543 1060 494
f 4430 1573 1114
f 354 2555 1500
f 3793 2145 4381
f 3339 797 4295
f 4344 1723 2500
f 85 546 4215
f 3048 651 470
f 3906 1561 2971
f 3052 328 4958
f 1499 3826 3962
f 141 1120 3336
f 4736 3774 5
f 3620 2556 2531
f 1611 4760 4822
f 187 3613 433
f 4671 4217 474
f 4031 2269 1126
f 3496 3645 854
f 3740 3069 4083
f 1643 1402 4694
f 1128 917 4328
f 2968 4455 1289
f 4003 836 1864
f 3045 1510 3170
f 4956 2048 66
f 2598 2464 4956
f 4355 2539 672
f 3776 1005 128
f 1888 267 25
f 2032 2583 2236
f 4242 638 28
f 4321 2302 4580
f 217 2930 584
f 4158 168 4150
f 448 1544 3866
f 1152 3035 466
f 4615 2437 4398
f 2852 1967 3493
f 3020 2908 372
f 1063 3606 203
f 3981 2275 2394
f 1171 2709 3517
f 2937 1171 3517
f 460 2632 1077
f 1563 3736 3559
f 2095 447 4518
f 488 3204 2799
f 101 2915 1495
f 1306 16 1980
f 1440 1422 2253
f 4603 118 502
f 4533 3542 955
f 448 3866 1233
f 1043 186 3993
f 825 3118 3844
f 671 1518 2671
f 2202 2433 3684
f 833 4388 3699
f 835 4175 4556
f 4043 4241 545
f 1382 4678 2425
f 3565 327 1158
f 474 2311 1575
f 337 4819 4234
f 1775 986 808
f 3786 587 755
f 3821 2624 1121
f 2624 3977 1121
f 2338 3574 4222
f 2449 1173 4396
f 2899 828 571
f 4151 1815 2455
f 3960 444 4578
f 540 2937 2387
f 2161 3406 2762
f 1913 4845 1226
f 750 4938 2496
f 521 1255 1580
f 3561 3300 2549
f 1682 1686 2836
f 1488 3645 3496
f 1488 653 3645
f 3561 2549 2268
f 3513 4917 125
f 4277 1360 2664
f 2430 3822 1174
f 3429 2563 3382
f 4002 3788 3745
f 1177 993 2187
f 1233 3085 2320
f 1593 3030 1880
f 4246 3885 4503
f 2207 3649 3426
f 956 221 2588
f 1518 4816 4423
f 1188 1357 3489
f 2459 5 4537
f 674 1189 1717
f 1189 4833 1717
f 3605 1108 2999
f 1692 2889 2513
f 2787 2290 4469
f 3696 754 224
f 3297 3388 2771
f 790 789 1193
f 1407 1195 573
f 3139 1195 1407
f 2279 1238 4451
f 178 4711 4863
f 4118 4699 4093
f 3587 2258 2007
f 2893 1202 1539
f 1314 4291 305
f 165 1203 4191
f 1605 3015 3545
f 3015 1605 1268
f 281 1204 2398
f 1535 1981 2675
f 1571 4331 395
f 4935 2038 2551
f 4009 2038 4935
f 691 3000 977
f 3731 1390 1853
f 1034 4381 1058
f 4594 3012 1206
f 620 1372 3976
f 940 1533 559
f 2608 1207 963
f 438 3043 3698
f 418 3381 1167
f 4649 1805 2126
f 1602 1556 4286
f 609 934 4275
f 2552 26 3703
f 3111 2062 4882
f 4940 3729 2343
f 4183 4048 4068
f 3451 414 1964
f 956 177 1213
f 4083 2659 1257
f 3286 1748 927
f 392 373 2072
f 508 823 2064
f 4817 1007 3166
f 3166 1007 2063
f 1465 3180 753
f 4700 2070 791
f 4027 4350 3095
f 1498 3580 3733
f 2657 4986 3764
f 3597 2463 1092
f 3597 2436 2463
f 4561 1345 645
f 136 2494 1955
f 1906 790 4017
f 163 765 4047
f 2492 1298 2186
f 879 2649 4281
f 1229 4824 4031
f 1419 3989 2151
f 3806 3713 2156
f 1486 1752 2793
f 3592 2889 3179
f 2873 4301 2874
f 1234 3354 1673
f 4435 3977 4978
f 535 2606 786
f 633 4723 4886
f 3382 4615 4398
f 1237 239 4024
f 4878 423 4942
f 114 4878 4942
f 4360 4023 1918
f 1518 3340 4334
f 4727 1754 2162
f 1612 2855 3018
f 3807 3837 3257
f 4084 744 4670
f 2120 472 3523
f 1246 1469 771
f 1107 3472 3205
f 2198 2851 3101
f 1246 1248 3176
f 1919 1963 2215
f 731 14 2540
f 3207 4524 186
f 934 1251 2986
f 3185 569 1501
f 1746 4725 166
f 1743 1493 3862
f 2092 1502 917
f 3528 1741 1490
f 3740 4083 1257
f 1373 4195 3923
f 3929 2566 3770
f 3794 738 3990
f 1016 4876 1307
f 3783 4843 3036
f 486 4623 1074
f 3342 4148 171
f 3244 453 615
f 3286 3986 2774
f 709 223 3112
f 2709 4438 3517
f 3223 3436 3864
f 3844 3118 4040
f 1871 4591 364
f 1460 913 4904
f 4567 3276 219
f 1266 3127 2918
f 3813 3113 2909
f 2101 2052 4993
f 4993 4935 500
f 1934 3938 1119
f 1068 4514 4185
f 4852 114 3253
f 3253 114 4888
f 317 1492 1077
f 1045 88 1867
f 2490 4659 2533
f 4702 3475 1388
f 110 3053 2422
f 2243 564 2322
f 2297 4891 3833
f 3371 15 1272
f 1736 3838 4783
f 2951 3883 1831
f 1455 2951 1831
f 2154 3347 425
f 3492 3992 4052
f 3700 3860 2285
f 1450 4973 2141
f 3897 1807 406
f 3385 2639 2255
f 3855 4886 1624
f 154 1277 4735
f 2557 4735 1277
f 909 3101 2851
f 127 4769 4835
f 4769 2408 1200
f 1825 3375 138
f 2849 461 113
f 4303 573 607
f 1632 4383 3187
f 1196 1383 3204
f 2967 2827 739
f 1749 2790 3573
f 3640 330 4605
f 3163 3164 4724
f 4619 2611 2485
f 3968 1181 3325
f 822 2733 2953
f 3002 3009 4343
f 2015 1093 2728
f 1485 3515 4891
f 3703 4965 1046
f 938 4759 2479
f 2479 4759 3405
f 737 891 3498
f 2541 3706 1560
f 2820 4333 2731
f 1414 833 4923
f 869 1739 4023
f 539 2009 2759
f 2527 4624 4418
f 4621 4308 190
f 4722 632 473
f 91 1990 3126
f 4443 320 1065
f 3140 9 4431
f 2659 1473 3650
f 344 4807 65
f 1563 965 1296
f 647 242 4246
f 4382 2017 864
f 3984 3579 365
f 2566 4984 3387
f 3181 1299 962
f 3181 2601 1299
f 3611 2580 1800
f 1758 1590 722
f 4376 4416 3928
f 2378 4723 2306
f 1996 4540 1303
f 205 2101 378
f 4796 3692 3920
f 1304 1067 1484
f 125 3416 888
f 2189 125 888
f 320 4239 3530
f 1455 2231 2951
f 2746 3939 562
f 1174 3822 881
f 2143 533 4666
f 359 1679 3724
f 4724 3396 4439
f 95 1632 3187
f 1842 1787 1155
f 3322 1836 2523
f 1702 4611 1309
f 2792 1243 3859
f 2878 1243 2792
f 2352 1770 4114
f 4903 2352 4114
f 3633 4742 3930
f 2977 1312 3940
f 1810 1949 1566
f 3066 2002 1662
f 3068 4028 121
f 4221 3567 1582
f 3888 2446 2359
f 1972 1688 4734
f 1104 1749 4646
f 4627 3538 2138
f 4053 18 4613
f 3989 4841 1896
f 3831 196 3182
f 3243 2606 4901
f 2064 2739 2678
f 2431 693 2981
f 3764 4986 4791
f 1979 3797 1424
f 1246 1859 1248
f 926 2190 1533
f 4652 1328 3974
f 2742 1877 1327
f 969 3875 2825
f 1659 3306 4564
f 2688 3659 1186
f 2257 3311 3331
f 622 664 3702
f 1607 3705 2766
f 4716 1923 563
f 4586 3611 1800
f 2235 4665 3711
f 3234 1123 2478
f 2791 3234 2478
f 3285 1206 7
f 3263 2942 4412
f 4664 2502 1847
f 676 415 1252
f 194 1335 3747
f 3167 1083 4717
f 2586 4777 2546
f 1833 3776 583
f 1791 1192 201
f 2904 576 2848
f 2384 2430 1174
f 3312 4598 4310
f 4252 4875 2072
f 1361 2632 749
f 3706 2541 2128
f 2128 2541 4437
f 511 2234 4673
f 3239 1341 942
f 2145 4722 1058
f 4257 3610 4226
f 3652 4752 198
f 1006 1345 3932
f 3518 2997 1347
f 3334 413 3906
f 4313 4193 4665
f 2103 1945 4887
f 1945 4671 4887
f 2419 359 3724
f 3620 457 4188
f 2902 1072 3403
f 2627 2869 2786
f 1892 744 104
f 4950 3386 3198
f 570 3800 811
f 3889 3198 1621
f 729 468 482
f 4919 4227 4478
f 4683 1723 4932
f 3525 4890 1990
f 3538 1356 1733
f 513 1357 1188
f 3088 3790 4416
f 4387 3732 417
f 2105 4485 3245
f 960 4485 2105
f 2728 4052 1468
f 2699 4355 4361
f 4074 4730 4231
f 3150 3237 1446
f 3502 981 665
f 1359 3208 2875
f 3778 2355 1019
f 2216 2791 4764
f 4340 2456 2234
f 4401 348 580
f 252 3725 3659
f 3305 4693 99
f 2469 1702 4260
f 1309 4260 1702
f 1126 2269 2231
f 1560 1352 510
f 2686 1777 2801
f 238 2982 2083
f 2459 2848 408
f 3648 1332 4622
f 4643 1332 3648
f 2310 2421 2825
f 498 834 706
f 498 706 2362
f 4150 168 3656
f 743 1912 4838
f 1263 1370 3600
f 1263 4801 1370
f 4987 4927 2545
f 221 4759 3502
f 3930 4742 1369
f 1368 2375 1258
f 2428 4895 2803
f 2803 1697 2428
f 1076 723 1371
f 506 1373 1503
f 506 1684 1373
f 2318 127 4835
f 2880 2754 3805
f 854 113 1374
f 151 1377 3854
f 2712 2239 1376
f 4389 4655 2454
f 922 2911 4072
f 1988 539 2759
f 1566 1978 2701
f 1381 4177 2641
f 4820 4372 3872
f 2641 4119 1381
f 3625 576 2904
f 2053 1212 838
f 3314 336 343
f 343 336 1779
f 1228 4726 2784
f 2991 167 1875
f 2869 4790 1385
f 3071 2850 688
f 1303 537 2578
f 4322 415 676
f 4020 1603 3385
f 2292 3959 3523
f 37 3462 877
f 3949 2224 1389
f 1217 4443 4392
f 4795 936 274
f 4274 3769 1964
f 4373 4679 1078
f 4024 3220 553
f 4808 1390 604
f 1950 2839 2051
f 2127 2503 3179
f 3766 1817 3642
f 1218 347 1392
f 347 636 1392
f 1912 2764 413
f 803 2703 76
f 61 551 3647
f 2957 803 4590
f 1062 1914 3073
f 2877 1204 281
f 2969 3765 4021
f 2331 4403 1138
f 2804 2068 1165
f 416 3318 2947
f 2151 421 1821
f 4551 4677 250
f 1261 4551 250
f 4487 4265 4061
f 784 3025 2871
f 3025 4566 2871
f 4694 1402 1475
f 1475 1402 1400
f 4866 3978 4867
f 2190 1067 3221
f 758 987 1406
f 2619 1847 2474
f 3972 2691 2800
f 3714 3298 1826
f 1543 2179 1407
f 2019 3871 238
f 1821 895 1218
f 3603 1969 3364
f 2569 3863 2634
f 68 936 4795
f 396 4473 2011
f 32 1601 3902
f 4930 2463 3897
f 267 1888 457
f 3750 1215 950
f 2527 1660 4624
f 2326 3792 4961
f 3377 4839 2929
f 3377 2086 4839
f 1414 2685 2347
f 3148 2761 3979
f 845 4090 4575
f 683 1055 2291
f 4553 1795 2722
f 1457 1416 848
f 2739 2808 2678
f 4749 3443 572
f 1453 2647 2338
f 2431 1987 741
f 3583 3624 4510
f 2694 3952 2054
f 1685 4003 4232
f 1421 4572 525
f 1508 540 2011
f 1561 4184 1425
f 3586 2450 1424
f 3290 2919 4420
f 3809 2526 4330
f 235 2400 1426
f 374 4524 3789
f 4524 1972 3789
f 3088 1747 2189
f 4781 3167 1786
f 130 1512 3282
f 405 498 3418
f 251 2669 1050
f 1776 4191 1203
f 643 3508 3104
f 413 2764 2712
f 3303 3767 3911
f 938 2712 2764
f 883 4354 1262
f 4426 3975 3796
f 2386 3029 1287
f 3415 480 4422
f 2780 4695 471
f 1992 2099 2887
f 3973 3526 1234
f 4290 3701 3548
f 1072 3040 1878
f 945 1072 1878
f 3739 964 3413
f 3562 2580 3229
f 2743 2389 3007
f 3223 4066 3436
f 2918 3127 541
f 1698 4697 1893
f 2384 3997 4657
f 2228 4547 2865
f 657 3999 4316
f 869 589 1739
f 4323 3915 3192
f 3192 504 691
f 3263 278 456
f 2438 3430 54
f 4770 3630 339
f 1444 1117 1273
f 169 175 108
f 3678 273 4392
f 1896 4841 4458
f 736 54 1445
f 3876 3050 1710
f 3459 4916 2436
f 4313 2946 1190
f 4532 3020 3021
f 1448 4024 1361
f 453 1023 3333
f 543 1316 4953
f 14 731 534
f 2897 2606 2376
f 2606 4197 2376
f 237 612 196
f 2533 4858 47
f 1080 1605 3545
f 1979 1424 911
f 19 1505 846
f 1452 1666 2631
f 1006 586 1240
f 1635 2066 4727
f 3677 2066 1635
f 93 3739 4880
f 3241 1988 3563
f 3960 624 444
f 468 707 4798
f 3960 1892 4619
f 2497 4778 4246
f 954 2826 614
f 2794 472 2120
f 4434 4697 1698
f 4846 2916 696
f 2108 4262 3044
f 2132 3448 215
f 3067 3953 2530
f 3587 3505 4669
f 332 1470 156
f 1875 1471 517
f 1892 4670 744
f 2773 1473 1203
f 2705 2586 923
f 2692 171 4148
f 1928 4697 549
f 3340 3639 4199
f 1477 412 2879
f 4354 568 3634
f 2881 2278 928
f 1645 2491 384
f 1645 384 3899
f 3151 2881 2207
f 549 4434 1934
f 35 3447 1858
f 1364 339 1482
f 2114 782 411
f 2427 1656 436
f 1585 4214 2600
f 2488 655 4412
f 4412 655 3263
f 764 4158 4635
f 1196 2065 4251
f 919 4547 720
f 4073 4648 4812
f 1125 234 3744
f 2158 4739 4502
f 2158 1375 4739
f 1393 1954 2289
f 2331 1138 887
f 1138 3353 887
f 2590 476 1485
f 476 3515 1485
f 4824 4702 2581
f 1533 1170 283
f 105 285 3735
f 1122 4491 3445
f 4063 696 1270
f 4480 4465 1587
f 1510 2847 3170
f 827 4660 302
f 3266 2583 2032
f 3375 562 3474
f 568 883 4884
f 2832 568 1054
f 79 2834 3081
f 4510 4005 3482
f 1341 1417 942
f 3481 4056 146
f 2082 1033 4964
f 3733 4526 1498
f 2668 752 1500
f 1500 752 354
f 2450 1061 3169
f 637 1061 2450
f 303 2524 3175
f 1030 3175 2524
f 917 1502 4328
f 2214 2702 8
f 4476 1503 1373
f 247 4649 2958
f 3004 4013 2565
f 3081 4836 4636
f 2340 2988 3985
f 4675 3185 1501
f 397 2766 4985
f 867 1929 4075
f 1742 3046 1143
f 1476 717 4138
f 1508 2011 4473
f 3537 880 3467
f 1983 3643 1512
f 1983 1512 130
f 2399 3787 4441
f 3709 2304 4174
f 2231 4792 1144
f 3808 1317 151
f 3999 1666 3855
f 2780 471 1105
f 3566 10 3335
f 2801 1777 2058
f 3149 397 4327
f 2808 2739 3554
f 4130 2029 2724
f 3304 4957 1015
f 4539 2959 1655
f 575 1998 1188
f 4049 4697 1928
f 1453 2917 1526
f 3469 2515 1146
f 1464 2005 3669
f 2812 1469 4303
f 1653 1374 113
f 2758 1535 2278
f 2195 1733 158
f 1072 945 3403
f 4914 1039 4681
f 4604 1008 850
f 150 994 4738
f 2329 2006 3552
f 4828 4621 190
f 4513 904 2168
f 2220 599 1965
f 599 1650 1965
f 281 3356 2877
f 1548 484 793
f 1259 2815 4911
f 3588 2091 3845
f 3139 4284 1195
f 1636 821 2644
f 1976 970 3770
f 2979 843 2961
f 3514 2056 4515
f 874 1947 1380
f 2200 3867 4975
f 781 1760 4573
f 1063 203 3224
f 3713 4982 327
f 4800 4563 4337
f 2774 1748 3286
f 463 1904 733
f 3793 93 4880
f 4405 2219 3982
f 1557 2153 1287
f 3448 4531 2271
f 1455 1126 2231
f 2541 510 3908
f 82 1882 3970
f 3161 2095 4777
f 4539 538 2821
f 2430 4539 2821
f 1507 3634 1854
f 3314 1948 1754
f 3251 2773 1514
f 458 468 729
f 272 1567 1459
f 860 1534 4163
f 4393 860 4163
f 3433 1924 3786
f 2992 509 748
f 4205 1431 2250
f 2058 2643 4170
f 3922 4052 3992
f 2736 3143 1570
f 2680 4823 2508
f 4331 1571 650
f 4209 1157 3282
f 3585 975 4474
f 2295 1574 2811
f 1073 4794 1209
f 3355 430 73
f 2755 1134 373
f 133 2099 4865
f 133 3206 2099
f 474 1575 4671
f 2476 912 1467
f 4509 668 403
f 2762 4220 81
f 762 2990 3519
f 1001 1578 1081
f 2023 3277 1782
f 3302 459 1579
f 3595 1360 4277
f 3577 4898 1872
f 4824 2581 1582
f 3006 4569 831
f 3068 3349 4247
f 4431 2888 3140
f 619 2094 4211
f 3580 4484 3733
f 3416 2627 1385
f 323 4250 3156
f 3376 3045 3589
f 4155 3305 2754
f 1669 4692 236
f 2067 3729 4758
f 4640 4309 2698
f 1695 235 1426
f 2971 1425 1644
f 4757 373 4263
f 813 4685 3842
f 3662 2321 889
f 3294 4116 1993
f 1857 987 1720
f 3600 3879 1263
f 1835 2554 3840
f 2004 2713 4741
f 4679 166 1594
f 1596 4359 973
f 971 2903 3848
f 1598 4534 858
f 3406 773 956
f 558 1064 4104
f 3114 2630 3463
f 3090 643 1199
f 1007 4038 2063
f 4476 4931 4333
f 1104 1845 846
f 2717 4051 49
f 488 2799 2588
f 2055 2987 2989
f 2079 1662 2413
f 4562 1478 1611
f 159 1612 4918
f 1306 1362 16
f 1614 766 980
f 3953 507 2530
f 2388 237 856
f 538 235 3846
f 2203 1050 3449
f 3289 422 4481
f 175 902 3733
f 3835 1872 2635
f 4145 1106 350
f 3326 181 3367
f 3436 4066 4189
f 661 3927 801
f 1786 1377 3765
f 4021 3765 1377
f 532 4813 451
f 2828 1121 3818
f 1418 226 4943
f 3036 3531 480
f 2840 1431 4205
f 2563 4523 4051
f 874 1021 946
f 4348 4877 4750
f 516 4195 1373
f 1818 4115 2516
f 2213 468 4798
f 1423 1619 4926
f 2589 1959 3407
f 2589 2756 1959
f 3628 425 460
f 4022 1022 3726
f 1999 2036 165
f 2570 1244 3343
f 2602 686 503
f 3304 4597 2325
f 3637 678 3159
f 1913 1625 2223
f 2429 3007 4583
f 4846 4228 3991
f 3049 180 4583
f 2677 4609 3471
f 4212 2770 1382
f 2448 579 1216
f 517 788 4951
f 3724 2244 2419
f 1925 2483 1626
f 1796 1626 2483
f 1656 77 191
f 77 4753 191
f 911 3169 3417
f 1779 336 1423
f 1102 929 1310
f 3723 3941 3864
f 3845 2440 2608
f 1630 3335 900
f 4598 540 2387
f 527 2333 4685
f 1409 527 1408
f 3145 1236 65
f 1722 2231 2269
f 913 254 4904
f 1755 526 2264
f 1439 3704 2316
f 2340 4867 3978
f 533 527 4685
f 4351 62 1721
f 3446 3788 4002
f 4409 3990 738
f 1902 1227 2573
f 1435 233 1886
f 215 4949 569
f 646 2318 3004
f 292 3391 955
f 4369 1447 931
f 294 2417 4914
f 3444 2849 2673
f 4126 2312 1085
f 1444 651 2866
f 4288 2611 590
f 250 1642 28
f 2611 4619 590
f 1324 3159 590
f 1230 2391 1731
f 1252 3295 3607
f 905 3995 2858
f 3089 2359 4728
f 263 1641 3245
f 3387 4984 2930
f 2072 597 1826
f 44 4579 4654
f 4172 1080 4358
f 4953 1316 1539
f 3323 1013 1221
f 397 3149 1648
f 1648 3149 2621
f 294 937 4336
f 3152 3385 2530
f 678 2687 3159
f 1250 1943 4817
f 3884 944 4683
f 2612 3542 842
f 3590 212 4841
f 195 4934 3131
f 2137 1751 2691
f 452 2912 830
f 4873 4826 4626
f 1101 4078 1754
f 2943 3327 2393
f 628 462 3186
f 257 71 4272
f 1476 4138 4688
f 852 948 2351
f 948 4265 2351
f 1550 2875 3961
f 4426 1651 3975
f 3969 3356 140
f 3961 2875 3208
f 1472 2863 312
f 3080 388 1683
f 606 2403 3700
f 3654 4218 3670
f 460 3791 1448
f 2613 4545 4061
f 2928 521 4449
f 2690 2649 4314
f 4314 2649 385
f 2198 3882 1653
f 2972 4702 1229
f 3551 2972 1229
f 607 4315 2812
f 4856 641 4276
f 180 3321 4063
f 2124 1338 2131
f 528 510 3832
f 4589 3946 2089
f 242 2670 399
f 1771 1499 4849
f 2527 2267 1660
f 3657 4373 1438
f 2894 3695 2398
f 1663 3480 1186
f 3924 1753 3016
f 3016 4766 3924
f 1664 256 1010
f 4497 1665 1701
f 2310 192 4397
f 1599 3771 3869
f 4870 4499 4735
f 1 3924 4766
f 4766 812 1
f 4915 67 1343
f 2229 1666 3999
f 2115 2964 4855
f 968 4957 3304
f 422 1722 2269
f 4090 815 2091
f 2091 815 2440
f 2268 2549 1702
f 667 1668 3994
f 3000 691 1669
f 530 4631 2532
f 3644 2867 3107
f 3100 516 2684
f 1547 1642 3859
f 1672 121 3773
f 2464 1674 1415
f 1549 2595 14
f 2779 1778 4058
f 2393 3524 254
f 2246 1249 1677
f 4931 2225 334
f 573 1629 607
f 3264 1677 1249
f 359 1154 1679
f 3651 429 3483
f 1607 2439 3705
f 4305 4863 1756
f 3571 4205 1970
f 4381 1034 4095
f 1034 1058 4243
f 2610 2101 4993
f 2101 2610 1997
f 2841 3949 1389
f 4101 4648 1427
f 2611 4288 3437
f 4734 1688 3297
f 2663 2254 1083
f 658 4813 126
f 3462 37 941
f 3382 1169 4615
f 2502 2831 941
f 1868 3510 740
f 1876 1013 4000
f 4710 4128 3084
f 931 3673 4238
f 4246 4503 647
f 2902 3538 1241
f 4763 1694 3971
f 4490 3069 905
f 3352 4616 309
f 485 1358 694
f 3351 414 3451
f 934 400 2915
f 3761 435 3731
f 1212 4871 838
f 307 1233 1036
f 4930 1580 4127
f 149 3149 3507
f 4173 750 2496
f 2621 3149 149
f 877 2805 3901
f 4973 2081 4210
f 2148 2853 4975
f 303 1270 1030
f 282 3486 2599
f 3357 1707 4500
f 2543 2133 3167
f 4781 2543 3167
f 280 1602 4286
f 1376 413 2712
f 1104 4496 2714
f 4729 1709 2594
f 3151 1710 3050
f 4118 3043 4699
f 1995 2374 4444
f 1284 4230 2357
f 2153 4732 2386
f 1287 2153 2386
f 4400 1885 1245
f 175 3481 902
f 2339 733 1904
f 4839 1057 1115
f 4097 4544 1898
f 3974 4544 4097
f 1719 477 3622
f 624 487 444
f 2669 4351 1721
f 1723 4683 4479
f 2845 1722 1219
f 2718 351 3193
f 33 4401 1017
f 2550 1080 4172
f 160 3123 358
f 3178 1529 1728
f 2124 2131 44
f 2131 2954 44
f 1731 50 1230
f 820 953 467
f 534 2261 1524
f 727 3903 4618
f 1938 4573 1760
f 1230 4689 3609
f 3280 2021 847
f 783 3668 3018
f 4542 378 2215
f 2296 2562 1621
f 4166 1021 687
f 3644 3107 2423
f 524 4701 2276
f 2357 3190 2194
f 3498 891 43
f 4668 2999 4972
f 55 2290 3871
f 3287 4025 375
f 3914 1738 3742
f 4333 1932 4476
f 4333 2820 1932
f 1201 1180 2725
f 389 4612 546
f 1741 3616 2406
f 2840 3681 4057
f 4183 4799 4082
f 312 2230 788
f 4284 2002 2281
f 3042 1002 3091
f 4686 3926 3309
f 4370 2461 915
f 2650 442 172
f 2947 3318 2857
f 2424 2620 3925
f 3232 4019 2445
f 3232 2445 1278
f 841 1174 2382
f 1940 3933 32
f 781 3728 1760
f 4900 2833 4639
f 3958 910 2118
f 4500 310 4740
f 2559 532 2862
f 384 3768 3937
f 384 3937 3023
f 614 2826 1986
f 1558 2793 1752
f 4339 2949 3173
f 1627 3351 1755
f 3348 1410 2543
f 4678 2770 2759
f 1382 2770 4678
f 2548 3248 3365
f 4387 417 418
f 2380 4726 2527
f 1716 3535 3917
f 846 4933 2232
f 3257 3819 3807
f 2656 2402 1004
f 1082 1044 3032
f 419 4617 151
f 2660 2237 2620
f 2435 2508 3478
f 898 1408 527
f 4250 323 2523
f 4113 3607 3905
f 2057 4806 350
f 1508 1171 2937
f 4974 277 2342
f 953 4974 2342
f 1736 1628 4966
f 4239 1736 4966
f 801 380 4716
f 345 380 801
f 4617 4962 3907
f 4278 1706 2087
f 4552 821 4240
f 3918 1797 150
f 1331 225 2603
f 634 3573 2282
f 3981 2394 1468
f 4526 4940 1498
f 2723 3493 95
f 1880 256 3940
f 256 2977 3940
f 4916 181 2436
f 4460 1828 4743
f 2390 2079 4366
f 4139 3685 4088
f 1739 589 4117
f 2555 4426 361
f 4147 157 1780
f 3584 3300 3561
f 4591 3342 2772
f 673 2166 1516
f 2744 4280 4526
f 2355 3865 190
f 4828 190 3865
f 4080 4226 2976
f 1604 3301 3338
f 4793 2039 3780
f 1199 350 826
f 4118 4093 792
f 4596 4068 3363
f 2425 1927 1718
f 3114 3887 2106
f 3773 4028 2579
f 2983 645 1345
f 2164 4647 4721
f 4758 4940 1922
f 4262 1221 3044
f 3237 1221 4262
f 3868 2592 595
f 1086 3723 3332
f 213 2523 323
f 3995 2234 511
f 3861 912 3199
f 1317 2862 4154
f 3438 3404 1693
f 4256 3519 3708
f 1807 3897 3164
f 4345 1178 1709
f 3518 1347 1800
f 3838 2455 601
f 3077 4283 1802
f 2852 1337 4694
f 449 4110 4992
f 3754 1833 4341
f 2058 434 3268
f 2042 1139 3836
f 566 1986 2826
f 4441 2213 4798
f 3911 3767 1162
f 3615 464 2193
f 3619 1811 439
f 2908 2467 1838
f 2163 423 817
f 4807 3900 65
f 516 4831 4195
f 4324 2804 3890
f 1619 4987 1319
f 1596 1808 4359
f 1464 3867 4676
f 4833 4987 1619
f 736 4214 829
f 3013 3614 2741
f 1481 4329 807
f 1421 2666 823
f 1421 109 2666
f 321 1891 771
f 4365 3435 4936
f 4761 3513 2189
f 4704 3638 2482
f 3364 398 3603
f 4150 3130 1837
f 3640 398 3364
f 473 2625 2572
f 4900 2625 473
f 4369 3463 2630
f 4517 3144 3386
f 1816 3144 4517
f 3803 4577 4760
f 2265 2921 1943
f 4752 705 2472
f 347 4963 636
f 1065 6 4392
f 2529 4598 4235
f 2837 4383 1530
f 1562 3208 1359
f 2883 2298 296
f 2763 2060 885
f 2503 943 3467
f 3871 1057 238
f 4829 4026 2856
f 3627 3368 4718
f 4302 4064 259
f 4861 4893 2186
f 1826 3298 392
f 1471 788 517
f 3228 3799 3400
f 2788 2506 3661
f 903 4000 4261
f 3981 1468 4375
f 3550 366 2574
f 3690 2225 1386
f 3401 3371 4559
f 4142 934 2915
f 2579 4475 4249
f 4891 2297 3840
f 2280 3391 8
f 3891 519 3384
f 1742 969 3829
f 1742 3875 969
f 1253 3935 3824
f 1873 2872 844
f 1911 2699 1995
f 1425 4184 1644
f 1841 3561 1111
f 1149 1200 1843
f 3482 4720 3524
f 2985 194 2350
f 2985 3115 194
f 3134 2562 1552
f 4243 4757 1112
f 2965 3007 2429
f 1285 3120 609
f 2563 3429 1734
f 3324 4559 1272
f 3836 603 3362
f 1551 887 3353
f 3743 4076 4628
f 2122 2814 3021
f 861 1848 204
f 1712 507 4319
f 3864 297 21
f 3864 1222 297
f 1853 1390 3212
f 2690 4281 2649
f 4829 4481 4026
f 2597 3322 2624
f 4020 1578 4159
f 950 1215 3097
f 2817 1703 3080
f 2909 2936 3408
f 4189 1513 3651
f 106 1483 2623
f 4872 3929 106
f 1857 1720 352
f 4321 1935 2302
f 2340 3964 1860
f 3770 2486 1976
f 4263 3298 3615
f 3437 4991 1866
f 4868 1868 3783
f 2259 203 1869
f 2631 3802 2829
f 1463 527 1409
f 3192 977 3686
f 1873 756 2872
f 4276 1874 662
f 3906 3121 2080
f 4009 4993 2052
f 1062 3011 1914
f 1414 403 668
f 2226 1160 4674
f 4674 1160 4132
f 2247 1315 857
f 1879 3745 3788
f 4877 967 4750
f 2408 3988 1200
f 3276 1840 2890
f 3781 313 3201
f 2787 3219 2290
f 946 3154 255
f 260 3291 978
f 4199 3291 260
f 2118 910 3315
f 1498 4940 2343
f 1278 82 3970
f 3232 1278 3970
f 1874 4704 662
f 2581 1130 2824
f 2304 4259 382
f 3072 3155 3624
f 4048 104 4068
f 1885 4006 4780
f 3812 1093 610
f 1756 4172 3479
f 3857 4156 3406
f 610 1093 2015
f 1569 3290 4420
f 2459 4537 4209
f 1421 3183 4117
f 2758 2278 3260
f 1393 2289 2041
f 752 2668 2707
f 4534 1312 1131
f 608 494 3441
f 32 227 4889
f 25 4188 1888
f 4017 493 4528
f 845 4575 1889
f 1004 3910 2768
f 4059 3956 1344
f 1890 1626 1796
f 1013 4790 2869
f 1013 1570 4790
f 3546 4287 2575
f 4045 2464 1415
f 1893 1696 89
f 2429 1894 3434
f 4612 611 2912
f 4466 4225 4162
f 1075 27 2061
f 1693 3404 3131
f 1898 4544 3673
f 2528 1676 763
f 3764 232 1830
f 4501 3284 4771
f 4327 397 1901
f 3124 1372 620
f 3542 4533 842
f 3168 1365 33
f 1779 2441 1948
f 433 385 3292
f 2648 1422 1440
f 595 2672 3162
f 741 1904 463
f 2850 519 316
f 3662 1205 1369
f 1768 3667 2510
f 3001 4936 3435
f 983 1699 523
f 1909 4466 789
f 326 3599 1559
f 2681 4053 3078
f 4330 3392 18
f 3760 2166 673
f 2056 503 2059
f 4171 100 1915
f 3850 868 412
f 306 4101 318
f 305 4291 417
f 3014 176 760
f 1751 4010 832
f 2493 4010 1751
f 2243 1153 958
f 3359 1919 2215
f 3454 3976 1372
f 924 192 3875
f 2492 4857 3258
f 1921 52 3024
f 241 57 1110
f 4758 1922 2067
f 1922 3425 2067
f 1797 2591 574
f 150 1797 574
f 371 2781 4573
f 4787 775 3763
f 3317 2068 999
f 2978 2111 3703
f 2711 2030 2899
f 3415 3036 480
f 3192 4506 504
f 1924 3433 1267
f 3113 670 2287
f 1929 255 4075
f 4599 2473 3983
f 317 1077 2632
f 3895 4674 4132
f 2883 4865 1992
f 440 199 1784
f 4783 2618 4244
f 4295 797 1930
f 4784 1450 1676
f 2171 4483 4074
f 4784 2081 1450
f 2197 3192 3686
f 482 2330 729
f 1411 3675 518
f 4169 2022 198
f 3457 2553 3168
f 1 812 1626
f 4029 59 1148
f 948 1963 4265
f 4771 3682 1916
f 1936 3114 680
f 3176 2654 4303
f 573 4303 2654
f 1731 3133 1528
f 1915 4212 1718
f 4908 638 950
f 4543 1942 3029
f 1752 656 4204
f 1910 1944 1945
f 3508 4145 3104
f 4528 493 271
f 3873 1719 3622
f 1951 623 2843
f 3862 3183 823
f 3372 3526 1959
f 2929 4839 594
f 3785 5 3774
f 2155 3337 579
f 4690 3907 4164
f 4659 4516 2533
f 4623 486 2152
f 2790 1431 4057
f 766 4983 2973
f 980 766 2973
f 3811 3157 3014
f 3082 4226 4081
f 3455 3442 2249
f 3997 2762 4657
f 2762 300 4657
f 1667 1236 243
f 2544 702 1265
f 2588 2799 177
f 2588 177 956
f 210 1380 1952
f 1185 2320 2868
f 2442 2626 745
f 4490 4083 3069
f 4597 3304 4944
f 660 2601 3181
f 1953 3749 4605
f 4727 3749 1953
f 1427 310 465
f 342 2293 53
f 1170 1533 2190
f 882 4 703
f 982 2309 2639
f 1603 982 2639
f 794 68 4112
f 2299 683 3074
f 2609 3951 1085
f 1958 3701 4290
f 2187 1543 1177
f 1121 264 3818
f 3109 2749 3952
f 4476 1373 4931
f 155 3 2573
f 3 1164 2573
f 54 736 1442
f 2381 4868 3415
f 211 998 689
f 186 4524 374
f 4448 1239 2554
f 4605 330 1953
f 218 1001 370
f 2134 2161 3997
f 93 4095 1112
f 4694 3313 2852
f 3237 3150 1011
f 4294 4020 3152
f 624 2859 487
f 2200 1250 2782
f 2192 2416 4584
f 577 3035 1152
f 4718 3135 4399
f 2946 2218 1190
f 1770 1636 4114
f 3873 2662 1521
f 3873 2561 2662
f 491 1927 3441
f 2682 2938 1216
f 2938 4630 1216
f 4351 251 4
f 2669 251 4351
f 2585 1977 1978
f 1977 2701 1978
f 755 3433 3786
f 4715 1285 1857
f 1980 3333 2415
f 3134 4910 3355
f 237 174 612
f 2696 2843 4860
f 3092 676 3439
f 2483 1925 1766
f 3117 1228 2784
f 1370 4801 836
f 1644 1574 711
f 34 1532 3934
f 2477 55 4088
f 2359 4257 2822
f 3092 3874 1982
f 2724 222 4130
f 1903 860 4393
f 4483 3242 4074
f 1367 3499 1436
f 3643 1984 2130
f 4897 242 647
f 667 1987 4287
f 614 3826 4471
f 2433 3574 1047
f 3574 2433 4512
f 879 4808 604
f 1244 1620 3194
f 1172 4335 1990
f 2573 3037 2670
f 3636 68 4795
f 4403 1708 3009
f 3601 2041 2934
f 4780 4131 162
f 4584 2840 3571
f 1294 3404 3438
f 3759 3163 1320
f 991 1428 3748
f 2075 2761 3311
f 2761 4428 3311
f 4548 374 3789
f 664 1217 1638
f 2630 56 4369
f 2997 1800 1347
f 2962 2036 4785
f 2709 3671 4438
f 3715 1585 2600
f 1468 4990 4375
f 2578 1996 1303
f 4173 2496 627
f 35 1858 681
f 2575 2102 45
f 3093 1802 515
f 947 34 1480
f 2955 1896 4458
f 2215 378 3359
f 4736 2272 3735
f 753 1169 1790
f 1646 4569 3056
f 640 3206 4194
f 2007 3330 610
f 610 3330 3812
f 3056 4569 278
f 4404 3691 4168
f 1907 185 4800
f 200 775 4787
f 4917 3513 4723
f 3835 701 1872
f 3000 1669 772
f 21 4536 4535
f 1500 2555 702
f 2072 373 431
f 1051 2139 2001
f 2005 4124 4123
f 3343 75 2984
f 804 906 4446
f 2893 1539 259
f 4510 3482 2004
f 818 2671 361
f 2006 2783 3552
f 4871 36 2596
f 1823 997 4756
f 4031 1126 1229
f 2568 1444 1273
f 2980 892 4523
f 3256 233 1435
f 2757 390 2314
f 1482 2397 3536
f 1161 369 4588
f 3478 2769 2435
f 1905 2013 882
f 995 1952 1380
f 276 2659 4083
f 4210 2081 3226
f 3449 1050 2424
f 3371 3241 4711
f 3371 4711 15
f 2015 514 2394
f 3302 4480 1587
f 2082 4964 4060
f 3505 1924 3174
f 361 1917 1757
f 4156 2237 2479
f 2467 3145 1454
f 3370 3443 4749
f 4429 675 73
f 2980 1848 892
f 2589 2823 2034
f 1474 496 3810
f 2589 2034 2756
f 1488 2673 653
f 496 1474 671
f 276 4083 2752
f 375 2224 3411
f 1504 3051 207
f 4924 329 4104
f 4044 329 4924
f 631 2080 4342
f 214 981 944
f 3421 2357 2140
f 1547 1243 3744
f 675 4028 3068
f 3816 2032 2236
f 3751 4811 2486
f 30 1176 3328
f 2921 499 1943
f 2774 1993 927
f 646 4089 2027
f 1993 4116 927
f 202 2608 963
f 2205 2585 439
f 3480 993 1177
f 2957 4590 1194
f 2728 3492 4052
f 939 2697 1395
f 4842 4268 2507
f 2660 2669 4614
f 2850 4956 2464
f 4071 4564 3272
f 216 2603 695
f 2191 84 757
f 857 3175 2916
f 4782 490 3987
f 2969 4021 1317
f 4889 227 2125
f 1147 59 727
f 2672 4809 3492
f 3703 1846 4965
f 2603 3328 4012
f 973 4359 1914
f 1752 1486 1451
f 2047 1654 2471
f 2584 2830 1695
f 3378 2050 3654
f 1732 2049 820
f 1542 453 3244
f 2161 4025 3287
f 3565 1158 1645
f 4188 457 1888
f 2879 1542 4994
f 800 3894 2054
f 4417 2500 1247
f 2494 1323 728
f 393 1785 2056
f 2057 2255 547
f 2478 1123 3687
f 4942 423 2163
f 100 1353 2770
f 330 1717 1635
f 3413 3087 4667
f 2580 3562 1551
f 1004 1297 4077
f 2907 4954 2071
f 163 119 765
f 426 4840 4079
f 520 3869 3771
f 4307 2059 3325
f 1513 2458 4203
f 1695 52 1921
f 4855 2964 4651
f 1285 4915 3120
f 3945 4038 3258
f 2666 4152 2064
f 3658 3660 4294
f 991 3748 2576
f 2464 2598 2692
f 2065 1330 4912
f 4524 4472 1972
f 3267 2452 4928
f 2452 4200 4928
f 4343 3076 2622
f 1078 142 1501
f 2193 4884 4882
f 3084 3593 4710
f 1339 255 3154
f 2144 335 313
f 1129 1653 2284
f 716 747 2983
f 716 2983 3202
f 4599 2392 2473
f 817 423 3454
f 1438 1354 4531
f 3181 962 362
f 2431 2981 953
f 2981 1732 953
f 457 4230 267
f 1157 4537 3398
f 4181 2922 2765
f 4414 1047 3281
f 2883 133 4865
f 1315 2247 3235
f 1049 603 2426
f 410 2851 2198
f 4568 410 2198
f 2698 4309 60
f 872 6 1065
f 3371 3401 3403
f 4619 1892 1324
f 1582 2581 2824
f 2074 3356 281
f 2918 541 3595
f 4177 3146 2967
f 3223 3941 3575
f 1621 1399 3889
f 1621 2562 1399
f 4728 4176 3089
f 3888 2899 2446
f 4412 2936 2488
f 3416 3138 3153
f 3180 4928 2078
f 1662 2079 4558
f 2680 4302 543
f 4956 66 171
f 1008 322 850
f 3333 1980 761
f 4072 2080 631
f 1980 2415 1306
f 145 1680 554
f 3244 615 2042
f 2321 3211 4861
f 4210 578 1411
f 596 1434 3539
f 1026 325 4904
f 2127 3179 2889
f 4156 2620 2237
f 812 4766 2591
f 1014 3662 2693
f 1392 636 2084
f 3609 4689 1006
f 2593 266 754
f 4847 2497 2780
f 2497 4695 2780
f 57 4358 1110
f 2382 1141 375
f 959 2605 1176
f 238 2086 1724
f 4255 4034 988
f 4493 1424 3797
f 2538 4079 4223
f 3010 4834 2153
f 3204 1383 177
f 1071 3707 4540
f 949 4301 2873
f 2761 659 4428
f 2540 2344 731
f 2932 3762 2299
f 1850 3877 1207
f 4086 4103 1985
f 209 2096 2760
f 3455 3553 3442
f 2943 2393 1084
f 4844 326 2574
f 3563 4656 1756
f 2102 3702 4530
f 2810 11 4275
f 1865 3506 730
f 323 2582 213
f 1308 1264 2104
f 62 1441 1991
f 4608 2728 1093
f 4304 2677 3471
f 255 1930 797
f 2854 255 797
f 3292 1681 570
f 3520 3122 4041
f 4190 1889 1249
f 1914 3011 973
f 1894 366 3434
f 2916 4846 3991
f 3987 490 656
f 680 2106 990
f 4293 2787 4469
f 4863 4305 178
f 4168 3309 4404
f 2516 2697 718
f 2697 1025 718
f 3986 2975 2504
f 3755 3280 2882
f 1209 3755 2882
f 2110 2407 4607
f 2110 1975 2407
f 410 2073 1214
f 4388 1545 3606
f 3796 3975 4197
f 921 2456 2567
f 3673 2876 4238
f 1211 4032 4026
f 2249 3442 4474
f 3442 1061 4474
f 4350 3272 1623
f 4350 4027 3272
f 3040 1241 4627
f 1008 4201 1269
f 3090 3866 643
f 2129 2119 3660
f 3772 2768 2457
f 930 1105 1546
f 1041 1796 606
f 4306 3819 682
f 4306 3086 3819
f 542 139 3762
f 542 3762 4661
f 2124 2900 1338
f 1544 448 3953
f 448 507 3953
f 3902 1601 3106
f 2961 1639 2979
f 2361 4909 2159
f 565 4828 3865
f 1367 1180 3499
f 4777 2095 4518
f 4193 287 602
f 1769 840 784
f 1331 2603 216
f 3046 3829 3215
f 3215 3829 4804
f 3738 4167 485
f 3284 4231 4771
f 1989 4482 4590
f 1421 525 109
f 3271 1252 3607
f 1616 4317 4436
f 4436 4317 4442
f 2661 2977 1639
f 996 4328 1502
f 1060 3727 494
f 494 3727 2273
f 193 2154 3901
f 2791 685 4368
f 112 725 2018
f 2085 2749 3109
f 4752 2472 198
f 1689 4721 3891
f 778 663 1155
f 1155 663 1842
f 2978 3703 2144
f 2159 2097 3744
f 4909 2097 2159
f 2143 898 533
f 900 3640 3364
f 1715 3420 2278
f 1890 374 1753
f 1375 4299 4739
f 1753 3924 1
f 3126 2852 91
f 4192 321 771
f 13 4192 771
f 4038 2921 584
f 4198 3297 2771
f 327 1085 2312
f 2188 1397 3681
f 1464 2148 4975
f 1151 4329 1039
f 634 613 804
f 1141 1075 1573
f 3702 2575 953
f 1017 1073 3124
f 4290 3548 2178
f 2923 4612 2912
f 3793 4880 3270
f 2159 3744 1243
f 3970 1882 724
f 1105 4040 3946
f 4017 479 493
f 637 2450 3586
f 2160 1187 1001
f 2134 4025 2161
f 1647 2046 223
f 2163 3280 3755
f 2617 2163 3755
f 2861 4177 4522
f 4768 3711 2165
f 1119 2304 382
f 2850 2464 4045
f 80 4961 1322
f 2170 383 4050
f 2014 3460 3627
f 2898 4701 2720
f 698 1608 4987
f 2174 4442 1519
f 1138 3518 1800
f 742 1710 3151
f 701 3623 4563
f 1525 3331 3311
f 4726 1525 3494
f 3586 1424 1114
f 2440 815 4959
f 4985 2766 4983
f 2084 687 1392
f 3602 2177 149
f 3611 4586 3817
f 3803 2992 4577
f 345 1467 380
f 335 506 313
f 2179 2413 3139
f 3690 852 334
f 1949 1810 4011
f 4191 1776 4289
f 1281 3893 2183
f 849 3128 2987
f 3801 436 2715
f 1398 659 2761
f 3148 1398 2761
f 835 1981 1535
f 3221 1067 998
f 3173 3988 1781
f 2087 1706 961
f 4939 4895 2135
f 4977 1702 4352
f 243 3082 4081
f 4936 2356 4365
f 2354 4958 1315
f 3026 1379 2169
f 4634 2209 2396
f 2372 2192 1524
f 1466 3965 1100
f 526 630 4413
f 2559 4690 43
f 3187 108 2055
f 464 1550 2193
f 3928 3485 213
f 3849 1813 2197
f 914 992 2659
f 4107 3841 3996
f 1577 2821 881
f 2821 3944 881
f 4947 1489 39
f 4644 4594 2199
f 3500 3827 629
f 3217 4377 2642
f 1790 1465 753
f 1790 1511 1465
f 2045 333 77
f 2201 3679 4805
f 1027 2202 572
f 402 3410 1773
f 1190 2218 287
f 2203 3449 1163
f 4881 70 3061
f 848 1416 715
f 4417 2655 3464
f 1567 1456 143
f 3548 218 370
f 2425 1718 1382
f 3212 4745 1853
f 4176 4551 1863
f 4450 3594 4749
f 705 510 2472
f 2209 3387 1208
f 3317 999 2212
f 1218 1392 210
f 270 1942 3853
f 3664 4141 1330
f 2572 2819 4905
f 1692 4776 2630
f 1172 91 481
f 891 1926 43
f 18 2681 3372
f 3170 2213 4441
f 593 3948 4932
f 4159 982 1603
f 292 2214 8
f 185 1907 2217
f 2217 377 185
f 2017 3777 864
f 2764 1912 938
f 743 938 1912
f 1493 3898 1765
f 1273 1117 3091
f 829 3987 3273
f 4536 4142 894
f 3474 1037 907
f 1095 225 390
f 157 738 3794
f 1637 2020 4896
f 1910 780 1944
f 1061 2794 3169
f 414 4274 1964
f 3436 1222 3864
f 4636 267 79
f 1292 873 390
f 2757 1292 390
f 4954 2907 3678
f 342 2971 1644
f 2601 560 3240
f 3470 4364 800
f 3771 76 520
f 982 1281 2309
f 2044 2481 2121
f 1258 672 4321
f 2180 4331 650
f 1901 3529 4327
f 2817 4219 1703
f 1988 2770 1353
f 4045 1415 1235
f 1202 2893 3440
f 90 2100 1026
f 3462 941 2831
f 1650 4628 717
f 909 2851 2233
f 3022 3749 4078
f 2766 3705 4983
f 2550 4900 632
f 1842 154 3238
f 3688 3698 1009
f 2653 4498 2279
f 843 4362 544
f 2315 4090 845
f 2801 2058 971
f 2237 2239 2712
f 3585 1061 637
f 500 1179 2610
f 4963 2240 636
f 4049 1928 501
f 340 1977 2647
f 4839 238 1057
f 4839 2086 238
f 4312 1783 407
f 298 2180 3509
f 3931 2757 611
f 3931 1292 2757
f 1039 4914 2243
f 2399 4207 3787
f 2502 4664 4056
f 3493 1967 2244
f 1010 256 1880
f 4166 687 255
f 4190 2246 69
f 4190 69 1889
f 2277 2534 785
f 4522 770 2608
f 3264 4793 2721
f 1027 4582 4698
f 352 265 4715
f 4032 9 3419
f 4347 3896 3964
f 2250 2392 4599
f 3680 4120 2633
f 3350 4248 858
f 1241 3538 4627
f 4861 2186 4106
f 4861 4106 2321
f 213 3485 1280
f 588 4546 4919
f 1420 2441 4546
f 3998 3717 160
f 1597 4782 838
f 490 4782 1597
f 420 3559 2238
f 1040 4553 2769
f 3848 2903 404
f 1524 2261 600
f 1364 1766 4770
f 927 4812 3286
f 1067 2778 998
f 1875 1472 1471
f 4345 4729 4269
f 2093 2816 3619
f 4961 562 1825
f 1228 3572 2267
f 2144 313 2978
f 1437 4872 2623
f 3305 99 2754
f 4902 1788 4216
f 1292 1798 873
f 2269 3567 3034
f 863 2887 1458
f 816 4616 3352
f 467 953 1732
f 1745 605 3765
f 2270 1492 3017
f 4705 401 4279
f 4440 1276 1344
f 4186 1036 4579
f 2743 3007 2965
f 1229 4702 4824
f 3412 458 729
f 39 3396 4196
f 3942 4976 1095
f 4805 3679 2273
f 1174 881 2382
f 4058 4100 1009
f 3551 941 4320
f 1730 1726 4919
f 137 2465 2274
f 2943 2525 2275
f 732 1323 2810
f 2424 3925 886
f 2859 3505 2679
f 2671 1518 3209
f 2248 4989 4969
f 4019 3232 2807
f 2807 2445 4019
f 1468 4052 3922
f 1594 142 1078
f 3624 3583 3072
f 3761 3132 1286
f 1824 3673 931
f 2614 3205 666
f 3148 3979 1103
f 533 898 527
f 4852 3976 3454
f 4878 4852 3454
f 2999 1108 200
f 2663 1083 3570
f 4861 1033 4893
f 2282 906 804
f 1305 810 4242
f 3145 2467 1236
f 1236 2467 243
f 4489 2769 2779
f 3026 584 2921
f 3762 2932 3898
f 556 3455 3031
f 597 2677 4304
f 205 852 1048
f 1289 3646 1704
f 4003 2291 4232
f 3090 826 2172
f 1847 2080 3121
f 453 3333 761
f 980 2973 3049
f 2700 1302 3830
f 3830 3687 1123
f 3339 2854 797
f 2293 2295 4838
f 2056 3514 393
f 3670 90 4904
f 1419 3590 3989
f 3275 1189 1522
f 4591 2704 4148
f 107 462 2621
f 2300 4039 4175
f 3047 4505 4435
f 1987 953 2575
f 1022 4022 4430
f 1839 3754 3809
f 531 2809 4797
f 3683 634 3360
f 2479 3405 4156
f 3437 1866 2564
f 3461 2341 3208
f 59 1147 2496
f 2843 2696 1173
f 3270 1080 2550
f 1562 3461 3208
f 2367 2 2307
f 2307 141 2367
f 4201 581 1269
f 4888 4981 1897
f 2675 1580 3904
f 4560 942 1417
f 1245 3039 4400
f 284 424 2690
f 3587 4756 3505
f 3937 4356 3023
f 4307 3325 1181
f 783 2940 12
f 113 715 4568
f 2646 2333 527
f 531 184 2809
f 2364 774 1689
f 4293 4469 3641
f 4041 3054 1844
f 4964 3211 1540
f 3234 3463 4369
f 2247 857 3186
f 2514 2078 4200
f 1564 1331 2314
f 332 1900 3003
f 3813 2909 3408
f 1170 3196 283
f 4404 4442 2090
f 4404 1519 4442
f 4757 2755 373
f 4326 4940 1037
f 1959 2756 951
f 2739 2064 4152
f 2683 3519 2990
f 3519 2683 178
f 2797 832 2028
f 1612 1852 2855
f 2317 2471 585
f 723 1076 2687
f 2687 1076 3159
f 850 322 3064
f 4032 2856 4026
f 3757 3568 3144
f 3182 196 586
f 4528 1909 1906
f 4505 2699 1911
f 3031 1082 3032
f 1225 21 4535
f 4792 2940 1144
f 12 2940 4792
f 936 1792 274
f 3158 3346 2514
f 1137 240 211
f 1932 4487 4545
f 3073 4731 1062
f 29 4606 3718
f 1133 128 1005
f 1437 387 1978
f 2511 2256 3824
f 4384 816 596
f 998 2778 1304
f 1304 689 998
f 4307 2827 4515
f 1518 3639 3340
f 4230 1284 79
f 1559 3599 805
f 1172 1990 91
f 3060 1538 2123
f 4540 1996 1071
f 2324 99 4693
f 992 878 2659
f 1302 985 3687
f 2700 985 1302
f 2170 193 383
f 146 4056 4664
f 3127 4312 760
f 2830 52 1695
f 1345 1230 4421
f 4151 3093 1168
f 437 3411 222
f 1962 2509 4035
f 1962 1711 2509
f 1012 4379 2325
f 229 2913 4815
f 4831 516 3908
f 1968 2281 2002
f 3909 2281 1968
f 3105 3203 3644
f 3105 1371 3203
f 985 931 4238
f 836 4003 1685
f 1410 704 424
f 2333 2646 4501
f 2273 2336 4751
f 3645 653 854
f 653 1191 854
f 2963 1140 2337
f 2954 827 4320
f 3209 1265 702
f 2405 1265 3209
f 1508 2537 1171
f 2709 1171 2537
f 4445 1401 2633
f 1793 4445 2633
f 733 2339 1668
f 3426 3649 355
f 1550 2183 3893
f 3375 3474 4280
f 920 698 4987
f 1471 1472 312
f 4301 949 3756
f 1352 389 3832
f 2360 1908 2152
f 1305 3788 2296
f 810 1305 2296
f 2512 4977 3503
f 4655 4389 2111
f 1731 2391 3133
f 4215 4076 3743
f 2352 4903 4207
f 1462 4055 1396
f 4670 4885 4084
f 3984 4135 718
f 864 745 4382
f 3693 4136 899
f 3371 3403 2846
f 4519 3103 4192
f 3560 4313 1600
f 2822 3888 2359
f 729 2330 2034
f 2756 2034 2330
f 791 2402 4700
f 4718 3368 3135
f 379 4153 4532
f 3898 1493 1743
f 63 94 270
f 94 3010 270
f 4489 4058 4118
f 238 2083 2019
f 27 3024 713
f 2365 569 3246
f 97 3239 2104
f 4128 4710 4194
f 4246 3210 2497
f 4211 2191 740
f 740 3510 4211
f 2621 149 107
f 3913 4837 2272
f 1537 3172 4535
f 3710 1562 2718
f 1749 3573 3683
f 4340 3995 4799
f 2547 656 1451
f 2547 2438 656
f 1547 3744 234
f 4930 3897 2734
f 4586 1611 2825
f 3807 3498 4164
f 2012 3841 4107
f 441 3432 4774
f 4258 4859 3265
f 408 2848 576
f 398 1728 1529
f 4912 2922 4220
f 4419 351 357
f 4369 931 985
f 3202 3569 716
f 4513 3544 904
f 3447 4363 3141
f 1385 3138 3416
f 4096 3880 4399
f 1463 3284 4501
f 2247 462 2322
f 2893 4064 3440
f 2582 3928 213
f 402 3430 3410
f 402 2094 3430
f 899 3635 3693
f 979 1480 4651
f 947 1480 979
f 4653 2222 2251
f 679 237 2388
f 4470 679 2388
f 2549 4254 1702
f 3563 1353 4656
f 1071 4991 1183
f 4055 2389 1282
f 766 1614 4055
f 1301 2369 2551
f 3535 2390 4366
f 4990 3992 2003
f 1412 95 3187
f 1412 2723 95
f 539 1878 2009
f 751 3916 3395
f 2254 4283 3077
f 4279 401 3283
f 4981 4888 325
f 325 1026 4981
f 4279 3283 4007
f 4067 1779 4926
f 2600 4572 3715
f 3700 2397 3860
f 2399 4441 4411
f 2891 3919 4745
f 574 781 3718
f 2037 4557 1361
f 2400 2373 4468
f 4471 3826 1745
f 1745 3826 1499
f 3099 709 4507
f 301 4916 3459
f 4030 4133 2401
f 4862 916 2405
f 647 4607 2407
f 4344 2676 2294
f 1266 4119 2470
f 4848 3373 2054
f 471 4695 1546
f 290 43 1926
f 700 4412 2409
f 79 1284 2834
f 4970 4511 3522
f 2874 3039 162
f 68 3636 3111
f 306 318 4218
f 2411 1015 2844
f 358 3123 3096
f 1337 4733 2836
f 3772 4674 2720
f 962 116 899
f 4098 1522 910
f 1965 1650 1476
f 3667 705 4752
f 299 816 3352
f 2416 3163 3759
f 1613 24 786
f 399 2670 4585
f 2243 4914 564
f 1453 4222 2917
f 4914 2417 564
f 3271 1862 676
f 676 1862 3439
f 2668 1500 2544
f 187 1790 1169
f 1446 2686 2795
f 2359 2446 4677
f 733 862 463
f 3203 4085 4372
f 1300 132 4105
f 838 110 2422
f 2520 2732 2795
f 1013 1876 2742
f 217 3878 2930
f 4921 3712 4893
f 657 2873 4658
f 3188 4921 4893
f 2895 3883 4985
f 783 2855 1042
f 2348 1971 4920
f 695 2603 4012
f 4771 1916 3129
f 4027 4980 3272
f 133 1510 288
f 3312 4125 396
f 172 2045 2427
f 3851 1883 697
f 3615 2062 4263
f 878 4905 3233
f 4593 2886 3967
f 2860 4712 2298
f 3822 2430 1577
f 2927 1337 1820
f 2432 2687 678
f 3444 2000 461
f 1518 671 2607
f 2351 4487 2820
f 2438 3273 3987
f 1307 3400 103
f 628 3705 2439
f 3862 1493 1966
f 3516 294 4681
f 2441 1420 3950
f 1196 4251 1383
f 2443 1857 548
f 3676 4109 1447
f 4394 307 1036
f 4064 2893 259
f 1737 2842 4570
f 1396 3197 111
f 1999 165 4289
f 2713 4286 1556
f 2684 516 335
f 4582 2917 4698
f 4698 2917 4512
f 4920 4134 2348
f 1114 4493 4430
f 421 2151 2240
f 1405 3339 4437
f 1255 469 346
f 1998 4297 513
f 1922 4940 4326
f 721 3621 3863
f 3621 4714 3863
f 3533 1550 3961
f 1038 4788 3580
f 4328 1846 26
f 1592 553 3383
f 2127 943 2503
f 4248 1404 3030
f 1857 2443 1406
f 2164 866 919
f 1167 2448 2451
f 3587 3116 4756
f 843 1664 4362
f 4362 1664 4937
f 1491 3088 4416
f 2819 4171 2107
f 2077 51 2465
f 3196 4462 4135
f 4456 3451 4182
f 4278 2087 2889
f 3989 1633 2151
f 1773 3410 1311
f 3036 4868 3783
f 803 1989 4590
f 885 4454 4139
f 4454 3685 4139
f 1546 4258 3265
f 4215 2923 4707
f 4796 3204 488
f 4710 3593 787
f 3853 4543 2138
f 3253 4367 4359
f 3138 4755 3153
f 3153 4755 3296
f 709 3265 4859
f 1754 4078 2162
f 1212 36 4871
f 913 2393 254
f 4118 1009 3043
f 2723 91 2852
f 2122 3021 372
f 3021 3020 372
f 2492 2186 3712
f 2131 1338 4497
f 3112 3844 930
f 2948 2548 3374
f 492 3061 2489
f 2465 51 2274
f 4588 369 226
f 4160 2754 2880
f 2754 4160 2558
f 1778 2779 842
f 3631 2283 4713
f 4258 4695 3936
f 497 1074 1920
f 4213 2047 2471
f 3100 2561 642
f 1798 4494 3942
f 3584 4202 3086
f 4200 2078 4928
f 1280 3874 505
f 2614 1107 3205
f 3726 3435 4022
f 3319 747 716
f 3319 3182 747
f 2542 1459 363
f 3662 1369 4742
f 3442 3553 1671
f 3457 620 2016
f 4252 2341 3461
f 333 4389 2454
f 127 2408 4769
f 2557 3817 3795
f 246 4402 4635
f 31 433 3613
f 4531 1354 2271
f 4151 3937 1815
f 575 502 1291
f 4182 2478 3680
f 2479 2237 2712
f 4404 2090 3691
f 1215 3365 1863
f 1861 3849 248
f 3503 682 1814
f 4100 4533 3391
f 4815 4979 369
f 4102 3958 1750
f 4968 1634 2704
f 4968 2704 4591
f 810 2296 1621
f 277 1443 2753
f 212 3590 1419
f 1874 3638 4704
f 3461 1562 3710
f 2073 410 1457
f 3028 4439 2022
f 3014 915 3811
f 4127 4556 3409
f 2489 2890 1840
f 1997 2610 1466
f 1444 4126 2437
f 1997 1466 3359
f 101 1495 219
f 4535 101 219
f 1356 536 158
f 1645 2252 2491
f 4550 3476 2458
f 3911 877 3462
f 3421 1418 2357
f 1766 2327 4770
f 406 669 2734
f 1939 4550 2938
f 406 1807 1806
f 3044 1903 4229
f 3341 2856 3419
f 3452 2499 4784
f 1027 572 2750
f 758 1406 3581
f 4108 2792 3859
f 1631 2038 4009
f 566 1326 4687
f 4642 2291 1055
f 3452 1505 2499
f 3365 3746 1863
f 128 261 3776
f 128 2511 261
f 1205 2147 4463
f 2161 2762 3997
f 2503 3592 3179
f 1419 2151 2245
f 2245 1821 3608
f 2838 1721 3147
f 2504 3419 3294
f 4895 3724 2135
f 3724 1679 2135
f 2634 3863 3319
f 2506 3616 3920
f 3661 2506 3920
f 2507 1494 3501
f 4509 3959 189
f 2884 554 1680
f 3967 30 4976
f 2355 3779 401
f 3064 3534 3368
f 3987 656 2438
f 2894 4237 3440
f 3432 441 1262
f 1202 4337 4555
f 795 449 1812
f 3322 2597 1836
f 1933 855 4114
f 2570 2984 3308
f 1170 3221 3202
f 1108 1127 2176
f 984 1998 2716
f 1643 3779 1402
f 1998 575 2716
f 1852 1612 98
f 4344 2294 1723
f 3318 416 875
f 2685 3417 2266
f 3342 66 2772
f 4776 1692 2513
f 1070 1723 2294
f 3319 3831 3182
f 3247 918 2519
f 596 3539 595
f 595 3539 3868
f 2798 1783 4143
f 2132 4531 3448
f 2405 1334 4862
f 4794 4397 1209
f 4233 4712 3902
f 2445 405 1851
f 2445 1851 1028
f 4082 4799 678
f 1974 2177 3602
f 299 3641 1434
f 2776 2929 594
f 4181 1553 3528
f 129 4754 2998
f 567 4054 1781
f 1143 1109 3970
f 3506 4096 20
f 4687 2907 3768
f 3768 384 4687
f 1337 2836 1686
f 1820 1337 1686
f 4602 3165 2041
f 4343 3961 3076
f 2016 779 1658
f 1378 2153 4834
f 553 193 2170
f 2948 530 2532
f 4788 1038 3445
f 2587 1387 480
f 4344 2053 2676
f 1362 1395 2697
f 1088 2158 4502
f 3674 1159 362
f 4836 1791 767
f 3761 2568 4477
f 560 2535 1012
f 703 1905 882
f 500 2610 4993
f 3474 907 4280
f 3963 4280 2744
f 4202 2434 3086
f 4048 1324 104
f 3922 3992 4990
f 2536 2537 719
f 792 356 4765
f 1254 1714 2031
f 4776 3757 1816
f 4842 1136 3108
f 2029 461 2724
f 2240 3108 1136
f 4153 3367 181
f 4153 181 4916
f 3248 2548 2948
f 834 1776 706
f 3349 3833 3125
f 3576 1088 4062
f 856 237 196
f 1427 4648 4565
f 2007 2695 3330
f 2258 2695 2007
f 2508 4823 3478
f 1181 739 4307
f 4600 4044 887
f 4600 329 4044
f 2660 2620 2424
f 2548 3365 1215
f 4234 2548 1215
f 4753 2454 4655
f 3270 2550 632
f 693 2431 463
f 3074 1864 4801
f 836 4801 1864
f 3467 4934 195
f 796 2806 1075
f 3779 4706 3283
f 3100 1649 3908
f 2059 686 3325
f 651 2185 2866
f 2555 1764 1651
f 1651 4426 2555
f 3523 3959 403
f 4067 4926 4227
f 4028 3773 121
f 3229 2557 3576
f 4736 5 408
f 1777 2643 2058
f 2193 1550 3893
f 3083 3547 2638
f 3155 3072 2558
f 2188 1320 1397
f 4368 2152 2076
f 878 2518 2659
f 4436 793 293
f 2881 3151 3050
f 3271 676 1252
f 640 2099 3206
f 1039 2243 958
f 4390 4362 4853
f 2884 1767 4717
f 3237 17 1446
f 2446 4108 4677
f 4445 4725 1746
f 4341 3946 2204
f 1063 3224 4679
f 871 2495 2672
f 4016 1668 3356
f 2726 2363 3191
f 2599 3389 282
f 4879 2196 2303
f 1689 3891 3384
f 2030 3972 2800
f 2238 3559 2332
f 1689 3384 2364
f 3545 3015 4358
f 2329 1047 4414
f 2329 4253 1047
f 2523 1836 1018
f 2570 3343 2984
f 3161 4777 2586
f 1286 4126 2568
f 1240 196 612
f 863 4837 3804
f 1130 2629 2824
f 2035 2098 582
f 3262 4607 2691
f 3209 4334 1334
f 1676 3452 4784
f 958 1974 1852
f 3095 3310 4027
f 4988 4241 4496
f 4213 2317 2751
f 4899 2574 366
f 744 1143 104
f 4705 4007 3134
f 2525 2943 1084
f 767 673 4836
f 2359 4677 4728
f 1599 1834 3771
f 3989 1896 758
f 758 1633 3989
f 939 991 2576
f 197 865 1253
f 2155 4995 2577
f 4809 2592 3992
f 3257 3837 4273
f 2194 3561 48
f 2460 39 379
f 2429 4716 380
f 1551 3353 2580
f 786 3243 1613
f 490 4862 4204
f 2581 1388 1130
f 4479 4838 495
f 2370 618 3105
f 3128 1856 2987
f 2168 1044 2584
f 992 2755 878
f 1139 2634 4087
f 4087 446 1139
f 1120 2586 3336
f 2257 4418 4624
f 4106 889 2321
f 4632 1343 2181
f 36 3464 2596
f 1541 488 2588
f 2861 4522 2039
f 1764 563 1651
f 3966 929 3512
f 628 4983 3705
f 4954 3678 4282
f 1792 918 274
f 3652 2022 4832
f 3255 4832 2022
f 4556 4039 1198
f 568 4354 883
f 3400 1307 3228
f 3522 4625 4137
f 3738 4001 4167
f 182 2738 2241
f 2879 1956 1542
f 1757 1145 818
f 4360 869 4023
f 2341 4252 92
f 2341 92 3076
f 50 4421 1230
f 2644 288 1933
f 4417 1247 2655
f 1255 3904 1580
f 4308 2097 4909
f 2027 1646 86
f 4785 2992 3055
f 2337 814 2963
f 924 167 192
f 192 167 2991
f 732 4494 1798
f 2882 2970 1209
f 1344 3078 4053
f 2384 4657 2922
f 745 4174 2304
f 3489 781 152
f 1401 4445 630
f 981 478 665
f 3454 102 817
f 4637 4895 2428
f 4114 855 4903
f 2046 825 3844
f 3821 1368 1018
f 302 2972 827
f 2378 2306 3722
f 3722 2306 1175
f 3834 3849 4554
f 2599 3486 2047
f 3328 2603 38
f 3486 1654 2047
f 2945 2604 3873
f 1833 1005 3776
f 2966 681 1915
f 4197 2606 535
f 1637 624 2485
f 358 3096 3880
f 484 1548 2901
f 447 1950 4518
f 3485 3295 1252
f 3485 3928 3295
f 1977 2585 2205
f 3641 4469 3653
f 2613 436 1656
f 4115 2697 2516
f 1945 2612 4217
f 1885 4301 3756
f 4006 1885 78
f 821 2615 2644
f 2708 4744 4461
f 172 442 2045
f 348 3954 4660
f 1875 517 2617
f 2760 1115 1166
f 398 3749 3022
f 1648 2621 628
f 2621 462 628
f 1544 1762 643
f 781 3489 29
f 3514 4515 2827
f 40 1618 1426
f 3691 2070 4700
f 1994 3549 3161
f 2279 4498 1238
f 3253 1897 4367
f 3766 918 4459
f 2628 4906 4481
f 1127 3605 4668
f 1827 2747 4629
f 335 1684 506
f 2442 173 2626
f 479 1629 493
f 3257 4455 1759
f 2249 2466 3527
f 2935 4155 3072
f 245 3234 2791
f 1120 3541 923
f 2473 2392 4043
f 2630 1816 56
f 563 801 4716
f 3653 55 1056
f 3956 669 2117
f 1338 1155 1665
f 1338 2900 1155
f 570 4033 187
f 2229 3802 2631
f 4853 4937 1043
f 2697 2576 1025
f 2697 939 2576
f 2995 1087 725
f 3916 4267 4656
f 3680 2633 4182
f 12 3668 783
f 188 4856 662
f 1191 113 854
f 3073 1914 4981
f 2698 993 4640
f 3814 4129 2848
f 968 4379 4574
f 1974 958 1153
f 1892 3960 4578
f 2771 3388 1321
f 3221 998 211
f 3614 2638 2420
f 541 3214 3595
f 2566 3387 3770
f 3305 2935 4425
f 3140 4740 58
f 928 4680 4452
f 2798 2641 2531
f 4417 3464 36
f 964 288 2644
f 2644 2615 964
f 3489 1357 29
f 427 2109 1496
f 511 2858 3995
f 1977 2205 2647
f 2722 1217 1313
f 4150 1837 2944
f 2647 4378 2338
f 992 914 2755
f 3737 2678 822
f 2977 1613 1312
f 2240 4963 421
f 2651 1613 2977
f 4675 4445 1793
f 4512 2917 4222
f 208 1805 4649
f 2936 206 1363
f 2726 3191 3892
f 1636 2644 4114
f 1849 3278 3294
f 950 638 4242
f 766 4952 483
f 483 4985 766
f 2856 3341 4829
f 1176 2605 3328
f 2900 2653 2279
f 4787 4686 4972
f 4144 2259 4519
f 2490 560 3851
f 4267 2833 1756
f 4728 4551 4176
f 4373 1063 4679
f 2636 1628 4244
f 1885 4780 1245
f 1818 1731 1528
f 1256 309 4616
f 2984 309 1256
f 892 49 4523
f 2173 626 3660
f 626 4294 3660
f 1797 3918 1232
f 1311 1797 1232
f 1280 1982 3874
f 1326 2665 273
f 1478 3803 1611
f 4760 1611 3803
f 282 4060 4360
f 3807 3086 2434
f 3819 3086 3807
f 2663 3570 4283
f 924 1742 3612
f 2678 3737 508
f 3320 3621 1528
f 3146 393 2967
f 2967 3514 2827
f 2665 451 658
f 4858 4516 3945
f 1211 3218 4431
f 3218 2888 4431
f 4152 2666 109
f 4368 2076 3632
f 3887 4368 3632
f 4862 1334 1558
f 4204 4862 1558
f 1078 4949 2271
f 3632 2076 3747
f 3632 3747 1335
f 329 4600 558
f 3228 3245 3799
f 3551 1615 941
f 4910 4706 430
f 222 3411 4130
f 769 2026 3470
f 3142 1267 587
f 4897 155 242
f 4897 3 155
f 369 4979 226
f 3868 3539 4478
f 2737 4134 757
f 3918 2737 757
f 567 2960 4054
f 4817 1943 499
f 3843 4752 3652
f 3279 1064 3618
f 2606 2897 4901
f 1715 2278 3904
f 778 2802 663
f 3974 1328 4544
f 2677 597 331
f 2808 822 2678
f 59 4029 727
f 1318 1652 3625
f 1753 374 3728
f 1629 271 493
f 184 1184 2320
f 2320 976 184
f 864 1172 4174
f 4702 1388 2581
f 2508 4302 2680
f 2457 2226 4674
f 2545 1319 4987
f 4492 355 2738
f 2684 3703 1046
f 3526 2681 1276
f 872 3980 6
f 3100 2684 1046
f 4257 2414 4039
f 219 1495 4567
f 2987 3709 481
f 985 4238 3687
f 3207 1404 4524
f 4830 2795 3848
f 751 1961 2819
f 1838 1454 880
f 2814 4034 319
f 627 241 799
f 1640 784 2871
f 467 1732 820
f 3885 2899 4503
f 2201 4805 4602
f 2054 3470 800
f 1893 4697 4049
f 769 4700 2026
f 4144 2264 2259
f 3256 770 233
f 3071 3384 519
f 4148 3896 2692
f 3623 701 3835
f 3623 3835 4433
f 3662 1014 2321
f 2694 2054 3373
f 4102 1750 4165
f 632 4900 473
f 5 3785 4537
f 421 895 1821
f 968 4574 3181
f 1217 664 622
f 3575 3723 2444
f 1472 1875 4885
f 4146 3554 619
f 1935 756 319
f 4505 3494 2699
f 60 1579 993
f 2940 783 1042
f 1827 3308 1256
f 2670 3598 4585
f 2214 3646 2702
f 1715 3921 3420
f 3055 748 1951
f 3055 2992 748
f 1973 1844 1941
f 3857 2620 4156
f 3599 3052 2354
f 2354 3052 4958
f 713 2706 27
f 1654 1918 585
f 2711 2899 3888
f 754 3722 1175
f 2250 4599 4205
f 1801 2281 3909
f 2298 859 2860
f 4874 1226 3608
f 529 4534 1131
f 429 4203 959
f 1504 598 4989
f 4969 4989 598
f 205 1430 1631
f 1430 3690 1631
f 2699 4361 2374
f 2699 2374 1995
f 1924 2719 3786
f 2171 901 4483
f 3804 576 3625
f 2792 2116 132
f 3804 3625 1940
f 222 708 437
f 3571 2840 4205
f 2326 722 3792
f 2852 3493 2723
f 1218 895 347
f 2403 1796 2483
f 2726 2545 4927
f 2609 3806 3951
f 2307 2 488
f 4963 895 421
f 3839 3394 2230
f 1369 1205 518
f 2804 1884 4276
f 4750 4221 2313
f 1582 2313 4221
f 4240 3665 4710
f 3986 3286 475
f 2853 2148 4592
f 3775 3055 1951
f 1395 3014 939
f 1395 176 3014
f 3993 1796 1041
f 3993 1890 1796
f 4891 3515 3833
f 4277 2918 3595
f 995 1142 2223
f 4084 1288 3612
f 4729 4345 1709
f 2254 554 1083
f 669 2928 2734
f 3279 3009 1708
f 4687 1326 3678
f 4768 2165 809
f 2301 3323 2736
f 2238 4768 809
f 2892 4641 2740
f 1108 3605 1127
f 3254 4881 492
f 4526 902 557
f 2042 3362 3244
f 2342 277 2753
f 3633 1585 2693
f 3633 2693 4742
f 967 3034 3567
f 2163 3912 4942
f 793 484 2332
f 3136 1899 3199
f 1030 2524 303
f 247 2746 1224
f 4256 3708 3479
f 3706 136 1955
f 3057 3281 1047
f 4094 3057 1047
f 3743 85 4215
f 104 1324 1892
f 1433 1475 2996
f 2269 4031 3567
f 4795 4757 3636
f 1034 4243 4095
f 1112 4095 4243
f 2986 1251 2210
f 2750 572 3443
f 2749 1554 3952
f 1110 2160 2996
f 127 646 2027
f 3966 262 4587
f 296 2112 1295
f 2112 1133 1295
f 866 3480 1957
f 3480 1663 1957
f 348 4401 2323
f 3908 1649 1405
f 510 705 3908
f 2024 47 3828
f 328 3052 1197
f 950 2745 3750
f 4553 2049 2769
f 3087 2615 3593
f 1887 2522 3534
f 758 3581 1633
f 4046 4015 690
f 4757 4243 2755
f 2867 3852 3107
f 3713 3806 4982
f 1096 1849 3419
f 4672 4157 791
f 1043 4937 1010
f 3370 1027 2750
f 2155 2448 1167
f 1999 4042 2036
f 2946 2776 2218
f 3415 4868 3036
f 1278 2567 82
f 1090 4775 1180
f 1548 4436 4442
f 2638 3547 2420
f 2542 2976 291
f 2760 2218 594
f 2218 2760 2096
f 750 4108 828
f 2598 4956 171
f 1276 1234 3526
f 2175 69 2246
f 3466 4719 1615
f 1683 764 1384
f 1553 1330 4141
f 4299 2900 4739
f 4132 1160 4410
f 1459 4080 363
f 4192 3103 1735
f 3280 2163 817
f 1463 4501 2646
f 2646 527 1463
f 1962 1725 1711
f 2767 1348 2564
f 2767 2484 1348
f 3127 1395 541
f 2768 3458 1004
f 3458 2768 3070
f 3611 3229 2580
f 90 3670 318
f 3670 4218 318
f 1882 2567 3363
f 1084 1823 2525
f 3239 4560 2729
f 1955 2494 728
f 768 1253 243
f 243 1253 1667
f 1490 2682 1216
f 4056 2831 2502
f 1660 2658 1588
f 1161 3130 4150
f 1848 625 204
f 3775 1514 2773
f 2125 798 2887
f 382 4259 654
f 4450 763 3195
f 3938 2775 3797
f 3715 4572 1340
f 3253 779 2016
f 2233 2851 410
f 3153 3296 888
f 3737 2953 4789
f 2730 4158 170
f 3675 2349 112
f 3596 484 3711
f 2781 4603 2358
f 2781 2358 152
f 2713 280 4286
f 2708 3460 3059
f 3631 4713 3827
f 3603 1609 1938
f 3500 3631 3827
f 439 712 2205
f 712 3057 4378
f 1970 3734 2595
f 314 1279 4595
f 2362 706 4236
f 174 679 3609
f 203 3606 1869
f 3807 4164 3837
f 1567 272 1456
f 3704 1832 2316
f 2623 1483 1437
f 2782 1250 4817
f 83 1410 424
f 1097 1817 3766
f 388 168 764
f 1121 3977 264
f 4435 264 3977
f 4801 1765 3074
f 4663 4745 2926
f 4725 1515 1594
f 1848 2717 892
f 4148 3342 4591
f 3854 1767 2884
f 4665 2235 2901
f 1403 4899 1270
f 1403 1270 303
f 532 4154 2862
f 4433 120 3623
f 2249 4474 975
f 3409 1198 1456
f 2512 2664 4977
f 4908 950 3097
f 4948 3083 3166
f 1012 2535 4574
f 2714 2790 1104
f 334 852 2731
f 1260 705 3667
f 581 3738 1269
f 3220 193 553
f 1649 3100 642
f 4105 750 4173
f 1694 4763 2241
f 4619 1324 590
f 2796 2720 3895
f 2898 2720 2796
f 4562 1611 4581
f 1352 732 1292
f 4847 1819 4778
f 886 3716 3496
f 3262 1751 2797
f 3262 2797 443
f 890 1294 3438
f 3085 2172 976
f 2172 4806 976
f 4772 3279 1708
f 1928 549 61
f 1978 387 2199
f 4551 1261 4908
f 1271 602 4185
f 507 307 4319
f 1307 893 3544
f 1307 4876 893
f 3225 3599 315
f 1461 2253 3397
f 74 559 1533
f 960 2105 1618
f 1618 4187 960
f 2974 2028 3252
f 1834 1599 3414
f 2808 4146 3427
f 2809 184 4806
f 2809 4806 1744
f 4469 2290 55
f 3217 2642 1946
f 4324 2107 4363
f 2813 4228 4983
f 1978 2093 2585
f 233 1690 1886
f 415 3485 1252
f 3110 1657 4268
f 3567 4221 967
f 2667 2498 2115
f 4115 1818 721
f 4208 2906 2482
f 2906 4208 3495
f 434 2650 3268
f 4500 3218 3357
f 3268 2650 172
f 206 700 2409
f 2769 2049 862
f 4521 3684 1572
f 3004 2318 2929
f 2845 2975 3668
f 1429 3523 4125
f 3523 472 4125
f 1485 4891 1691
f 1862 404 2903
f 66 3342 171
f 4633 3732 735
f 585 3879 3600
f 2312 1286 3132
f 1905 1374 1129
f 4961 1825 2326
f 2818 4131 3820
f 64 1780 4465
f 2951 1901 3883
f 1051 1085 2139
f 1481 807 144
f 1761 1481 144
f 3112 930 3265
f 2752 4490 522
f 538 3846 2821
f 1948 3314 343
f 2822 4257 4039
f 327 4982 2139
f 1002 811 3091
f 2733 837 2953
f 1818 3621 721
f 1611 969 2825
f 3031 2412 556
f 2290 1166 1115
f 2826 1326 566
f 2669 2660 1050
f 3401 1687 1355
f 1050 2660 2424
f 545 2329 2473
f 2022 4169 1320
f 4339 851 4606
f 877 3901 3540
f 409 3790 3295
f 2110 3262 443
f 4538 664 1638
f 4843 772 3531
f 772 2587 3531
f 3796 535 786
f 3796 786 3033
f 3840 2297 1835
f 1112 3739 93
f 1586 3631 3500
f 2793 4199 260
f 4424 600 1506
f 4595 4741 3516
f 401 3865 2355
f 4793 3264 1432
f 2220 1845 599
f 1059 78 3557
f 3266 4886 2583
f 1387 2353 3669
f 404 2520 4830
f 3581 2443 1323
f 1737 4972 2842
f 1692 1936 2043
f 1261 250 28
f 2591 4766 574
f 4502 4451 1184
f 531 4502 1184
f 4545 1656 191
f 3083 4948 3547
f 2865 4547 919
f 2844 1159 119
f 4099 4762 4960
f 113 2673 2849
f 3856 3066 1716
f 2466 2249 975
f 2850 4045 688
f 326 2410 3599
f 1337 2852 4733
f 553 4050 3383
f 4964 1033 3211
f 1926 891 4943
f 4242 2745 950
f 4926 4008 4227
f 3925 2673 886
f 2947 2857 4869
f 1711 2069 4907
f 848 715 461
f 4137 1318 455
f 4625 1318 4137
f 674 330 10
f 2027 86 2408
f 848 461 2029
f 1999 2645 2905
f 2858 3418 905
f 3418 2858 4673
f 2068 641 999
f 32 2860 859
f 552 1269 1887
f 2432 3995 1349
f 2688 2654 3176
f 1912 413 53
f 2432 1349 2687
f 2517 1174 841
f 4194 3206 164
f 4950 3198 3889
f 2781 118 4603
f 1827 4629 3308
f 4147 738 157
f 4526 3733 902
f 1563 2468 965
f 4885 2863 1472
f 4167 4001 2864
f 2030 2711 3972
f 1350 2869 2627
f 4413 3224 526
f 1610 3081 2834
f 3081 1610 2870
f 3413 964 2615
f 2899 2030 2800
f 3242 989 3177
f 1530 4383 1772
f 509 623 748
f 2873 2874 3802
f 4320 827 2972
f 456 932 2942
f 1642 4677 3859
f 4480 4309 4640
f 4014 2711 3888
f 1053 763 1264
f 813 3842 734
f 1956 2879 868
f 4845 1913 4000
f 4422 4123 3415
f 2614 666 4638
f 2708 4461 3010
f 2169 4688 4138
f 1995 4444 2375
f 4419 4304 351
f 1826 4304 4419
f 3628 4394 4186
f 510 1352 3832
f 3996 1788 4380
f 1242 3593 3084
f 2025 2224 375
f 4718 4399 381
f 847 102 2882
f 3233 2518 878
f 2863 4670 3839
f 3403 945 2846
f 2012 1616 2303
f 3148 1103 1179
f 3867 2167 1113
f 899 116 3635
f 447 725 1087
f 1183 2515 3469
f 2004 3482 2657
f 3681 3759 2188
f 524 3872 188
f 3465 1638 658
f 2417 910 3958
f 4102 2417 3958
f 3218 4740 2888
f 4254 4352 1702
f 4737 3316 1523
f 2469 2268 1702
f 3536 3858 2931
f 1708 2331 4772
f 3057 4094 4378
f 3858 2403 2931
f 418 1167 2451
f 3254 400 2181
f 2902 1356 3538
f 4632 2181 400
f 3090 1199 826
f 1454 4934 880
f 1454 3131 4934
f 4401 1073 1017
f 4401 3456 1073
f 2359 3089 4257
f 4432 305 417
f 2894 4064 3695
f 988 4761 1747
f 988 153 4761
f 949 4316 3557
f 2133 1410 83
f 398 1529 1609
f 3781 3201 4655
f 2348 4123 4124
f 2369 1301 4832
f 4278 3592 4504
f 2510 1386 1768
f 805 4901 2897
f 2916 3991 857
f 4214 736 2600
f 4391 999 4372
f 355 4492 1098
f 3029 1942 1287
f 1942 1557 1287
f 1852 4693 957
f 3974 1589 4652
f 1579 4480 3302
f 3286 4918 475
f 694 4206 485
f 2571 3743 4628
f 2926 4745 3212
f 4485 87 3245
f 1694 4178 1902
f 4126 4398 2437
f 1311 1700 1797
f 3286 1729 4918
f 4354 3432 1262
f 4499 3456 3238
f 2910 2174 3926
f 4953 4555 3623
f 2809 1744 547
f 611 830 2912
f 3444 2673 3925
f 3444 3925 3798
f 3521 1267 3142
f 3577 1872 377
f 867 3339 4295
f 367 2817 3361
f 367 3361 2913
f 3059 160 4744
f 4476 506 1503
f 3691 4700 4570
f 1835 1672 3137
f 336 4833 1619
f 4042 4822 2036
f 4007 3283 4706
f 3294 1993 2504
f 2659 4236 1473
f 3618 1550 3533
f 3823 235 538
f 2475 3662 889
f 3662 2475 3200
f 3728 374 1760
f 2210 3967 2886
f 2210 644 3967
f 2755 914 2925
f 1899 354 2743
f 1350 2829 3802
f 3612 744 4084
f 1531 3507 4327
f 2469 1111 2268
f 2928 4930 2734
f 2929 4571 3377
f 3074 2291 1864
f 1134 3251 431
f 3488 1332 896
f 896 3261 3488
f 1292 732 1798
f 600 4001 581
f 2197 2157 4323
f 2197 4323 3192
f 3136 354 1899
f 1813 3849 3834
f 3362 2042 3836
f 3477 3194 1620
f 1492 2037 3017
f 419 151 3854
f 803 76 1989
f 2936 700 206
f 858 4248 1598
f 2821 1921 3944
f 3937 3768 1815
f 824 4743 625
f 3830 884 2700
f 3613 3382 2563
f 1655 3337 2577
f 302 2323 3475
f 830 1331 216
f 2491 566 384
f 384 566 4687
f 4412 2942 2409
f 429 959 1176
f 266 2593 3019
f 3774 3578 2399
f 2321 1014 3211
f 989 2946 4313
f 1838 2467 1454
f 4282 4966 1628
f 2218 2776 594
f 4332 2896 2952
f 1893 4049 501
f 4346 1937 4575
f 4078 4454 295
f 1206 3012 4099
f 2231 1144 2951
f 2655 2707 4929
f 1834 1428 1194
f 2885 63 262
f 4435 4978 3047
f 4661 2953 542
f 455 2904 2848
f 1870 4311 777
f 1403 303 304
f 3129 4501 4771
f 1755 3351 710
f 3351 1135 710
f 4408 1399 3125
f 2956 367 369
f 3430 2547 3410
f 1141 1573 2224
f 354 752 308
f 4803 3496 4245
f 739 2827 4307
f 1925 978 2327
f 1925 812 978
f 2252 4849 3962
f 4540 3707 1303
f 4753 4385 191
f 236 1387 2587
f 2409 1408 206
f 923 4214 1585
f 2970 1372 3124
f 1566 4872 1978
f 1947 1534 860
f 4042 1999 3215
f 570 187 3292
f 610 3116 3587
f 4850 4669 3505
f 1809 2628 2487
f 3591 4855 4216
f 4216 1788 3591
f 213 1280 505
f 9 1096 3419
f 276 4236 2659
f 1137 689 3288
f 2812 4315 1469
f 1639 2977 2979
f 952 4380 2652
f 2979 2977 256
f 2716 2083 2982
f 1910 1384 4402
f 529 2771 1321
f 208 247 1224
f 4916 4532 4153
f 3684 2433 4253
f 623 41 4860
f 1863 4908 1215
f 3734 4205 4599
f 118 1291 502
f 301 3020 4916
f 2890 2489 4347
f 4609 1900 156
f 156 1900 332
f 1873 844 2033
f 2331 4924 4772
f 3541 1120 4996
f 534 1524 1549
f 1856 1782 3277
f 1856 3128 1782
f 1710 4010 3876
f 123 1074 4623
f 497 2076 486
f 4224 1024 3504
f 209 4122 2096
f 3685 3950 555
f 3141 4363 1858
f 4142 1251 934
f 4550 2458 4630
f 1462 4952 766
f 3367 4153 379
f 2989 2987 1412
f 2987 481 1412
f 1089 935 69
f 1865 358 3880
f 2213 482 468
f 2670 242 155
f 2532 4778 1819
f 2892 4206 3484
f 1944 2994 1945
f 2993 2839 2995
f 1539 1740 259
f 1740 4302 259
f 2457 3655 2226
f 3655 1160 2226
f 1004 4620 2710
f 267 4230 79
f 387 4597 4944
f 54 1442 2438
f 1691 4388 3606
f 1691 2274 4388
f 373 1134 431
f 3407 929 2589
f 3666 133 2883
f 2228 2865 2481
f 2362 4236 276
f 3435 3726 3001
f 570 811 4033
f 1674 3468 67
f 3527 2830 2584
f 3299 353 4579
f 4127 3409 4930
f 2735 3009 3279
f 97 1417 1341
f 4520 2230 244
f 4178 2738 3649
f 1736 4244 1628
f 4415 2785 2955
f 2836 4890 1682
f 1251 1763 2210
f 1251 3730 1763
f 3287 437 708
f 4102 4165 564
f 2836 4733 4890
f 1354 4373 1078
f 2168 904 1044
f 3015 1268 1854
f 3389 2599 4111
f 4849 1499 3962
f 2475 4106 1584
f 781 574 3016
f 2461 803 2957
f 4769 1200 1724
f 4647 66 4721
f 3019 258 1801
f 113 1191 2673
f 4682 878 2755
f 1531 2501 1042
f 1053 2232 4933
f 4598 666 4310
f 4341 1833 2089
f 1320 3163 3028
f 4649 875 2958
f 810 1621 2745
f 2929 2776 4013
f 4525 1049 2035
f 1049 2335 2035
f 2169 584 3026
f 3027 2370 4826
f 4447 3062 3470
f 4035 450 1351
f 2689 450 4035
f 4447 3470 3005
f 4405 3936 3210
f 1021 874 687
f 2356 2619 2474
f 4782 3987 2368
f 2322 3235 2247
f 864 4174 745
f 2393 913 997
f 4093 4699 3720
f 795 1223 3697
f 4401 33 2629
f 923 2505 4214
f 4214 2505 829
f 454 1223 775
f 3226 2499 1505
f 2939 35 2248
f 1266 1527 3127
f 3286 4812 3805
f 3212 3171 2926
f 3286 3805 1729
f 4920 757 4134
f 3095 2912 3310
f 2693 1340 1014
f 843 544 1474
f 3038 775 635
f 1015 3012 3672
f 3304 4379 968
f 3304 2325 4379
f 3533 3009 2735
f 301 2908 3020
f 699 4092 1032
f 2514 1606 2078
f 2078 1606 3180
f 1475 1433 4457
f 1716 459 3856
f 1445 54 3554
f 312 2863 3839
f 2413 4284 3139
f 2154 3628 3540
f 362 962 899
f 3004 901 646
f 243 2467 3082
f 3307 3042 2452
f 4962 4699 3043
f 33 1017 3168
f 2344 1591 1290
f 494 491 3441
f 4760 4577 4822
f 16 2569 761
f 3787 4903 3045
f 2905 1109 3046
f 1366 4925 445
f 1376 2239 2474
f 2188 3759 1320
f 2474 2239 2838
f 1809 1808 1596
f 62 882 1441
f 62 4351 882
f 1043 1041 4853
f 309 1342 2538
f 4185 4737 1271
f 593 3884 4683
f 315 3599 1315
f 4726 3494 3047
f 3047 3494 4505
f 1576 4111 1586
f 4111 3431 1586
f 3053 2668 2544
f 204 1828 897
f 3054 3753 1941
f 1462 766 4055
f 901 4089 646
f 2492 3258 1298
f 3766 3642 918
f 438 3698 3688
f 3807 737 3498
f 3689 4347 3061
f 769 3470 3062
f 3063 3027 1146
f 3276 103 3400
f 3276 3400 42
f 4789 1743 508
f 655 4825 2047
f 4029 1670 3374
f 2141 1676 1450
f 4917 3266 2032
f 1892 3394 3839
f 1892 3839 4670
f 4196 4724 3326
f 3042 4004 2452
f 53 413 3334
f 53 3334 342
f 2357 1418 3190
f 4231 3682 4771
f 3747 497 1920
f 3565 1645 3899
f 1976 1623 3272
f 4739 2900 2279
f 4032 3419 2856
f 1147 2990 762
f 4255 988 1491
f 2887 2099 1293
f 1549 1970 2595
f 3307 1002 3042
f 1484 689 1304
f 3288 689 1484
f 3073 4981 1026
f 92 4396 3076
f 3075 3964 3896
f 4675 1501 142
f 3681 2840 3759
f 3838 3077 2455
f 1370 836 2751
f 1163 1374 1905
f 402 870 4211
f 3080 1703 168
f 768 197 1253
f 4345 1600 1178
f 1583 2529 3671
f 1735 2292 3472
f 4689 1345 1006
f 771 1193 13
f 4017 1193 771
f 4026 394 1211
f 3866 3090 3085
f 3037 1329 3598
f 813 4407 4754
f 2694 3373 3717
f 3782 3927 661
f 831 4569 1646
f 3985 3511 2340
f 4556 1198 3409
f 146 2619 2356
f 1124 3035 1884
f 3886 4684 253
f 2786 2869 1385
f 2167 697 1883
f 1158 2891 4663
f 1959 951 3372
f 988 3088 1491
f 988 1747 3088
f 130 4103 3564
f 2876 3673 3246
f 4794 1073 4499
f 3999 657 4658
f 4197 535 3796
f 877 3540 37
f 3330 2689 3812
f 349 3861 3199
f 4266 2263 4860
f 1949 4872 1566
f 2154 239 3347
f 1717 3677 1635
f 3093 2455 1802
f 3961 3208 2341
f 642 3622 1649
f 3389 2082 282
f 925 799 3957
f 2927 430 4706
f 4338 1282 2743
f 1027 4698 2433
f 4491 1122 2126
f 1801 258 990
f 3461 3710 1470
f 3939 3729 2067
f 2575 3098 3546
f 1470 3710 156
f 1226 3820 4006
f 1810 1566 2701
f 2193 3893 4884
f 4511 4970 4069
f 4367 1897 4981
f 3438 1479 1706
f 3987 829 2368
f 4300 2601 3240
f 64 4465 179
f 64 179 866
f 3527 2466 713
f 151 1317 4021
f 469 1255 521
f 4660 3954 302
f 1082 2584 1044
f 1026 2100 4731
f 820 4553 1313
f 4601 1988 3241
f 207 4208 1504
f 3938 3797 2465
f 4519 2259 3103
f 406 1806 4424
f 3562 2809 547
f 2526 825 3392
f 1199 643 3104
f 4202 3190 891
f 4964 1540 4060
f 584 2475 1584
f 584 2930 2475
f 2031 1946 1254
f 1195 4284 3115
f 1668 2877 3356
f 2877 1668 4748
f 4100 842 4533
f 4549 4569 4773
f 1233 2320 1185
f 4076 4215 4707
f 4569 3006 4773
f 2389 3049 3007
f 2283 813 129
f 4754 129 813
f 3810 2961 1474
f 365 3414 1032
f 4179 1496 3107
f 3451 1964 4182
f 735 2444 1086
f 3732 2444 735
f 4092 699 74
f 2470 4143 1527
f 4587 262 63
f 4587 63 2195
f 3654 254 3378
f 3670 254 3654
f 4195 4831 3667
f 4668 1737 4570
f 3845 3256 3588
f 1374 2305 854
f 4953 2680 543
f 3117 2784 3092
f 2447 4380 3119
f 3163 4724 3028
f 1814 2968 1704
f 137 3938 2465
f 4249 2924 2579
f 2424 886 3449
f 4545 2613 1656
f 4158 2730 4635
f 4639 2625 4900
f 19 578 3226
f 3203 4820 3644
f 3673 4544 3246
f 293 1616 4436
f 1965 1476 1678
f 4226 4080 143
f 391 1052 465
f 1102 440 2589
f 2934 2142 1378
f 3165 2142 2934
f 20 1118 4110
f 547 1744 2057
f 521 4059 469
f 3059 3123 160
f 2422 3053 2544
f 3345 3847 2008
f 1161 4588 1837
f 4411 4798 3399
f 1161 1837 3130
f 4411 4441 4798
f 3044 1947 1903
f 1903 1947 860
f 133 3666 1510
f 3991 3186 857
f 1101 3950 3685
f 4030 2401 449
f 2263 2696 4860
f 2562 3134 4247
f 50 4462 4421
f 3125 3833 4271
f 1771 3171 2543
f 2920 1771 2543
f 1588 2658 436
f 1444 2866 1117
f 163 1290 4960
f 2344 1290 163
f 4119 1266 2366
f 3905 4755 3138
f 4113 3905 3138
f 4892 3428 436
f 2179 3139 1407
f 2381 3510 1868
f 4951 3521 3142
f 2057 1106 2255
f 3388 3350 858
f 4842 3108 4268
f 3079 2029 2211
f 938 2479 2712
f 1673 4604 850
f 3915 4506 3192
f 4836 2870 1192
f 1643 550 3779
f 2861 1487 3146
f 2462 2128 4437
f 3504 199 4224
f 3504 1983 199
f 1116 138 1758
f 4885 167 1288
f 4835 4769 4571
f 1362 2697 16
f 3150 1446 1011
f 1398 3148 2371
f 2245 2151 1821
f 4454 4078 1101
f 4549 456 4569
f 278 4569 456
f 3983 2473 2329
f 2890 103 3276
f 4588 4346 4575
f 4090 4588 4575
f 2325 4597 1483
f 4414 617 2329
f 3155 2558 4005
f 2819 2572 751
f 2402 791 3249
f 4047 2344 163
f 4882 883 4112
f 991 3157 1194
f 1376 1847 3121
f 362 1159 3181
f 1300 4105 799
f 2366 3847 3345
f 4181 2384 2922
f 4181 4922 2384
f 2874 4261 3802
f 1727 3552 3230
f 2878 2361 1243
f 2361 2159 1243
f 3344 1920 3358
f 22 651 4508
f 3480 1177 1186
f 819 4460 4743
f 2148 1464 2353
f 2353 1464 3669
f 4065 1099 263
f 4691 3164 3163
f 181 3326 3164
f 4962 4617 419
f 2934 2041 3165
f 4549 428 932
f 568 4884 1054
f 4885 4670 2863
f 4219 1161 3656
f 3351 4162 414
f 1734 3429 4356
f 3882 3101 692
f 3101 122 692
f 1940 32 4889
f 2611 3437 2564
f 4129 337 4137
f 1115 594 4839
f 1187 1854 370
f 3376 3589 3170
f 4921 629 3712
f 310 1427 58
f 3449 3496 1035
f 4054 3173 1781
f 561 2117 669
f 354 308 2743
f 4535 3172 1225
f 4879 3559 3736
f 1030 2916 3175
f 2167 2638 697
f 4820 2208 4814
f 2409 2942 1463
f 4118 4058 1009
f 1823 4756 2525
f 1764 661 563
f 1275 3757 2513
f 1851 405 3418
f 3174 1924 1267
f 2087 1275 2513
f 3040 1072 1241
f 4917 633 2227
f 2962 3055 3775
f 3503 4467 2512
f 2474 2838 3147
f 2951 1144 1901
f 3079 1457 848
f 3665 1738 1293
f 4696 4223 1413
f 2946 4013 2776
f 2692 1565 3468
f 2276 4701 2898
f 3181 1774 968
f 4911 2815 4493
f 1685 4232 4642
f 3477 1620 2747
f 1456 272 2222
f 2103 4887 3080
f 3556 4471 1745
f 201 559 2461
f 3596 3711 4768
f 4675 1793 3185
f 1443 277 1313
f 1943 2853 1079
f 1943 1250 2853
f 4383 2837 3187
f 2562 279 1552
f 75 368 1440
f 1461 75 1440
f 3189 944 3884
f 360 3393 4765
f 1762 3067 3508
f 1821 1218 1855
f 1725 1962 1020
f 3142 1517 4951
f 3142 587 1517
f 2430 4922 2959
f 1707 3357 3497
f 1078 4679 1594
f 2185 22 3626
f 1300 4909 2361
f 4281 424 879
f 2326 1825 722
f 3684 684 2202
f 4603 502 2358
f 1538 2914 3345
f 4948 3166 2063
f 3667 4752 3843
f 3667 3843 2510
f 4749 1417 97
f 3194 3721 714
f 4087 716 3569
f 4525 1477 4994
f 2475 2930 3200
f 2395 111 3197
f 2831 4056 1581
f 3513 125 2189
f 1719 946 477
f 3662 3200 1205
f 3200 2147 1205
f 1026 4904 90
f 1089 3780 4453
f 4802 2305 1035
f 1075 2806 1573
f 3573 634 3683
f 1328 569 4544
f 2956 4219 2817
f 2758 4285 1535
f 3203 1349 4085
f 1767 1786 3167
f 3721 677 1532
f 4879 4747 793
f 874 1380 210
f 4920 4554 3849
f 210 1392 874
f 2037 1492 317
f 3457 1658 2553
f 2413 2002 4284
f 4193 602 4665
f 50 1731 1818
f 2165 4665 602
f 4371 231 1225
f 1264 97 2104
f 3034 2487 422
f 1284 2194 48
f 212 78 1059
f 2035 1091 4260
f 2220 3122 578
f 2892 3534 2522
f 1623 1976 2486
f 1522 4098 3275
f 4808 3348 3171
f 3171 3212 4808
f 2910 1178 2901
f 3879 1493 1263
f 3878 1208 3387
f 4497 1338 1665
f 4766 3016 574
f 4746 4405 3210
f 2599 670 3431
f 2278 2881 3260
f 3499 4775 616
f 4085 4391 4372
f 2421 3629 4586
f 2557 1277 3576
f 2991 1875 2617
f 4877 779 1808
f 4995 305 4432
f 1418 4943 3190
f 3202 2983 3216
f 4507 346 3099
f 4693 98 2324
f 551 654 4259
f 4490 905 3418
f 3524 2393 3327
f 4024 239 3220
f 4919 1726 588
f 2125 863 3804
f 3222 2674 4899
f 3217 1946 2031
f 2798 4622 3760
f 2798 3648 4622
f 3459 2436 3597
f 4385 4753 4655
f 4165 805 3225
f 1554 1127 3005
f 3227 4567 1495
f 2557 3229 3817
f 1580 4449 521
f 366 3870 2376
f 2376 3434 366
f 799 925 1300
f 179 4640 3480
f 2683 15 4711
f 4275 4494 2810
f 4406 631 4342
f 4631 3885 4778
f 2993 3520 4041
f 1707 310 4500
f 346 4507 1715
f 4265 1588 2613
f 1588 4265 1963
f 1625 1821 1855
f 1572 1727 3230
f 1046 2662 2561
f 125 2032 3816
f 4457 4292 2419
f 4292 4457 1433
f 1104 4988 4496
f 611 2314 830
f 611 4703 2314
f 2330 951 2756
f 3231 4833 336
f 1289 1704 2968
f 4101 1052 318
f 4059 2928 3956
f 3867 1464 4975
f 389 906 3832
f 4854 1277 2802
f 663 2802 1277
f 3482 3524 4986
f 3482 4986 2657
f 3612 1143 744
f 108 4484 2055
f 4001 3738 581
f 201 1568 1533
f 3830 1123 3234
f 2721 2175 1677
f 3238 4660 1787
f 776 3966 4587
f 982 3893 1281
f 3725 2044 1957
f 816 299 1434
f 2254 1795 145
f 3706 1955 1560
f 1801 990 2106
f 1801 2106 2281
f 3806 3023 220
f 186 374 3993
f 1767 3167 4717
f 3023 3429 220
f 1143 724 1882
f 3893 2178 1054
f 252 1859 2044
f 4362 1333 544
f 1625 2345 1821
f 2565 3242 4483
f 3998 160 358
f 2077 3699 4708
f 39 4196 3367
f 4544 2365 3246
f 2104 3239 2729
f 3706 2128 341
f 2783 3230 3552
f 3640 10 330
f 1671 396 4125
f 788 3521 4951
f 2742 1327 1221
f 2156 327 3565
f 4475 4429 2927
f 2866 4004 1117
f 3042 1117 4004
f 1022 2815 4434
f 2815 1022 4493
f 2556 2798 2531
f 1969 4548 1630
f 3014 3157 991
f 3554 4146 2808
f 1874 4276 577
f 1098 1536 443
f 2511 1133 411
f 4350 4811 3095
f 1173 2449 3251
f 2215 1963 1595
f 2655 308 2707
f 2974 1710 742
f 1145 3810 496
f 2033 844 445
f 4844 2410 326
f 3396 3255 4439
f 3255 3396 39
f 3819 3257 1759
f 4844 1197 2410
f 4744 1954 3601
f 3888 2822 2300
f 770 3845 2608
f 964 2519 288
f 3165 376 2142
f 3380 765 119
f 308 1282 4338
f 4836 3081 2870
f 1360 4611 2664
f 1810 4463 4984
f 4011 1810 4984
f 3158 3048 3338
f 4398 220 3429
f 2807 4289 834
f 3759 2840 2416
f 2840 4584 2416
f 401 3779 3283
f 3516 937 294
f 4730 2594 4945
f 4269 2594 4730
f 1100 2075 3311
f 557 902 4936
f 2329 545 2006
f 2246 4190 1249
f 3452 1053 4933
f 3560 4269 3177
f 3607 2146 3271
f 1536 1098 489
f 3117 3092 3439
f 1576 1586 3500
f 1469 3176 4303
f 1299 2601 4300
f 1611 4804 969
f 223 2046 3844
f 4434 2815 1934
f 4173 627 799
f 3908 1405 2541
f 1208 4138 2396
f 2036 2962 165
f 1589 4097 4821
f 257 4272 2435
f 390 1564 2314
f 2211 2073 1457
f 4343 2696 2263
f 292 955 2010
f 3770 970 106
f 3313 1475 4457
f 2115 4855 1520
f 488 1541 2307
f 952 3119 4380
f 285 1770 2352
f 1066 1770 285
f 1637 2859 624
f 4200 3626 2514
f 533 4685 4666
f 3185 1793 4120
f 3688 1009 2280
f 3289 1219 1722
f 3289 4810 1219
f 285 3578 3735
f 3504 3903 1984
f 3492 4809 3992
f 4467 3847 2512
f 3801 2427 436
f 3298 373 392
f 186 1043 3207
f 1643 4694 550
f 385 2649 3292
f 1811 1829 3281
f 3959 4509 403
f 3181 1159 1774
f 4406 1029 631
f 1536 489 2241
f 1312 3752 1131
f 1312 3315 3752
f 2144 2684 335
f 2457 4674 3772
f 2718 357 351
f 3045 855 1510
f 1849 3294 3419
f 4488 2230 444
f 152 4573 2781
f 2721 1677 3264
f 4374 1257 3890
f 454 2085 1223
f 4767 2647 1453
f 1293 1738 2887
f 4254 3300 3584
f 4454 1101 3685
f 3158 3301 3346
f 1294 890 4504
f 4459 936 4774
f 936 441 4774
f 1844 3054 1941
f 4084 4885 1288
f 1560 728 1352
f 3530 4239 4966
f 1336 1578 626
f 4795 3247 1112
f 4707 2923 3095
f 2426 603 240
f 2426 240 1137
f 2994 780 1886
f 4432 1867 298
f 4350 1623 4811
f 1090 1201 3026
f 3380 2950 2261
f 2136 416 2947
f 4404 3309 1519
f 3857 3406 708
f 285 2352 4207
f 811 3800 2277
f 785 811 2277
f 4804 3829 969
f 576 3913 408
f 4023 3183 1966
f 4023 1739 3183
f 4765 3393 2769
f 561 1506 2117
f 4287 1987 2575
f 2696 2622 1173
f 2290 311 1166
f 4640 993 3480
f 1936 680 2043
f 2043 680 990
f 3394 1892 4578
f 4606 1357 4339
f 2202 4560 572
f 1210 1869 189
f 1210 2259 1869
f 4560 2202 684
f 3647 1322 1928
f 3792 722 1322
f 3740 4374 3317
f 578 3122 3520
f 2262 4288 3159
f 1687 3943 1102
f 4236 1776 1473
f 1943 1079 2265
f 4280 907 4526
f 1808 1809 2487
f 1861 740 757
f 3537 372 880
f 923 3541 2505
f 2090 4442 4317
f 3691 2090 4317
f 3322 3977 2624
f 2259 2264 2560
f 106 3306 1483
f 1794 4268 1657
f 1729 159 4918
f 4422 2005 4123
f 4618 1024 3324
f 4800 185 4563
f 2610 1103 3965
f 2977 2661 2651
f 923 2586 1120
f 2221 88 395
f 1709 4686 3763
f 188 3872 4856
f 951 3809 3372
f 2602 2140 3968
f 325 4353 4904
f 4784 2499 2081
f 2675 2278 1535
f 2689 3330 450
f 2087 961 4015
f 1557 270 2153
f 3883 2895 3466
f 3883 3466 1615
f 594 1115 2760
f 2998 694 3693
f 115 2952 2896
f 3213 3332 621
f 2484 1637 2485
f 3334 3906 342
f 1345 4689 1230
f 4198 3335 3297
f 563 1923 3434
f 1469 1246 3176
f 2959 1031 3337
f 4369 56 1447
f 2995 725 112
f 112 2993 2995
f 1523 809 4737
f 2980 4523 2563
f 2982 984 2716
f 1919 4624 1660
f 1502 2092 1777
f 4638 321 2614
f 4734 3297 3335
f 1630 4734 3335
f 217 2169 1208
f 2296 3788 279
f 2693 3715 1340
f 3341 2504 1219
f 1137 2335 2426
f 1102 1310 1687
f 2192 1970 1549
f 2192 3571 1970
f 3344 2985 2350
f 3147 1721 62
f 2442 2304 3938
f 1225 231 21
f 4024 1592 1772
f 1342 3397 4079
f 3791 460 3347
f 1991 3147 62
f 3138 4790 1570
f 3885 4246 4778
f 2846 945 4601
f 4462 50 4135
f 2993 1844 2839
f 547 269 1551
f 4451 1238 2868
f 392 2072 1826
f 3913 3804 4837
f 3906 2971 342
f 2404 1788 3996
f 3120 4632 609
f 2629 2323 4401
f 4587 536 2288
f 204 625 1828
f 1540 4572 589
f 3068 3355 675
f 140 3356 2074
f 2211 2029 2224
f 1997 3359 378
f 3360 2346 3743
f 4635 161 246
f 3786 997 913
f 4322 3092 3485
f 3362 4525 4994
f 3372 4330 18
f 4683 944 4479
f 610 2015 3116
f 2015 2275 3116
f 1056 55 2477
f 1991 3366 3147
f 4504 3438 1706
f 2071 2636 2618
f 3369 1001 1081
f 3370 4582 1027
f 1361 4557 317
f 1361 317 2632
f 4881 3061 492
f 4581 1800 2997
f 3260 3050 1069
f 3175 338 328
f 3814 4209 4819
f 2251 1459 2542
f 3511 3985 1634
f 1344 4864 4059
f 289 3109 3952
f 1262 441 794
f 699 1032 2703
f 645 2983 747
f 2172 826 350
f 2996 1475 1400
f 2996 1400 3957
f 4051 204 897
f 602 1094 1068
f 2080 1847 4342
f 2807 2645 4289
f 4684 4454 885
f 2530 507 3152
f 1186 3725 1663
f 3725 1957 1663
f 1749 3683 2777
f 4769 2086 3377
f 3510 2381 619
f 1211 4431 4032
f 2914 2123 3379
f 2954 2131 3041
f 441 936 68
f 1969 900 3364
f 1560 510 2541
f 155 2573 2670
f 839 1308 2104
f 1012 4564 147
f 1070 2676 593
f 1154 4292 4939
f 4363 2107 1858
f 1032 4092 365
f 181 3164 3897
f 4093 3720 2884
f 4858 2492 3828
f 2492 4858 4857
f 4585 3598 2219
f 3237 4262 1521
f 3986 475 2975
f 507 1712 3152
f 3071 131 3384
f 3640 900 10
f 1119 549 1934
f 1199 3104 350
f 2437 4615 3338
f 3338 470 2437
f 4197 3975 23
f 972 3519 4256
f 972 762 3519
f 1391 4269 4730
f 4530 4538 2102
f 3646 1289 2702
f 4872 1437 1978
f 3361 3577 2217
f 3577 3361 4486
f 3238 3456 580
f 4172 1756 2833
f 2420 3547 4516
f 2526 3392 4330
f 3978 4347 3964
f 316 519 3891
f 2417 294 4098
f 4169 2472 510
f 528 4169 510
f 4906 2628 853
f 2230 4520 788
f 4945 2594 3038
f 2186 1298 4106
f 252 3659 2688
f 4901 1750 3243
f 4769 3377 4571
f 1454 3145 3131
f 3145 1693 3131
f 4463 2147 4984
f 867 4295 1930
f 2309 269 547
f 180 2674 3222
f 3188 1576 4921
f 2765 2922 4912
f 7 4099 1290
f 1909 4225 4466
f 3398 4411 3399
f 2532 840 2948
f 3890 1257 2518
f 4780 4006 3820
f 3776 261 583
f 450 2767 1351
f 107 149 3402
f 1950 2788 4518
f 4897 2407 1975
f 2122 4761 153
f 4320 3299 2954
f 1447 933 1898
f 1730 4919 4478
f 846 2232 4988
f 3407 3973 3512
f 1773 1311 1232
f 1831 1229 1455
f 4343 2622 2696
f 4574 4379 1012
f 4328 1283 17
f 1006 1240 3609
f 4119 2798 4143
f 269 4600 887
f 1641 4513 1618
f 1900 331 597
f 1900 4609 331
f 3153 888 3416
f 4149 1583 3671
f 2783 4241 4988
f 18 825 4613
f 3392 825 18
f 3706 341 136
f 1494 136 341
f 4325 3696 224
f 2887 1738 3914
f 1587 2955 2785
f 1818 2516 4135
f 4138 717 2396
f 206 898 1363
f 522 4490 3418
f 100 2770 4212
f 4326 3425 1922
f 742 3151 3426
f 2530 3385 4145
f 3543 3066 3856
f 1968 3066 3543
f 587 3786 913
f 3000 772 4843
f 4298 3842 2333
f 1667 2256 1236
f 714 3721 34
f 2794 2266 3417
f 4579 1036 4654
f 2120 2266 2794
f 28 1642 1547
f 1547 1879 28
f 123 4225 271
f 43 290 4349
f 1508 4473 2537
f 3279 3533 2735
f 3554 3430 2094
f 1009 4100 3391
f 862 693 463
f 464 3615 3714
f 4341 2204 3754
f 2788 4777 4518
f 3435 3259 4022
f 2791 3463 245
f 524 2276 3872
f 4046 4970 3144
f 3568 4046 3144
f 3543 3019 1968
f 3863 2569 721
f 3913 2272 4736
f 2725 4203 3476
f 482 1839 2330
f 3831 3558 856
f 2741 3614 3851
f 322 3534 3064
f 3398 3399 1985
f 3944 3024 27
f 1152 4363 3447
f 3117 3439 3572
f 1865 3998 358
f 759 1180 1367
f 3398 1985 1157
f 3296 3790 888
f 523 1700 1311
f 3448 4949 215
f 899 4167 3674
f 523 1699 1700
f 3272 4980 4071
f 3465 658 126
f 2130 3450 2548
f 2130 1984 3450
f 3805 99 2324
f 4410 2447 3119
f 1381 3379 770
f 2189 1747 4761
f 3495 3458 3070
f 2732 4113 3143
f 1015 2411 3012
f 2574 1403 4844
f 4899 1403 2574
f 1353 3563 1988
f 4927 4987 1608
f 3343 368 75
f 1000 3453 4848
f 4246 242 3210
f 4746 3210 242
f 3454 423 4878
f 3290 1274 2919
f 1374 1653 1129
f 3012 2411 4762
f 2187 993 3535
f 132 2116 4105
f 1555 3416 125
f 3151 2207 3426
f 3212 1390 4808
f 729 2034 3412
f 1877 1142 1327
f 1391 3177 4269
f 2898 2208 3872
f 658 451 4813
f 4477 2568 1273
f 4581 2997 3518
f 110 3464 4929
f 2404 2196 965
f 1506 3354 1234
f 2921 1090 3026
f 2834 1841 1610
f 1633 1657 3110
f 4719 3466 3422
f 4406 3422 3466
f 3806 2156 3023
f 2109 427 4873
f 4985 3883 1901
f 4427 1668 667
f 190 4909 1019
f 190 4308 4909
f 309 2538 3352
f 1565 3689 3468
f 3689 70 3468
f 3091 785 1273
f 4321 2872 1935
f 3193 3471 156
f 2334 4814 2796
f 952 2796 4132
f 3795 3817 3629
f 449 795 4110
f 2283 129 4713
f 288 164 3206
f 2519 164 288
f 4775 2853 616
f 2196 1296 965
f 1054 4884 3893
f 1066 285 105
f 1531 3529 1144
f 2003 3992 2592
f 2884 3720 3854
f 1460 4353 1517
f 3720 419 3854
f 1975 1449 966
f 1089 2721 3780
f 4390 4818 1333
f 1108 454 775
f 4636 3488 267
f 4004 2866 2185
f 598 1504 4208
f 3991 2813 3186
f 1032 3414 3617
f 4668 4972 1737
f 3328 38 30
f 3030 1404 3207
f 749 1448 1361
f 2674 1270 4899
f 4672 4317 1616
f 2498 420 1523
f 4880 3739 4667
f 955 3542 2612
f 2612 2994 955
f 1455 1229 1126
f 480 3531 2587
f 1297 1150 3894
f 1897 3253 4888
f 4972 4686 3309
f 951 1839 3809
f 2859 2679 487
f 3906 2080 2911
f 4522 1381 770
f 3935 4357 3248
f 4264 3487 3856
f 3487 3543 3856
f 3488 4636 1516
f 2241 489 182
f 3718 837 2733
f 3758 4468 3491
f 3063 2262 3159
f 2134 3997 4883
f 2509 4907 1156
f 4525 3362 603
f 631 1462 4072
f 1632 3493 2244
f 3494 1525 4428
f 2014 3627 381
f 2582 3156 3928
f 2840 4057 1431
f 2585 3619 439
f 2259 3224 203
f 1825 1758 722
f 3496 3449 886
f 3495 4208 207
f 1103 1100 3965
f 4101 1427 465
f 286 1718 1927
f 4698 4512 2433
f 2588 221 665
f 2342 2753 953
f 2753 3702 953
f 334 2225 3690
f 4040 3118 3946
f 572 1417 4749
f 4566 4589 2089
f 595 3162 596
f 4445 4675 4725
f 4484 108 3733
f 906 3681 1397
f 4945 1803 3682
f 4000 1350 4261
f 2745 876 3750
f 2282 3681 906
f 2302 1018 4580
f 3748 1428 1025
f 2667 2115 1520
f 1398 1366 659
f 2986 2886 4275
f 2886 4494 4275
f 2455 1815 3768
f 2429 3434 4716
f 3249 4157 3160
f 4912 4220 2065
f 2059 4515 2056
f 4272 4302 2508
f 628 2813 4983
f 3280 847 2882
f 1779 1948 343
f 3206 133 288
f 4470 2391 679
f 119 1159 3674
f 1432 3421 2602
f 4320 941 353
f 1968 2002 3066
f 225 4976 38
f 4422 3669 2005
f 4621 565 3745
f 3556 3765 2969
f 2094 402 4211
f 2816 1705 3285
f 39 1489 4832
f 2816 3285 3619
f 3919 3761 3731
f 3132 3761 3919
f 1301 3652 4832
f 1444 2437 470
f 263 3245 3228
f 683 567 134
f 3323 1221 228
f 3250 3253 2016
f 1787 4660 827
f 4341 2089 3946
f 4860 2843 623
f 4371 1225 3065
f 1664 843 2979
f 2040 1561 2911
f 2911 1561 3906
f 2850 3071 519
f 1484 1568 2098
f 1506 1276 2117
f 2835 1678 1476
f 870 2191 4211
f 2699 4428 4355
f 2837 108 3187
f 2526 2204 3118
f 2204 3946 3118
f 1149 1724 1200
f 2845 1219 2975
f 4164 3184 3837
f 2740 3094 4096
f 1644 4184 1574
f 746 844 2941
f 1727 3684 2329
f 2329 3684 4253
f 3772 2720 4701
f 61 654 551
f 47 2490 2533
f 1828 385 433
f 932 456 4549
f 4562 4581 3518
f 3163 2416 4691
f 1411 2349 3675
f 418 417 3381
f 3520 2349 1411
f 4641 2892 3484
f 3087 3413 2615
f 154 4735 4499
f 1608 592 1556
f 1201 2725 3476
f 781 29 3718
f 1508 2937 540
f 1916 4133 3129
f 2277 435 2534
f 4178 1227 1902
f 3501 1494 3390
f 531 1184 184
f 4667 1242 4527
f 247 4270 2746
f 3327 4986 3524
f 347 895 4963
f 1556 592 2713
f 592 937 2713
f 2164 4721 866
f 3516 4741 2713
f 2361 132 1300
f 2369 4832 1881
f 87 4485 96
f 2995 2839 1087
f 4812 2880 3805
f 1267 4520 244
f 808 4652 1589
f 4071 1813 1883
f 4586 2825 2421
f 2955 908 987
f 1000 4070 117
f 3999 3855 3604
f 1587 908 2955
f 1528 3133 3320
f 629 4921 3500
f 3500 4921 1576
f 2191 870 84
f 2841 3259 3949
f 3259 2841 4022
f 524 188 4704
f 4273 1289 4455
f 3025 840 1819
f 691 4692 1669
f 1779 1423 4926
f 2282 804 613
f 3666 2883 296
f 4107 3996 2447
f 4045 1235 265
f 122 2073 3949
f 3744 2097 1125
f 579 2448 2155
f 3736 1563 4879
f 4626 2109 4873
f 2348 4134 4123
f 2381 3415 4123
f 2381 4123 4134
f 3538 1733 3853
f 1660 4892 2658
f 3343 947 979
f 3534 2892 3135
f 3534 3135 3368
f 4384 3162 2495
f 4556 4175 4039
f 2467 2908 291
f 3442 472 2794
f 3694 4437 1822
f 526 3224 2264
f 4917 2032 125
f 2926 3171 1771
f 96 4485 4187
f 1758 89 1590
f 1825 138 1116
f 1074 123 271
f 1626 812 1925
f 1641 2105 3245
f 3094 20 4096
f 1355 2288 536
f 3069 2212 999
f 3279 4772 4104
f 4693 1852 98
f 2574 326 3550
f 3550 326 1559
f 1728 398 3022
f 560 1012 147
f 4835 4571 2318
f 3988 2286 1781
f 3816 1452 1555
f 3040 608 2009
f 4965 2662 1046
f 1238 4498 1185
f 1397 528 906
f 4127 1580 2675
f 3834 3555 4676
f 2656 2026 2402
f 3316 2498 1523
f 3324 3943 1687
f 2119 2129 2270
f 2210 1763 644
f 1763 3651 3483
f 1763 3483 644
f 2160 1001 1697
f 1517 114 4951
f 4304 3193 351
f 3520 2993 112
f 1713 3578 285
f 1143 1882 104
f 2337 850 814
f 2197 1813 4071
f 1882 3363 104
f 1552 3788 3446
f 117 2710 3679
f 3444 461 2849
f 3231 336 3677
f 4247 3355 3068
f 3134 3355 4247
f 1570 3143 3138
f 3143 4113 3138
f 2745 3198 876
f 3963 1758 4280
f 4495 1022 1698
f 2704 1634 3985
f 4387 2451 2448
f 3459 2222 301
f 2235 484 2901
f 3607 3295 4755
f 390 225 1564
f 2755 2925 1134
f 2017 1239 4448
f 3905 3607 4755
f 3028 4724 4439
f 3604 1624 3722
f 3722 1624 2378
f 3579 3984 718
f 4526 557 2744
f 4863 4711 4913
f 1440 368 2648
f 1387 236 4967
f 3969 862 4016
f 1752 4204 1558
f 709 4859 4507
f 814 3368 3627
f 508 3737 4789
f 4637 2037 2244
f 4863 4913 3563
f 4584 3571 2192
f 3700 2285 606
f 3216 3196 1170
f 2458 1513 4630
f 3267 4928 3180
f 2064 2678 508
f 1040 792 145
f 4025 2134 2517
f 3823 2577 1571
f 3578 4207 2399
f 3942 3967 4976
f 1353 100 3395
f 1344 1276 3078
f 4594 1705 2199
f 1633 3581 1657
f 551 2023 1782
f 925 1019 4909
f 2103 3080 1910
f 2239 2237 4614
f 1578 1336 1081
f 1165 2068 3317
f 3892 2545 2726
f 4007 4706 4910
f 1290 1591 7
f 3177 1391 3242
f 129 3693 3635
f 135 2443 548
f 3268 172 3428
f 3103 1210 3741
f 4908 1261 638
f 2019 4088 55
f 637 3586 2806
f 4992 2113 734
f 3016 3728 781
f 2054 3894 4848
f 1837 3588 2944
f 3899 384 3023
f 2812 4303 607
f 636 1895 2084
f 1546 4695 4258
f 901 2565 4483
f 3437 4288 2262
f 1563 3559 420
f 4826 2423 4626
f 4826 2370 2423
f 3218 1211 394
f 3236 4407 734
f 144 512 1279
f 4251 2762 3406
f 3122 2220 1965
f 1881 4832 1489
f 4655 3201 4385
f 181 3897 2463
f 4715 1857 352
f 1271 4737 809
f 4147 4409 738
f 1260 4831 3908
f 2752 4083 4490
f 4384 2495 871
f 871 2748 4384
f 213 3322 2523
f 4530 3702 664
f 341 1346 1182
f 3850 3595 868
f 868 3595 3214
f 2114 2112 4233
f 3596 2238 2332
f 137 3840 2554
f 2248 4969 2939
f 3447 2939 4969
f 3998 4140 2694
f 1314 2155 1167
f 3676 4950 4408
f 4146 619 1325
f 619 2381 1325
f 1438 476 3657
f 476 2590 3657
f 4502 4739 4451
f 4606 29 1357
f 2222 3459 3597
f 3225 805 3599
f 1158 3919 2891
f 1248 1859 252
f 1350 2627 2829
f 2492 3712 3828
f 4433 3835 2635
f 1584 4038 584
f 947 714 34
f 3926 2174 1519
f 3062 4447 4570
f 4875 597 2072
f 1550 3618 2183
f 1961 751 100
f 2867 3644 4820
f 2346 546 85
f 4238 2876 3687
f 1124 466 3035
f 513 2949 4339
f 4143 4312 249
f 1068 3532 4514
f 3123 2014 3096
f 710 4456 2633
f 1401 710 2633
f 4306 4254 3086
f 2609 1051 3806
f 224 3487 4325
f 517 4951 4942
f 2331 887 4924
f 3608 1226 2245
f 4858 3828 47
f 55 3871 2019
f 4219 3656 1703
f 3609 1240 174
f 4034 4255 1935
f 1111 1610 1841
f 385 1828 591
f 858 4534 1321
f 1327 995 1380
f 3756 949 78
f 1097 1080 4527
f 1661 4855 3591
f 1451 1486 523
f 3433 755 1267
f 983 523 1486
f 3489 152 1188
f 1298 3258 1584
f 1555 125 3816
f 571 828 4108
f 3614 4659 2490
f 3864 1509 3723
f 2338 4378 4094
f 3574 2338 4094
f 3525 1990 4335
f 2406 3616 2506
f 2121 2865 919
f 1695 2168 2584
f 1764 2555 354
f 2687 1349 723
f 108 175 3733
f 1109 1143 3046
f 4126 1085 3951
f 2333 3842 4685
f 2020 2767 2695
f 39 3367 379
f 1378 4461 2934
f 4041 1678 4650
f 1774 1159 2844
f 1119 382 549
f 4903 3787 4207
f 2714 1431 2790
f 2806 796 637
f 3183 1739 4117
f 2425 3441 1927
f 2914 3379 1381
f 4511 1318 4625
f 2476 3927 912
f 2701 340 1810
f 4552 787 3593
f 3593 2615 4552
f 4004 2185 3626
f 652 438 3688
f 3630 2397 339
f 573 3344 3358
f 109 736 4152
f 1854 3634 370
f 3196 3984 4092
f 2561 3873 3622
f 3636 2062 3111
f 3636 4263 2062
f 4907 2069 3719
f 429 1176 3483
f 944 981 3502
f 3318 1122 3445
f 3318 875 1122
f 1471 312 788
f 4199 3639 3291
f 254 4720 3378
f 2113 1118 1789
f 4387 418 2451
f 3077 1795 2254
f 2509 1156 871
f 4293 3641 299
f 4808 879 424
f 1843 513 4297
f 752 2707 308
f 746 445 844
f 3575 2444 3732
f 3574 4512 4222
f 556 3553 3455
f 2313 33 1365
f 3918 4738 2737
f 3067 1762 1544
f 764 4635 4402
f 4484 2987 2055
f 1488 3496 3716
f 3848 2795 2801
f 840 2532 1819
f 820 277 4974
f 2714 2392 2250
f 1678 4041 1965
f 3122 1965 4041
f 1061 3442 2794
f 1886 780 246
f 631 1029 4952
f 2421 2310 4870
f 3695 4064 4302
f 3647 551 80
f 3648 2798 2556
f 822 3427 649
f 4112 3111 4882
f 1413 2787 4696
f 2207 802 3649
f 1352 1292 3931
f 2289 1954 1000
f 4203 429 3651
f 420 2238 809
f 653 2673 1191
f 3053 110 2668
f 2773 3251 1473
f 124 1538 3345
f 2659 3650 914
f 2061 27 2706
f 120 4433 2779
f 3478 120 2779
f 487 2679 1622
f 4877 1808 967
f 2487 967 1808
f 3960 2485 624
f 2649 879 1681
f 2277 1681 879
f 1523 420 809
f 4534 3940 1312
f 784 840 3025
f 551 1782 80
f 3044 1221 3947
f 344 2256 2511
f 485 4206 1887
f 3402 2322 462
f 4267 4639 2833
f 2919 3501 4420
f 4420 3501 3390
f 1555 1452 2631
f 345 2476 1467
f 796 3585 637
f 4558 2390 3535
f 453 761 615
f 1734 2637 2980
f 3427 822 2808
f 2129 3660 3658
f 2021 817 847
f 2418 2546 3661
f 3661 2546 2788
f 3732 1867 417
f 4589 1105 3946
f 1578 4290 4159
f 1958 1578 218
f 218 1578 1001
f 4212 1382 1718
f 3920 3664 1196
f 49 892 2717
f 3247 274 918
f 1422 2964 2115
f 2208 4820 3872
f 2462 3694 1346
f 491 3784 4989
f 491 4989 1927
f 3665 3742 1738
f 3235 2322 3225
f 2339 3994 1668
f 3366 4365 2356
f 4860 41 4266
f 844 4321 672
f 1260 3667 4831
f 3669 480 1387
f 2975 475 3668
f 2747 3707 3477
f 2228 2481 3671
f 713 2466 2706
f 1008 1269 552
f 1008 552 322
f 3304 1015 3672
f 324 1746 4413
f 1746 3224 4413
f 2072 431 3251
f 3038 1812 2401
f 2284 2013 1129
f 768 4081 3610
f 1499 1771 2920
f 1704 3646 1814
f 3676 4408 4109
f 1876 1877 2742
f 3678 3980 4282
f 1146 2262 3063
f 53 2293 1912
f 6 3980 3678
f 3095 4811 3424
f 1545 668 1869
f 1895 1136 4842
f 2924 3137 1672
f 3816 2236 1452
f 1358 485 4167
f 1293 2099 640
f 1921 2821 3846
f 4151 3473 3937
f 2929 2318 4571
f 1185 2868 1238
f 2027 4089 831
f 4612 3931 611
f 2506 2051 1617
f 2729 4521 1572
f 2642 2412 3032
f 88 2221 2180
f 88 2180 1867
f 4840 3219 432
f 2195 270 3853
f 3766 1605 1097
f 1260 3908 705
f 3819 1759 682
f 4057 3681 2282
f 1796 2403 606
f 4375 4990 2003
f 668 189 1869
f 490 4204 656
f 4815 2913 1832
f 1112 4757 4795
f 2970 102 3454
f 8 652 3688
f 798 1992 2887
f 1090 1180 1201
f 1728 295 4684
f 2401 1812 449
f 77 2454 4753
f 3511 4876 4867
f 3511 4867 2340
f 4890 4733 1990
f 3975 4946 23
f 940 559 201
f 4408 3889 1399
f 284 83 424
f 3310 3915 4980
f 4027 3310 4980
f 3341 1219 4810
f 2616 1996 1020
f 942 4560 3239
f 4011 4984 2566
f 833 1545 4388
f 3467 880 4934
f 3291 3639 2327
f 3823 395 235
f 3969 257 862
f 4642 3056 278
f 2401 3682 1803
f 3576 1277 4854
f 2921 4038 499
f 123 4162 4225
f 211 689 1137
f 1490 1741 2406
f 2860 3902 4712
f 3622 477 1649
f 3910 2457 2768
f 1087 2839 1950
f 3945 3258 4857
f 4448 2554 1835
f 3847 2366 1266
f 810 2745 4242
f 1887 1269 485
f 4491 1805 3128
f 4611 4977 2664
f 4289 2645 1999
f 550 2927 4706
f 534 3380 2261
f 3477 3707 1071
f 1993 2774 3986
f 1640 2871 1833
f 4586 3629 4037
f 2758 3260 1069
f 1069 4285 2758
f 715 1457 4568
f 715 1416 1457
f 4713 129 3635
f 549 654 4296
f 3332 3213 1045
f 4359 1808 779
f 2578 3955 1725
f 2008 3646 3345
f 2987 1856 3709
f 3794 908 4036
f 2481 4149 3671
f 4489 2779 4058
f 3466 2895 4406
f 4092 3984 365
f 1167 3381 4291
f 2934 4461 3601
f 3193 3710 2718
f 3428 4892 3572
f 202 963 4453
f 3711 4665 2165
f 2927 1820 4249
f 3187 2989 1412
f 4565 1096 58
f 2504 3341 3419
f 3712 4300 2024
f 4132 4410 3119
f 1613 2651 24
f 3767 3303 169
f 2338 4222 1453
f 2708 3059 4744
f 1158 2252 1645
f 1158 4663 2252
f 1600 4665 1178
f 2901 1178 4665
f 1706 4278 4504
f 1670 530 3374
f 4331 2180 2221
f 957 807 1151
f 775 200 1108
f 3038 2594 775
f 3627 4718 381
f 2111 2552 3703
f 4389 2552 2111
f 1967 2852 3313
f 3757 4776 2513
f 4400 3039 2874
f 1866 4991 1071
f 4202 3584 2194
f 2113 4992 1118
f 3982 2219 2206
f 2963 3460 2885
f 649 150 3718
f 2733 649 3718
f 1363 2143 3408
f 2725 1180 759
f 3719 1256 4616
f 2933 3719 4616
f 2572 4905 4682
f 708 3406 2161
f 1680 1132 2884
f 2276 2898 3872
f 1647 223 3099
f 4637 2428 3017
f 2428 3369 3017
f 2766 1648 1607
f 2012 4107 4157
f 419 3720 4699
f 3172 3799 3065
f 1302 3687 3830
f 1229 1831 3551
f 2990 1147 727
f 1961 4171 2819
f 4366 2413 2179
f 3490 1422 3316
f 2222 3597 2789
f 3537 754 1175
f 2421 4870 3629
f 2270 3017 1081
f 3696 3722 754
f 1509 96 3723
f 846 1845 19
f 1410 3348 704
f 3412 2034 3564
f 2881 928 4452
f 4495 3963 3726
f 2281 2106 1335
f 1610 1111 582
f 750 4180 4938
f 828 4180 750
f 3919 3731 4745
f 2871 4566 2089
f 3849 2197 3686
f 1547 234 1879
f 3 1975 966
f 2767 2020 2484
f 2020 1637 2484
f 2228 2709 2537
f 845 1207 3877
f 3663 4813 532
f 4955 3663 532
f 1264 4450 4749
f 1568 1192 2870
f 2604 946 1719
f 2604 1719 3873
f 3754 1005 1833
f 1591 1811 7
f 2419 1967 3313
f 3754 1839 1005
f 2725 759 959
f 4764 4274 268
f 2830 713 52
f 780 2994 1944
f 4736 3735 3578
f 1466 3311 2257
f 2257 3359 1466
f 726 3060 2123
f 675 3355 73
f 2312 1158 327
f 1266 4277 3847
f 88 1045 3213
f 2387 3517 4235
f 4598 2387 4235
f 1368 4580 1018
f 4525 4260 1309
f 2018 1994 3675
f 621 96 4187
f 2573 1227 1329
f 4201 1008 4604
f 3668 4918 3018
f 3596 2332 484
f 1227 2206 1329
f 1983 1784 199
f 3742 4240 821
f 3742 821 1770
f 2661 3423 786
f 4948 4516 3547
f 4516 4948 3945
f 4218 2558 4160
f 4218 3654 2558
f 2286 2408 86
f 1300 925 4909
f 3978 3964 2340
f 4815 1832 3704
f 1802 284 515
f 515 284 2690
f 933 1589 4821
f 4357 4176 3746
f 3912 517 4942
f 1998 513 1188
f 3365 4357 3746
f 4209 3282 275
f 1242 4667 3087
f 2076 497 3747
f 3303 3911 3462
f 398 4605 3749
f 4425 512 3305
f 2201 2041 2289
f 3522 3750 876
f 2193 4882 2062
f 1226 4845 2818
f 2158 3576 4854
f 3742 1066 3914
f 2081 4973 1450
f 3096 2014 381
f 2605 504 3328
f 4582 3370 1526
f 1479 1693 65
f 1613 3243 1312
f 529 3752 674
f 3233 4905 4324
f 2577 3337 2155
f 4779 746 2539
f 2146 4113 404
f 1520 1661 2667
f 4517 56 1816
f 4348 4750 2313
f 3249 4541 2402
f 3655 4541 3249
f 3476 4550 3753
f 1434 4478 3539
f 231 1509 21
f 4973 4767 3594
f 3758 3491 621
f 3758 621 4187
f 4051 4523 49
f 451 2665 2385
f 2385 2969 451
f 673 767 3760
f 3761 4477 2534
f 1524 600 1806
f 3730 4142 4536
f 595 2592 4809
f 211 240 3569
f 319 4532 2814
f 2814 4532 3021
f 215 569 1328
f 2273 376 4805
f 393 3146 1785
f 2683 4091 1272
f 1321 4534 529
f 1463 2942 428
f 2942 932 428
f 43 4690 3498
f 496 818 1145
f 3719 3955 1256
f 4177 1381 4522
f 2914 1538 2150
f 283 4092 74
f 2308 328 1197
f 3767 1592 1162
f 3001 3963 2744
f 4109 933 1447
f 3981 4375 1830
f 3522 4511 4625
f 2324 159 1729
f 3491 2373 88
f 4468 2373 3491
f 930 1546 3265
f 4306 4977 4352
f 3843 3652 1301
f 3140 1096 9
f 2209 1208 2396
f 2748 871 1156
f 2019 2083 4139
f 165 3775 1203
f 933 4821 1898
f 1658 4877 4348
f 4201 4604 1506
f 2691 3972 2137
f 4989 2248 148
f 4989 148 286
f 3019 1801 3909
f 1215 3750 3522
f 2355 3778 3779
f 1248 2688 3176
f 1551 269 887
f 3898 2932 1765
f 663 154 1842
f 1214 2073 122
f 2299 3762 2960
f 1617 1939 2938
f 1941 1939 1617
f 4278 2889 3592
f 3523 1429 2292
f 109 2600 736
f 2375 2374 1258
f 4444 2374 2375
f 3274 4229 4393
f 4711 3241 4913
f 851 837 3718
f 3788 1305 1879
f 1721 2838 2669
f 874 1392 687
f 3409 1456 2789
f 2669 2838 4614
f 3789 4734 1630
f 888 3790 3088
f 375 1141 2025
f 2747 537 1303
f 3474 2067 3425
f 2747 1827 537
f 4650 1678 2835
f 688 4161 3071
f 3274 2108 3044
f 2162 4078 3749
f 1325 2381 4134
f 3413 4667 3739
f 946 255 477
f 4847 2780 3025
f 3857 708 3798
f 1168 1804 4151
f 3473 4151 1804
f 168 388 3080
f 2150 3060 726
f 1675 1367 1436
f 2427 3801 2715
f 3800 1681 2277
f 4786 871 2672
f 3464 2655 4929
f 1099 4513 1641
f 4261 1350 3802
f 379 756 2460
f 1873 2460 756
f 3881 2074 3695
f 3765 605 4781
f 899 4136 4167
f 3912 2163 2617
f 3172 1537 3276
f 3172 3276 42
f 4723 2378 4886
f 4886 2378 1624
f 786 24 2651
f 4982 3806 2453
f 159 98 1612
f 605 2920 4781
f 47 2024 3240
f 297 4536 21
f 3907 3808 4617
f 3895 4132 2796
f 964 3739 1112
f 3339 867 1822
f 160 3717 3453
f 1656 2427 77
f 1630 4548 3789
f 1447 1898 1824
f 1477 4525 412
f 1787 3041 1701
f 1787 827 3041
f 3812 2509 4608
f 3187 2055 2989
f 357 2718 1562
f 357 1562 1359
f 915 2957 3811
f 2283 3813 3408
f 4416 4376 1491
f 4376 2302 1491
f 3027 3063 1076
f 3027 1076 618
f 818 361 1757
f 3445 1038 3318
f 3814 2848 2459
f 4960 2844 2184
f 2685 1414 4923
f 3817 3229 3611
f 3659 3725 1186
f 4328 26 1128
f 3166 2167 2782
f 443 2797 2028
f 4399 3135 2740
f 4920 3849 1861
f 3049 4583 3007
f 3407 3526 3973
f 1297 3894 4364
f 1175 2306 2122
f 2143 2283 3408
f 4876 1016 4867
f 3635 3827 4713
f 4216 4855 1480
f 162 903 2874
f 903 4261 2874
f 376 2273 3727
f 3594 3370 4749
f 2232 1572 3230
f 856 196 3831
f 1062 3497 3011
f 728 1323 732
f 2818 903 4131
f 1860 2988 2340
f 4962 3184 4164
f 1337 2927 4694
f 2510 3843 1301
f 1705 4594 1206
f 598 2482 3638
f 3352 4696 299
f 3679 2710 4620
f 2303 2196 3841
f 4770 2327 4423
f 3846 235 1695
f 1638 3465 4538
f 851 4054 139
f 3128 1805 1782
f 4883 1174 2517
f 2471 2317 4213
f 1000 1150 4070
f 1705 2816 2199
f 3973 1234 1673
f 4314 385 591
f 1033 3188 4893
f 1915 100 4212
f 630 4445 1746
f 1572 3684 1727
f 630 1746 324
f 1898 3673 1824
f 4906 853 394
f 2128 2462 341
f 2594 1709 3763
f 1770 821 1636
f 4576 3881 4302
f 1149 2982 1724
f 1271 809 2165
f 491 494 4751
f 4111 2599 3431
f 2703 3617 520
f 1231 4648 306
f 3551 4320 2972
f 4526 1037 4940
f 4316 3999 3604
f 4047 731 2344
f 2948 3374 530
f 1871 1870 2536
f 811 785 3091
f 1512 275 3282
f 1501 569 4949
f 1406 2443 3581
f 3938 137 2442
f 3656 1161 4150
f 4376 4250 2302
f 4491 3128 849
f 4374 1165 3317
f 2583 4886 3855
f 927 4116 3278
f 3113 3813 3431
f 3784 491 4751
f 2059 4307 4515
f 4788 4484 3580
f 2356 4936 3481
f 612 174 1240
f 456 2942 3263
f 258 2043 990
f 2010 1538 124
f 2921 2265 1090
f 4764 3769 4274
f 156 3471 4609
f 4642 1055 3056
f 2509 871 4786
f 393 3514 2967
f 3857 3798 3925
f 4920 1861 757
f 3707 2747 1303
f 495 4610 308
f 4610 1282 308
f 1313 4553 2722
f 1467 912 3861
f 3183 3862 1966
f 4541 2457 3910
f 4641 3484 4395
f 135 2810 1323
f 4672 791 4317
f 3765 3556 1745
f 4028 675 4475
f 3403 3401 1356
f 3403 1356 2902
f 3864 3941 3223
f 2933 4907 3719
f 1552 3865 401
f 896 1332 4643
f 2280 1009 3391
f 3188 3389 4111
f 4008 1319 3868
f 1319 2592 3868
f 1512 3643 275
f 640 3665 1293
f 3047 4978 3874
f 3001 557 4936
f 3047 3874 2784
f 3778 1402 3779
f 924 3875 1742
f 4313 1190 4193
f 3340 4199 2793
f 2379 2640 2415
f 3058 3388 4472
f 1069 3050 3876
f 4067 4227 4919
f 4880 4667 4527
f 1842 3238 1787
f 3878 3387 2930
f 4399 3096 381
f 850 3064 814
f 2433 1047 4253
f 3096 4399 3880
f 1481 1279 314
f 294 4336 4098
f 1874 577 3447
f 2123 2914 726
f 2171 4089 901
f 3674 4167 2864
f 3507 1531 3602
f 1175 2122 372
f 3884 593 3189
f 3125 1399 4247
f 621 3332 96
f 3886 253 371
f 3631 2727 3813
f 3598 2206 2219
f 3887 1335 2106
f 4366 2187 3535
f 2593 943 258
f 719 4968 2377
f 2969 1317 451
f 4754 4407 2998
f 2703 803 699
f 699 803 4971
f 4229 1903 4393
f 1740 1539 1316
f 4237 2894 2398
f 3191 2592 3892
f 4994 1542 3362
f 1895 636 1136
f 2317 585 1370
f 4424 1806 600
f 2919 1274 3501
f 1151 807 4329
f 4260 4525 2035
f 2944 2952 4150
f 1381 2366 3345
f 2914 1381 3345
f 1420 4546 588
f 3972 2493 1751
f 3972 1751 2137
f 734 2113 3236
f 2419 1154 359
f 2483 2931 2403
f 4377 2412 2642
f 4804 4042 3215
f 2195 63 270
f 4071 2157 2197
f 4240 4710 787
f 2807 834 405
f 32 3902 2860
f 2149 4107 2447
f 3904 1255 1715
f 3379 2123 770
f 4686 4787 3763
f 1256 537 1827
f 819 1804 4460
f 602 1271 2165
f 2602 3421 2140
f 1170 2190 3221
f 3679 2336 2273
f 3908 516 3100
f 4319 460 1077
f 4313 4665 1600
f 816 2933 4616
f 1223 2085 3109
f 3075 3896 4464
f 4299 2158 4854
f 3910 2402 4541
f 3911 1162 2805
f 4209 3814 2459
f 2906 4701 2482
f 2617 517 3912
f 4791 2943 232
f 2943 2275 232
f 2683 4711 178
f 3994 2339 1904
f 1108 2176 2085
f 4185 3490 3316
f 868 2879 412
f 3224 166 4679
f 4390 1041 606
f 4853 1041 4390
f 1857 1285 548
f 993 3917 3535
f 1579 3917 993
f 1786 3765 4781
f 4738 3918 150
f 717 4076 2396
f 4911 4493 3797
f 1773 870 402
f 2708 3010 94
f 4100 1778 842
f 139 4054 3762
f 4931 3923 2225
f 1373 3923 4931
f 4536 894 4535
f 3439 1862 2903
f 548 1285 609
f 46 2998 4407
f 3746 4176 1863
f 46 4407 3236
f 2760 1166 311
f 209 2760 311
f 2445 2807 405
f 2542 363 2976
f 2233 1214 909
f 2071 2455 2907
f 263 1099 1641
f 2885 3460 94
f 3925 2620 3857
f 3694 1182 1346
f 1369 518 3930
f 1355 1687 1310
f 60 993 2698
f 3758 40 1426
f 3758 4187 40
f 4057 2282 3573
f 1352 3931 4612
f 734 4407 813
f 1351 1020 4035
f 4848 3453 3373
f 2194 1284 2357
f 410 1214 2233
f 645 747 4561
f 4103 3412 3564
f 2751 1685 4213
f 4381 2145 1058
f 4090 2315 815
f 238 1724 2982
f 2788 2546 4777
f 1825 1116 1758
f 3631 3813 2283
f 1003 2372 1524
f 2334 2652 3852
f 2260 1675 4692
f 3010 4461 4834
f 2605 759 2260
f 2037 317 4557
f 2667 2468 2498
f 4748 1668 126
f 970 3306 106
f 552 3534 322
f 4764 4182 3769
f 2478 4182 4764
f 3942 873 1798
f 2388 856 4851
f 1066 3742 1770
f 4479 743 4838
f 4479 944 743
f 3947 1327 1380
f 4252 2072 92
f 3950 1948 2441
f 4254 2549 3300
f 3200 4984 2147
f 1521 2662 17
f 802 4452 2206
f 234 4621 3745
f 1506 561 4424
f 3719 2069 3955
f 4580 1258 4321
f 2647 2205 4378
f 2721 4793 3780
f 1749 2777 4646
f 4759 221 956
f 341 1182 1569
f 2084 1182 1822
f 3956 2117 4440
f 1344 3956 4440
f 2441 4067 4919
f 1128 2552 917
f 4233 2112 4712
f 4259 2023 551
f 2404 3591 1788
f 4795 274 3247
f 2590 1691 1063
f 3657 2590 1063
f 1056 2477 588
f 2256 1667 1253
f 3041 827 2954
f 3824 2256 1253
f 559 803 2461
f 2724 2000 708
f 997 3786 2719
f 1728 3022 295
f 4922 2430 2384
f 1655 2577 538
f 4133 4030 4992
f 2328 4133 4992
f 3219 4223 432
f 3522 876 4970
f 1342 4079 2538
f 2098 2335 1137
f 3288 2098 1137
f 2069 1711 3955
f 3955 1711 1725
f 1832 2913 3361
f 48 1841 2834
f 2346 3360 3102
f 4986 3327 4791
f 2565 3008 3242
f 4150 2952 4158
f 4797 4062 531
f 1039 957 1151
f 1181 3968 2140
f 4577 2992 4785
f 3099 223 709
f 3104 4145 350
f 778 2900 4299
f 1735 1107 4192
f 1910 4402 780
f 2028 832 4010
f 3935 1769 3824
f 2203 1163 1905
f 3738 485 1269
f 1195 2985 573
f 3219 3532 311
f 4310 1429 4125
f 136 1657 2494
f 1794 1657 136
f 3806 220 3951
f 89 1696 1590
f 1434 596 816
f 4956 2850 2048
f 4721 2048 3891
f 2082 4060 282
f 4339 3173 4054
f 3051 3784 4751
f 4966 3980 872
f 4966 2182 3980
f 1506 4604 3354
f 4071 1883 147
f 3700 2403 3858
f 3932 4561 3182
f 3984 3196 4135
f 3985 2988 3075
f 1993 3986 2504
f 3173 2949 3988
f 4216 1480 3934
f 1505 4933 846
f 3329 2319 730
f 981 214 4996
f 4968 648 4377
f 2593 3537 943
f 4377 1634 4968
f 1660 1963 1919
f 1799 115 2896
f 4799 3995 2432
f 3871 2290 1115
f 4508 3048 3158
f 4329 4681 1039
f 3412 4086 458
f 1880 3030 1010
f 1580 4930 4449
f 4883 3997 1174
f 3996 2196 2404
f 4511 1652 1318
f 4446 3102 804
f 3998 2694 3717
f 600 2261 2950
f 600 2950 4001
f 176 1395 760
f 2881 3050 3260
f 4808 704 3348
f 3978 4866 2890
f 963 1207 845
f 8 2702 652
f 3616 3664 3920
f 559 699 4971
f 3100 1046 2561
f 161 1435 1886
f 47 3240 2490
f 3775 1951 1514
f 3624 3155 4510
f 1428 718 1025
f 4827 2009 608
f 4612 2923 546
f 839 2729 1572
f 3988 2408 2286
f 3582 4271 1775
f 3457 3168 620
f 4072 1462 1396
f 1464 3555 4124
f 1464 4124 2005
f 1259 4911 3797
f 1969 1938 1760
f 2117 1276 4440
f 78 212 4006
f 4006 212 1419
f 3116 2275 2525
f 2990 4091 2683
f 727 4091 2990
f 1110 3015 1854
f 1187 1110 1854
f 4457 2419 3313
f 366 3550 3870
f 4849 4663 1771
f 2796 2208 2898
f 2754 99 3805
f 759 1367 2260
f 1830 2363 280
f 280 2363 1602
f 3854 1377 1767
f 2052 1631 4009
f 3675 112 2018
f 3940 4534 1598
f 2601 2535 560
f 202 4522 2608
f 4879 1296 2196
f 3552 1727 2329
f 1353 3395 4656
f 2093 2199 2816
f 4952 1462 631
f 3927 2476 345
f 3932 1345 4561
f 3666 2847 1510
f 3685 555 4088
f 4155 2754 3072
f 2394 514 1468
f 514 2728 1468
f 1532 677 4179
f 4014 1220 1069
f 3620 4643 2556
f 1180 4775 3499
f 3510 619 4211
f 4014 4709 1220
f 404 4113 2520
f 4596 2456 4068
f 466 4324 4363
f 3365 3248 4357
f 4340 4183 2456
f 4183 4068 2456
f 2839 1844 1973
f 4017 607 479
f 2936 1363 3408
f 3683 3360 2777
f 2293 4838 1912
f 4008 4018 4227
f 2531 2641 457
f 445 4779 1366
f 353 941 37
f 2562 2296 279
f 2105 1641 1618
f 3312 396 2011
f 28 1879 4242
f 2483 1364 2931
f 3181 4574 660
f 1724 2086 4769
f 285 4207 1713
f 622 1443 1217
f 3512 929 3407
f 4481 4829 3289
f 759 2605 959
f 4008 1619 1319
f 3818 1995 2375
f 3499 616 4967
f 4322 676 3092
f 1534 2604 4163
f 886 1488 3716
f 802 2207 4452
f 1578 4020 626
f 4258 3420 4859
f 3089 3610 4257
f 3420 3921 4859
f 3252 1710 2974
f 3567 4031 4824
f 4622 2166 3760
f 1281 2183 1064
f 319 4034 1935
f 1426 2400 4468
f 249 1527 4143
f 959 4203 2725
f 3817 4586 4037
f 3397 426 4079
f 4038 1584 3258
f 4140 289 3952
f 4947 2460 2033
f 2564 1866 1071
f 884 985 2700
f 4143 2470 4119
f 4726 1228 2527
f 1147 627 2496
f 583 1769 1640
f 1104 2790 1749
f 3191 2363 2003
f 635 1812 3038
f 2608 1850 1207
f 2363 2726 1602
f 1436 3499 236
f 3983 617 1829
f 4110 1118 4992
f 1736 320 4443
f 3838 1736 4443
f 4146 1325 4738
f 3293 4069 4046
f 3897 406 2734
f 3383 4050 2805
f 2805 4050 3901
f 1660 2267 4892
f 383 193 3901
f 4653 2542 291
f 590 3159 4288
f 233 770 2123
f 2060 2763 118
f 2763 1291 118
f 3331 4418 2257
f 3362 1542 3244
f 200 4787 2999
f 1163 2305 1374
f 1624 3604 3855
f 4892 2267 3572
f 4336 937 592
f 634 2282 613
f 1811 1591 1829
f 506 4476 1932
f 1544 3953 3067
f 2425 4678 4827
f 3469 3721 3477
f 2832 1054 2178
f 1890 1 1626
f 3222 4899 1894
f 3481 3303 1581
f 3160 4157 2149
f 209 311 4122
f 138 3375 4280
f 2223 1625 1855
f 4360 4060 869
f 138 4280 1758
f 3794 2364 131
f 1064 2183 3618
f 2731 4931 334
f 4125 472 1671
f 605 1499 2920
f 3588 4588 2091
f 3676 4517 4950
f 409 3295 3928
f 4663 2926 1771
f 3763 775 2594
f 3633 1994 3161
f 3161 2705 3633
f 719 4473 648
f 4514 3532 426
f 814 3627 2963
f 2963 3627 3460
f 2748 2933 4384
f 3907 4690 3808
f 3808 4690 2862
f 2559 4955 532
f 248 3686 3000
f 4843 248 3000
f 4189 4066 4387
f 4985 1901 397
f 1852 957 958
f 487 1622 4488
f 1532 4179 3852
f 4216 1532 3852
f 4196 3326 3367
f 11 135 548
f 1652 4069 3933
f 4069 3106 3933
f 2262 1146 2515
f 1878 3040 2009
f 4070 1150 1297
f 3317 2212 3740
f 2212 2480 3740
f 2710 4070 1297
f 3574 4094 1047
f 1850 2608 2440
f 1911 264 4435
f 1165 4374 2804
f 4943 891 3190
f 2702 438 652
f 1114 2806 3586
f 4072 2911 2080
f 1916 3682 2401
f 4074 4231 2171
f 4171 1858 2107
f 2201 2289 3679
f 2289 117 3679
f 4079 432 4223
f 1891 4638 1583
f 4162 1627 4466
f 1567 143 4080
f 2800 2691 4607
f 3637 4082 678
f 4086 3412 4103
f 3133 4470 3320
f 4651 2964 979
f 4230 739 2140
f 457 739 4230
f 520 3617 3869
f 1701 1665 1787
f 822 2953 3737
f 4521 2729 684
f 4133 2328 4298
f 943 2127 258
f 2720 4674 3895
f 1518 2607 183
f 2902 1241 1072
f 546 2923 4215
f 1848 861 2717
f 4087 2634 3319
f 3319 716 4087
f 1465 3267 3180
f 4789 2953 4661
f 2477 4088 555
f 609 11 548
f 1868 4868 2381
f 2743 1282 2389
f 1360 639 4611
f 2254 145 554
f 2897 3550 1559
f 3661 3920 3692
f 4026 4906 394
f 4375 2363 1830
f 761 2042 615
f 1476 1650 717
f 1683 1910 3080
f 4106 2475 889
f 2295 2293 711
f 475 4918 3668
f 131 908 3794
f 2815 1259 1934
f 3779 550 4706
f 1748 2774 927
f 2283 2143 4666
f 4648 4073 4565
f 813 2283 4666
f 4989 286 1927
f 1835 3137 4448
f 90 318 1052
f 1575 2311 4486
f 2925 914 3650
f 3751 2486 2209
f 2486 3770 2209
f 599 2571 1650
f 3289 1722 422
f 3853 1942 4543
f 2571 4628 1650
f 1541 478 141
f 478 1120 141
f 967 2487 3034
f 2935 3305 4155
f 4178 802 1227
f 2271 1354 1078
f 4864 1647 3099
f 1733 1356 158
f 2012 4157 4672
f 371 118 2781
f 2804 1124 1884
f 4316 949 2873
f 231 4371 1509
f 2098 2035 2335
f 3588 1837 4588
f 2042 761 1139
f 2251 272 1459
f 2417 4098 910
f 1372 2970 3454
f 4210 340 4973
f 4337 3704 1439
f 2253 4514 3397
f 2843 1514 1951
f 1543 2654 2688
f 3085 3090 2172
f 3926 1519 3309
f 2232 3230 4988
f 2925 3650 1134
f 2526 3118 825
f 1555 2627 3416
f 2358 502 575
f 227 798 2125
f 1065 4392 4443
f 1344 4053 1647
f 97 1341 3239
f 1022 4495 3726
f 2335 1049 2426
f 3219 4840 3532
f 983 2793 260
f 1443 1313 1217
f 387 1483 4597
f 4629 1620 3308
f 4391 4085 3995
f 4391 3995 905
f 4109 3582 1589
f 2862 4690 2559
f 1461 3397 1342
f 2084 4075 687
f 795 3697 4110
f 4112 68 3111
f 1598 1593 3940
f 1920 3344 2350
f 3373 3453 3717
f 4115 16 2697
f 3275 698 920
f 3352 2538 4223
f 1421 4117 589
f 4008 3868 4018
f 4171 681 1858
f 3613 1169 3382
f 1328 4652 806
f 2857 3729 4869
f 2892 2522 4206
f 2522 1887 4206
f 1458 3914 105
f 2449 92 2072
f 579 386 1490
f 1216 579 1490
f 1295 2847 296
f 32 859 227
f 2485 1348 2484
f 3767 2837 1530
f 1614 2389 4055
f 3235 3225 1315
f 315 1315 3225
f 960 4187 4485
f 3292 2649 1681
f 4410 2149 2447
f 2928 4449 4930
f 1759 1814 682
f 4874 1913 1226
f 2627 2786 1385
f 3532 4122 311
f 1005 1839 482
f 1945 4217 4671
f 3700 3536 2397
f 1244 714 947
f 4417 1212 2500
f 2771 3566 4198
f 1602 2726 4927
f 3497 4731 2100
f 1541 141 2307
f 3664 3616 1741
f 3718 4606 851
f 4232 2291 4642
f 3615 3298 3714
f 4126 1444 2568
f 2502 4719 3422
f 154 663 1277
f 1326 273 3678
f 455 4129 4137
f 1534 1947 874
f 877 3911 2805
f 2034 2823 440
f 3998 1865 730
f 2648 2964 1422
f 3848 2801 971
f 4491 849 2987
f 2448 4189 4387
f 3820 4131 4780
f 211 3569 3221
f 2564 1071 1351
f 2561 3622 642
f 2051 2506 2788
f 1789 1118 20
f 3785 4411 4537
f 4006 1419 1226
f 771 1891 1246
f 2482 4701 524
f 2395 1574 111
f 3537 1175 372
f 3094 1789 20
f 2521 4894 2540
f 670 2047 4825
f 1603 4020 4159
f 1714 1044 904
f 3584 3561 2194
f 730 4140 3998
f 289 4140 730
f 2835 4688 4650
f 1058 4722 4243
f 2332 3559 793
f 984 1149 4297
f 1867 3732 4633
f 1833 2871 2089
f 4875 3003 597
f 831 4089 3006
f 3427 4146 994
f 1106 4145 3385
f 2119 2173 3660
f 38 4976 30
f 4187 1618 40
f 984 2982 1149
f 1458 2887 3914
f 2785 4264 459
f 1262 4112 883
f 3983 4894 4599
f 2269 3034 422
f 4894 2521 4599
f 2521 3734 4599
f 3182 586 3932
f 3932 586 1006
f 3770 3387 2209
f 774 4147 1780
f 2003 2592 3191
f 2044 1859 4149
f 3456 4401 580
f 4234 1215 337
f 1510 855 1933
f 1272 4559 3371
f 335 516 1684
f 4013 2946 3008
f 1311 3410 523
f 2861 3146 4177
f 3008 2946 989
f 1942 270 1557
f 3955 537 1256
f 2285 3860 4818
f 4779 2539 4355
f 1991 1441 692
f 3014 407 915
f 3990 4409 2364
f 95 3493 1632
f 4851 856 3558
f 982 4159 2178
f 2415 541 2088
f 2991 2617 192
f 2595 3734 2521
f 3564 2034 1784
f 2034 440 1784
f 254 3670 4904
f 1822 4437 3339
f 4562 3518 1478
f 912 3927 3199
f 1179 1103 2610
f 4283 2254 2663
f 2847 482 3170
f 2847 1005 482
f 1951 748 623
f 236 4692 1436
f 4692 1675 1436
f 4567 3227 3276
f 1537 4535 219
f 991 1194 1428
f 3741 2292 1735
f 2020 2695 2258
f 2020 2258 4896
f 177 1383 1213
f 4947 39 2460
f 2088 1306 2415
f 1358 4136 694
f 1092 2463 4930
f 4819 275 3643
f 4168 2842 4972
f 2472 4169 198
f 3064 3368 814
f 3565 3899 2156
f 4488 444 487
f 3923 4195 1768
f 4704 2482 524
f 100 4171 1961
f 742 355 2974
f 4621 1125 4308
f 2759 2770 1988
f 4830 3848 404
f 577 4276 1884
f 596 3162 4384
f 4172 4358 3479
f 4620 3495 4318
f 1365 4348 2313
f 2232 839 1572
f 56 3676 1447
f 865 4176 4357
f 908 1720 987
f 2873 3802 4658
f 2641 4177 3825
f 4818 4816 183
f 4818 183 1333
f 4425 3583 512
f 2920 2543 4781
f 4882 4884 883
f 3339 1405 1649
f 3343 979 2648
f 3727 4732 376
f 4180 1670 1148
f 2040 2911 922
f 3666 296 2847
f 117 4070 2710
f 1031 4181 386
f 3883 1615 1831
f 1634 4377 3217
f 3098 45 3465
f 4906 4026 4481
f 2534 4477 785
f 4316 3722 3696
f 3557 4316 3696
f 1513 4189 2448
f 4234 2130 2548
f 4855 4651 1480
f 122 3949 3259
f 3275 920 1189
f 2467 291 3082
f 3866 3085 1233
f 3870 2897 2376
f 4727 2066 1754
f 1188 152 4645
f 3667 1768 4195
f 3095 2923 2912
f 1526 2917 4582
f 1212 2053 2500
f 2974 1098 2028
f 4041 1844 2993
f 3352 4223 4696
f 1552 3446 3865
f 3211 1340 1540
f 3745 565 4002
f 3554 2094 619
f 127 2318 646
f 2136 2958 416
f 1521 17 3237
f 2145 632 4722
f 1870 1871 2772
f 2001 2453 1051
f 842 2779 4433
f 499 1007 4817
f 2181 1343 4881
f 4216 3934 1532
f 3753 4550 1939
f 4463 1810 4210
f 518 4463 4210
f 2106 680 3114
f 4637 2244 3724
f 134 1646 3056
f 134 86 1646
f 3781 4655 4662
f 4005 2050 4720
f 4005 4720 3482
f 1411 518 4210
f 411 4807 344
f 4046 3568 4015
f 4266 1478 3002
f 41 623 509
f 4628 4076 717
f 420 2468 1563
f 4460 1804 591
f 2828 1368 3821
f 2174 1548 4442
f 609 4275 11
f 4217 2635 474
f 863 2272 4837
f 831 1646 2027
f 2762 4251 4220
f 2187 4366 1543
f 4366 2179 1543
f 996 2686 1446
f 3680 3687 2876
f 2742 1221 1013
f 4224 1102 3943
f 1024 4224 3943
f 3066 1662 1716
f 230 197 3610
f 4241 2783 545
f 230 3610 3089
f 1803 3038 2401
f 1329 3037 2573
f 4081 4226 3610
f 710 526 1755
f 2822 4039 2300
f 2532 4631 4778
f 2693 3662 4742
f 328 2308 304
f 4298 3129 4133
f 3859 1243 1547
f 1433 1697 4292
f 3850 412 639
f 3732 4387 3575
f 980 2389 1614
f 2830 3527 713
f 3320 4714 3621
f 2392 4241 4043
f 4802 4803 4245
f 4783 4244 1736
f 2784 4726 3047
f 1491 2302 4255
f 1038 3580 2343
f 341 1569 3390
f 412 1309 639
f 75 1461 1342
f 957 4693 512
f 1033 4861 3211
f 1575 2817 4887
f 4775 2265 1079
f 3411 437 3287
f 3056 1055 134
f 2153 2142 4732
f 1019 1402 3778
f 3972 4014 2493
f 451 1317 4154
f 1404 4248 3350
f 4774 1268 4459
f 4704 188 662
f 4194 4710 3665
f 2174 2910 1548
f 2141 4973 3195
f 3302 2785 459
f 3915 4012 4506
f 695 4012 3915
f 3782 3136 3199
f 995 2223 1855
f 995 1855 1952
f 531 4062 4502
f 1084 997 1823
f 4409 4147 774
f 4494 4593 3942
f 2014 3123 3059
f 1095 4976 225
f 31 2563 4051
f 223 3844 3112
f 691 504 4692
f 4250 1018 2302
f 3321 4846 696
f 4220 4251 2065
f 490 1265 916
f 1263 1493 4801
f 1543 1186 1177
f 452 216 695
f 685 2791 2216
f 1267 755 587
f 1524 2192 1549
f 2088 541 1395
f 1693 3145 65
f 4590 4482 1194
f 2023 4259 2304
f 1730 1434 3641
f 2588 478 1541
f 4819 337 4129
f 3249 3160 1160
f 988 2814 153
f 3655 3249 1160
f 1040 2769 3393
f 4334 3340 1334
f 4812 927 3278
f 4356 3937 3473
f 3845 2091 2440
f 2353 4592 2148
f 2406 1617 2682
f 1053 2528 763
f 3543 266 3019
f 2728 4608 4786
f 4266 41 4121
f 1677 2175 2246
f 122 1991 692
f 498 2362 522
f 522 2362 276
f 656 1752 1451
f 4789 4661 1743
f 4634 3424 4811
f 2961 843 1474
f 1004 3458 4620
f 3323 228 3143
f 1438 1775 4271
f 2453 2001 2139
f 4658 3802 2229
f 4869 3729 3939
f 4270 4869 3939
f 2319 4110 3697
f 578 4210 3226
f 2448 4630 1513
f 1835 121 1672
f 310 1707 391
f 2447 3996 4380
f 4274 2360 268
f 3242 1391 4074
f 1911 1995 3818
f 1911 3818 264
f 3071 4161 908
f 84 3918 757
f 713 3024 52
f 4863 3563 1756
f 3278 1849 4073
f 851 4339 4054
f 333 2454 77
f 2319 289 730
f 3319 3863 4714
f 2436 181 2463
f 4684 885 2060
f 4705 4279 4007
f 1659 1012 2325
f 2661 2961 3423
f 1125 4621 234
f 1194 4482 1834
f 2037 1361 4383
f 2037 4383 1632
f 170 4158 115
f 961 1706 1479
f 4056 3481 1581
f 424 4281 2690
f 194 3747 1920
f 2051 2839 1973
f 1256 3308 2984
f 4681 314 3516
f 2670 3037 3598
f 558 4104 329
f 446 240 3836
f 446 3836 1139
f 1802 4283 284
f 427 3469 4873
f 1960 86 134
f 232 2275 3981
f 1069 1220 4285
f 3156 4376 3928
f 3420 4680 928
f 3420 928 2278
f 145 792 1680
f 2442 745 2304
f 4967 616 2853
f 504 4506 3328
f 1817 1097 1242
f 19 1845 2220
f 3188 4111 1576
f 2509 1711 4907
f 1877 2223 1142
f 3058 1404 3350
f 2223 1877 1913
f 2733 822 649
f 3944 1921 3024
f 3422 4406 4342
f 4683 4932 593
f 593 4932 3948
f 2372 1003 1807
f 197 768 3610
f 2272 105 3735
f 105 2272 1458
f 1870 2772 66
f 4736 408 3913
f 39 4832 3255
f 2248 681 148
f 148 681 2966
f 4293 299 4696
f 1593 4248 3030
f 3840 137 2274
f 2551 1386 1301
f 1386 2510 1301
f 1985 3399 4086
f 3241 3563 4913
f 756 379 319
f 1249 1889 1937
f 163 4960 2184
f 1638 273 658
f 4978 3977 3322
f 1149 1843 4297
f 3782 3199 3927
f 1655 2959 3337
f 1996 2578 1725
f 2046 4613 825
f 2996 241 1110
f 3979 2075 1100
f 3240 2024 4300
f 1324 4048 3637
f 3384 131 2364
f 270 3010 2153
f 4703 2757 2314
f 248 4843 3783
f 1278 2445 921
f 3360 3743 2777
f 2093 1978 2199
f 4228 4846 3321
f 3259 3435 1991
f 4321 844 2872
f 2775 1259 3797
f 1899 2965 3861
f 2452 4004 3626
f 4388 2274 3699
f 14 2595 2521
f 4708 3699 2274
f 3729 4940 4758
f 2727 3431 3813
f 1574 2395 2811
f 4923 1979 911
f 4306 4352 4254
f 789 1627 1755
f 4650 3054 4041
f 455 3625 2904
f 3653 1056 3641
f 4973 3594 4450
f 1244 3194 714
f 4397 4794 2310
f 3312 4310 4125
f 4287 4427 667
f 2435 4272 2508
f 3682 4231 4730
f 2217 1832 3361
f 3672 3012 4944
f 3560 989 4313
f 598 4208 2482
f 1002 3267 1465
f 4015 961 782
f 511 4673 2858
f 4995 4432 3509
f 2088 1395 1306
f 428 4773 3284
f 595 4809 2672
f 1363 898 2143
f 1662 2002 2413
f 4317 2070 3691
f 2501 1531 1144
f 4634 4707 3424
f 4076 4707 4634
f 3473 1804 819
f 1807 1003 1524
f 2846 3241 3371
f 2846 4601 3241
f 1807 1524 1806
f 4592 1387 4967
f 3223 3575 4066
f 4592 4967 2853
f 4319 1077 1712
f 4293 4696 2787
f 3306 970 3272
f 1976 3272 970
f 2037 4637 3017
f 3284 3006 2171
f 3227 2489 1840
f 4381 93 3793
f 4381 4095 93
f 1059 3557 4325
f 1200 3988 2949
f 2480 2212 3069
f 64 774 1780
f 2716 2763 2083
f 4327 3529 1531
f 4965 1846 4328
f 2791 2478 4764
f 4638 2529 1583
f 2304 1119 3938
f 2983 4462 3216
f 4638 666 2529
f 3372 3809 4330
f 1917 3423 3269
f 1129 2013 1905
f 4269 4729 2594
f 4183 4082 3637
f 3964 3075 2988
f 1860 3964 2988
f 2528 1053 3452
f 4517 3386 4950
f 1343 70 4881
f 3777 4335 864
f 1518 4334 3209
f 4451 2868 1184
f 2287 2909 3113
f 954 2969 2385
f 3148 1881 1489
f 1324 3637 3159
f 2274 1691 3840
f 3366 1991 3435
f 4799 4183 4340
f 3366 3435 4365
f 3065 3799 87
f 3042 3091 1117
f 3411 2224 4130
f 4130 2224 2029
f 1601 32 3106
f 3933 3106 32
f 4960 2411 2844
f 2253 1461 1440
f 4069 3293 3106
f 2169 1379 4688
f 4699 4962 419
f 708 3444 3798
f 113 4568 1653
f 1522 1931 3315
f 1522 3315 910
f 4342 2502 3422
f 355 1098 2974
f 4185 3316 4737
f 4015 3568 1275
f 555 588 2477
f 853 973 3011
f 1569 1182 2084
f 1992 2298 2883
f 3243 786 2606
f 601 2455 2071
f 4941 4955 4349
f 3044 4229 3274
f 2701 1977 340
f 1998 984 4297
f 255 2383 4166
f 4060 1540 589
f 975 796 2061
f 2777 2571 4646
f 2777 3743 2571
f 913 1460 587
f 2761 2075 3979
f 4 882 4351
f 3467 195 3592
f 244 4488 1622
f 3695 281 2398
f 71 257 4576
f 978 3291 2327
f 4356 3429 3023
f 819 824 2637
f 3936 4405 3420
f 3420 4405 3982
f 2220 578 19
f 2427 2715 172
f 2715 3428 172
f 538 4539 1655
f 4256 3479 4358
f 1152 466 4363
f 4802 1035 4803
f 3443 3370 2750
f 3102 3360 634
f 1587 2785 3302
f 2731 2351 2820
f 1810 340 4210
f 411 782 4807
f 4393 4163 2604
f 3475 1130 1388
f 3475 2323 1130
f 4393 2604 2945
f 4511 4069 1652
f 4894 3983 1829
f 1954 1393 3601
f 4366 2079 2413
f 1400 1402 1019
f 104 3363 4068
f 4714 3558 3319
f 2058 3268 2903
f 2118 3315 1312
f 1312 3243 2118
f 4873 1146 4826
f 2737 1325 4134
f 884 3234 4369
f 985 884 4369
f 2666 2064 823
f 3842 2328 734
f 2461 4370 201
f 2433 2202 1027
f 3014 760 4312
f 1812 1223 795
f 236 772 1669
f 563 661 801
f 2110 4607 3262
f 1509 4371 96
f 1063 4373 3657
f 2316 2217 1907
f 1439 2316 1907
f 2945 3873 1521
f 1521 2108 2945
f 2970 2882 102
f 3762 3898 4661
f 4650 3753 3054
f 4650 3476 3753
f 340 2647 4767
f 4168 3691 4570
f 4359 779 3253
f 3851 3614 2490
f 1895 1569 2084
f 396 1671 3553
f 3613 2563 31
f 2228 2537 777
f 205 2052 2101
f 3569 446 4087
f 2765 1330 1553
f 3323 3143 2736
f 4228 3321 3049
f 4228 3049 2973
f 1000 1954 3453
f 90 1052 2100
f 3936 3420 4258
f 4203 3651 1513
f 2891 4745 4663
f 3285 1811 3619
f 439 1811 712
f 4977 4306 682
f 2232 1308 839
f 2232 1053 1308
f 2024 3828 3712
f 2379 2415 3333
f 2070 4317 791
f 1568 2870 2098
f 1910 1683 1384
f 2084 1822 867
f 114 1517 4353
f 4888 114 4353
f 1264 4749 97
f 4991 2515 1183
f 4213 1685 655
f 777 4311 72
f 282 1918 1654
f 4654 2653 2242
f 4654 4498 2653
f 4662 4655 2111
f 266 3543 3487
f 2377 1871 2536
f 1295 1005 2847
f 3704 4955 4979
f 168 1703 3656
f 1228 2267 2527
f 3704 4979 4815
f 1867 4633 1045
f 3572 2903 3428
f 4202 2194 3190
f 2897 1559 805
f 3069 999 905
f 999 4391 905
f 4570 4700 769
f 1236 2256 344
f 253 4684 2060
f 1244 947 3343
f 2690 4314 591
f 395 4331 2221
f 2690 591 515
f 4393 2945 3274
f 3070 2768 3772
f 1813 1113 2167
f 4014 3972 2711
f 3280 817 2021
f 4757 4263 3636
f 3276 1537 219
f 3470 2026 4364
f 3502 938 743
f 2113 4395 3236
f 2113 1789 4395
f 1173 2622 4396
f 3693 694 4136
f 220 4398 4126
f 1865 3880 3506
f 2051 2788 1950
f 4318 3679 4620
f 2224 1573 1389
f 128 1133 2511
f 3602 1042 2855
f 3663 1202 4748
f 3729 2857 1038
f 1730 4478 1434
f 3512 2337 1140
f 3512 3973 2337
f 3463 2791 3887
f 1885 3756 78
f 1974 3602 2855
f 3583 4595 512
f 512 4595 1279
f 1955 728 1560
f 1473 1776 1203
f 3199 1899 349
f 1223 3109 289
f 4062 1088 4502
f 1108 2085 454
f 100 751 3395
f 1062 4731 3497
f 4409 774 2364
f 116 1299 4300
f 3197 1396 4055
f 4668 4447 3005
f 1127 4668 3005
f 3441 2425 4827
f 608 3441 4827
f 212 4325 4415
f 1134 3650 3251
f 4355 672 4361
f 409 3928 4416
f 1834 4482 3771
f 1063 1691 3606
f 2585 2093 3619
f 2796 4814 2208
f 505 3322 213
f 4978 3322 505
f 4424 561 406
f 1673 850 2337
f 3401 4559 3324
f 1687 3401 3324
f 2910 2901 1548
f 662 4856 4276
f 4970 3386 3144
f 876 3386 4970
f 1397 4169 528
f 1067 926 1484
f 2306 3513 2122
f 4761 2122 3513
f 781 4573 152
f 1994 2018 3549
f 3165 4602 376
f 4694 1475 3313
f 4091 4618 3324
f 4843 3531 3036
f 4668 3605 2999
f 2927 4429 430
f 4475 675 4429
f 3498 4690 4164
f 2783 4988 3230
f 2277 879 435
f 1679 1154 2135
f 1169 3613 187
f 435 879 604
f 4644 2199 387
f 1788 4902 4380
f 1887 3534 552
f 2928 4059 521
f 1276 1506 1234
f 4085 1349 3995
f 2382 1075 1141
f 1694 1902 3971
f 3722 4316 3604
f 4505 1911 4435
f 1795 3077 3838
f 187 4033 1790
f 4415 2955 4458
f 150 649 994
f 3284 2171 4231
f 3804 3913 576
f 1489 2371 3148
f 1668 4427 126
f 3062 4570 769
f 2343 3580 1498
f 3730 4536 1222
f 3966 2885 262
f 1479 65 3900
f 2950 3674 2864
f 367 4815 369
f 117 2289 1000
f 3838 4443 1217
f 2722 3838 1217
f 4420 3390 1569
f 630 526 710
f 1401 630 710
f 228 2732 3143
f 22 4508 3158
f 2514 22 3158
f 840 3248 2948
f 308 2655 495
f 1743 3862 823
f 76 2703 520
f 4448 3137 2017
f 2778 1067 1304
f 1281 558 4600
f 1281 4600 2309
f 297 1222 4536
f 4039 143 1198
f 2681 3078 1276
f 2398 1204 4237
f 2738 355 3649
f 2423 3105 3644
f 694 2998 46
f 4900 2550 2833
f 1448 3791 1237
f 4996 2368 3541
f 2746 562 1224
f 1227 802 2206
f 3715 2693 1585
f 218 3548 3701
f 1958 218 3701
f 2648 979 2964
f 4627 2138 494
f 3522 4137 1215
f 4086 3399 707
f 1270 696 1030
f 4256 4358 57
f 4304 1826 597
f 2270 1081 1336
f 4039 2414 143
f 2704 4464 4148
f 1142 995 1327
f 789 4466 1627
f 2166 4622 1516
f 3947 1380 1947
f 3947 1947 3044
f 1936 1692 2630
f 1799 2896 4332
f 873 1095 390
f 1240 586 196
f 3556 954 4471
f 178 4305 3519
f 4305 3708 3519
f 4879 1563 1296
f 4472 1404 3058
f 1404 4472 4524
f 34 3934 1480
f 1226 2818 3820
f 641 4856 999
f 4473 396 2412
f 2563 1734 2980
f 785 4477 1273
f 4725 1594 166
f 3795 3629 4870
f 1104 846 4988
f 601 2071 2618
f 234 3745 1879
f 4394 460 307
f 3193 4304 3471
f 161 170 1435
f 1247 4479 495
f 3806 1051 2453
f 2564 1348 2611
f 2611 1348 2485
f 1336 626 2173
f 4481 422 2628
f 580 348 4660
f 4660 3238 580
f 1989 76 4482
f 4154 532 451
f 1804 1168 591
f 542 837 139
f 279 3788 1552
f 2205 712 4378
f 2905 3046 3215
f 4759 938 3502
f 1412 91 2723
f 2931 1482 3536
f 1753 3728 3016
f 2126 1805 4491
f 4492 2738 182
f 4773 3006 3284
f 4333 4931 2731
f 1698 1022 4434
f 2392 2714 4496
f 3447 577 1152
f 746 2941 2539
f 185 701 4563
f 1249 4346 226
f 1937 4346 1249
f 195 4504 3592
f 2399 3785 3774
f 2493 3876 4010
f 3704 4337 3663
f 2650 434 442
f 1794 1494 2507
f 1794 136 1494
f 4206 46 3484
f 4506 4012 3328
f 986 1775 4531
f 4347 3689 1565
f 4185 4514 3490
f 214 2676 4996
f 3048 4508 651
f 3242 3008 989
f 1445 2739 4152
f 4469 55 3653
f 1445 3554 2739
f 3101 1214 122
f 3220 239 193
f 239 2154 193
f 997 2719 4756
f 870 1773 1232
f 1109 2905 3970
f 2540 14 2521
f 1618 4513 2168
f 3822 1577 881
f 2692 3896 1565
f 2885 94 63
f 3516 2713 937
f 500 2369 1179
f 1881 1179 2369
f 4131 903 162
f 3594 4767 3370
f 3269 3423 2961
f 1484 1533 1568
f 1818 1528 3621
f 4077 2656 1004
f 4018 3868 4478
f 4686 1709 3926
f 461 2000 2724
f 4268 3108 3110
f 4073 1849 4565
f 4565 1849 1096
f 788 4520 3521
f 1048 852 3690
f 4127 835 4556
f 2299 567 683
f 4000 1913 1876
f 1913 1877 1876
f 4051 861 204
f 2328 3842 4298
f 2685 2266 2347
f 4051 2717 861
f 4206 694 46
f 4157 3249 791
f 2949 513 1843
f 271 1909 4528
f 1660 1588 1963
f 3546 3098 3465
f 1828 625 4743
f 976 4806 184
f 2083 885 4139
f 2290 3219 311
f 4132 3119 952
f 129 2998 3693
f 3004 2929 4013
f 4419 3714 1826
f 3484 46 4395
f 1111 2469 1091
f 582 1111 1091
f 929 1102 2589
f 2412 3553 556
f 1928 1590 501
f 28 638 1261
f 414 4162 4274
f 4162 2360 4274
f 1272 15 2683
f 2058 4170 434
f 45 4538 3465
f 2959 4539 2430
f 1584 4106 1298
f 249 3127 1527
f 2875 1550 464
f 4631 1670 4180
f 2625 751 2572
f 4780 3039 1245
f 1783 1791 4370
f 74 699 559
f 3853 2138 3538
f 896 4643 4188
f 4820 3203 4372
f 1459 1567 4080
f 3797 2077 2465
f 4385 1932 4545
f 2692 3468 1674
f 353 37 4579
f 1098 443 2028
f 1742 1143 3612
f 2266 2120 403
f 833 668 1545
f 4953 1539 4555
f 283 3196 4092
f 1664 1010 4937
f 1831 1615 3551
f 1984 3643 3504
f 4558 1716 1662
f 2384 1174 3997
f 1882 82 2567
f 386 3528 1490
f 685 2152 4368
f 425 3628 2154
f 4439 3255 2022
f 3251 3650 1473
f 747 3182 4561
f 1056 1726 1730
f 3731 1853 4745
f 4323 2157 4071
f 4323 4071 4980
f 2409 1409 1408
f 3306 3272 4564
f 1282 2811 2395
f 336 2066 3677
f 1132 792 4093
f 3431 670 3113
f 901 3004 2565
f 1329 2206 3598
f 3402 149 2177
f 4975 1250 2200
f 3921 1715 4859
f 874 946 1534
f 1489 4947 2371
f 477 2854 1649
f 1544 643 3866
f 2169 217 584
f 1481 1761 1279
f 3458 3495 4620
f 3764 4791 232
f 651 1444 470
f 2368 4996 2676
f 2915 3254 492
f 492 3227 2915
f 4377 648 4473
f 3523 403 2120
f 169 3481 175
f 1144 3529 1901
f 2539 2941 672
f 3692 2 2367
f 4375 2003 2363
f 3808 151 4617
f 4121 2992 3803
f 4474 1061 3585
f 955 1690 2010
f 2010 1690 233
f 3973 1673 2337
f 293 2303 1616
f 71 4576 4302
f 4996 1120 478
f 1937 1889 4575
f 2673 1488 886
f 4433 2635 842
f 1049 4525 603
f 1919 2257 4624
f 2455 3093 4151
f 3256 170 1799
f 4903 855 3045
f 3002 1478 3009
f 2728 4786 3492
f 4121 41 509
f 3469 1146 4873
f 4033 1511 1790
f 2270 2129 1492
f 2899 571 2446
f 2446 571 4108
f 3421 226 1418
f 1249 226 3421
f 3831 3319 3558
f 2385 2826 954
f 2045 2092 333
f 1258 4580 1368
f 3092 1982 3485
f 4739 2279 4451
f 2747 1620 4629
f 4941 290 1926
f 3157 2957 1194
f 3879 1966 1493
f 4013 3008 2565
f 1884 3035 577
f 2596 3464 110
f 1515 142 1594
f 857 338 3175
f 4029 3450 3903
f 3903 3450 1984
f 1685 278 3263
f 1608 1602 4927
f 1556 1602 1608
f 514 2015 2728
f 4662 2978 3781
f 3267 1002 3307
f 3504 3643 1983
f 4367 1914 4359
f 863 1458 2272
f 1289 438 2702
f 438 1289 4273
f 1210 3959 3741
f 698 592 1608
f 201 4370 1791
f 3979 1100 1103
f 757 740 2191
f 3243 1750 2118
f 197 230 865
f 1113 1813 4676
f 3157 3811 2957
f 3898 1743 4661
f 2567 2456 4596
f 3137 4386 3777
f 287 1094 602
f 4819 4129 3814
f 540 4598 3312
f 3001 3726 3963
f 284 3570 2133
f 3570 284 4283
f 3753 1939 1941
f 4896 4850 2859
f 3841 2196 3996
f 2357 4230 2140
f 4105 4173 799
f 1782 208 1224
f 956 1213 4251
f 1940 3625 1652
f 1940 1652 3933
f 1105 930 3844
f 1105 3844 4040
f 266 3487 224
f 1449 2241 4763
f 719 2537 4473
f 1449 1536 2241
f 2529 4235 3671
f 3381 417 4291
f 4336 698 3275
f 3511 2031 4876
f 1766 1925 2327
f 1343 67 70
f 4179 677 1496
f 1496 677 427
f 265 1720 4161
f 3020 4532 4916
f 1230 679 2391
f 2694 4140 3952
f 3329 3506 20
f 3269 3810 1145
f 2519 4194 164
f 4611 1702 4977
f 2203 1905 703
f 4503 2800 647
f 76 3771 4482
f 647 2800 4607
f 2710 1297 1004
f 597 3003 1900
f 786 2651 2661
f 2899 2800 4503
f 3536 3700 3858
f 3105 2423 2370
f 1060 2386 3727
f 4549 4773 428
f 3712 2186 4893
f 1970 4205 3734
f 1707 3497 391
f 3865 3446 4002
f 2724 708 222
f 3359 2257 1919
f 4059 4864 469
f 2996 3957 241
f 1024 4618 3504
f 455 2848 4129
f 3495 3070 2906
f 261 2511 3824
f 1164 3971 1902
f 692 2284 3882
f 1908 123 4623
f 310 58 4740
f 2721 1089 69
f 407 4370 915
f 407 1783 4370
f 2613 4061 4265
f 346 469 4864
f 3107 4626 2423
f 2300 1220 4709
f 4338 2743 308
f 3107 2109 4626
f 608 3040 4627
f 2640 2379 868
f 116 3827 3635
f 2275 2015 2394
f 1193 4017 790
f 3006 4089 2171
f 3430 2438 2547
f 2057 1744 4806
f 4382 1239 2017
f 4047 765 731
f 4371 87 96
f 1356 3401 1355
f 4961 3792 1322
f 4825 2488 2287
f 655 2488 4825
f 4180 3885 4631
f 3120 1343 4632
f 1208 2169 4138
f 1985 4103 1157
f 1156 4907 2748
f 2076 2152 486
f 4114 2644 1933
f 379 4532 319
f 2751 836 1685
f 4950 3889 4408
f 3916 4639 4267
f 2880 1231 306
f 2880 306 4218
f 570 1681 3800
f 412 4525 1309
f 4637 3724 4895
f 3916 2625 4639
f 1722 2845 2231
f 1270 2674 180
f 4063 1270 180
f 4174 481 3709
f 2027 2408 127
f 648 4968 719
f 1379 4650 4688
f 3648 2556 4643
f 387 4944 4644
f 4748 4237 2877
f 4237 4748 3440
f 2404 1661 3591
f 4492 489 1098
f 2358 4645 152
f 1870 4647 4311
f 4036 1587 157
f 727 4618 4091
f 310 391 465
f 823 3183 1421
f 3595 639 1360
f 225 1331 1564
f 3092 2784 3874
f 3232 2905 2645
f 3232 3970 2905
f 2278 2675 3904
f 413 3121 3906
f 4896 2258 3587
f 4850 4896 3587
f 2393 997 1084
f 986 806 4652
f 3372 2681 3526
f 3025 4589 4566
f 1215 4137 337
f 3282 1157 4103
f 2744 557 3001
f 346 4864 3099
f 3508 3067 4145
f 4145 3067 2530
f 561 669 406
f 1795 4553 145
f 1066 105 3914
f 44 3299 4579
f 3299 44 2954
f 3089 865 230
f 2071 4954 4282
f 2071 4282 2636
f 2628 1596 853
f 2057 350 1106
f 1356 1355 536
f 3085 976 2320
f 1697 2803 4292
f 4875 332 3003
f 2619 4664 1847
f 1665 1155 1787
f 730 3506 3329
f 650 1497 3509
f 1210 189 3959
f 2958 4270 247
f 1013 2301 1570
f 4647 2164 919
f 835 4127 1981
f 4127 2675 1981
f 833 3699 2077
f 1813 2167 1883
f 4447 4668 4570
f 754 266 224
f 1422 3490 2253
f 4514 2253 3490
f 4023 3879 1918
f 3740 1257 4374
f 1825 562 3375
f 1734 4356 2637
f 819 2637 4356
f 1173 3251 1514
f 2751 2317 1370
f 1769 784 1640
f 3587 4669 4850
f 278 1685 4642
f 4136 1358 4167
f 2298 798 859
f 3417 3169 2794
f 626 4020 4294
f 2281 194 3115
f 1607 1648 2439
f 4299 1375 2158
f 2907 2455 3768
f 911 3417 2685
f 3338 4615 1604
f 3324 1024 3943
f 1783 4312 4143
f 4675 142 4725
f 1113 4676 3867
f 4353 1460 4904
f 4677 4108 3859
f 1483 387 1437
f 4302 1740 543
f 4719 2502 941
f 803 559 4971
f 834 498 405
f 4680 3420 3982
f 1221 1011 228
f 3107 1496 2109
f 4707 3095 3424
f 2511 411 344
f 3886 1728 4684
f 4128 4194 2519
f 158 536 4587
f 2844 119 2184
f 1195 3115 2985
f 1290 4099 4960
f 3766 4459 1268
f 4912 1330 2765
f 541 2415 2640
f 1242 3084 4128
f 3642 1242 4128
f 3389 3188 1033
f 2981 2049 1732
f 4756 2719 1924
f 1400 925 3957
f 2414 4257 4226
f 2333 4501 4298
f 1869 3606 1545
f 4501 3129 4298
f 1377 151 4021
f 819 4743 824
f 3823 1571 395
f 3210 3936 4695
f 1540 1340 4572
f 4610 2295 1282
f 3149 4327 3507
f 4542 948 852
f 350 4806 2172
f 1883 3851 147
f 655 2047 4213
f 4120 1793 2633
f 83 284 2133
f 4242 1879 1305
f 349 1899 3861
f 3595 3850 639
f 3628 4186 3540
f 2944 4332 2952
f 1449 443 1536
f 2609 1085 1051
f 918 4128 2519
f 918 3642 4128
f 2391 4470 3133
f 4461 4744 3601
f 2671 3209 2555
f 1621 3198 2745
f 3388 3058 3350
f 3773 2579 1672
f 4339 1357 513
f 3794 3990 2364
f 4186 4579 37
f 3475 4702 302
f 4702 2972 302
f 900 1969 1630
f 1986 2491 2252
f 1986 566 2491
f 4641 4395 3094
f 602 1068 4185
f 940 201 1533
f 160 3453 1954
f 401 4705 1552
f 2468 2667 1661
f 965 2468 1661
f 3343 2648 368
f 727 4029 3903
f 508 1743 823
f 3916 751 2625
f 3587 2007 610
f 2098 2870 582
f 2077 4708 51
f 4666 4685 813
f 300 81 2922
f 3167 2133 3570
f 3599 2354 1315
f 2452 3267 3307
f 1991 122 3259
f 3414 1599 3617
f 1715 1255 346
f 3617 1599 3869
f 778 4299 4854
f 3826 1986 3962
f 4935 2369 500
f 3558 4714 3320
f 4086 468 458
f 4715 4915 1285
f 1235 4915 4715
f 4416 3790 409
f 2652 4216 3852
f 2741 3851 697
f 4340 2234 3995
f 111 1394 2040
f 3980 2182 4282
f 411 1133 2112
f 106 3929 3770
f 4423 3860 3630
f 2652 2334 952
f 163 2184 119
f 1615 4719 941
f 4521 684 3684
f 4410 1160 3160
f 2984 75 1342
f 444 2230 3394
f 1052 4101 465
f 4722 473 4682
f 1553 4141 3528
f 1168 515 591
f 89 4495 1698
f 1893 89 1698
f 4224 199 440
f 13 1193 4519
f 1257 2659 2518
f 4088 2019 4139
f 3903 3504 4618
f 3614 2420 4659
f 4418 4726 2380
f 4377 4473 2412
f 3612 1288 924
f 1756 4656 4267
f 1310 929 776
f 1506 581 4201
f 600 581 1506
f 735 1086 3332
f 4551 4728 4677
f 3589 3045 3170
f 135 11 2810
f 926 1067 2190
f 499 4038 1007
f 1038 2857 3318
f 2555 3209 702
f 2466 975 2706
f 1391 4730 4074
f 376 4732 2142
f 3083 2638 2167
f 4489 4765 2769
f 4014 3876 2493
f 2617 3755 1209
f 4397 2617 1209
f 2631 2829 1555
f 4343 3009 3533
f 2259 2560 3224
f 4192 2614 321
f 4870 4735 3795
f 2176 1127 2085
f 2085 1127 1554
f 4755 3295 3790
f 2225 3923 1386
f 1725 1020 1996
f 4170 442 434
f 3005 3470 1554
f 1048 3690 1430
f 1048 1430 205
f 1830 2657 3764
f 4663 4849 2252
f 2551 3690 1386
f 1259 2775 1934
f 3743 2346 85
f 2749 2085 1554
f 2566 4872 1949
f 3929 4872 2566
f 1874 4969 3638
f 4748 4813 3663
f 471 1546 1105
f 2889 2087 2513
f 2708 94 3460
f 728 732 1352
f 3940 1593 1880
f 853 3011 394
f 4076 4634 2396
f 1266 2470 1527
f 835 1535 1220
f 422 2487 2628
f 1076 1371 618
f 134 567 1960
f 1094 4122 1068
f 1094 2096 4122
f 4608 1093 3812
f 4543 3029 1060
f 635 775 1812
f 1812 775 1223
f 3229 3576 4062
f 1074 1629 3358
f 1074 271 1629
f 174 237 679
f 1153 2322 3402
f 4465 4480 4640
f 1299 116 962
f 2411 4960 4762
f 749 2632 1448
f 460 1448 2632
f 1554 2054 3952
f 4324 466 1124
f 126 4427 3465
f 3196 3216 4462
f 2639 2309 547
f 753 3180 1606
f 3711 484 2235
f 3380 119 2950
f 2238 3596 4768
f 2905 3215 1999
f 3674 2950 119
f 2842 4168 4570
f 233 2123 2010
f 3876 4014 1069
f 768 243 4081
f 1322 3647 80
f 3847 2664 2512
f 972 57 627
f 3094 2740 4641
f 4613 1647 4053
f 1816 2630 4776
f 2497 4847 4778
f 1310 776 4587
f 4779 445 746
f 3993 374 1890
f 2016 1658 3457
f 2634 1139 761
f 4109 4408 3125
f 4109 3125 3582
f 3428 2903 3268
f 2368 838 4782
f 2618 4783 3838
f 2862 1317 3808
f 3671 2709 2228
f 2013 2284 882
f 2867 2334 3852
f 3961 2341 3076
f 1716 4558 3535
f 639 1309 4611
f 1385 4790 3138
f 2943 4791 3327
f 1591 2344 2540
f 1975 3 4897
f 3166 3083 2167
f 2009 4827 2759
f 952 2334 2796
f 3488 3261 267
f 4938 59 2496
f 3601 1393 2041
f 20 4110 3329
f 1400 1019 925
f 3329 4110 2319
f 3824 1769 261
f 4799 2432 678
f 4023 1966 3879
f 3821 1121 2828
f 3951 220 4126
f 3264 3421 1432
f 4842 2507 1274
f 1581 3303 3462
f 2323 302 3954
f 2906 3070 3772
f 1611 4042 4804
f 1037 4526 907
f 4537 1157 4209
f 614 1986 3826
f 2545 3892 1319
f 116 4300 629
f 629 4300 3712
f 4979 4955 4941
f 2641 2798 4119
f 2626 1239 4382
f 3430 3554 54
f 2802 778 4854
f 4325 3557 3696
f 1328 806 4529
f 3341 4810 4829
f 3289 4829 4810
f 2956 1161 4219
f 585 3600 1370
f 292 2010 2214
f 819 4356 3473
f 1040 145 4553
f 833 2077 4923
f 131 3071 908
f 2334 2867 4814
f 4073 4812 3278
f 4748 126 4813
f 2602 1487 1432
f 1487 4793 1432
f 537 3955 2578
f 824 625 1848
f 824 1848 2980
f 1351 1071 2616
f 1696 501 1590
f 1351 2616 1020
f 2782 4817 3166
f 4816 4818 4423
f 2295 2811 1282
f 1786 1767 1377
f 51 4708 2274
f 2704 3985 4464
f 1871 2377 4591
f 565 3865 4002
f 4384 2933 816
f 2149 4410 3160
f 1495 2915 3227
f 4422 480 3669
f 1538 2010 2123
f 4826 1146 3027
f 3680 2876 4120
f 442 4170 2045
f 2714 2250 1431
f 575 4645 2358
f 4840 432 4079
f 3533 3279 3618
f 560 147 3851
f 2198 1653 4568
f 1463 1409 2409
f 367 2956 2817
f 3791 239 1237
f 3620 4188 4643
f 851 139 837
f 1664 2979 256
f 1275 3568 3757
f 2580 3353 1800
f 2676 3189 593
f 4941 4349 290
f 1164 1902 2573
f 16 721 2569
f 1079 2853 4775
f 1009 3698 3043
f 162 3039 4780
f 1057 3871 1115
f 2312 3132 3919
f 908 4161 1720
f 3308 1620 2570
f 2458 3476 4203
f 2980 2637 824
f 4610 495 4838
f 3127 760 1395
f 2612 1945 2994
f 1378 2142 2153
f 3966 1140 2885
f 1918 3879 585
f 4969 598 3638
f 2347 2266 1414
f 3829 3046 1742
f 1216 4630 2448
f 690 3106 3293
f 4046 690 3293
f 4841 4415 4458
f 4841 212 4415
f 4 251 703
f 2984 1342 309
f 420 2498 2468
f 2227 633 4886
f 444 3394 4578
f 4848 3894 1150
f 1000 4848 1150
f 2826 2385 2665
f 1326 2826 2665
f 2859 4850 3505
f 2706 975 2061
f 3528 4141 1741
f 2388 4851 4470
f 2682 1617 2938
f 2251 2222 272
f 964 1112 3247
f 4684 295 4454
f 3976 4852 3253
f 873 3942 1095
f 1945 2103 1910
f 2051 1973 1617
f 4746 2219 4405
f 4653 291 2908
f 2401 4133 1916
f 3966 3512 1140
f 3643 2130 4819
f 4819 2130 4234
f 1073 2970 3124
f 1073 1209 2970
f 3872 4372 4856
f 1623 2486 4811
f 1310 2288 1355
f 3968 3325 686
f 1426 2168 1695
f 2635 1872 4898
f 3579 1834 3414
f 3256 3845 770
f 4858 3945 4857
f 3236 4395 46
f 378 2101 1997
f 4364 2656 4077
f 3721 427 677
f 1811 3281 712
f 4894 1829 1591
f 4543 494 2138
f 4979 4941 4943
f 2915 400 3254
f 4446 906 389
f 2299 3074 2932
f 477 255 2854
f 389 546 4446
f 3013 2638 3614
f 2551 2038 3690
f 3690 2038 1631
f 4034 2814 988
f 4747 2303 293
f 4672 1616 2012
f 4146 4738 994
f 78 949 3557
f 4864 1344 1647
f 3703 26 1846
f 4096 3506 3880
f 2022 3652 198
f 2230 312 3839
f 4865 2099 1992
f 1378 4834 4461
f 2242 44 4654
f 4289 165 4191
f 2336 4318 3051
f 3679 4318 2336
f 1830 280 2657
f 2353 1387 4592
f 2310 4794 4870
f 4870 4794 4499
f 543 1740 1316
f 1442 3273 2438
f 4969 1874 3447
f 3382 4398 3429
f 2703 1032 3617
f 2456 921 1028
f 2456 1028 2234
f 3815 67 4915
f 792 1132 1680
f 4325 2785 4415
f 4427 3546 3465
f 3184 4962 3837
f 718 4135 2516
f 165 2962 3775
f 3787 3045 3376
f 2500 1723 1247
f 924 1288 167
f 4412 700 2936
f 1658 779 4877
f 3012 4762 4099
f 2270 1336 2173
f 2156 3713 327
f 2570 1620 1244
f 3057 712 3281
f 2410 1197 3052
f 3599 2410 3052
f 4917 2227 3266
f 3266 2227 4886
f 1200 2949 1843
f 332 3461 1470
f 1414 668 833
f 3885 4180 828
f 3966 776 929
f 2498 3316 1422
f 2126 1122 875
f 2370 3027 618
f 4009 4935 4993
f 1940 4889 3804
f 1549 14 534
f 3651 3436 4189
f 1763 3436 3651
f 1907 4800 4337
f 4744 160 1954
f 3509 2180 650
f 4995 3509 1497
f 3634 568 2832
f 1526 3370 4767
f 3061 70 3689
f 2834 1284 48
f 1223 2319 3697
f 1223 289 2319
f 2376 4197 23
f 4328 996 1283
f 2311 474 2635
f 4048 4183 3637
f 4709 3888 2300
f 4898 2311 2635
f 4897 647 2407
f 1670 4631 530
f 2497 3210 4695
f 2729 4560 684
f 1712 3658 4294
f 2528 3452 1676
f 4901 805 1750
f 1590 1928 722
f 1928 1322 722
f 2324 1729 3805
f 3797 1979 2077
f 2192 2372 4691
f 3177 989 3560
f 2593 754 3537
f 3354 4604 1673
f 2507 3501 1274
f 2885 1140 2963
f 22 2185 651
f 4184 1394 1574
f 1574 1394 111
f 1266 2918 4277
f 3731 435 1390
f 3402 462 107
f 3219 2787 4223
f 4945 3038 1803
f 306 4648 4101
f 4859 1715 4507
f 2295 711 1574
f 1247 495 2655
f 3766 1268 1605
f 205 378 852
f 2405 3209 1334
f 4519 4192 13
f 3784 3051 1504
f 1962 4035 1020
f 4438 3671 4235
f 2121 919 1957
f 452 3915 3310
f 3678 2907 4687
f 2713 2004 2657
f 4677 1642 250
f 1379 1201 3476
f 3026 1201 1379
f 4275 934 2986
f 507 448 307
f 2509 3812 2689
f 228 2795 2732
f 407 3014 4312
f 2782 2167 2200
f 4216 2652 4902
f 2043 258 2127
f 1611 4822 4042
f 3784 1504 4989
f 1379 3476 4650
f 180 3222 4583
f 541 2640 3214
f 141 3336 2418
f 2600 109 525
f 4805 376 4602
f 4018 4478 4227
f 3025 2780 4589
f 1320 3028 2022
f 4196 3396 4724
f 4727 1953 1635
f 7 1206 4099
f 3887 2791 4368
f 1169 753 1604
f 2218 2096 1094
f 1935 4255 2302
f 955 3391 4533
f 1686 1682 3525
f 3827 116 629
f 3492 4786 2672
f 828 2899 3885
f 512 4693 3305
f 4595 3583 4741
f 3583 4510 4741
f 876 3198 3386
f 1586 3431 2727
f 4935 2551 2369
f 3558 3320 4851
f 205 1631 2052
f 4853 4362 4937
f 1778 4100 4058
f 3059 3460 2014
f 2803 4895 4939
f 4292 2803 4939
f 3033 4426 3796
f 1386 3923 1768
f 3178 3886 1938
f 4943 4941 1926
f 114 4942 4951
f 734 2328 4992
f 4944 3304 3672
f 2679 3174 244
f 1622 2679 244
f 4717 1083 554
f 2769 862 2435
f 862 257 2435
f 4947 2033 4925
f 2371 4947 4925
f 2063 3945 4948
f 3025 1819 4847
f 2402 2026 4700
f 4902 2652 4380
f 1894 4899 366
f 2288 1310 4587
f 1647 4613 2046
f 3967 3483 30
f 3676 56 4517
f 2239 4614 2838
f 4115 721 16
f 280 2713 2657
f 4397 192 2617
f 3962 1986 2252
f 483 4952 1029
f 1056 588 1726
f 3281 1829 4414
f 4414 1829 617
f 4926 1619 4008
f 4955 2559 4349
f 1130 2323 2629
f 3870 3550 2897
f 476 4271 3833
f 4086 707 468
f 1983 130 3564
f 1983 3564 1784
f 338 4958 328
f 3270 4527 1080
f 4959 2315 3877
f 3409 1092 4930
f 3761 1286 2568
f 4402 1384 764
f 707 3399 4798
f 4756 3116 2525
f 2404 965 1661
f 4962 438 4273
f 4385 506 1932
f 2010 3646 2214
f 3462 2831 1581
f 4269 3560 1600
f 4345 4269 1600
f 2960 3762 4054
f 1068 4122 3532
f 603 3836 240
f 2260 4692 504
f 4985 483 2895
f 3499 4967 236
f 3815 1235 1674
f 1674 1235 1415
f 4364 3894 800
f 4168 4972 3309
f 383 3901 4050
f 1617 1973 1941
f 708 2161 3287
f 3195 4973 4450
f 1769 3248 840
f 4174 1172 481
f 2065 1196 1330
f 45 3098 2575
f 2025 1141 2224
f 1398 2371 4925
f 690 782 2114
f 690 2114 4233
f 2555 361 2671
f 4546 2441 4919
f 258 3019 2593
f 1713 4207 3578
f 226 4979 4943
f 4036 157 3794
f 4323 4980 3915
f 1571 2577 650
f 4945 3682 4730
f 4985 4983 766
f 246 161 1886
f 1814 3646 2008
f 3888 4709 4014
f 1929 1930 255
f 3274 2945 2108
f 1064 3279 4104
f 4990 1468 3922
f 1318 3625 455
f 4991 3437 2515
f 1690 955 2994
f 1886 1690 2994
f 4364 4077 1297
f 4241 2392 4496
f 16 761 1980
f 2533 4516 4858
f 4194 3665 640
f 3549 2018 2095
f 1994 3633 3930
