# Z-Anatomy (CC BY-SA 4.0, BodyParts3D), head layer 'skin_head'
# millimeters, Blender frame: z up, -y front; recentered on the skull's bbox center
o skin_head
v 23.777 -82.379 -71.195
v 24.651 -81.465 -72.739
v 23.623 -83.024 -70.665
v 28.966 -85.909 -67.490
v 24.113 -84.243 -69.787
v 24.941 -85.771 -68.516
v 26.656 -86.415 -67.474
v 24.535 -85.015 -69.162
v 30.902 -84.456 -69.474
v 31.025 -83.429 -71.744
v 29.854 -82.354 -73.851
v 28.656 -81.981 -74.522
v 25.205 -81.505 -73.567
v 27.078 -81.713 -74.489
v 28.801 -83.272 -70.112
v 26.674 -83.438 -69.505
v 24.913 -83.403 -69.914
v 28.106 -81.730 -72.593
v 26.324 -81.560 -71.445
v 25.225 -81.756 -71.183
v 30.077 -85.075 -68.629
v 22.803 -80.272 -69.296
v 24.267 -78.530 -72.245
v 22.724 -81.402 -68.308
v 29.155 -83.930 -65.243
v 23.070 -82.764 -67.394
v 24.157 -84.225 -66.067
v 26.370 -84.629 -65.081
v 23.405 -83.627 -66.754
v 31.791 -82.043 -67.929
v 32.122 -80.904 -70.552
v 30.885 -79.585 -73.334
v 29.368 -79.072 -74.697
v 25.329 -78.509 -73.488
v 27.524 -78.749 -74.612
v 29.508 -80.922 -68.388
v 26.534 -81.513 -67.211
v 24.199 -81.683 -67.562
v 28.939 -78.893 -72.093
v 26.579 -78.787 -70.326
v 24.703 -79.216 -69.674
v 30.760 -82.844 -66.743
v -23.673 -82.379 -71.195
v -24.547 -81.465 -72.739
v -23.519 -83.024 -70.665
v -28.862 -85.909 -67.490
v -24.009 -84.243 -69.787
v -24.837 -85.771 -68.516
v -26.552 -86.415 -67.474
v -24.431 -85.015 -69.162
v -30.798 -84.456 -69.474
v -30.921 -83.429 -71.744
v -29.750 -82.354 -73.851
v -28.552 -81.981 -74.522
v -25.101 -81.505 -73.567
v -26.974 -81.713 -74.489
v -28.697 -83.272 -70.112
v -26.570 -83.438 -69.505
v -24.809 -83.403 -69.914
v -28.002 -81.730 -72.593
v -26.220 -81.560 -71.445
v -25.121 -81.756 -71.183
v -29.973 -85.075 -68.629
v -22.699 -80.272 -69.296
v -24.163 -78.530 -72.245
v -22.620 -81.402 -68.308
v -29.051 -83.930 -65.243
v -22.966 -82.764 -67.394
v -24.053 -84.225 -66.067
v -26.266 -84.629 -65.081
v -23.301 -83.627 -66.754
v -31.687 -82.043 -67.929
v -32.018 -80.904 -70.552
v -30.781 -79.585 -73.334
v -29.264 -79.072 -74.697
v -25.225 -78.509 -73.488
v -27.420 -78.749 -74.612
v -29.404 -80.922 -68.388
v -26.430 -81.513 -67.211
v -24.095 -81.683 -67.562
v -28.835 -78.893 -72.093
v -26.475 -78.787 -70.326
v -24.599 -79.216 -69.674
v -30.656 -82.844 -66.743
v 67.520 1.278 -22.537
v 72.200 1.535 -16.660
v 71.299 -7.498 -10.941
v 71.441 -7.312 -10.577
v 71.739 -6.760 -9.791
v 68.616 0.713 -22.290
v 70.113 -0.033 -21.371
v 68.882 1.491 -21.381
v 68.616 2.711 -21.350
v 67.422 3.921 -22.012
v 68.311 4.539 -21.371
v 69.530 4.848 -20.947
v 68.006 0.190 -23.198
v 68.616 -0.237 -24.107
v 70.703 -8.602 -12.516
v 70.419 -8.974 -13.242
v 71.914 -5.176 -13.854
v 71.054 -3.268 -18.592
v 70.909 -1.845 -19.521
v 70.562 4.553 -19.882
v 69.835 1.502 -20.172
v 70.924 -1.517 -17.084
v 71.664 -1.532 -21.960
v 71.054 -0.774 -22.889
v 69.906 -0.361 -23.808
v 71.000 0.004 -17.403
v 72.883 0.025 -15.203
v 71.214 2.736 -18.654
v 72.904 -6.582 -10.509
v 71.346 -0.299 -16.891
v 71.475 -2.037 -20.779
v 71.406 -6.465 -13.646
v 72.304 -5.729 -12.537
v 70.817 -5.396 -16.597
v 73.669 -5.010 -11.914
v 73.816 -2.724 -13.409
v 73.461 -0.975 -14.454
v 73.931 -4.043 -12.622
v -67.416 1.278 -22.537
v -72.096 1.535 -16.660
v -71.195 -7.498 -10.941
v -71.337 -7.312 -10.577
v -71.635 -6.760 -9.791
v -68.512 0.713 -22.290
v -70.009 -0.033 -21.371
v -68.778 1.491 -21.381
v -68.512 2.711 -21.350
v -67.318 3.921 -22.012
v -68.207 4.539 -21.371
v -69.426 4.848 -20.947
v -67.902 0.190 -23.198
v -68.512 -0.237 -24.107
v -70.599 -8.602 -12.516
v -70.315 -8.974 -13.242
v -71.810 -5.176 -13.854
v -70.951 -3.268 -18.592
v -70.805 -1.845 -19.521
v -70.458 4.553 -19.882
v -69.731 1.502 -20.172
v -70.820 -1.517 -17.084
v -71.560 -1.532 -21.960
v -70.951 -0.774 -22.889
v -69.802 -0.361 -23.808
v -70.896 0.004 -17.403
v -72.779 0.025 -15.203
v -71.110 2.736 -18.654
v -72.800 -6.582 -10.509
v -71.242 -0.299 -16.891
v -71.371 -2.037 -20.779
v -71.302 -6.465 -13.646
v -72.200 -5.729 -12.537
v -70.713 -5.396 -16.597
v -73.565 -5.010 -11.914
v -73.712 -2.724 -13.409
v -73.357 -0.975 -14.454
v -73.827 -4.043 -12.622
v 77.734 8.369 -15.712
v 77.416 8.123 -15.272
v 80.564 6.402 -36.587
v 79.360 10.744 -23.641
v 79.344 10.631 -22.395
v 79.271 10.214 -20.383
v 79.330 10.387 -21.052
v 79.328 10.554 -21.690
v 85.113 11.782 -24.364
v 77.169 8.699 -15.628
v 77.729 7.392 -14.820
v 78.607 5.812 -13.841
v 78.460 6.046 -14.212
v 79.034 5.691 -13.715
v 83.810 9.688 -34.014
v 83.406 8.772 -36.402
v 83.504 9.622 -8.386
v 81.718 7.246 -12.467
v 82.451 7.781 -11.940
v 79.894 5.991 -13.186
v 80.709 6.464 -13.041
v 78.065 6.737 -14.542
v 78.675 8.331 -31.204
v 78.370 5.958 -34.232
v 78.675 4.074 -38.167
v 79.284 6.471 -14.729
v 79.894 6.131 -14.130
v 79.284 7.464 -15.947
v 81.723 7.811 -16.567
v 80.808 7.573 -16.567
v 80.503 8.446 -18.396
v 78.979 9.587 -18.715
v 80.199 9.767 -20.854
v 80.199 10.150 -22.073
v 79.589 9.886 -26.948
v 80.199 7.786 -32.671
v 82.637 7.796 -14.130
v 82.027 9.599 -21.464
v 83.856 9.912 -20.545
v 80.808 10.040 -24.212
v 82.637 9.791 -23.291
v 83.247 9.837 -22.982
v 84.161 10.230 -22.683
v 80.808 8.505 -30.895
v 82.332 9.750 -25.120
v 84.059 10.792 -4.709
v 84.659 10.390 -15.069
v 84.544 10.640 -20.854
v 84.959 11.854 -21.484
v 85.021 11.840 -23.003
v 84.466 10.323 -24.820
v 84.864 10.914 -24.212
v 85.021 11.498 -26.958
v 84.466 10.617 -31.225
v 82.027 8.508 -33.643
v 78.670 3.325 -39.523
v 84.943 11.207 -25.591
v 78.925 8.757 -30.040
v 79.447 5.429 -37.194
v 80.033 5.142 -38.805
v 79.298 4.228 -39.060
v 82.457 7.228 -38.038
v 80.749 5.699 -38.579
v 83.110 8.043 -37.971
v -77.630 8.369 -15.712
v -77.312 8.123 -15.272
v -80.460 6.402 -36.587
v -79.256 10.744 -23.641
v -79.240 10.631 -22.395
v -79.167 10.214 -20.383
v -79.226 10.387 -21.052
v -79.224 10.554 -21.690
v -85.009 11.782 -24.364
v -77.065 8.699 -15.628
v -77.625 7.392 -14.820
v -78.503 5.812 -13.841
v -78.356 6.046 -14.212
v -78.930 5.691 -13.715
v -83.706 9.688 -34.014
v -83.302 8.772 -36.402
v -83.400 9.622 -8.386
v -81.614 7.246 -12.467
v -82.347 7.781 -11.940
v -79.790 5.991 -13.186
v -80.605 6.464 -13.041
v -77.961 6.737 -14.542
v -78.571 8.331 -31.204
v -78.266 5.958 -34.232
v -78.571 4.074 -38.167
v -79.180 6.471 -14.729
v -79.790 6.131 -14.130
v -79.180 7.464 -15.947
v -81.619 7.811 -16.567
v -80.704 7.573 -16.567
v -80.399 8.446 -18.396
v -78.875 9.587 -18.715
v -80.095 9.767 -20.854
v -80.095 10.150 -22.073
v -79.485 9.886 -26.948
v -80.095 7.786 -32.671
v -82.533 7.796 -14.130
v -81.923 9.599 -21.464
v -83.752 9.912 -20.545
v -80.704 10.040 -24.212
v -82.533 9.791 -23.291
v -83.143 9.837 -22.982
v -84.057 10.230 -22.683
v -80.704 8.505 -30.895
v -82.228 9.750 -25.120
v -83.955 10.792 -4.709
v -84.555 10.390 -15.069
v -84.440 10.640 -20.854
v -84.855 11.854 -21.484
v -84.917 11.840 -23.003
v -84.362 10.323 -24.820
v -84.760 10.914 -24.212
v -84.917 11.498 -26.958
v -84.362 10.617 -31.225
v -81.923 8.508 -33.643
v -78.566 3.325 -39.523
v -84.839 11.207 -25.591
v -78.821 8.757 -30.040
v -79.343 5.429 -37.194
v -79.929 5.142 -38.805
v -79.194 4.228 -39.060
v -82.354 7.228 -38.038
v -80.645 5.699 -38.579
v -83.006 8.043 -37.971
v 71.292 2.434 -33.368
v 68.139 0.373 -33.589
v 70.750 -4.875 -39.613
v 70.445 -5.176 -40.833
v 70.299 -3.843 -37.485
v 69.588 -1.686 -35.067
v 73.863 -2.620 -37.195
v 72.274 -4.186 -40.843
v 73.493 -1.388 -35.823
v 75.322 5.666 -31.225
v 76.541 5.967 -31.649
v 76.236 1.367 -34.593
v 75.931 -0.349 -35.998
v 76.005 -0.794 -37.516
v 76.377 -0.188 -37.827
v 73.493 -3.181 -40.843
v 76.846 7.500 -30.709
v 78.065 8.606 -30.285
v 78.675 8.331 -31.204
v 77.707 6.262 -32.702
v 77.653 4.419 -34.210
v 76.610 0.439 -36.008
v 77.763 3.795 -35.730
v 78.370 5.958 -34.232
v 77.267 1.946 -37.846
v 78.675 4.074 -38.167
v 76.415 0.086 -41.183
v 78.670 3.325 -39.523
v 78.925 8.757 -30.040
v -71.188 2.434 -33.368
v -68.035 0.373 -33.589
v -70.646 -4.875 -39.613
v -70.341 -5.176 -40.833
v -70.195 -3.843 -37.485
v -69.484 -1.686 -35.067
v -73.759 -2.620 -37.195
v -72.170 -4.186 -40.843
v -73.389 -1.388 -35.823
v -75.218 5.666 -31.225
v -76.437 5.967 -31.649
v -76.132 1.367 -34.593
v -75.827 -0.349 -35.998
v -75.901 -0.794 -37.516
v -76.273 -0.188 -37.827
v -73.389 -3.181 -40.843
v -76.742 7.500 -30.709
v -77.961 8.606 -30.285
v -78.571 8.331 -31.204
v -77.603 6.262 -32.702
v -77.549 4.419 -34.210
v -76.506 0.439 -36.008
v -77.659 3.795 -35.730
v -78.266 5.958 -34.232
v -77.163 1.946 -37.846
v -78.571 4.074 -38.167
v -76.311 0.086 -41.183
v -78.566 3.325 -39.523
v -78.821 8.757 -30.040
v 89.955 7.819 3.245
v 90.257 8.446 2.637
v 89.648 8.113 2.162
v 89.152 6.594 2.646
v 89.343 6.541 2.957
v 88.733 5.110 3.276
v 89.275 7.830 4.465
v 89.038 7.807 1.966
v 88.550 5.081 3.886
v 88.355 4.463 2.977
v 88.297 4.469 3.587
v 87.819 4.761 2.264
v 87.645 3.862 3.896
v 88.428 8.447 5.219
v 88.124 7.534 5.342
v 86.904 7.842 5.767
v 86.904 4.481 4.899
v 85.380 4.793 5.591
v 90.259 8.590 3.083
v 89.850 8.508 3.773
v 89.301 8.408 4.488
v 87.339 3.209 3.348
v 87.580 3.472 2.965
v 86.038 3.395 4.619
v 86.995 3.020 3.690
v 86.341 3.146 4.302
v 87.728 3.710 2.756
v -89.851 7.819 3.245
v -90.153 8.446 2.637
v -89.544 8.113 2.162
v -89.048 6.594 2.646
v -89.239 6.541 2.957
v -88.629 5.110 3.276
v -89.171 7.830 4.465
v -88.934 7.807 1.966
v -88.446 5.081 3.886
v -88.251 4.463 2.977
v -88.193 4.469 3.587
v -87.715 4.761 2.264
v -87.541 3.862 3.896
v -88.324 8.447 5.219
v -88.020 7.534 5.342
v -86.800 7.842 5.767
v -86.800 4.481 4.899
v -85.276 4.793 5.591
v -90.155 8.590 3.083
v -89.746 8.508 3.773
v -89.197 8.408 4.488
v -87.235 3.209 3.348
v -87.476 3.472 2.965
v -85.934 3.395 4.619
v -86.891 3.020 3.690
v -86.237 3.146 4.302
v -87.624 3.710 2.756
v 70.450 -14.261 -17.954
v 69.896 -16.226 -23.571
v 71.959 24.607 -11.472
v 73.926 22.215 -3.124
v 76.464 18.090 3.775
v 77.904 13.106 7.882
v 78.312 4.098 9.897
v 76.091 -3.063 6.770
v 73.108 -7.345 -0.566
v 71.794 -10.218 -7.349
v 74.300 -5.647 3.211
v 77.563 0.618 9.112
v 72.538 -8.744 -3.675
v 78.413 8.113 9.104
v 77.029 -1.221 8.358
v 75.410 -4.023 5.448
v 67.833 -16.658 -31.549
v 65.678 -17.032 -39.363
v 63.934 -16.037 -44.920
v 61.320 -11.770 -49.546
v 57.594 -4.626 -52.977
v 58.165 2.211 -52.865
v 60.775 7.863 -51.373
v 62.282 12.952 -47.992
v 63.109 17.505 -43.841
v 65.471 22.963 -33.466
v 69.397 25.431 -20.159
v 64.180 20.284 -38.530
v 67.426 24.626 -26.767
v 75.750 14.629 1.094
v 73.798 17.246 -4.804
v 71.462 19.292 -12.823
v 68.145 19.530 -22.228
v 66.362 18.003 -28.301
v 65.508 16.258 -31.386
v 64.639 15.163 -35.094
v 63.543 12.187 -36.804
v 61.402 8.010 -38.579
v 58.957 2.180 -39.868
v 59.628 -2.236 -39.096
v 61.615 -10.821 -47.480
v 71.448 -6.963 -8.252
v 62.888 -11.190 -43.538
v 64.557 -11.194 -37.619
v 66.983 -11.629 -30.589
v 68.807 -11.340 -23.234
v 69.786 -10.751 -18.080
v 70.506 -9.150 -13.767
v 72.349 -6.704 -4.343
v 73.059 -4.013 -1.585
v 74.828 -2.628 2.807
v 75.796 -1.160 4.809
v 76.568 1.240 5.928
v 77.114 4.270 6.227
v 77.256 7.719 5.739
v 76.883 11.407 4.480
v 58.558 -5.402 -49.845
v 60.196 -1.653 -36.834
v 59.728 1.462 -36.723
v 60.245 4.194 -35.666
v 62.389 9.298 -34.531
v 64.261 13.109 -33.342
v 65.149 14.417 -30.612
v 66.131 16.583 -27.982
v 67.829 17.530 -22.385
v 71.358 16.003 -12.756
v 73.746 13.491 -5.152
v 75.653 11.944 0.883
v 76.423 10.418 3.171
v 76.327 7.133 3.453
v 76.164 4.149 3.569
v 75.407 1.398 2.550
v 74.263 -0.036 -0.013
v 70.962 -12.760 -12.727
v 67.544 -14.777 -17.419
v 67.041 -16.862 -22.902
v 69.079 24.659 -10.633
v 71.044 22.104 -2.298
v 73.605 17.955 4.673
v 75.045 13.052 8.790
v 75.484 4.426 10.843
v 73.317 -2.482 7.753
v 70.206 -7.123 0.165
v 68.859 -10.364 -6.745
v 71.477 -5.170 4.107
v 74.751 1.035 10.071
v 69.605 -8.768 -3.044
v 75.565 8.238 10.039
v 74.232 -0.742 9.334
v 72.626 -3.431 6.397
v 65.027 -17.347 -30.740
v 62.888 -17.789 -38.558
v 61.152 -16.845 -44.142
v 58.594 -12.783 -48.808
v 54.662 -4.983 -52.454
v 55.197 2.526 -52.570
v 57.881 8.639 -51.219
v 59.419 13.816 -47.753
v 60.203 18.085 -43.371
v 62.561 23.180 -32.769
v 66.538 25.643 -19.276
v 61.258 20.559 -37.907
v 64.543 24.911 -25.990
v 72.894 14.553 2.010
v 70.925 17.192 -3.945
v 68.602 19.386 -11.920
v 65.290 19.817 -21.350
v 63.473 18.412 -27.601
v 62.606 16.764 -30.815
v 61.737 15.705 -34.562
v 60.688 13.023 -36.415
v 58.578 8.981 -38.291
v 56.028 2.729 -39.526
v 56.667 -2.225 -38.612
v 58.873 -11.769 -46.718
v 68.514 -7.108 -7.645
v 60.107 -12.000 -42.758
v 61.768 -11.944 -36.804
v 64.173 -12.312 -29.789
v 65.947 -11.973 -22.586
v 66.873 -11.238 -17.552
v 67.567 -9.428 -13.235
v 69.416 -6.721 -3.714
v 70.190 -3.700 -0.769
v 72.024 -2.132 3.752
v 73.005 -0.654 5.787
v 73.762 1.663 6.901
v 74.295 4.592 7.202
v 74.424 7.855 6.721
v 74.037 11.403 5.429
v 55.660 -5.934 -49.281
v 57.304 -2.028 -36.129
v 56.798 1.701 -36.126
v 57.428 5.141 -35.252
v 59.634 10.450 -34.238
v 61.449 14.087 -32.974
v 62.287 15.186 -30.149
v 63.251 17.181 -27.393
v 64.984 17.891 -21.505
v 68.512 16.108 -11.812
v 70.884 13.496 -4.253
v 72.808 11.954 1.834
v 73.597 10.491 4.179
v 73.517 7.313 4.488
v 73.357 4.480 4.573
v 72.609 1.840 3.538
v 71.467 0.426 0.970
v 68.023 -13.047 -12.197
v -70.346 -14.261 -17.954
v -69.792 -16.226 -23.571
v -71.855 24.607 -11.472
v -73.822 22.215 -3.124
v -76.360 18.090 3.775
v -77.800 13.106 7.882
v -78.208 4.098 9.897
v -75.987 -3.063 6.770
v -73.004 -7.345 -0.566
v -71.690 -10.218 -7.349
v -74.196 -5.647 3.211
v -77.459 0.618 9.112
v -72.434 -8.744 -3.675
v -78.309 8.113 9.104
v -76.925 -1.221 8.358
v -75.306 -4.023 5.448
v -67.729 -16.658 -31.549
v -65.574 -17.032 -39.363
v -63.830 -16.037 -44.920
v -61.216 -11.770 -49.546
v -57.490 -4.626 -52.977
v -58.061 2.211 -52.865
v -60.671 7.863 -51.373
v -62.178 12.952 -47.992
v -63.005 17.505 -43.841
v -65.367 22.963 -33.466
v -69.293 25.431 -20.159
v -64.076 20.284 -38.530
v -67.322 24.626 -26.767
v -75.646 14.629 1.094
v -73.694 17.246 -4.804
v -71.358 19.292 -12.823
v -68.041 19.530 -22.228
v -66.258 18.003 -28.301
v -65.404 16.258 -31.386
v -64.535 15.163 -35.094
v -63.439 12.187 -36.804
v -61.298 8.010 -38.579
v -58.853 2.180 -39.868
v -59.524 -2.236 -39.096
v -61.511 -10.821 -47.480
v -71.344 -6.963 -8.252
v -62.784 -11.190 -43.538
v -64.453 -11.194 -37.619
v -66.879 -11.629 -30.589
v -68.703 -11.340 -23.234
v -69.682 -10.751 -18.080
v -70.402 -9.150 -13.767
v -72.245 -6.704 -4.343
v -72.955 -4.013 -1.585
v -74.724 -2.628 2.807
v -75.692 -1.160 4.809
v -76.464 1.240 5.928
v -77.010 4.270 6.227
v -77.152 7.719 5.739
v -76.779 11.407 4.480
v -58.454 -5.402 -49.845
v -60.092 -1.653 -36.834
v -59.624 1.462 -36.723
v -60.141 4.194 -35.666
v -62.285 9.298 -34.531
v -64.157 13.109 -33.342
v -65.045 14.417 -30.612
v -66.027 16.583 -27.982
v -67.725 17.530 -22.385
v -71.254 16.003 -12.756
v -73.642 13.491 -5.152
v -75.549 11.944 0.883
v -76.319 10.418 3.171
v -76.223 7.133 3.453
v -76.060 4.149 3.569
v -75.303 1.398 2.550
v -74.159 -0.036 -0.013
v -70.858 -12.760 -12.727
v -67.440 -14.777 -17.419
v -66.937 -16.862 -22.902
v -68.975 24.659 -10.633
v -70.940 22.104 -2.298
v -73.501 17.955 4.673
v -74.941 13.052 8.790
v -75.380 4.426 10.843
v -73.213 -2.482 7.753
v -70.102 -7.123 0.165
v -68.755 -10.364 -6.745
v -71.373 -5.170 4.107
v -74.647 1.035 10.071
v -69.501 -8.768 -3.044
v -75.461 8.238 10.039
v -74.128 -0.742 9.334
v -72.522 -3.431 6.397
v -64.923 -17.347 -30.740
v -62.784 -17.789 -38.558
v -61.048 -16.845 -44.142
v -58.490 -12.783 -48.808
v -54.558 -4.983 -52.454
v -55.093 2.526 -52.570
v -57.777 8.639 -51.219
v -59.315 13.816 -47.753
v -60.099 18.085 -43.371
v -62.457 23.180 -32.769
v -66.434 25.643 -19.276
v -61.154 20.559 -37.907
v -64.439 24.911 -25.990
v -72.790 14.553 2.010
v -70.821 17.192 -3.945
v -68.498 19.386 -11.920
v -65.186 19.817 -21.350
v -63.369 18.412 -27.601
v -62.502 16.764 -30.815
v -61.633 15.705 -34.562
v -60.584 13.023 -36.415
v -58.474 8.981 -38.291
v -55.924 2.729 -39.526
v -56.563 -2.225 -38.612
v -58.769 -11.769 -46.718
v -68.410 -7.108 -7.645
v -60.003 -12.000 -42.758
v -61.664 -11.944 -36.804
v -64.069 -12.312 -29.789
v -65.843 -11.973 -22.586
v -66.769 -11.238 -17.552
v -67.463 -9.428 -13.235
v -69.312 -6.721 -3.714
v -70.086 -3.700 -0.769
v -71.920 -2.132 3.752
v -72.901 -0.654 5.787
v -73.658 1.663 6.901
v -74.191 4.592 7.202
v -74.320 7.855 6.721
v -73.933 11.403 5.429
v -55.556 -5.934 -49.281
v -57.200 -2.028 -36.129
v -56.694 1.701 -36.126
v -57.324 5.141 -35.252
v -59.530 10.450 -34.238
v -61.345 14.087 -32.974
v -62.183 15.186 -30.149
v -63.147 17.181 -27.393
v -64.880 17.891 -21.505
v -68.408 16.108 -11.812
v -70.780 13.496 -4.253
v -72.704 11.954 1.834
v -73.493 10.491 4.179
v -73.413 7.313 4.488
v -73.253 4.480 4.573
v -72.505 1.840 3.538
v -71.363 0.426 0.970
v -67.919 -13.047 -12.197
v 92.779 16.822 -11.773
v 93.265 16.535 -9.946
v 92.822 16.215 -11.464
v 92.179 16.811 -12.993
v 91.665 16.802 -13.901
v 92.460 15.905 -12.074
v 92.086 15.902 -12.414
v 92.086 15.600 -12.074
v 91.476 15.749 -12.673
v 91.781 15.332 -11.454
v 93.069 15.315 -9.925
v 92.696 14.975 -9.925
v 93.000 14.573 -8.096
v 92.391 14.563 -8.096
v 93.336 15.031 -7.797
v 91.172 16.031 -13.592
v 91.172 15.510 -11.763
v 91.476 15.354 -11.155
v 91.476 15.142 -9.925
v 90.978 15.762 -13.005
v -92.675 16.822 -11.773
v -93.161 16.535 -9.946
v -92.718 16.215 -11.464
v -92.075 16.811 -12.993
v -91.561 16.802 -13.901
v -92.356 15.905 -12.074
v -91.982 15.902 -12.414
v -91.982 15.600 -12.074
v -91.372 15.749 -12.673
v -91.677 15.332 -11.454
v -92.966 15.315 -9.925
v -92.592 14.975 -9.925
v -92.897 14.573 -8.096
v -92.287 14.563 -8.096
v -93.232 15.031 -7.797
v -91.068 16.031 -13.592
v -91.068 15.510 -11.763
v -91.372 15.354 -11.155
v -91.372 15.142 -9.925
v -90.874 15.762 -13.005
v 50.536 -76.819 -43.739
v 44.579 -81.396 -43.923
v 37.152 -84.609 -43.386
v 27.950 -86.837 -43.540
v 22.610 -87.610 -43.504
v 58.586 -65.206 -40.867
v 55.150 -71.166 -42.753
v 62.416 -54.346 -37.518
v 60.782 -59.756 -39.152
v 32.019 -81.152 -79.061
v 33.960 -81.724 -74.639
v 62.943 -47.812 -42.966
v 62.334 -46.939 -50.401
v 61.341 -46.126 -58.128
v 59.318 -45.126 -65.807
v 56.822 -44.060 -73.187
v 54.035 -42.780 -79.983
v 45.636 -41.304 -91.957
v 30.209 -80.724 -82.775
v 27.521 -80.692 -86.290
v 24.796 -80.972 -89.126
v 35.627 -81.270 -71.785
v 35.934 -81.529 -68.640
v 35.344 -82.450 -65.233
v 33.752 -84.011 -61.131
v 31.171 -85.550 -57.212
v 25.671 -87.858 -51.082
v 20.616 -88.656 -47.330
v 24.326 -87.434 -46.252
v 28.036 -86.556 -49.070
v 61.347 -53.322 -44.544
v 59.555 -58.825 -46.013
v 57.139 -64.259 -47.300
v 53.847 -69.722 -48.401
v 49.534 -75.090 -49.047
v 43.769 -79.992 -49.340
v 36.050 -83.608 -49.351
v 32.526 -84.535 -52.506
v 34.649 -83.052 -56.193
v 36.447 -81.583 -60.051
v 37.502 -80.270 -64.432
v 37.906 -79.273 -68.475
v 37.535 -79.029 -72.647
v 36.024 -79.380 -76.447
v 33.932 -79.730 -79.556
v 38.408 -80.778 -54.924
v 39.578 -79.094 -59.621
v 39.959 -77.513 -63.890
v 40.355 -76.090 -68.136
v 39.808 -75.750 -73.472
v 37.782 -76.351 -78.478
v 34.028 -77.659 -83.226
v 30.322 -77.618 -88.508
v 26.967 -78.387 -92.361
v 28.816 -76.224 -96.812
v 32.789 -73.803 -92.157
v 36.706 -72.669 -86.105
v 40.075 -71.759 -80.199
v 42.310 -71.290 -74.175
v 43.707 -71.960 -66.718
v 42.251 -75.111 -63.349
v 42.918 -75.894 -59.482
v 43.387 -77.523 -54.579
v 48.054 -73.153 -54.567
v 52.040 -68.368 -54.469
v 55.508 -63.345 -53.967
v 58.316 -57.983 -53.041
v 60.623 -52.544 -51.857
v 59.298 -51.658 -59.296
v 56.816 -57.235 -60.274
v 53.666 -62.505 -60.853
v 49.924 -67.322 -60.881
v 46.263 -71.942 -60.383
v 47.441 -66.565 -67.827
v 51.326 -61.572 -67.899
v 54.359 -56.175 -67.387
v 57.039 -50.601 -66.666
v 54.747 -49.278 -74.006
v 51.891 -55.058 -74.484
v 48.573 -60.791 -74.705
v 45.322 -66.284 -74.551
v 42.644 -66.306 -81.167
v 45.794 -60.222 -81.563
v 49.702 -53.004 -81.591
v 52.363 -47.006 -81.290
v 39.351 -66.933 -88.315
v 35.115 -68.575 -97.180
v 29.550 -73.553 -101.756
v 51.225 -41.499 -85.377
v 49.105 -41.493 -88.403
v 47.168 -50.806 -88.490
v 42.852 -60.113 -88.701
v 38.901 -60.763 -95.863
v 41.997 -52.347 -94.020
v 17.851 -89.500 -44.258
v 63.826 -48.794 -35.859
v 24.374 -79.483 -95.541
v 25.189 -78.406 -100.654
v 21.815 -81.783 -91.385
v 40.283 -49.086 -96.362
v 24.760 -76.603 -105.108
v 22.967 -74.717 -108.837
v 27.435 -70.993 -106.827
v 31.108 -66.149 -104.974
v 34.285 -60.954 -102.520
v 36.956 -55.178 -99.645
v 45.478 -71.947 -62.330
v 54.381 -62.831 -58.179
v 48.481 -74.859 -42.774
v 43.078 -78.947 -43.064
v 36.126 -81.852 -42.797
v 27.262 -83.924 -43.321
v 21.780 -84.732 -43.659
v 55.905 -64.093 -40.110
v 52.708 -69.678 -41.849
v 59.538 -53.699 -36.970
v 57.970 -58.917 -38.525
v 30.400 -78.855 -78.010
v 32.113 -79.503 -73.830
v 60.062 -47.082 -42.559
v 59.472 -46.146 -49.974
v 58.554 -45.262 -57.433
v 56.624 -44.213 -64.855
v 54.163 -43.197 -72.098
v 51.450 -42.054 -78.645
v 43.446 -40.937 -89.939
v 28.611 -78.468 -81.609
v 25.947 -78.392 -85.181
v 23.262 -78.542 -88.264
v 33.505 -79.213 -71.270
v 33.712 -79.533 -68.359
v 33.201 -80.355 -65.086
v 31.806 -81.728 -61.170
v 29.561 -83.021 -57.346
v 24.583 -85.076 -51.360
v 19.655 -85.834 -47.665
v 23.565 -84.540 -46.464
v 27.094 -83.709 -49.018
v 58.485 -52.559 -44.068
v 56.768 -57.922 -45.370
v 54.515 -63.039 -46.509
v 51.461 -68.179 -47.439
v 47.485 -73.168 -47.994
v 42.216 -77.611 -48.380
v 34.863 -80.912 -48.779
v 31.167 -81.865 -52.377
v 33.006 -80.547 -56.041
v 34.517 -79.292 -59.886
v 35.330 -78.215 -64.175
v 35.608 -77.370 -68.164
v 35.290 -77.110 -72.116
v 34.015 -77.328 -75.580
v 32.163 -77.555 -78.490
v 36.823 -78.311 -54.291
v 37.638 -76.864 -59.116
v 37.749 -75.540 -63.413
v 37.974 -74.317 -67.701
v 37.394 -74.075 -72.868
v 35.529 -74.612 -77.526
v 32.126 -75.638 -82.086
v 28.570 -75.409 -87.482
v 25.310 -75.990 -91.653
v 26.853 -74.059 -96.131
v 30.687 -71.860 -91.259
v 34.477 -70.969 -85.037
v 37.681 -70.242 -79.216
v 39.857 -69.729 -73.436
v 41.387 -70.201 -65.995
v 40.059 -73.179 -62.665
v 40.902 -73.816 -58.699
v 41.608 -75.301 -53.632
v 45.991 -71.256 -53.501
v 49.745 -66.719 -53.465
v 52.978 -61.984 -53.105
v 55.612 -56.861 -52.387
v 57.814 -51.604 -51.381
v 56.565 -50.691 -58.524
v 54.209 -56.021 -59.418
v 51.267 -60.944 -59.955
v 47.689 -65.570 -59.916
v 44.132 -70.039 -59.466
v 45.137 -64.869 -66.926
v 48.944 -60.063 -66.872
v 51.826 -54.956 -66.342
v 54.394 -49.593 -65.673
v 52.138 -48.280 -72.911
v 49.391 -53.821 -73.380
v 46.154 -59.367 -73.645
v 42.905 -64.758 -73.643
v 40.190 -64.907 -80.156
v 43.334 -58.899 -80.469
v 47.195 -51.896 -80.371
v 49.804 -46.192 -79.952
v 36.913 -65.535 -87.268
v 32.728 -67.228 -95.960
v 27.356 -71.915 -100.528
v 48.739 -40.860 -83.825
v 46.727 -40.941 -86.658
v 44.748 -50.044 -86.890
v 40.373 -58.979 -87.448
v 36.438 -59.954 -94.352
v 39.684 -51.850 -92.173
v 16.871 -86.675 -44.518
v 60.936 -48.159 -35.365
v 22.746 -77.009 -95.057
v 23.261 -76.224 -99.931
v 20.298 -79.285 -90.706
v 38.067 -48.811 -94.358
v 22.708 -74.912 -103.719
v 20.936 -73.246 -107.193
v 25.281 -69.657 -105.224
v 28.758 -65.118 -103.418
v 31.872 -60.254 -100.881
v 34.601 -54.819 -97.821
v 43.301 -70.076 -61.458
v 51.928 -61.319 -57.345
v -50.432 -76.819 -43.739
v -44.475 -81.396 -43.923
v -37.048 -84.609 -43.386
v -27.846 -86.837 -43.540
v -22.506 -87.610 -43.504
v -58.482 -65.206 -40.867
v -55.046 -71.166 -42.753
v -62.312 -54.346 -37.518
v -60.678 -59.756 -39.152
v -31.915 -81.152 -79.061
v -33.856 -81.724 -74.639
v -62.839 -47.812 -42.966
v -62.230 -46.939 -50.401
v -61.237 -46.126 -58.128
v -59.214 -45.126 -65.807
v -56.718 -44.060 -73.187
v -53.931 -42.780 -79.983
v -45.532 -41.304 -91.957
v -30.105 -80.724 -82.775
v -27.417 -80.692 -86.290
v -24.692 -80.972 -89.126
v -35.523 -81.270 -71.785
v -35.830 -81.529 -68.640
v -35.240 -82.450 -65.233
v -33.648 -84.011 -61.131
v -31.067 -85.550 -57.212
v -25.567 -87.858 -51.082
v -20.512 -88.656 -47.330
v -24.222 -87.434 -46.252
v -27.932 -86.556 -49.070
v -61.243 -53.322 -44.544
v -59.451 -58.825 -46.013
v -57.035 -64.259 -47.300
v -53.743 -69.722 -48.401
v -49.430 -75.090 -49.047
v -43.665 -79.992 -49.340
v -35.946 -83.608 -49.351
v -32.422 -84.535 -52.506
v -34.545 -83.052 -56.193
v -36.343 -81.583 -60.051
v -37.398 -80.270 -64.432
v -37.802 -79.273 -68.475
v -37.431 -79.029 -72.647
v -35.920 -79.380 -76.447
v -33.828 -79.730 -79.556
v -38.304 -80.778 -54.924
v -39.474 -79.094 -59.621
v -39.855 -77.513 -63.890
v -40.251 -76.090 -68.136
v -39.704 -75.750 -73.472
v -37.678 -76.351 -78.478
v -33.924 -77.659 -83.226
v -30.218 -77.618 -88.508
v -26.863 -78.387 -92.361
v -28.712 -76.224 -96.812
v -32.685 -73.803 -92.157
v -36.602 -72.669 -86.105
v -39.971 -71.759 -80.199
v -42.206 -71.290 -74.175
v -43.603 -71.960 -66.718
v -42.147 -75.111 -63.349
v -42.814 -75.894 -59.482
v -43.283 -77.523 -54.579
v -47.950 -73.153 -54.567
v -51.936 -68.368 -54.469
v -55.404 -63.345 -53.967
v -58.212 -57.983 -53.041
v -60.519 -52.544 -51.857
v -59.194 -51.658 -59.296
v -56.712 -57.235 -60.274
v -53.562 -62.505 -60.853
v -49.820 -67.322 -60.881
v -46.159 -71.942 -60.383
v -47.337 -66.565 -67.827
v -51.222 -61.572 -67.899
v -54.255 -56.175 -67.387
v -56.935 -50.601 -66.666
v -54.643 -49.278 -74.006
v -51.787 -55.058 -74.484
v -48.469 -60.791 -74.705
v -45.218 -66.284 -74.551
v -42.540 -66.306 -81.167
v -45.690 -60.222 -81.563
v -49.598 -53.004 -81.591
v -52.259 -47.006 -81.290
v -39.247 -66.933 -88.315
v -35.011 -68.575 -97.180
v -29.446 -73.553 -101.756
v -51.121 -41.499 -85.377
v -49.001 -41.493 -88.403
v -47.064 -50.806 -88.490
v -42.748 -60.113 -88.701
v -38.797 -60.763 -95.863
v -41.893 -52.347 -94.020
v -17.747 -89.500 -44.258
v -63.722 -48.794 -35.859
v -24.270 -79.483 -95.541
v -25.085 -78.406 -100.654
v -21.711 -81.783 -91.385
v -40.179 -49.086 -96.362
v -24.656 -76.603 -105.108
v -22.863 -74.717 -108.837
v -27.331 -70.993 -106.827
v -31.004 -66.149 -104.974
v -34.181 -60.954 -102.520
v -36.852 -55.178 -99.645
v -45.374 -71.947 -62.330
v -54.277 -62.831 -58.179
v -48.377 -74.859 -42.774
v -42.974 -78.947 -43.064
v -36.022 -81.852 -42.797
v -27.158 -83.924 -43.321
v -21.676 -84.732 -43.659
v -55.801 -64.093 -40.110
v -52.604 -69.678 -41.849
v -59.434 -53.699 -36.970
v -57.866 -58.917 -38.525
v -30.296 -78.855 -78.010
v -32.009 -79.503 -73.830
v -59.958 -47.082 -42.559
v -59.368 -46.146 -49.974
v -58.450 -45.262 -57.433
v -56.520 -44.213 -64.855
v -54.059 -43.197 -72.098
v -51.346 -42.054 -78.645
v -43.342 -40.937 -89.939
v -28.507 -78.468 -81.609
v -25.843 -78.392 -85.181
v -23.158 -78.542 -88.264
v -33.401 -79.213 -71.270
v -33.608 -79.533 -68.359
v -33.097 -80.355 -65.086
v -31.702 -81.728 -61.170
v -29.457 -83.021 -57.346
v -24.479 -85.076 -51.360
v -19.551 -85.834 -47.665
v -23.461 -84.540 -46.464
v -26.990 -83.709 -49.018
v -58.381 -52.559 -44.068
v -56.664 -57.922 -45.370
v -54.411 -63.039 -46.509
v -51.357 -68.179 -47.439
v -47.381 -73.168 -47.994
v -42.112 -77.611 -48.380
v -34.759 -80.912 -48.779
v -31.063 -81.865 -52.377
v -32.902 -80.547 -56.041
v -34.413 -79.292 -59.886
v -35.226 -78.215 -64.175
v -35.504 -77.370 -68.164
v -35.186 -77.110 -72.116
v -33.911 -77.328 -75.580
v -32.059 -77.555 -78.490
v -36.719 -78.311 -54.291
v -37.534 -76.864 -59.116
v -37.645 -75.540 -63.413
v -37.870 -74.317 -67.701
v -37.290 -74.075 -72.868
v -35.425 -74.612 -77.526
v -32.022 -75.638 -82.086
v -28.466 -75.409 -87.482
v -25.206 -75.990 -91.653
v -26.749 -74.059 -96.131
v -30.583 -71.860 -91.259
v -34.373 -70.969 -85.037
v -37.577 -70.242 -79.216
v -39.753 -69.729 -73.436
v -41.283 -70.201 -65.995
v -39.955 -73.179 -62.665
v -40.798 -73.816 -58.699
v -41.504 -75.301 -53.632
v -45.887 -71.256 -53.501
v -49.641 -66.719 -53.465
v -52.874 -61.984 -53.105
v -55.508 -56.861 -52.387
v -57.710 -51.604 -51.381
v -56.461 -50.691 -58.524
v -54.105 -56.021 -59.418
v -51.163 -60.944 -59.955
v -47.585 -65.570 -59.916
v -44.028 -70.039 -59.466
v -45.033 -64.869 -66.926
v -48.840 -60.063 -66.872
v -51.722 -54.956 -66.342
v -54.290 -49.593 -65.673
v -52.034 -48.280 -72.911
v -49.287 -53.821 -73.380
v -46.050 -59.367 -73.645
v -42.801 -64.758 -73.643
v -40.086 -64.907 -80.156
v -43.230 -58.899 -80.469
v -47.091 -51.896 -80.371
v -49.700 -46.192 -79.952
v -36.809 -65.535 -87.268
v -32.624 -67.228 -95.960
v -27.252 -71.915 -100.528
v -48.635 -40.860 -83.825
v -46.623 -40.941 -86.658
v -44.644 -50.044 -86.890
v -40.269 -58.979 -87.448
v -36.334 -59.954 -94.352
v -39.580 -51.850 -92.173
v -16.767 -86.675 -44.518
v -60.832 -48.159 -35.365
v -22.642 -77.009 -95.057
v -23.157 -76.224 -99.931
v -20.194 -79.285 -90.706
v -37.963 -48.811 -94.358
v -22.604 -74.912 -103.719
v -20.832 -73.246 -107.193
v -25.177 -69.657 -105.224
v -28.654 -65.118 -103.418
v -31.768 -60.254 -100.881
v -34.497 -54.819 -97.821
v -43.197 -70.076 -61.458
v -51.824 -61.319 -57.345
v 76.846 7.500 -30.709
v 75.931 11.420 -26.350
v 77.455 9.086 -29.377
v 77.151 8.420 -30.089
v 75.322 5.666 -31.225
v 76.541 8.113 -30.306
v 75.627 9.658 -29.387
v 74.712 9.336 -29.873
v 74.712 10.051 -29.088
v 72.883 10.046 -29.088
v 72.883 11.190 -27.218
v 75.017 11.922 -25.141
v 70.140 4.433 -32.082
v 72.883 8.724 -30.182
v 71.054 9.339 -29.583
v 73.493 11.732 -26.049
v 72.274 11.505 -26.163
v 73.188 11.884 -25.141
v 73.188 11.822 -23.612
v 72.274 11.672 -24.832
v 68.139 0.373 -33.589
v 68.616 6.277 -31.121
v 71.054 10.064 -28.777
v 68.616 9.290 -28.468
v 69.530 10.232 -27.558
v 70.824 10.902 -25.430
v 71.664 10.807 -22.692
v 68.921 10.347 -26.039
v 69.835 10.434 -24.820
v 69.530 9.475 -22.982
v 69.226 7.888 -21.826
v 67.092 2.300 -32.650
v 67.328 -0.452 -33.559
v 66.799 6.287 -29.966
v 68.006 -2.229 -27.745
v 66.350 -2.213 -30.064
v 67.702 9.548 -26.340
v 68.311 10.117 -25.120
v 65.661 7.228 -27.228
v 68.311 -1.098 -25.926
v 68.006 -1.801 -26.835
v 67.702 -1.911 -26.835
v 67.702 -0.876 -24.717
v 67.076 -2.224 -27.444
v 68.238 8.490 -22.673
v 66.718 8.171 -24.191
v 67.397 9.381 -25.419
v 68.616 -0.237 -24.107
v 67.397 -0.704 -24.107
v 68.006 0.190 -23.198
v 67.397 -1.467 -25.316
v 68.006 6.974 -21.742
v 67.655 6.060 -21.732
v 67.397 7.274 -22.310
v 66.928 5.749 -22.341
v 67.422 3.921 -22.012
v 67.092 1.212 -22.900
v 66.787 0.468 -32.982
v 66.787 1.688 -32.899
v 66.178 1.385 -32.640
v 66.094 -1.537 -32.148
v 66.432 -0.444 -32.640
v 66.023 -1.956 -31.412
v 66.482 2.717 -32.063
v 66.178 2.548 -31.752
v 66.094 1.997 -32.362
v 66.018 1.388 -32.351
v 65.170 1.730 -28.394
v 66.489 0.166 -32.650
v 65.632 -0.424 -30.512
v 66.050 -1.942 -29.883
v 65.780 -1.338 -30.502
v 65.142 5.715 -25.998
v 65.263 -0.716 -29.201
v 66.178 -2.124 -29.273
v 66.482 -2.230 -28.353
v 65.873 -2.122 -28.973
v 65.628 -1.332 -29.892
v 65.831 -1.936 -29.273
v 65.925 -2.589 -27.751
v 65.318 -2.436 -28.039
v 65.248 -1.932 -28.661
v 65.263 -1.325 -29.076
v 64.829 -1.852 -28.080
v 64.980 -2.226 -28.013
v 65.970 7.550 -25.399
v 66.332 7.259 -23.870
v 65.137 2.058 -25.957
v 66.787 -2.374 -25.617
v 66.261 -2.607 -26.592
v 66.090 -2.561 -25.687
v 65.474 -2.574 -27.146
v 65.670 -2.582 -26.291
v 65.569 -2.489 -25.779
v 65.141 -2.337 -26.399
v 65.329 -2.246 -25.450
v 65.068 -2.420 -27.414
v 64.860 -1.916 -25.646
v 66.085 2.992 -23.839
v 65.873 5.735 -23.880
v 64.920 -1.545 -25.301
v 66.482 -0.667 -23.963
v 65.568 -0.978 -24.593
v 67.092 -1.283 -24.603
v 66.202 -2.227 -25.007
v 65.719 -2.393 -25.334
v 65.296 -1.843 -24.950
v 65.660 -2.075 -24.930
v 64.806 -2.170 -27.346
v 64.642 -1.552 -26.546
v 64.697 -1.776 -27.424
v 64.695 -1.911 -26.332
v 64.692 -1.571 -25.926
v 70.501 10.570 -24.047
v 69.870 9.046 -22.197
v 70.127 9.847 -22.902
v 74.063 11.925 -24.374
v 65.962 -1.762 -31.229
v 66.037 -1.949 -30.642
v 67.520 1.278 -22.537
v 71.292 2.434 -33.368
v 66.532 -0.961 -33.059
v -76.742 7.500 -30.709
v -75.827 11.420 -26.350
v -77.351 9.086 -29.377
v -77.047 8.420 -30.089
v -75.218 5.666 -31.225
v -76.437 8.113 -30.306
v -75.523 9.658 -29.387
v -74.608 9.336 -29.873
v -74.608 10.051 -29.088
v -72.779 10.046 -29.088
v -72.779 11.190 -27.218
v -74.913 11.922 -25.141
v -70.036 4.433 -32.082
v -72.779 8.724 -30.182
v -70.951 9.339 -29.583
v -73.389 11.732 -26.049
v -72.170 11.505 -26.163
v -73.084 11.884 -25.141
v -73.084 11.822 -23.612
v -72.170 11.672 -24.832
v -68.035 0.373 -33.589
v -68.512 6.277 -31.121
v -70.951 10.064 -28.777
v -68.512 9.290 -28.468
v -69.426 10.232 -27.558
v -70.720 10.902 -25.430
v -71.560 10.807 -22.692
v -68.817 10.347 -26.039
v -69.731 10.434 -24.820
v -69.426 9.475 -22.982
v -69.122 7.888 -21.826
v -66.988 2.300 -32.650
v -67.224 -0.452 -33.559
v -66.695 6.287 -29.966
v -67.902 -2.229 -27.745
v -66.246 -2.213 -30.064
v -67.598 9.548 -26.340
v -68.207 10.117 -25.120
v -65.557 7.228 -27.228
v -68.207 -1.098 -25.926
v -67.902 -1.801 -26.835
v -67.598 -1.911 -26.835
v -67.598 -0.876 -24.717
v -66.972 -2.224 -27.444
v -68.134 8.490 -22.673
v -66.614 8.171 -24.191
v -67.293 9.381 -25.419
v -68.512 -0.237 -24.107
v -67.293 -0.704 -24.107
v -67.902 0.190 -23.198
v -67.293 -1.467 -25.316
v -67.902 6.974 -21.742
v -67.551 6.060 -21.732
v -67.293 7.274 -22.310
v -66.824 5.749 -22.341
v -67.318 3.921 -22.012
v -66.988 1.212 -22.900
v -66.683 0.468 -32.982
v -66.683 1.688 -32.899
v -66.074 1.385 -32.640
v -65.990 -1.537 -32.148
v -66.328 -0.444 -32.640
v -65.919 -1.956 -31.412
v -66.378 2.717 -32.063
v -66.074 2.548 -31.752
v -65.990 1.997 -32.362
v -65.914 1.388 -32.351
v -65.066 1.730 -28.394
v -66.385 0.166 -32.650
v -65.528 -0.424 -30.512
v -65.946 -1.942 -29.883
v -65.676 -1.338 -30.502
v -65.038 5.715 -25.998
v -65.159 -0.716 -29.201
v -66.074 -2.124 -29.273
v -66.378 -2.230 -28.353
v -65.769 -2.122 -28.973
v -65.524 -1.332 -29.892
v -65.727 -1.936 -29.273
v -65.821 -2.589 -27.751
v -65.214 -2.436 -28.039
v -65.144 -1.932 -28.661
v -65.159 -1.325 -29.076
v -64.725 -1.852 -28.080
v -64.876 -2.226 -28.013
v -65.866 7.550 -25.399
v -66.228 7.259 -23.870
v -65.033 2.058 -25.957
v -66.683 -2.374 -25.617
v -66.157 -2.607 -26.592
v -65.986 -2.561 -25.687
v -65.370 -2.574 -27.146
v -65.566 -2.582 -26.291
v -65.465 -2.489 -25.779
v -65.037 -2.337 -26.399
v -65.225 -2.246 -25.450
v -64.964 -2.420 -27.414
v -64.756 -1.916 -25.646
v -65.981 2.992 -23.839
v -65.769 5.735 -23.880
v -64.816 -1.545 -25.301
v -66.378 -0.667 -23.963
v -65.464 -0.978 -24.593
v -66.988 -1.283 -24.603
v -66.098 -2.227 -25.007
v -65.615 -2.393 -25.334
v -65.192 -1.843 -24.950
v -65.556 -2.075 -24.930
v -64.702 -2.170 -27.346
v -64.538 -1.552 -26.546
v -64.593 -1.776 -27.424
v -64.591 -1.911 -26.332
v -64.588 -1.571 -25.926
v -70.397 10.570 -24.047
v -69.766 9.046 -22.197
v -70.023 9.847 -22.902
v -73.959 11.925 -24.374
v -65.858 -1.762 -31.229
v -65.933 -1.949 -30.642
v -67.416 1.278 -22.537
v -71.188 2.434 -33.368
v -66.428 -0.961 -33.059
v 78.925 8.757 -30.040
v 79.589 9.886 -26.948
v 78.065 8.606 -30.285
v 76.846 7.500 -30.709
v 75.931 11.420 -26.350
v 77.455 9.086 -29.377
v 77.760 8.727 -29.861
v 77.151 8.420 -30.089
v 76.541 11.881 -23.922
v 75.017 11.922 -25.141
v 73.188 11.822 -23.612
v 71.409 9.737 -19.635
v 71.214 2.736 -18.654
v 71.363 3.402 -16.500
v 71.664 10.807 -22.692
v 70.061 8.803 -21.752
v 70.328 8.510 -20.533
v 69.226 7.888 -21.826
v 69.771 6.983 -20.823
v 70.833 6.097 -17.766
v 70.719 7.009 -18.085
v 72.274 1.868 -15.584
v 71.409 3.351 -18.044
v 69.639 6.069 -20.813
v 69.833 6.376 -20.514
v 69.928 5.767 -20.514
v 70.750 5.481 -18.448
v 70.562 4.553 -19.882
v 70.033 6.077 -19.904
v 70.638 7.006 -18.386
v 70.014 6.994 -19.604
v 70.738 7.615 -18.396
v 72.524 1.762 -14.781
v 68.921 6.672 -21.423
v 68.006 6.974 -21.742
v 67.655 6.060 -21.732
v 69.530 4.848 -20.947
v 68.311 4.539 -21.371
v 67.422 3.921 -22.012
v 72.200 1.535 -16.660
v 78.086 11.258 -23.769
v 79.360 10.744 -23.641
v 70.697 6.204 -18.417
v 70.329 6.347 -19.109
v 72.136 10.913 -20.900
v 75.384 11.968 -23.854
v 74.948 11.967 -23.597
v 72.939 11.478 -21.875
v 69.870 9.046 -22.197
v 74.382 11.909 -23.314
v 74.063 11.925 -24.374
v -78.821 8.757 -30.040
v -79.485 9.886 -26.948
v -77.961 8.606 -30.285
v -76.742 7.500 -30.709
v -75.827 11.420 -26.350
v -77.351 9.086 -29.377
v -77.656 8.727 -29.861
v -77.047 8.420 -30.089
v -76.437 11.881 -23.922
v -74.913 11.922 -25.141
v -73.084 11.822 -23.612
v -71.305 9.737 -19.635
v -71.110 2.736 -18.654
v -71.259 3.402 -16.500
v -71.560 10.807 -22.692
v -69.957 8.803 -21.752
v -70.224 8.510 -20.533
v -69.122 7.888 -21.826
v -69.667 6.983 -20.823
v -70.729 6.097 -17.766
v -70.615 7.009 -18.085
v -72.170 1.868 -15.584
v -71.305 3.351 -18.044
v -69.535 6.069 -20.813
v -69.729 6.376 -20.514
v -69.824 5.767 -20.514
v -70.646 5.481 -18.448
v -70.458 4.553 -19.882
v -69.929 6.077 -19.904
v -70.534 7.006 -18.386
v -69.910 6.994 -19.604
v -70.634 7.615 -18.396
v -72.420 1.762 -14.781
v -68.817 6.672 -21.423
v -67.902 6.974 -21.742
v -67.551 6.060 -21.732
v -69.426 4.848 -20.947
v -68.207 4.539 -21.371
v -67.318 3.921 -22.012
v -72.096 1.535 -16.660
v -77.982 11.258 -23.769
v -79.256 10.744 -23.641
v -70.593 6.204 -18.417
v -70.225 6.347 -19.109
v -72.032 10.913 -20.900
v -75.280 11.968 -23.854
v -74.844 11.967 -23.597
v -72.835 11.478 -21.875
v -69.766 9.046 -22.197
v -74.278 11.909 -23.314
v -73.959 11.925 -24.374
v 84.952 8.342 1.397
v 84.523 9.357 -0.363
v 84.550 9.069 0.505
v 77.416 8.123 -15.272
v 81.060 1.600 -0.743
v 82.073 4.314 0.859
v 77.729 7.392 -14.820
v 78.607 5.812 -13.841
v 78.460 6.046 -14.212
v 79.034 5.691 -13.715
v 79.383 6.205 -9.433
v 79.761 6.318 -9.187
v 76.892 4.999 -8.374
v 80.159 2.087 -1.119
v 79.906 6.310 -8.147
v 78.984 6.017 -9.460
v 82.950 8.381 -3.510
v 83.504 9.622 -8.386
v 81.718 7.246 -12.467
v 82.193 6.946 -0.697
v 82.451 7.781 -11.940
v 79.894 5.991 -13.186
v 83.012 9.302 -5.136
v 80.709 6.464 -13.041
v 80.314 3.498 -0.661
v 79.469 3.070 -1.467
v 79.300 3.695 -1.850
v 79.111 4.224 -2.120
v 79.589 5.115 -3.386
v 74.810 3.623 -6.804
v 74.801 5.661 -13.124
v 72.943 4.843 -12.516
v 73.847 0.271 -10.384
v 77.189 4.731 -11.608
v 75.660 4.377 -12.493
v 72.862 1.331 -11.631
v 73.927 1.011 -8.628
v 78.393 5.450 -10.478
v 71.876 2.391 -12.879
v 71.716 3.927 -11.955
v 74.875 -0.912 -7.172
v 74.350 0.721 -6.459
v 75.017 3.529 -9.511
v 73.950 3.592 -11.758
v 77.369 5.161 -13.227
v 78.065 6.737 -14.542
v 76.846 7.350 -14.181
v 79.589 5.680 -4.657
v 79.588 6.214 -6.380
v 81.113 6.884 -11.371
v 79.894 5.901 -12.579
v 82.942 5.362 1.335
v 83.552 6.887 1.377
v 81.723 4.136 0.633
v 82.332 4.445 1.024
v 82.332 2.917 0.664
v 82.027 4.748 0.880
v 81.222 4.742 0.229
v 82.027 5.661 0.695
v 79.589 4.418 -1.815
v 81.911 7.736 -5.587
v 84.771 5.367 1.811
v 85.990 7.197 1.966
v 84.059 10.792 -4.709
v 75.748 -1.840 -8.535
v 73.729 0.306 -11.605
v 73.127 0.969 -12.187
v 74.414 -0.410 -10.828
v 75.291 -1.318 -9.725
v -84.848 8.342 1.397
v -84.419 9.357 -0.363
v -84.446 9.069 0.505
v -77.312 8.123 -15.272
v -80.956 1.600 -0.743
v -81.969 4.314 0.859
v -77.625 7.392 -14.820
v -78.503 5.812 -13.841
v -78.356 6.046 -14.212
v -78.930 5.691 -13.715
v -79.279 6.205 -9.433
v -79.657 6.318 -9.187
v -76.788 4.999 -8.374
v -80.055 2.087 -1.119
v -79.802 6.310 -8.147
v -78.880 6.017 -9.460
v -82.846 8.381 -3.510
v -83.400 9.622 -8.386
v -81.614 7.246 -12.467
v -82.089 6.946 -0.697
v -82.347 7.781 -11.940
v -79.790 5.991 -13.186
v -82.908 9.302 -5.136
v -80.605 6.464 -13.041
v -80.210 3.498 -0.661
v -79.365 3.070 -1.467
v -79.196 3.695 -1.850
v -79.007 4.224 -2.120
v -79.485 5.115 -3.386
v -74.706 3.623 -6.804
v -74.697 5.661 -13.124
v -72.839 4.843 -12.516
v -73.743 0.271 -10.384
v -77.085 4.731 -11.608
v -75.556 4.377 -12.493
v -72.758 1.331 -11.631
v -73.823 1.011 -8.628
v -78.289 5.450 -10.478
v -71.772 2.391 -12.879
v -71.612 3.927 -11.955
v -74.771 -0.912 -7.172
v -74.246 0.721 -6.459
v -74.913 3.529 -9.511
v -73.846 3.592 -11.758
v -77.265 5.161 -13.227
v -77.961 6.737 -14.542
v -76.742 7.350 -14.181
v -79.485 5.680 -4.657
v -79.484 6.214 -6.380
v -81.009 6.884 -11.371
v -79.790 5.901 -12.579
v -82.838 5.362 1.335
v -83.448 6.887 1.377
v -81.619 4.136 0.633
v -82.228 4.445 1.024
v -82.228 2.917 0.664
v -81.923 4.748 0.880
v -81.118 4.742 0.229
v -81.923 5.661 0.695
v -79.485 4.418 -1.815
v -81.807 7.736 -5.587
v -84.667 5.367 1.811
v -85.886 7.197 1.966
v -83.955 10.792 -4.709
v -75.644 -1.840 -8.535
v -73.625 0.306 -11.605
v -73.023 0.969 -12.187
v -74.310 -0.410 -10.828
v -75.187 -1.318 -9.725
v 78.370 10.649 -19.925
v 78.979 9.587 -18.715
v 77.735 11.535 -23.003
v 77.455 11.424 -20.864
v 76.846 11.793 -22.094
v 76.846 11.034 -18.726
v 75.322 9.778 -15.349
v 76.846 7.350 -14.181
v 76.541 11.881 -23.922
v 75.627 11.999 -23.003
v 73.493 11.170 -17.508
v 73.493 10.682 -15.679
v 73.798 9.483 -14.284
v 72.274 10.636 -17.508
v 72.305 10.951 -20.254
v 71.409 9.737 -19.635
v 72.274 10.542 -15.368
v 71.363 3.402 -16.500
v 72.883 10.281 -14.760
v 71.664 10.136 -14.449
v 71.716 3.927 -11.955
v 71.876 2.391 -12.879
v 70.037 7.648 -15.260
v 70.273 5.870 -16.482
v 70.833 6.097 -17.766
v 70.747 7.012 -17.776
v 70.719 7.009 -18.085
v 72.274 1.868 -15.584
v 70.640 8.545 -16.727
v 70.750 7.850 -17.786
v 70.738 7.615 -18.396
v 71.586 9.756 -15.738
v 69.864 5.091 -14.423
v 70.898 8.875 -13.970
v 72.781 6.649 -12.990
v 72.524 1.762 -14.781
v 70.119 7.032 -13.813
v 71.619 2.896 -14.689
v 75.452 6.614 -13.633
v 74.213 7.886 -13.687
v 70.772 3.766 -13.595
v 72.723 8.704 -13.682
v 70.936 6.289 -12.645
v 72.943 4.843 -12.516
v 74.801 5.661 -13.124
v 77.169 8.699 -15.628
v 79.328 10.554 -21.690
v 79.330 10.387 -21.052
v 79.271 10.214 -20.383
v 78.086 11.258 -23.769
v 79.344 10.631 -22.395
v 79.360 10.744 -23.641
v 72.136 10.913 -20.900
v 75.384 11.968 -23.854
v 74.948 11.967 -23.597
v 72.939 11.478 -21.875
v 74.382 11.909 -23.314
v 77.416 8.123 -15.272
v 77.734 8.369 -15.712
v -78.266 10.649 -19.925
v -78.875 9.587 -18.715
v -77.631 11.535 -23.003
v -77.351 11.424 -20.864
v -76.742 11.793 -22.094
v -76.742 11.034 -18.726
v -75.218 9.778 -15.349
v -76.742 7.350 -14.181
v -76.437 11.881 -23.922
v -75.523 11.999 -23.003
v -73.389 11.170 -17.508
v -73.389 10.682 -15.679
v -73.694 9.483 -14.284
v -72.170 10.636 -17.508
v -72.201 10.951 -20.254
v -71.305 9.737 -19.635
v -72.170 10.542 -15.368
v -71.259 3.402 -16.500
v -72.779 10.281 -14.760
v -71.560 10.136 -14.449
v -71.612 3.927 -11.955
v -71.772 2.391 -12.879
v -69.933 7.648 -15.260
v -70.169 5.870 -16.482
v -70.729 6.097 -17.766
v -70.643 7.012 -17.776
v -70.615 7.009 -18.085
v -72.170 1.868 -15.584
v -70.536 8.545 -16.727
v -70.646 7.850 -17.786
v -70.634 7.615 -18.396
v -71.482 9.756 -15.738
v -69.760 5.091 -14.423
v -70.794 8.875 -13.970
v -72.677 6.649 -12.990
v -72.420 1.762 -14.781
v -70.015 7.032 -13.813
v -71.516 2.896 -14.689
v -75.348 6.614 -13.633
v -74.109 7.886 -13.687
v -70.668 3.766 -13.595
v -72.619 8.704 -13.682
v -70.832 6.289 -12.645
v -72.839 4.843 -12.516
v -74.697 5.661 -13.124
v -77.065 8.699 -15.628
v -79.224 10.554 -21.690
v -79.226 10.387 -21.052
v -79.167 10.214 -20.383
v -77.982 11.258 -23.769
v -79.240 10.631 -22.395
v -79.256 10.744 -23.641
v -72.032 10.913 -20.900
v -75.280 11.968 -23.854
v -74.844 11.967 -23.597
v -72.835 11.478 -21.875
v -74.278 11.909 -23.314
v -77.312 8.123 -15.272
v -77.630 8.369 -15.712
v 64.654 9.034 -34.861
v 64.494 13.339 -32.369
v 65.205 11.212 -33.453
v 67.170 13.809 -30.125
v 65.742 10.095 -34.080
v 65.505 8.677 -35.172
v 64.654 7.759 -35.522
v 66.211 16.477 -27.369
v 67.821 17.236 -22.306
v 64.349 2.551 -38.352
v 70.186 16.546 -16.235
v 69.530 14.616 -27.300
v 69.226 11.988 -32.765
v 67.702 9.284 -35.439
v 71.802 15.221 -11.209
v 69.835 16.049 -21.212
v 71.359 15.951 -20.607
v 71.664 14.433 -27.599
v 70.750 4.359 -40.522
v 74.102 14.647 -12.362
v 71.664 15.623 -15.421
v 75.931 15.621 -17.249
v 69.530 13.844 -29.428
v 72.947 10.796 -36.711
v 76.846 16.000 -20.905
v 75.931 12.584 -35.812
v 76.846 13.693 -32.774
v 76.846 12.216 -37.940
v 72.274 9.568 -37.650
v 77.455 11.494 -39.768
v 77.101 8.304 -42.475
v 78.370 13.210 -37.042
v 78.979 12.915 -38.270
v 79.589 11.675 -40.481
v 78.338 9.172 -42.609
v 78.998 9.485 -42.557
v 73.798 13.084 -7.169
v 73.798 13.459 -8.996
v 72.425 14.308 -9.290
v 70.770 16.094 -14.508
v 69.470 16.752 -18.106
v 63.061 10.418 -33.448
v 61.313 7.077 -34.464
v 60.608 5.102 -34.835
v 60.608 5.102 -34.835
v -64.550 9.034 -34.861
v -64.390 13.339 -32.369
v -65.101 11.212 -33.453
v -67.066 13.809 -30.125
v -65.638 10.095 -34.080
v -65.401 8.677 -35.172
v -64.550 7.759 -35.522
v -66.107 16.477 -27.369
v -67.717 17.236 -22.306
v -64.245 2.551 -38.352
v -70.082 16.546 -16.235
v -69.426 14.616 -27.300
v -69.122 11.988 -32.765
v -67.598 9.284 -35.439
v -71.698 15.221 -11.209
v -69.732 16.049 -21.212
v -71.255 15.951 -20.607
v -71.560 14.433 -27.599
v -70.646 4.359 -40.522
v -73.999 14.647 -12.362
v -71.560 15.623 -15.421
v -75.827 15.621 -17.249
v -69.426 13.844 -29.428
v -72.843 10.796 -36.711
v -76.742 16.000 -20.905
v -75.827 12.584 -35.812
v -76.742 13.693 -32.774
v -76.742 12.216 -37.940
v -72.170 9.568 -37.650
v -77.351 11.494 -39.768
v -76.998 8.304 -42.475
v -78.266 13.210 -37.042
v -78.875 12.915 -38.270
v -79.485 11.675 -40.481
v -78.234 9.172 -42.609
v -78.894 9.485 -42.557
v -73.694 13.084 -7.169
v -73.694 13.459 -8.996
v -72.321 14.308 -9.290
v -70.666 16.094 -14.508
v -69.366 16.752 -18.106
v -62.958 10.418 -33.448
v -61.209 7.077 -34.464
v -60.504 5.102 -34.835
v -60.504 5.102 -34.835
v 74.888 -5.902 -4.917
v 83.856 5.707 5.571
v 80.349 0.729 3.598
v 78.675 8.733 3.194
v 77.468 -2.082 0.255
v 76.253 0.827 1.742
v 75.627 10.551 2.097
v 76.870 2.172 2.846
v 75.465 -4.905 -2.406
v 73.057 -6.415 -4.410
v 78.508 -0.994 1.686
v 74.114 1.874 0.568
v 75.322 7.813 2.678
v 72.180 -6.022 -8.639
v 73.516 -3.921 -1.719
v 72.633 -4.460 -2.866
v 74.013 -0.595 -0.363
v 78.065 8.883 2.972
v 72.836 -6.364 -6.742
v 75.373 -0.271 0.204
v 78.142 1.001 3.039
v 73.956 -5.812 -7.895
v 76.096 4.993 2.761
v 79.818 2.563 3.466
v 76.978 -0.729 1.001
v 82.126 2.865 4.585
v 74.011 -5.828 -6.910
v 76.298 -3.183 -0.746
v 74.661 3.321 1.834
v 74.992 5.567 2.256
v 77.772 5.453 3.021
v 79.437 4.619 3.376
v 81.646 5.163 4.472
v 81.265 7.220 4.382
v 72.401 -6.073 -6.309
v 79.056 6.676 3.284
v 75.857 -1.439 -0.051
v 75.385 -5.831 -3.638
v 74.453 -5.690 -3.376
v -74.784 -5.902 -4.917
v -83.752 5.707 5.571
v -80.245 0.729 3.598
v -78.571 8.733 3.194
v -77.364 -2.082 0.255
v -76.149 0.827 1.742
v -75.523 10.551 2.097
v -76.766 2.172 2.846
v -75.361 -4.905 -2.406
v -72.953 -6.415 -4.410
v -78.404 -0.994 1.686
v -74.010 1.874 0.568
v -75.218 7.813 2.678
v -72.076 -6.022 -8.639
v -73.412 -3.921 -1.719
v -72.529 -4.460 -2.866
v -73.909 -0.595 -0.363
v -77.961 8.883 2.972
v -72.732 -6.364 -6.742
v -75.269 -0.271 0.204
v -78.038 1.001 3.039
v -73.852 -5.812 -7.895
v -75.992 4.993 2.761
v -79.714 2.563 3.466
v -76.874 -0.729 1.001
v -82.022 2.865 4.585
v -73.907 -5.828 -6.910
v -76.194 -3.183 -0.746
v -74.557 3.321 1.834
v -74.888 5.567 2.256
v -77.668 5.453 3.021
v -79.333 4.619 3.376
v -81.542 5.163 4.472
v -81.161 7.220 4.382
v -72.297 -6.073 -6.309
v -78.952 6.676 3.284
v -75.753 -1.439 -0.051
v -75.281 -5.831 -3.638
v -74.349 -5.690 -3.376
v 74.906 12.098 -1.250
v 73.798 13.084 -7.169
v 74.755 12.967 -6.987
v 82.634 17.134 -12.396
v 82.358 16.289 -9.120
v 80.777 14.626 -6.937
v 82.513 16.953 -10.916
v 81.940 15.738 -8.080
v 75.127 12.522 -5.218
v 82.479 17.189 -24.187
v 83.394 17.671 -24.443
v 81.440 16.572 -23.898
v 86.295 19.851 -13.633
v 86.295 18.832 -8.438
v 86.904 17.762 -4.771
v 82.942 12.680 0.767
v 85.990 11.482 3.875
v 84.771 19.130 -20.327
v 83.247 18.410 -19.408
v 85.990 19.796 -16.371
v 84.771 19.143 -13.932
v 83.505 18.038 -12.084
v 85.685 10.574 4.547
v 82.637 8.443 4.837
v 83.856 5.707 5.571
v 82.332 17.690 -16.960
v 81.113 14.096 -4.130
v 81.418 11.612 1.686
v 80.503 12.086 0.468
v 80.808 9.953 3.266
v 79.284 12.993 -2.900
v 77.760 11.923 -0.142
v 78.675 8.733 3.194
v 77.151 12.422 -3.809
v 76.236 11.565 0.777
v 75.773 11.466 1.246
v 75.627 12.170 -3.799
v 74.064 12.909 -4.060
v 78.522 11.082 1.891
v 78.065 8.883 2.972
v 78.218 10.252 2.682
v 75.081 11.902 -0.613
v 81.265 7.220 4.382
v 86.874 12.110 3.469
v 86.932 13.294 2.146
v 87.213 16.429 -1.938
v 87.056 14.887 0.250
v 86.765 11.593 3.891
v 86.065 9.946 4.925
v 85.194 8.083 5.394
v 86.466 10.963 4.346
v 85.564 8.898 5.295
v 75.753 12.664 -5.708
v 80.902 13.401 -2.540
v 85.631 16.129 -2.991
v 81.776 13.583 -2.355
v 84.654 17.333 -7.074
v 84.271 17.525 -8.788
v 85.485 14.043 0.447
v 84.088 15.979 -4.459
v 81.626 17.055 -21.461
v 81.853 17.369 -19.837
v 84.585 14.788 -1.531
v 85.016 14.500 -0.546
v 84.368 15.295 -2.784
v 79.841 14.131 -6.194
v 78.254 13.687 -6.479
v 80.875 14.472 -6.119
v 83.621 16.389 -6.214
v 76.094 12.993 -6.814
v 80.808 14.928 -32.176
v 76.221 10.465 2.581
v -74.802 12.098 -1.250
v -73.694 13.084 -7.169
v -74.651 12.967 -6.987
v -82.530 17.134 -12.396
v -82.254 16.289 -9.120
v -80.673 14.626 -6.937
v -82.410 16.953 -10.916
v -81.836 15.738 -8.080
v -75.023 12.522 -5.218
v -82.375 17.189 -24.187
v -83.291 17.671 -24.443
v -81.336 16.572 -23.898
v -86.191 19.851 -13.633
v -86.191 18.832 -8.438
v -86.800 17.762 -4.771
v -82.838 12.680 0.767
v -85.886 11.482 3.875
v -84.667 19.130 -20.327
v -83.143 18.410 -19.408
v -85.886 19.796 -16.371
v -84.667 19.143 -13.932
v -83.401 18.038 -12.084
v -85.581 10.574 4.547
v -82.533 8.443 4.837
v -83.752 5.707 5.571
v -82.228 17.690 -16.960
v -81.009 14.096 -4.130
v -81.314 11.612 1.686
v -80.399 12.086 0.468
v -80.704 9.953 3.266
v -79.180 12.993 -2.900
v -77.656 11.923 -0.142
v -78.571 8.733 3.194
v -77.047 12.422 -3.809
v -76.132 11.565 0.777
v -75.669 11.466 1.246
v -75.523 12.170 -3.799
v -73.960 12.909 -4.060
v -78.418 11.082 1.891
v -77.961 8.883 2.972
v -78.114 10.252 2.682
v -74.977 11.902 -0.613
v -81.161 7.220 4.382
v -86.770 12.110 3.469
v -86.828 13.294 2.146
v -87.109 16.429 -1.938
v -86.952 14.887 0.250
v -86.661 11.593 3.891
v -85.961 9.946 4.925
v -85.090 8.083 5.394
v -86.362 10.963 4.346
v -85.460 8.898 5.295
v -75.649 12.664 -5.708
v -80.798 13.401 -2.540
v -85.527 16.129 -2.991
v -81.672 13.583 -2.355
v -84.550 17.333 -7.074
v -84.167 17.525 -8.788
v -85.381 14.043 0.447
v -83.984 15.979 -4.459
v -81.522 17.055 -21.461
v -81.749 17.369 -19.837
v -84.482 14.788 -1.531
v -84.912 14.500 -0.546
v -84.264 15.295 -2.784
v -79.737 14.131 -6.194
v -78.150 13.687 -6.479
v -80.771 14.472 -6.119
v -83.517 16.389 -6.214
v -75.990 12.993 -6.814
v -80.704 14.928 -32.176
v -76.117 10.465 2.581
v 37.121 -89.344 14.928
v 23.715 -94.258 13.849
v 30.162 -92.758 15.051
v 48.753 -80.236 12.416
v 47.991 -80.095 15.962
v 11.325 -95.850 15.540
v 15.204 -94.461 11.678
v 44.796 -82.961 17.612
v 37.615 -88.204 19.832
v 29.813 -92.821 19.796
v 22.917 -95.137 19.035
v 14.392 -96.042 18.404
v 44.567 -84.048 12.400
v 11.599 -95.195 12.908
v 35.497 -86.842 14.600
v 23.153 -91.335 14.228
v 29.015 -89.987 15.004
v 46.710 -78.081 11.989
v 45.947 -77.940 15.535
v 10.931 -92.947 16.189
v 14.873 -91.540 12.280
v 42.871 -80.696 17.205
v 35.973 -85.715 19.498
v 28.669 -90.049 19.750
v 22.365 -92.214 19.420
v 14.066 -93.120 19.001
v 42.635 -81.789 11.992
v 11.205 -92.292 13.556
v -37.017 -89.344 14.928
v -23.611 -94.258 13.849
v -30.058 -92.758 15.051
v -48.649 -80.236 12.416
v -47.887 -80.095 15.962
v -11.221 -95.850 15.540
v -15.100 -94.461 11.678
v -44.692 -82.961 17.612
v -37.511 -88.204 19.832
v -29.709 -92.821 19.796
v -22.813 -95.137 19.035
v -14.288 -96.042 18.404
v -44.463 -84.048 12.400
v -11.495 -95.195 12.908
v -35.393 -86.842 14.600
v -23.049 -91.335 14.228
v -28.911 -89.987 15.004
v -46.606 -78.081 11.989
v -45.843 -77.940 15.535
v -10.827 -92.947 16.189
v -14.769 -91.540 12.280
v -42.768 -80.696 17.205
v -35.869 -85.715 19.498
v -28.565 -90.049 19.750
v -22.261 -92.214 19.420
v -13.962 -93.120 19.001
v -42.531 -81.789 11.992
v -11.101 -92.292 13.556
v 73.798 13.084 -7.169
v 74.755 12.967 -6.987
v 82.634 17.134 -12.396
v 82.358 16.289 -9.120
v 80.777 14.626 -6.937
v 82.513 16.953 -10.916
v 81.940 15.738 -8.080
v 81.440 16.572 -23.898
v 80.808 14.928 -32.176
v 80.199 16.132 -20.347
v 82.332 17.690 -16.960
v 80.199 14.605 -13.271
v 81.418 15.754 -9.626
v 78.370 13.210 -37.042
v 79.894 15.608 -23.654
v 78.675 15.599 -20.596
v 78.979 15.561 -19.078
v 80.138 15.563 -16.029
v 78.979 15.139 -16.330
v 79.589 14.381 -13.881
v 79.284 14.080 -11.670
v 80.528 15.019 -9.015
v 76.846 13.693 -32.774
v 78.675 15.392 -23.343
v 76.846 16.000 -20.905
v 77.760 15.627 -19.078
v 78.065 13.810 -13.271
v 76.846 14.192 -14.192
v 78.979 14.235 -9.616
v 77.151 13.922 -9.915
v 78.675 14.163 -8.086
v 75.931 13.356 -8.386
v 75.931 15.621 -17.249
v 74.102 14.647 -12.362
v 76.236 14.114 -12.352
v 73.798 13.459 -8.996
v 81.626 17.055 -21.461
v 81.853 17.369 -19.837
v 75.262 13.662 -9.397
v 79.841 14.131 -6.194
v 78.254 13.687 -6.479
v 76.094 12.993 -6.814
v -73.694 13.084 -7.169
v -74.651 12.967 -6.987
v -82.530 17.134 -12.396
v -82.254 16.289 -9.120
v -80.673 14.626 -6.937
v -82.410 16.953 -10.916
v -81.836 15.738 -8.080
v -81.336 16.572 -23.898
v -80.704 14.928 -32.176
v -80.095 16.132 -20.347
v -82.228 17.690 -16.960
v -80.095 14.605 -13.271
v -81.314 15.754 -9.626
v -78.266 13.210 -37.042
v -79.790 15.608 -23.654
v -78.571 15.599 -20.596
v -78.875 15.561 -19.078
v -80.035 15.563 -16.029
v -78.875 15.139 -16.330
v -79.485 14.381 -13.881
v -79.180 14.080 -11.670
v -80.424 15.019 -9.015
v -76.742 13.693 -32.774
v -78.571 15.392 -23.343
v -76.742 16.000 -20.905
v -77.656 15.627 -19.078
v -77.961 13.810 -13.271
v -76.742 14.192 -14.192
v -78.875 14.235 -9.616
v -77.047 13.922 -9.915
v -78.571 14.163 -8.086
v -75.827 13.356 -8.386
v -75.827 15.621 -17.249
v -73.999 14.647 -12.362
v -76.132 14.114 -12.352
v -73.694 13.459 -8.996
v -81.522 17.055 -21.461
v -81.749 17.369 -19.837
v -75.158 13.662 -9.397
v -79.737 14.131 -6.194
v -78.150 13.687 -6.479
v -75.990 12.993 -6.814
v 53.727 -65.406 -9.352
v 15.204 -94.461 11.678
v 9.308 -92.459 7.419
v 44.567 -84.048 12.400
v 49.299 -79.130 7.895
v 53.685 -70.786 -1.333
v 54.575 -66.343 -5.931
v 56.591 -62.272 -12.694
v 60.115 -57.812 -12.874
v 63.295 -52.528 -13.204
v 63.056 -52.736 -6.291
v 62.664 -53.236 0.864
v 62.104 -52.534 9.372
v 63.777 -49.477 21.253
v 67.029 -43.822 30.933
v 57.498 -61.884 -7.810
v 60.431 -57.726 -6.819
v 58.535 -62.616 -2.591
v 60.991 -58.045 -0.934
v 60.125 -59.333 6.417
v 57.522 -66.841 2.262
v 59.449 -57.808 14.940
v 58.103 -62.157 12.450
v 56.809 -68.060 9.070
v 54.037 -73.797 7.208
v 60.987 -55.594 24.796
v 65.109 -48.376 36.046
v 66.116 -43.110 41.829
v 64.865 -42.693 47.012
v 52.766 -73.742 14.693
v 54.571 -68.450 17.233
v 57.115 -62.436 20.605
v 62.844 -51.752 40.418
v 59.971 -58.641 33.609
v 56.314 -64.420 28.679
v 52.348 -70.357 25.072
v 50.758 -74.008 21.289
v 47.243 -77.585 23.896
v 44.796 -82.961 17.612
v 37.615 -88.204 19.832
v 29.813 -92.821 19.796
v 22.917 -95.137 19.035
v 14.392 -96.042 18.404
v 42.396 -81.688 25.864
v 36.002 -86.521 27.719
v 29.263 -90.677 27.920
v 22.045 -93.602 27.434
v 14.187 -95.165 26.270
v 62.700 -42.268 53.521
v 60.411 -52.390 47.493
v 57.614 -61.468 41.819
v 54.538 -67.150 37.223
v 43.238 -79.554 34.219
v 49.316 -74.027 32.197
v 36.852 -84.215 36.085
v 30.328 -87.981 37.178
v 22.894 -90.636 37.519
v 15.529 -92.025 37.640
v 8.437 -95.935 19.595
v 0.052 -95.513 17.776
v 4.043 -95.476 18.502
v 4.246 -93.086 7.548
v 56.337 -54.792 55.009
v 50.955 -55.828 62.616
v 44.961 -56.756 69.103
v 38.158 -58.051 74.816
v 30.446 -59.417 79.627
v 21.224 -60.938 83.212
v 11.294 -62.384 85.603
v 0.052 -64.475 85.098
v 59.224 -43.120 60.084
v 54.489 -43.770 67.930
v 47.882 -43.930 75.098
v 40.230 -44.199 81.861
v 31.859 -44.293 88.248
v 21.782 -44.215 93.554
v 11.521 -44.081 96.719
v 0.052 -44.603 97.247
v 53.906 -63.664 49.319
v 48.956 -65.509 56.033
v 43.029 -67.475 61.664
v 36.455 -69.425 66.200
v 28.695 -71.464 69.644
v 19.897 -73.141 72.019
v 10.471 -74.794 72.889
v 0.052 -76.828 71.496
v 0.052 -85.940 59.420
v 9.664 -84.211 61.118
v 18.579 -82.874 61.113
v 27.070 -81.457 59.780
v 34.913 -78.795 57.323
v 41.307 -75.477 53.617
v 46.843 -72.434 49.319
v 52.089 -68.655 43.820
v 48.855 -73.407 39.435
v 44.785 -76.887 42.061
v 39.255 -80.935 44.919
v 32.383 -84.896 47.253
v 24.447 -87.485 48.452
v 16.947 -88.739 49.369
v 8.812 -89.904 49.459
v 8.015 -92.872 37.249
v 7.426 -95.191 26.062
v 0.052 -90.609 49.137
v 0.052 -93.550 35.776
v 0.052 -95.150 25.391
v 3.517 -95.732 21.724
v 0.052 -95.672 21.325
v 11.599 -95.195 12.908
v 8.012 -95.664 15.414
v 0.052 -95.233 14.480
v 4.141 -95.343 14.923
v 8.277 -94.591 11.716
v 0.052 -94.504 11.160
v 4.200 -94.484 11.323
v 69.405 -36.069 39.287
v 68.468 -34.526 46.435
v 66.370 -32.896 54.167
v 63.372 -31.865 61.196
v 57.551 -30.508 71.237
v 50.764 -29.368 79.833
v 42.363 -28.066 87.278
v 32.293 -27.277 94.316
v 21.851 -26.493 99.635
v 11.601 -25.967 102.077
v 0.052 -25.482 102.826
v 53.389 -65.684 -12.840
v 48.753 -80.236 12.416
v 47.991 -80.095 15.962
v 0.052 -93.438 7.782
v 11.325 -95.850 15.540
v 59.578 -60.676 -1.887
v 58.058 -62.279 -4.992
v 60.593 -58.638 2.450
v 61.196 -55.653 8.016
v 61.347 -54.037 10.960
v 67.346 -37.071 46.615
v 68.076 -38.916 40.315
v 65.707 -34.588 54.049
v 51.539 -63.397 -8.927
v 15.160 -91.784 13.031
v 9.186 -89.739 8.679
v 42.437 -81.951 12.656
v 47.166 -77.051 8.263
v 51.268 -69.154 -0.628
v 52.253 -64.684 -5.010
v 54.332 -60.304 -12.525
v 57.601 -56.179 -12.763
v 60.683 -51.053 -13.175
v 60.367 -51.408 -6.220
v 59.863 -52.165 0.772
v 59.328 -51.416 9.166
v 61.086 -48.153 21.361
v 64.276 -42.631 30.871
v 55.167 -60.041 -7.404
v 57.828 -56.249 -6.606
v 55.924 -61.271 -1.982
v 58.275 -56.772 -0.870
v 57.304 -58.334 6.207
v 54.865 -65.489 2.594
v 56.717 -56.575 14.822
v 55.337 -61.047 12.107
v 54.093 -66.808 8.821
v 51.589 -72.069 7.367
v 58.314 -54.235 24.879
v 62.370 -47.168 35.844
v 63.374 -42.026 41.281
v 62.205 -41.569 46.200
v 50.238 -72.229 14.125
v 51.918 -67.120 16.791
v 54.446 -61.071 20.491
v 60.169 -50.485 39.929
v 57.341 -57.201 33.504
v 53.759 -62.846 28.669
v 49.837 -68.732 24.840
v 48.287 -72.395 20.746
v 45.013 -75.661 23.329
v 42.781 -80.915 16.744
v 35.903 -85.886 18.996
v 28.592 -90.185 19.050
v 22.242 -92.273 18.455
v 14.261 -93.057 18.134
v 40.434 -79.508 25.229
v 34.315 -84.127 27.068
v 28.008 -88.041 27.228
v 21.335 -90.764 26.770
v 13.935 -92.229 25.712
v 60.123 -41.151 52.467
v 57.821 -51.148 46.625
v 55.069 -59.977 41.271
v 52.113 -65.403 36.962
v 41.287 -77.308 33.836
v 47.068 -72.058 31.927
v 35.150 -81.789 35.624
v 29.040 -85.339 36.582
v 22.119 -87.828 36.805
v 15.131 -89.142 36.909
v 8.527 -92.938 19.516
v 0.045 -92.519 17.957
v 4.126 -92.479 18.597
v 4.090 -90.292 8.633
v 53.913 -53.493 53.810
v 48.790 -54.444 61.067
v 43.045 -55.316 67.299
v 36.490 -56.538 72.834
v 29.124 -57.785 77.484
v 20.301 -59.184 80.960
v 10.822 -60.549 83.277
v -0.162 -62.554 82.803
v 56.767 -42.006 58.774
v 52.252 -42.626 66.290
v 45.918 -42.769 73.151
v 38.492 -43.043 79.707
v 30.418 -43.120 85.891
v 20.778 -43.012 90.997
v 11.058 -42.876 94.010
v -0.121 -43.386 94.511
v 51.543 -62.107 48.324
v 46.836 -63.873 54.682
v 41.148 -65.773 60.063
v 34.887 -67.616 64.394
v 27.552 -69.498 67.688
v 19.150 -71.029 70.022
v 10.085 -72.566 70.919
v -0.142 -74.538 69.569
v -0.144 -83.360 57.901
v 9.355 -81.688 59.523
v 18.004 -80.412 59.497
v 26.101 -79.092 58.208
v 33.430 -76.608 55.902
v 39.464 -73.438 52.413
v 44.785 -70.481 48.344
v 49.815 -66.815 43.156
v 46.696 -71.369 39.001
v 42.794 -74.713 41.507
v 37.487 -78.610 44.235
v 31.034 -82.350 46.417
v 23.627 -84.761 47.495
v 16.461 -85.958 48.357
v 8.524 -87.088 48.465
v 7.833 -89.951 36.590
v 7.393 -92.227 25.604
v -0.143 -87.775 48.172
v -0.049 -90.611 35.182
v 0.066 -92.186 24.922
v 3.561 -92.737 21.562
v 0.074 -92.674 21.234
v 11.655 -92.412 14.027
v 8.173 -92.703 15.872
v 0.043 -92.267 14.923
v 4.216 -92.378 15.372
v 8.269 -91.783 12.768
v -0.017 -91.621 11.989
v 4.133 -91.624 12.230
v 66.669 -34.936 38.810
v 65.790 -33.428 45.648
v 63.796 -31.813 53.069
v 60.895 -30.845 59.847
v 55.285 -29.517 69.540
v 48.797 -28.362 77.803
v 40.627 -27.099 85.032
v 30.846 -26.354 91.856
v 20.869 -25.590 96.949
v 11.169 -25.097 99.239
v -0.109 -24.638 99.952
v 51.258 -63.577 -12.689
v 46.453 -78.312 12.329
v 45.680 -78.312 15.272
v -0.066 -90.604 8.757
v 11.466 -92.881 15.949
v 56.889 -59.380 -1.590
v 55.628 -60.663 -4.300
v 57.791 -57.567 2.373
v 58.385 -54.654 7.705
v 58.600 -52.847 10.780
v 64.669 -35.973 45.818
v 65.326 -37.815 39.839
v 63.127 -33.507 52.966
v -53.623 -65.406 -9.352
v -15.100 -94.461 11.678
v -9.204 -92.459 7.419
v -44.463 -84.048 12.400
v -49.195 -79.130 7.895
v -53.581 -70.786 -1.333
v -54.471 -66.343 -5.931
v -56.487 -62.272 -12.694
v -60.011 -57.812 -12.874
v -63.191 -52.528 -13.204
v -62.952 -52.736 -6.291
v -62.560 -53.236 0.864
v -62.000 -52.534 9.372
v -63.673 -49.477 21.253
v -66.925 -43.822 30.933
v -57.394 -61.884 -7.810
v -60.327 -57.726 -6.819
v -58.431 -62.616 -2.591
v -60.887 -58.045 -0.934
v -60.021 -59.333 6.417
v -57.418 -66.841 2.262
v -59.345 -57.808 14.940
v -57.999 -62.157 12.450
v -56.705 -68.060 9.070
v -53.933 -73.797 7.208
v -60.883 -55.594 24.796
v -65.005 -48.376 36.046
v -66.012 -43.110 41.829
v -64.761 -42.693 47.012
v -52.662 -73.742 14.693
v -54.467 -68.450 17.233
v -57.011 -62.436 20.605
v -62.740 -51.752 40.418
v -59.867 -58.641 33.609
v -56.210 -64.420 28.679
v -52.245 -70.357 25.072
v -50.654 -74.008 21.289
v -47.139 -77.585 23.896
v -44.692 -82.961 17.612
v -37.511 -88.204 19.832
v -29.709 -92.821 19.796
v -22.813 -95.137 19.035
v -14.288 -96.042 18.404
v -42.292 -81.688 25.864
v -35.898 -86.521 27.719
v -29.159 -90.677 27.920
v -21.941 -93.602 27.434
v -14.083 -95.165 26.270
v -62.596 -42.268 53.521
v -60.307 -52.390 47.493
v -57.510 -61.468 41.819
v -54.434 -67.150 37.223
v -43.134 -79.554 34.219
v -49.212 -74.027 32.197
v -36.748 -84.215 36.085
v -30.224 -87.981 37.178
v -22.790 -90.636 37.519
v -15.425 -92.025 37.640
v -8.333 -95.935 19.595
v 0.052 -95.513 17.776
v -3.940 -95.476 18.502
v -4.142 -93.086 7.548
v -56.233 -54.792 55.009
v -50.851 -55.828 62.616
v -44.857 -56.756 69.103
v -38.054 -58.051 74.816
v -30.342 -59.417 79.627
v -21.120 -60.938 83.212
v -11.190 -62.384 85.603
v 0.052 -64.475 85.098
v -59.121 -43.120 60.084
v -54.385 -43.770 67.930
v -47.778 -43.930 75.098
v -40.126 -44.199 81.861
v -31.755 -44.293 88.248
v -21.678 -44.215 93.554
v -11.417 -44.081 96.719
v 0.052 -44.603 97.247
v -53.802 -63.664 49.319
v -48.852 -65.509 56.033
v -42.925 -67.475 61.664
v -36.351 -69.425 66.200
v -28.591 -71.464 69.644
v -19.793 -73.141 72.019
v -10.367 -74.794 72.889
v 0.052 -76.828 71.496
v 0.052 -85.940 59.420
v -9.560 -84.211 61.118
v -18.475 -82.874 61.113
v -26.966 -81.457 59.780
v -34.809 -78.795 57.323
v -41.203 -75.477 53.617
v -46.739 -72.434 49.319
v -51.985 -68.655 43.820
v -48.751 -73.407 39.435
v -44.681 -76.887 42.061
v -39.151 -80.935 44.919
v -32.279 -84.896 47.253
v -24.343 -87.485 48.452
v -16.843 -88.739 49.369
v -8.708 -89.904 49.459
v -7.911 -92.872 37.249
v -7.322 -95.191 26.062
v 0.052 -90.609 49.137
v 0.052 -93.550 35.776
v 0.052 -95.150 25.391
v -3.413 -95.732 21.724
v 0.052 -95.672 21.325
v -11.495 -95.195 12.908
v -7.908 -95.664 15.414
v 0.052 -95.233 14.480
v -4.037 -95.343 14.923
v -8.173 -94.591 11.716
v 0.052 -94.504 11.160
v -4.096 -94.484 11.323
v -69.301 -36.069 39.287
v -68.364 -34.526 46.435
v -66.266 -32.896 54.167
v -63.268 -31.865 61.196
v -57.447 -30.508 71.237
v -50.660 -29.368 79.833
v -42.259 -28.066 87.278
v -32.189 -27.277 94.316
v -21.747 -26.493 99.635
v -11.497 -25.967 102.077
v 0.052 -25.482 102.826
v -53.285 -65.684 -12.840
v -48.649 -80.236 12.416
v -47.887 -80.095 15.962
v 0.052 -93.438 7.782
v -11.221 -95.850 15.540
v -59.474 -60.676 -1.887
v -57.954 -62.279 -4.992
v -60.489 -58.638 2.450
v -61.092 -55.653 8.016
v -61.244 -54.037 10.960
v -67.242 -37.071 46.615
v -67.972 -38.916 40.315
v -65.603 -34.588 54.049
v -51.435 -63.397 -8.927
v -15.056 -91.784 13.031
v -9.082 -89.739 8.679
v -42.333 -81.951 12.656
v -47.063 -77.051 8.263
v -51.165 -69.154 -0.628
v -52.149 -64.684 -5.010
v -54.228 -60.304 -12.525
v -57.497 -56.179 -12.763
v -60.579 -51.053 -13.175
v -60.263 -51.408 -6.220
v -59.759 -52.165 0.772
v -59.224 -51.416 9.166
v -60.982 -48.153 21.361
v -64.172 -42.631 30.871
v -55.063 -60.041 -7.404
v -57.724 -56.249 -6.606
v -55.820 -61.271 -1.982
v -58.171 -56.772 -0.870
v -57.200 -58.334 6.207
v -54.761 -65.489 2.594
v -56.613 -56.575 14.822
v -55.233 -61.047 12.107
v -53.990 -66.808 8.821
v -51.486 -72.069 7.367
v -58.210 -54.235 24.879
v -62.266 -47.168 35.844
v -63.270 -42.026 41.281
v -62.101 -41.569 46.200
v -50.134 -72.229 14.125
v -51.814 -67.120 16.791
v -54.342 -61.071 20.491
v -60.065 -50.485 39.929
v -57.237 -57.201 33.504
v -53.655 -62.846 28.669
v -49.733 -68.732 24.840
v -48.183 -72.395 20.746
v -44.909 -75.661 23.329
v -42.677 -80.915 16.744
v -35.799 -85.886 18.996
v -28.488 -90.185 19.050
v -22.138 -92.273 18.455
v -14.157 -93.057 18.134
v -40.330 -79.508 25.229
v -34.211 -84.127 27.068
v -27.904 -88.041 27.228
v -21.231 -90.764 26.770
v -13.831 -92.229 25.712
v -60.019 -41.151 52.467
v -57.717 -51.148 46.625
v -54.965 -59.977 41.271
v -52.009 -65.403 36.962
v -41.183 -77.308 33.836
v -46.964 -72.058 31.927
v -35.046 -81.789 35.624
v -28.936 -85.339 36.582
v -22.015 -87.828 36.805
v -15.027 -89.142 36.909
v -8.423 -92.938 19.516
v 0.059 -92.519 17.957
v -4.023 -92.479 18.597
v -3.986 -90.292 8.633
v -53.809 -53.493 53.810
v -48.686 -54.444 61.067
v -42.942 -55.316 67.299
v -36.386 -56.538 72.834
v -29.020 -57.785 77.484
v -20.197 -59.184 80.960
v -10.718 -60.549 83.277
v 0.266 -62.554 82.803
v -56.663 -42.006 58.774
v -52.148 -42.626 66.290
v -45.814 -42.769 73.151
v -38.388 -43.043 79.707
v -30.314 -43.120 85.891
v -20.674 -43.012 90.997
v -10.954 -42.876 94.010
v 0.225 -43.386 94.511
v -51.439 -62.107 48.324
v -46.732 -63.873 54.682
v -41.044 -65.773 60.063
v -34.783 -67.616 64.394
v -27.448 -69.498 67.688
v -19.046 -71.029 70.022
v -9.981 -72.566 70.919
v 0.246 -74.538 69.569
v 0.248 -83.360 57.901
v -9.251 -81.688 59.523
v -17.900 -80.412 59.497
v -25.997 -79.092 58.208
v -33.326 -76.608 55.902
v -39.360 -73.438 52.413
v -44.681 -70.481 48.344
v -49.711 -66.815 43.156
v -46.592 -71.369 39.001
v -42.690 -74.713 41.507
v -37.383 -78.610 44.235
v -30.930 -82.350 46.417
v -23.523 -84.761 47.495
v -16.357 -85.958 48.357
v -8.420 -87.088 48.465
v -7.729 -89.951 36.590
v -7.289 -92.227 25.604
v 0.247 -87.775 48.172
v 0.153 -90.611 35.182
v 0.038 -92.186 24.922
v -3.457 -92.737 21.562
v 0.030 -92.674 21.234
v -11.551 -92.412 14.027
v -8.069 -92.703 15.872
v 0.061 -92.267 14.923
v -4.112 -92.378 15.372
v -8.165 -91.783 12.768
v 0.121 -91.621 11.989
v -4.029 -91.624 12.230
v -66.565 -34.936 38.810
v -65.686 -33.428 45.648
v -63.692 -31.813 53.069
v -60.791 -30.845 59.847
v -55.181 -29.517 69.540
v -48.693 -28.362 77.803
v -40.523 -27.099 85.032
v -30.742 -26.354 91.856
v -20.765 -25.590 96.949
v -11.065 -25.097 99.239
v 0.213 -24.638 99.952
v -51.154 -63.577 -12.689
v -46.349 -78.312 12.329
v -45.576 -78.312 15.272
v 0.170 -90.604 8.757
v -11.362 -92.881 15.949
v -56.785 -59.380 -1.590
v -55.524 -60.663 -4.300
v -57.687 -57.567 2.373
v -58.281 -54.654 7.705
v -58.496 -52.847 10.780
v -64.565 -35.973 45.818
v -65.222 -37.815 39.839
v -63.023 -33.507 52.966
v 89.412 19.292 -8.005
v 89.042 14.018 1.783
v 88.097 13.692 2.097
v 87.728 3.710 2.756
v 86.341 3.146 4.302
v 86.995 3.020 3.690
v 86.038 3.395 4.619
v 87.580 3.472 2.965
v 87.339 3.209 3.348
v 89.301 8.408 4.488
v 89.850 8.508 3.773
v 90.259 8.590 3.083
v 90.978 15.762 -13.005
v 81.060 1.600 -0.743
v 85.564 8.898 5.295
v 86.466 10.963 4.346
v 85.194 8.083 5.394
v 86.065 9.946 4.925
v 86.765 11.593 3.891
v 83.039 -0.339 2.859
v 83.753 3.829 5.087
v 75.842 -5.635 -5.180
v 75.385 -5.831 -3.638
v 77.677 -4.082 -7.108
v 77.539 -4.572 -7.010
v 77.727 -1.434 -4.884
v 78.773 -0.768 -3.268
v 87.056 14.887 0.250
v 87.213 16.429 -1.938
v 86.932 13.294 2.146
v 86.874 12.110 3.469
v 82.068 16.264 -28.409
v 81.897 15.594 -31.201
v 81.986 15.991 -29.660
v 82.744 13.397 -36.994
v 83.810 9.688 -34.014
v 83.406 8.772 -36.402
v 89.105 13.447 -2.090
v 78.227 -1.116 -4.112
v 72.200 1.535 -16.660
v 74.909 -1.005 -11.217
v 71.739 -6.760 -9.791
v 76.298 -3.183 -0.746
v 84.695 2.880 4.748
v 74.011 -5.828 -6.910
v 77.653 -4.112 -1.325
v 79.457 -3.258 -0.307
v 82.126 2.865 4.585
v 79.886 -1.964 1.034
v 78.827 -4.762 -2.581
v 73.956 -5.812 -7.895
v 78.176 -4.497 -1.781
v 72.524 1.762 -14.781
v 72.274 1.868 -15.584
v 72.180 -6.022 -8.639
v 71.876 2.391 -12.879
v 73.186 0.335 -14.666
v 72.883 0.025 -15.203
v 78.508 -0.994 1.686
v 75.465 -4.905 -2.406
v 72.904 -6.582 -10.509
v 74.712 -3.604 -12.146
v 75.910 -4.798 -9.439
v 74.102 -1.180 -13.716
v 73.581 0.349 -13.137
v 77.468 -2.082 0.255
v 76.846 -5.470 -6.681
v 77.151 -2.370 -6.713
v 76.236 -2.358 -9.295
v 75.677 -2.984 -10.978
v 77.151 -5.497 -3.943
v 80.503 -4.028 -1.217
v 79.894 -4.439 -3.685
v 79.284 -4.895 -3.335
v 80.808 -4.177 -2.435
v 81.573 -3.208 -2.435
v 78.363 -4.458 -5.782
v 77.760 -3.556 -7.053
v 78.370 13.210 -37.042
v 78.979 12.915 -38.270
v 79.589 11.675 -40.481
v 82.069 -1.644 1.811
v 81.113 -3.954 -1.516
v 83.247 -1.251 1.811
v 81.835 -3.200 -1.526
v 82.027 -1.676 -1.598
v 82.942 0.165 -0.267
v 82.332 2.917 0.664
v 79.538 13.537 -37.042
v 80.503 13.287 -37.951
v 80.199 9.829 -42.351
v 83.640 9.261 -37.920
v 82.332 13.011 -37.951
v 81.113 11.370 -40.573
v 83.649 10.172 -38.229
v 81.723 9.839 -41.307
v 80.349 0.729 3.598
v 83.856 5.707 5.571
v 84.009 0.966 3.906
v 84.161 -0.006 3.018
v 84.161 -0.645 1.500
v 84.797 0.193 2.709
v 85.685 1.593 3.608
v 84.466 1.395 0.859
v 83.552 2.919 0.880
v 84.125 -0.434 0.890
v 85.990 2.014 1.820
v 84.771 5.367 1.811
v 85.990 7.197 1.966
v 85.990 19.796 -16.371
v 86.295 19.804 -17.589
v 85.380 13.667 -23.136
v 85.685 14.437 -21.505
v 84.771 19.130 -20.327
v 80.808 14.928 -32.176
v 85.076 18.781 -23.064
v 85.387 12.740 -24.531
v 83.856 16.792 -29.449
v 85.380 18.220 -25.192
v 85.021 11.498 -26.958
v 84.466 10.617 -31.225
v 85.990 12.810 -26.979
v 84.771 16.496 -30.059
v 85.076 15.581 -31.577
v 82.332 14.071 -36.132
v 85.059 10.514 -34.273
v 85.888 12.053 -32.765
v 84.538 10.394 -36.021
v 85.068 12.337 -34.892
v 83.247 12.308 -38.002
v 85.859 14.500 -31.865
v 85.380 4.793 5.591
v 86.904 7.842 5.767
v 86.600 9.059 5.456
v 88.428 8.447 5.219
v 88.124 11.788 3.917
v 88.428 9.967 4.817
v 86.288 3.537 1.768
v 85.076 0.292 2.100
v 85.973 1.415 3.008
v 85.685 5.060 1.665
v 87.002 2.933 2.378
v 87.819 4.761 2.264
v 86.904 6.891 1.811
v 88.428 8.110 1.768
v 89.038 7.807 1.966
v 88.124 12.997 2.895
v 88.032 15.410 0.126
v 87.819 16.961 -2.321
v 86.904 17.762 -4.771
v 88.428 18.053 -4.161
v 86.295 18.832 -8.438
v 87.514 18.797 -6.608
v 87.819 19.586 -9.356
v 86.295 15.241 -19.078
v 88.733 16.107 -13.592
v 87.819 15.943 -15.421
v 86.295 19.851 -13.633
v 87.878 20.052 -13.324
v 87.209 20.033 -15.461
v 87.514 15.143 -19.377
v 87.514 14.497 -22.724
v 88.124 14.970 -20.596
v 86.295 13.506 -24.851
v 86.763 14.278 -23.023
v 87.514 14.215 -23.942
v 88.393 15.500 -22.735
v 88.124 14.861 -23.034
v 88.578 16.115 -22.135
v 86.600 18.432 -23.674
v 86.012 15.736 -30.048
v 87.514 17.932 -23.384
v 87.209 13.802 -25.761
v 86.883 13.315 -28.198
v 88.264 17.332 -22.444
v 87.007 16.064 -27.621
v 87.819 14.498 -25.471
v 87.793 15.164 -26.080
v 86.854 13.605 -29.727
v 86.600 13.901 -30.658
v 89.343 9.355 4.526
v 89.648 8.113 2.162
v 90.257 8.446 2.637
v 88.733 9.021 1.490
v 89.682 8.719 1.717
v 89.648 11.480 3.597
v 89.038 12.089 3.567
v 89.343 13.604 2.275
v 90.669 10.559 2.916
v 87.209 9.029 1.717
v 88.124 11.145 0.375
v 90.257 12.992 2.326
v 90.257 14.502 0.808
v 91.460 13.886 0.147
v 89.648 9.930 0.829
v 91.172 12.867 -2.591
v 89.343 13.948 -2.601
v 88.733 17.128 -2.321
v 89.952 13.782 -2.601
v 88.733 18.924 -6.310
v 89.648 14.537 -3.831
v 91.476 15.142 -9.925
v 89.952 16.309 -9.326
v 89.952 19.586 -9.356
v 89.343 16.448 -11.773
v 90.867 15.669 -10.545
v 91.476 15.354 -11.155
v 91.172 15.510 -11.763
v 88.733 19.865 -10.587
v 89.648 19.906 -13.324
v 90.257 19.756 -11.495
v 90.257 15.823 -12.982
v 89.038 15.517 -16.639
v 90.562 15.772 -13.283
v 91.172 16.031 -13.592
v 87.209 19.619 -18.510
v 90.257 19.740 -13.324
v 89.952 19.647 -14.542
v 90.867 19.384 -13.623
v 91.172 16.491 -14.593
v 90.257 15.807 -15.121
v 86.904 18.976 -21.546
v 91.322 17.098 -14.822
v 89.010 18.585 -18.798
v 90.562 19.233 -14.781
v 89.159 17.970 -19.408
v 89.648 17.080 -18.788
v 89.769 16.153 -18.168
v 88.707 15.514 -21.206
v 90.555 9.340 2.926
v 90.562 9.629 1.253
v 91.393 12.373 1.377
v 91.988 11.747 -0.442
v 91.731 12.063 0.767
v 92.027 12.969 -0.152
v 91.781 12.739 -2.591
v 92.236 12.658 -0.762
v 92.199 12.946 -2.591
v 91.172 15.095 -0.906
v 90.257 16.611 -1.920
v 92.312 13.256 -1.981
v 92.086 14.250 -1.691
v 91.476 13.356 -3.819
v 92.727 13.550 -3.211
v 92.391 13.221 -3.510
v 90.257 18.253 -4.771
v 91.476 17.107 -3.541
v 92.212 16.293 -3.232
v 92.950 14.461 -3.520
v 91.476 15.104 -8.407
v 92.086 14.342 -6.868
v 92.696 14.180 -6.868
v 93.000 16.878 -5.813
v 93.184 14.136 -5.648
v 93.336 15.031 -7.797
v 93.422 15.640 -7.797
v 92.086 17.965 -5.990
v 92.391 14.563 -8.096
v 93.000 14.573 -8.096
v 93.000 17.476 -8.117
v 91.731 18.637 -13.314
v 91.665 16.802 -13.901
v 91.172 19.350 -12.715
v 92.086 18.707 -9.657
v 92.179 16.811 -12.993
v 91.741 18.021 -13.922
v 92.722 18.050 -10.864
v 93.265 16.535 -9.946
v 92.779 16.822 -11.773
v 92.674 17.737 -11.785
v 73.669 -5.010 -11.914
v 73.816 -2.724 -13.409
v 73.461 -0.975 -14.454
v 73.931 -4.043 -12.622
v 78.463 -0.966 -3.747
v 75.748 -1.840 -8.535
v 73.729 0.306 -11.605
v 73.127 0.969 -12.187
v 74.414 -0.410 -10.828
v 76.510 -1.959 -6.842
v 75.291 -1.318 -9.725
v 74.888 -5.902 -4.917
v 73.915 -5.982 -10.149
v 74.137 -6.234 -9.311
v 83.110 8.043 -37.971
v 83.183 8.456 -38.550
v 82.831 9.118 -39.780
v 83.394 17.671 -24.443
v 78.998 9.485 -42.557
v -89.308 19.292 -8.005
v -88.938 14.018 1.783
v -87.993 13.692 2.097
v -87.624 3.710 2.756
v -86.237 3.146 4.302
v -86.891 3.020 3.690
v -85.934 3.395 4.619
v -87.476 3.472 2.965
v -87.235 3.209 3.348
v -89.197 8.408 4.488
v -89.746 8.508 3.773
v -90.155 8.590 3.083
v -90.874 15.762 -13.005
v -80.956 1.600 -0.743
v -85.460 8.898 5.295
v -86.362 10.963 4.346
v -85.090 8.083 5.394
v -85.961 9.946 4.925
v -86.661 11.593 3.891
v -82.935 -0.339 2.859
v -83.649 3.829 5.087
v -75.738 -5.635 -5.180
v -75.281 -5.831 -3.638
v -77.573 -4.082 -7.108
v -77.435 -4.572 -7.010
v -77.624 -1.434 -4.884
v -78.669 -0.768 -3.268
v -86.952 14.887 0.250
v -87.109 16.429 -1.938
v -86.828 13.294 2.146
v -86.770 12.110 3.469
v -81.964 16.264 -28.409
v -81.793 15.594 -31.201
v -81.882 15.991 -29.660
v -82.640 13.397 -36.994
v -83.706 9.688 -34.014
v -83.302 8.772 -36.402
v -89.001 13.447 -2.090
v -78.123 -1.116 -4.112
v -72.096 1.535 -16.660
v -74.805 -1.005 -11.217
v -71.635 -6.760 -9.791
v -76.194 -3.183 -0.746
v -84.591 2.880 4.748
v -73.907 -5.828 -6.910
v -77.549 -4.112 -1.325
v -79.353 -3.258 -0.307
v -82.022 2.865 4.585
v -79.782 -1.964 1.034
v -78.723 -4.762 -2.581
v -73.852 -5.812 -7.895
v -78.072 -4.497 -1.781
v -72.420 1.762 -14.781
v -72.170 1.868 -15.584
v -72.076 -6.022 -8.639
v -71.772 2.391 -12.879
v -73.082 0.335 -14.666
v -72.779 0.025 -15.203
v -78.404 -0.994 1.686
v -75.361 -4.905 -2.406
v -72.800 -6.582 -10.509
v -74.608 -3.604 -12.146
v -75.806 -4.798 -9.439
v -73.999 -1.180 -13.716
v -73.477 0.349 -13.137
v -77.364 -2.082 0.255
v -76.742 -5.470 -6.681
v -77.047 -2.370 -6.713
v -76.132 -2.358 -9.295
v -75.573 -2.984 -10.978
v -77.047 -5.497 -3.943
v -80.399 -4.028 -1.217
v -79.790 -4.439 -3.685
v -79.180 -4.895 -3.335
v -80.704 -4.177 -2.435
v -81.469 -3.208 -2.435
v -78.259 -4.458 -5.782
v -77.656 -3.556 -7.053
v -78.266 13.210 -37.042
v -78.875 12.915 -38.270
v -79.485 11.675 -40.481
v -81.965 -1.644 1.811
v -81.009 -3.954 -1.516
v -83.143 -1.251 1.811
v -81.731 -3.200 -1.526
v -81.923 -1.676 -1.598
v -82.838 0.165 -0.267
v -82.228 2.917 0.664
v -79.434 13.537 -37.042
v -80.399 13.287 -37.951
v -80.095 9.829 -42.351
v -83.536 9.261 -37.920
v -82.228 13.011 -37.951
v -81.009 11.370 -40.573
v -83.545 10.172 -38.229
v -81.619 9.839 -41.307
v -80.245 0.729 3.598
v -83.752 5.707 5.571
v -83.905 0.966 3.906
v -84.057 -0.006 3.018
v -84.057 -0.645 1.500
v -84.693 0.193 2.709
v -85.581 1.593 3.608
v -84.362 1.395 0.859
v -83.448 2.919 0.880
v -84.021 -0.434 0.890
v -85.886 2.014 1.820
v -84.667 5.367 1.811
v -85.886 7.197 1.966
v -85.886 19.796 -16.371
v -86.191 19.804 -17.589
v -85.276 13.667 -23.136
v -85.581 14.437 -21.505
v -84.667 19.130 -20.327
v -80.704 14.928 -32.176
v -84.972 18.781 -23.064
v -85.284 12.740 -24.531
v -83.752 16.792 -29.449
v -85.276 18.220 -25.192
v -84.917 11.498 -26.958
v -84.362 10.617 -31.225
v -85.886 12.810 -26.979
v -84.667 16.496 -30.059
v -84.972 15.581 -31.577
v -82.228 14.071 -36.132
v -84.955 10.514 -34.273
v -85.784 12.053 -32.765
v -84.434 10.394 -36.021
v -84.964 12.337 -34.892
v -83.143 12.308 -38.002
v -85.755 14.500 -31.865
v -85.276 4.793 5.591
v -86.800 7.842 5.767
v -86.496 9.059 5.456
v -88.324 8.447 5.219
v -88.020 11.788 3.917
v -88.324 9.967 4.817
v -86.184 3.537 1.768
v -84.972 0.292 2.100
v -85.869 1.415 3.008
v -85.581 5.060 1.665
v -86.898 2.933 2.378
v -87.715 4.761 2.264
v -86.800 6.891 1.811
v -88.324 8.110 1.768
v -88.934 7.807 1.966
v -88.020 12.997 2.895
v -87.928 15.410 0.126
v -87.715 16.961 -2.321
v -86.800 17.762 -4.771
v -88.324 18.053 -4.161
v -86.191 18.832 -8.438
v -87.410 18.797 -6.608
v -87.715 19.586 -9.356
v -86.191 15.241 -19.078
v -88.629 16.107 -13.592
v -87.715 15.943 -15.421
v -86.191 19.851 -13.633
v -87.774 20.052 -13.324
v -87.105 20.033 -15.461
v -87.410 15.143 -19.377
v -87.410 14.497 -22.724
v -88.020 14.970 -20.596
v -86.191 13.506 -24.851
v -86.659 14.278 -23.023
v -87.410 14.215 -23.942
v -88.289 15.500 -22.735
v -88.020 14.861 -23.034
v -88.474 16.115 -22.135
v -86.496 18.432 -23.674
v -85.908 15.736 -30.048
v -87.410 17.932 -23.384
v -87.105 13.802 -25.761
v -86.779 13.315 -28.198
v -88.160 17.332 -22.444
v -86.903 16.064 -27.621
v -87.715 14.498 -25.471
v -87.689 15.164 -26.080
v -86.750 13.605 -29.727
v -86.496 13.901 -30.658
v -89.239 9.355 4.526
v -89.544 8.113 2.162
v -90.153 8.446 2.637
v -88.629 9.021 1.490
v -89.578 8.719 1.717
v -89.544 11.480 3.597
v -88.934 12.089 3.567
v -89.239 13.604 2.275
v -90.565 10.559 2.916
v -87.105 9.029 1.717
v -88.020 11.145 0.375
v -90.153 12.992 2.326
v -90.153 14.502 0.808
v -91.356 13.886 0.147
v -89.544 9.930 0.829
v -91.068 12.867 -2.591
v -89.239 13.948 -2.601
v -88.629 17.128 -2.321
v -89.848 13.782 -2.601
v -88.629 18.924 -6.310
v -89.544 14.537 -3.831
v -91.372 15.142 -9.925
v -89.848 16.309 -9.326
v -89.848 19.586 -9.356
v -89.239 16.448 -11.773
v -90.763 15.669 -10.545
v -91.372 15.354 -11.155
v -91.068 15.510 -11.763
v -88.629 19.865 -10.587
v -89.544 19.906 -13.324
v -90.153 19.756 -11.495
v -90.153 15.823 -12.982
v -88.934 15.517 -16.639
v -90.458 15.772 -13.283
v -91.068 16.031 -13.592
v -87.105 19.619 -18.510
v -90.153 19.740 -13.324
v -89.848 19.647 -14.542
v -90.763 19.384 -13.623
v -91.068 16.491 -14.593
v -90.153 15.807 -15.121
v -86.800 18.976 -21.546
v -91.218 17.098 -14.822
v -88.906 18.585 -18.798
v -90.458 19.233 -14.781
v -89.055 17.970 -19.408
v -89.544 17.080 -18.788
v -89.665 16.153 -18.168
v -88.603 15.514 -21.206
v -90.451 9.340 2.926
v -90.458 9.629 1.253
v -91.289 12.373 1.377
v -91.884 11.747 -0.442
v -91.627 12.063 0.767
v -91.923 12.969 -0.152
v -91.677 12.739 -2.591
v -92.132 12.658 -0.762
v -92.095 12.946 -2.591
v -91.068 15.095 -0.906
v -90.153 16.611 -1.920
v -92.208 13.256 -1.981
v -91.982 14.250 -1.691
v -91.372 13.356 -3.819
v -92.623 13.550 -3.211
v -92.287 13.221 -3.510
v -90.153 18.253 -4.771
v -91.372 17.107 -3.541
v -92.108 16.293 -3.232
v -92.847 14.461 -3.520
v -91.372 15.104 -8.407
v -91.982 14.342 -6.868
v -92.592 14.180 -6.868
v -92.897 16.878 -5.813
v -93.080 14.136 -5.648
v -93.232 15.031 -7.797
v -93.318 15.640 -7.797
v -91.982 17.965 -5.990
v -92.287 14.563 -8.096
v -92.897 14.573 -8.096
v -92.897 17.476 -8.117
v -91.627 18.637 -13.314
v -91.561 16.802 -13.901
v -91.068 19.350 -12.715
v -91.982 18.707 -9.657
v -92.075 16.811 -12.993
v -91.637 18.021 -13.922
v -92.618 18.050 -10.864
v -93.161 16.535 -9.946
v -92.675 16.822 -11.773
v -92.570 17.737 -11.785
v -73.565 -5.010 -11.914
v -73.712 -2.724 -13.409
v -73.357 -0.975 -14.454
v -73.827 -4.043 -12.622
v -78.359 -0.966 -3.747
v -75.644 -1.840 -8.535
v -73.625 0.306 -11.605
v -73.023 0.969 -12.187
v -74.310 -0.410 -10.828
v -76.406 -1.959 -6.842
v -75.187 -1.318 -9.725
v -74.784 -5.902 -4.917
v -73.811 -5.982 -10.149
v -74.033 -6.234 -9.311
v -83.006 8.043 -37.971
v -83.079 8.456 -38.550
v -82.727 9.118 -39.780
v -83.291 17.671 -24.443
v -78.894 9.485 -42.557
v 36.416 -80.600 -28.551
v 20.764 -84.418 -25.905
v 15.600 -84.620 -22.130
v 28.238 -83.359 -28.296
v 48.257 -75.853 -29.063
v 49.581 -77.022 -33.355
v 50.536 -76.819 -43.739
v 42.879 -79.257 -31.006
v 36.091 -82.386 -31.981
v 28.982 -84.582 -31.775
v 22.286 -86.208 -31.312
v 16.966 -87.478 -29.724
v 43.986 -80.559 -34.888
v 36.496 -83.720 -35.496
v 29.268 -85.729 -35.396
v 22.782 -87.018 -35.087
v 44.579 -81.396 -43.923
v 37.152 -84.609 -43.386
v 27.950 -86.837 -43.540
v 22.610 -87.610 -43.504
v 18.046 -88.145 -34.034
v 50.449 -77.659 -38.597
v 44.672 -81.352 -38.916
v 18.390 -88.683 -37.899
v 36.960 -84.548 -39.376
v 28.866 -86.559 -39.433
v 22.590 -87.562 -39.621
v 11.893 -85.207 -16.502
v 13.200 -89.215 -25.501
v 14.586 -90.717 -32.539
v 17.771 -89.285 -41.222
v 16.011 -90.897 -37.683
v 17.851 -89.500 -44.258
v 41.645 -77.646 -26.533
v 45.893 -73.936 -23.121
v 35.466 -78.022 -29.757
v 19.880 -81.783 -27.035
v 13.789 -82.518 -23.270
v 27.443 -80.700 -29.434
v 47.074 -73.363 -30.247
v 48.224 -74.504 -34.258
v 48.806 -74.376 -43.548
v 41.781 -76.723 -32.176
v 35.168 -79.767 -33.116
v 28.204 -81.875 -32.805
v 21.492 -83.463 -32.228
v 15.467 -85.062 -30.681
v 42.765 -77.967 -35.777
v 35.580 -80.995 -36.355
v 28.572 -82.901 -36.116
v 22.065 -84.162 -35.661
v 43.119 -78.777 -43.849
v 36.199 -81.765 -43.439
v 27.386 -83.891 -43.604
v 21.852 -84.710 -43.600
v 16.637 -85.572 -34.659
v 48.815 -75.153 -38.811
v 43.277 -78.713 -39.217
v 17.010 -86.044 -38.263
v 36.025 -81.719 -39.726
v 28.248 -83.637 -39.721
v 21.817 -84.674 -39.866
v 9.842 -83.320 -17.612
v 11.175 -87.263 -26.543
v 12.640 -88.555 -33.275
v 16.554 -86.549 -41.391
v 14.220 -88.534 -38.133
v 16.820 -86.685 -44.379
v 40.558 -75.134 -27.761
v 44.747 -71.454 -24.356
v -36.312 -80.600 -28.551
v -20.660 -84.418 -25.905
v -15.496 -84.620 -22.130
v -28.134 -83.359 -28.296
v -48.153 -75.853 -29.063
v -49.477 -77.022 -33.355
v -50.432 -76.819 -43.739
v -42.775 -79.257 -31.006
v -35.987 -82.386 -31.981
v -28.878 -84.582 -31.775
v -22.182 -86.208 -31.312
v -16.862 -87.478 -29.724
v -43.882 -80.559 -34.888
v -36.392 -83.720 -35.496
v -29.164 -85.729 -35.396
v -22.678 -87.018 -35.087
v -44.475 -81.396 -43.923
v -37.048 -84.609 -43.386
v -27.846 -86.837 -43.540
v -22.506 -87.610 -43.504
v -17.942 -88.145 -34.034
v -50.345 -77.659 -38.597
v -44.568 -81.352 -38.916
v -18.286 -88.683 -37.899
v -36.856 -84.548 -39.376
v -28.762 -86.559 -39.433
v -22.486 -87.562 -39.621
v -11.789 -85.207 -16.502
v -13.096 -89.215 -25.501
v -14.482 -90.717 -32.539
v -17.667 -89.285 -41.222
v -15.907 -90.897 -37.683
v -17.747 -89.500 -44.258
v -41.541 -77.646 -26.533
v -45.789 -73.936 -23.121
v -35.362 -78.022 -29.757
v -19.776 -81.783 -27.035
v -13.685 -82.518 -23.270
v -27.339 -80.700 -29.434
v -46.970 -73.363 -30.247
v -48.120 -74.504 -34.258
v -48.702 -74.376 -43.548
v -41.677 -76.723 -32.176
v -35.064 -79.767 -33.116
v -28.100 -81.875 -32.805
v -21.388 -83.463 -32.228
v -15.363 -85.062 -30.681
v -42.661 -77.967 -35.777
v -35.476 -80.995 -36.355
v -28.468 -82.901 -36.116
v -21.961 -84.162 -35.661
v -43.015 -78.777 -43.849
v -36.095 -81.765 -43.439
v -27.282 -83.891 -43.604
v -21.748 -84.710 -43.600
v -16.533 -85.572 -34.659
v -48.711 -75.153 -38.811
v -43.173 -78.713 -39.217
v -16.906 -86.044 -38.263
v -35.921 -81.719 -39.726
v -28.144 -83.637 -39.721
v -21.713 -84.674 -39.866
v -9.738 -83.320 -17.612
v -11.071 -87.263 -26.543
v -12.536 -88.555 -33.275
v -16.450 -86.549 -41.391
v -14.116 -88.534 -38.133
v -16.716 -86.685 -44.379
v -40.454 -75.134 -27.761
v -44.643 -71.454 -24.356
v 68.659 -2.681 -29.119
v 67.815 -2.258 -34.951
v 67.743 -1.939 -34.729
v 66.532 -0.961 -33.059
v 66.023 -1.956 -31.412
v 66.861 -4.728 -34.428
v 66.094 -1.537 -32.148
v 66.599 -4.420 -34.127
v 66.585 -2.284 -33.849
v 66.828 -1.674 -33.849
v 66.942 -2.290 -34.459
v 66.375 -7.488 -36.540
v 66.923 -5.657 -35.946
v 66.787 -6.297 -36.556
v 67.013 -4.124 -35.048
v 65.346 -7.816 -38.674
v 66.350 -2.213 -30.064
v 68.006 -2.229 -27.743
v 67.585 -6.554 -34.107
v 67.092 -3.051 -31.090
v 66.457 -8.362 -35.604
v 66.690 -7.180 -35.934
v 67.397 -1.372 -34.117
v 67.397 -1.987 -34.665
v 67.702 -1.374 -34.273
v 67.702 -2.294 -34.943
v 67.397 -2.905 -35.079
v 67.328 -0.452 -33.559
v 67.294 -5.668 -37.164
v 67.588 -3.213 -35.357
v 68.006 -2.601 -35.151
v 66.609 -6.588 -37.765
v 68.616 -4.914 -37.784
v 66.787 -6.229 -40.822
v 66.065 -10.379 -33.955
v 67.513 -5.634 -33.509
v 68.509 -7.759 -32.578
v 69.530 -3.419 -30.172
v 68.139 0.373 -33.589
v 70.750 -4.875 -39.613
v 68.006 -5.669 -38.993
v 70.445 -5.176 -40.833
v 70.299 -3.843 -37.485
v 69.588 -1.686 -35.067
v 69.609 -5.050 -31.263
v 65.407 -7.153 -40.473
v -68.555 -2.681 -29.119
v -67.711 -2.258 -34.951
v -67.639 -1.939 -34.729
v -66.428 -0.961 -33.059
v -65.919 -1.956 -31.412
v -66.757 -4.728 -34.428
v -65.990 -1.537 -32.148
v -66.495 -4.420 -34.127
v -66.481 -2.284 -33.849
v -66.724 -1.674 -33.849
v -66.838 -2.290 -34.459
v -66.271 -7.488 -36.540
v -66.819 -5.657 -35.946
v -66.683 -6.297 -36.556
v -66.909 -4.124 -35.048
v -65.242 -7.816 -38.674
v -66.246 -2.213 -30.064
v -67.902 -2.229 -27.743
v -67.481 -6.554 -34.107
v -66.988 -3.051 -31.090
v -66.353 -8.362 -35.604
v -66.586 -7.180 -35.934
v -67.293 -1.372 -34.117
v -67.293 -1.987 -34.665
v -67.598 -1.374 -34.273
v -67.598 -2.294 -34.943
v -67.293 -2.905 -35.079
v -67.224 -0.452 -33.559
v -67.190 -5.668 -37.164
v -67.484 -3.213 -35.357
v -67.902 -2.601 -35.151
v -66.505 -6.588 -37.765
v -68.512 -4.914 -37.784
v -66.683 -6.229 -40.822
v -65.961 -10.379 -33.955
v -67.410 -5.634 -33.509
v -68.405 -7.759 -32.578
v -69.426 -3.419 -30.172
v -68.035 0.373 -33.589
v -70.646 -4.875 -39.613
v -67.902 -5.669 -38.993
v -70.341 -5.176 -40.833
v -70.195 -3.843 -37.485
v -69.484 -1.686 -35.067
v -69.505 -5.050 -31.263
v -65.303 -7.153 -40.473
v 18.303 -87.546 -70.956
v 13.051 -90.863 -70.838
v 8.013 -93.376 -70.809
v 5.395 -94.200 -70.768
v 1.131 -95.532 -70.719
v 0.052 -95.559 -70.729
v -0.072 -96.508 -73.215
v 1.460 -96.547 -73.249
v 5.755 -95.764 -73.241
v 8.647 -94.479 -73.051
v 13.506 -91.863 -73.115
v 18.174 -87.264 -73.159
v 19.137 -88.755 -69.760
v 21.297 -85.605 -70.235
v 14.119 -92.729 -68.995
v 8.528 -96.023 -68.478
v 6.223 -96.988 -68.434
v 3.340 -98.017 -68.454
v 1.373 -98.951 -68.267
v -0.061 -98.810 -68.763
v 2.634 -94.988 -70.719
v 3.253 -96.382 -73.251
v 20.872 -83.797 -73.020
v 20.866 -84.663 -71.110
v 15.778 -88.588 -70.897
v 15.885 -89.863 -73.205
v 16.509 -91.157 -69.100
v 10.608 -92.439 -70.850
v 11.147 -93.336 -73.027
v 11.325 -94.554 -68.835
v 22.248 -83.380 -71.147
v 22.464 -84.179 -70.493
v 22.742 -82.359 -73.128
v 24.651 -81.465 -72.739
v 23.777 -82.379 -71.195
v 23.623 -83.024 -70.665
v 16.588 -85.536 -69.533
v 11.360 -88.480 -70.158
v 6.985 -90.606 -70.290
v 4.487 -91.388 -70.248
v 0.617 -92.701 -69.867
v -0.218 -92.702 -69.849
v -0.070 -93.715 -74.309
v 1.156 -93.832 -74.491
v 4.985 -93.326 -74.811
v 7.700 -92.039 -74.517
v 11.890 -89.681 -74.389
v 16.095 -85.102 -73.104
v 18.115 -87.238 -67.382
v 19.913 -84.205 -67.971
v 13.067 -91.117 -66.694
v 7.886 -94.180 -66.200
v 5.640 -95.208 -66.090
v 2.770 -96.310 -66.053
v 0.868 -97.292 -65.820
v -0.485 -97.174 -66.283
v 1.849 -92.160 -70.096
v 2.632 -93.849 -74.731
v 18.859 -81.701 -72.273
v 19.042 -82.841 -69.574
v 14.141 -86.250 -69.973
v 14.092 -87.656 -74.165
v 15.567 -89.606 -66.710
v 9.281 -89.812 -70.266
v 9.901 -90.961 -74.371
v 10.490 -92.751 -66.587
v 20.714 -81.321 -69.597
v 21.186 -82.616 -68.274
v 21.144 -79.957 -72.307
v 23.194 -78.969 -71.934
v 22.355 -80.046 -69.957
v 22.425 -81.312 -68.514
v -18.199 -87.546 -70.956
v -12.947 -90.863 -70.838
v -7.909 -93.376 -70.809
v -5.291 -94.200 -70.768
v -1.027 -95.532 -70.719
v 0.052 -95.559 -70.729
v 0.176 -96.508 -73.215
v -1.356 -96.547 -73.249
v -5.651 -95.764 -73.241
v -8.543 -94.479 -73.051
v -13.402 -91.863 -73.115
v -18.070 -87.264 -73.159
v -19.033 -88.755 -69.760
v -21.193 -85.605 -70.235
v -14.015 -92.729 -68.995
v -8.424 -96.023 -68.478
v -6.119 -96.988 -68.434
v -3.236 -98.017 -68.454
v -1.269 -98.951 -68.267
v 0.165 -98.810 -68.763
v -2.530 -94.988 -70.719
v -3.149 -96.382 -73.251
v -20.768 -83.797 -73.020
v -20.762 -84.663 -71.110
v -15.674 -88.588 -70.897
v -15.781 -89.863 -73.205
v -16.405 -91.157 -69.100
v -10.504 -92.439 -70.850
v -11.043 -93.336 -73.027
v -11.221 -94.554 -68.835
v -22.144 -83.380 -71.147
v -22.360 -84.179 -70.493
v -22.638 -82.359 -73.128
v -24.547 -81.465 -72.739
v -23.673 -82.379 -71.195
v -23.519 -83.024 -70.665
v -16.484 -85.536 -69.533
v -11.256 -88.480 -70.158
v -6.881 -90.606 -70.290
v -4.383 -91.388 -70.248
v -0.513 -92.701 -69.867
v 0.322 -92.702 -69.849
v 0.174 -93.715 -74.309
v -1.052 -93.832 -74.491
v -4.881 -93.326 -74.811
v -7.596 -92.039 -74.517
v -11.786 -89.681 -74.389
v -15.991 -85.102 -73.104
v -18.011 -87.238 -67.382
v -19.809 -84.205 -67.971
v -12.963 -91.117 -66.694
v -7.782 -94.180 -66.200
v -5.536 -95.208 -66.090
v -2.666 -96.310 -66.053
v -0.764 -97.292 -65.820
v 0.589 -97.174 -66.283
v -1.745 -92.160 -70.096
v -2.528 -93.849 -74.731
v -18.755 -81.701 -72.273
v -18.938 -82.841 -69.574
v -14.037 -86.250 -69.973
v -13.988 -87.656 -74.165
v -15.463 -89.606 -66.710
v -9.177 -89.812 -70.266
v -9.797 -90.961 -74.371
v -10.386 -92.751 -66.587
v -20.610 -81.321 -69.597
v -21.082 -82.616 -68.274
v -21.040 -79.957 -72.307
v -23.090 -78.969 -71.934
v -22.251 -80.046 -69.957
v -22.321 -81.312 -68.514
v 61.604 -10.357 -47.882
v 60.915 -8.966 -49.381
v 61.514 -9.203 -48.839
v 60.895 -8.080 -49.642
v 60.689 -6.473 -49.819
v 61.010 -6.415 -49.749
v 61.766 -8.499 -49.006
v 61.319 -8.117 -49.556
v 60.028 -4.866 -49.655
v 60.415 -4.821 -49.356
v 60.536 -4.254 -48.388
v 61.605 -4.943 -49.065
v 61.910 -5.477 -49.240
v 59.720 -6.641 -49.245
v 60.696 -5.799 -49.940
v 60.055 -5.470 -50.017
v 60.693 -5.477 -49.904
v 61.004 -3.099 -45.692
v 62.825 0.046 -40.573
v 63.434 -11.279 -41.080
v 62.222 -11.233 -45.642
v 61.917 -3.123 -45.408
v 62.520 -6.998 -48.921
v 63.651 -7.292 -47.815
v 61.912 -4.011 -47.843
v 62.215 -4.369 -48.455
v 62.215 -6.390 -49.147
v 64.044 -6.080 -48.579
v 62.520 -5.169 -48.941
v 63.130 -5.474 -48.890
v 63.130 -3.944 -48.290
v 63.130 -4.558 -48.682
v 63.122 -10.907 -43.218
v 65.346 -7.816 -38.674
v 63.739 0.046 -40.573
v 62.073 -8.720 -47.994
v 64.044 -0.959 -42.092
v 64.958 -0.069 -41.183
v 64.044 -7.324 -46.906
v 64.044 -3.947 -48.672
v 64.611 -6.381 -48.136
v 64.349 -5.168 -48.828
v 64.958 -5.472 -48.704
v 64.349 2.551 -38.352
v 65.568 -6.368 -44.479
v 66.787 -6.229 -40.822
v 66.482 1.312 -40.460
v 65.568 -0.764 -42.701
v 67.702 0.269 -42.712
v 65.873 -5.581 -48.445
v 66.178 -6.006 -47.526
v 66.787 -3.954 -49.417
v 66.787 -2.736 -49.510
v 63.739 -2.941 -47.248
v 66.065 -10.379 -33.955
v 70.445 -5.176 -40.833
v 68.616 0.379 -43.622
v 68.921 -3.650 -49.500
v 70.445 -3.041 -49.551
v 63.739 -3.459 -48.157
v 69.530 -1.825 -49.891
v 68.006 -1.516 -49.405
v 72.274 -4.186 -40.843
v 71.969 3.467 -42.434
v 70.750 4.359 -40.522
v 71.054 -4.172 -44.500
v 71.054 1.677 -46.988
v 70.750 -4.406 -47.547
v 70.140 -4.353 -48.455
v 72.883 -2.427 -49.085
v 73.798 -2.918 -47.856
v 73.188 -0.604 -49.654
v 71.969 0.617 -49.541
v 73.493 -3.181 -40.843
v 72.928 3.723 -43.352
v 72.883 -3.413 -46.327
v 75.627 -1.211 -43.610
v 75.627 -1.914 -46.957
v 75.627 5.845 -44.654
v 74.407 -1.511 -48.849
v 75.580 -1.501 -47.878
v 74.102 0.922 -49.489
v 74.712 0.009 -49.302
v 72.883 2.382 -48.517
v 74.102 2.452 -48.910
v 75.322 3.678 -48.146
v 75.627 2.758 -48.704
v 75.931 0.320 -48.735
v 75.627 1.536 -49.013
v 75.931 -1.615 -46.049
v 76.415 0.086 -41.183
v 77.101 8.304 -42.475
v 78.882 1.262 -45.769
v 77.372 0.635 -47.588
v 79.234 2.173 -46.080
v 77.151 4.599 -47.444
v 78.370 6.098 -46.121
v 78.979 5.220 -46.276
v 77.151 5.520 -46.741
v 76.541 5.831 -46.121
v 78.065 4.296 -47.227
v 77.760 2.158 -47.691
v 76.846 2.457 -48.331
v 78.675 8.285 -43.694
v 79.179 1.575 -44.850
v 79.677 2.185 -44.860
v 79.166 3.999 -46.399
v 80.199 7.906 -43.694
v 81.025 4.655 -41.535
v 80.199 9.829 -42.351
v 80.503 4.629 -44.251
v 80.291 5.845 -44.592
v 81.723 9.839 -41.307
v 78.670 3.325 -39.523
v 65.407 -7.153 -40.473
v 80.033 5.142 -38.805
v 79.298 4.228 -39.060
v 82.457 7.228 -38.038
v 80.749 5.699 -38.579
v 83.110 8.043 -37.969
v 83.183 8.456 -38.550
v 82.831 9.118 -39.780
v 78.338 9.172 -42.608
v 78.998 9.485 -42.557
v 64.726 -7.318 -43.957
v 64.226 -7.272 -45.828
v 61.029 -9.650 -48.669
v 63.426 1.017 -39.487
v -61.500 -10.357 -47.882
v -60.811 -8.966 -49.381
v -61.410 -9.203 -48.839
v -60.791 -8.080 -49.642
v -60.585 -6.473 -49.819
v -60.906 -6.415 -49.749
v -61.662 -8.499 -49.006
v -61.215 -8.117 -49.556
v -59.924 -4.866 -49.655
v -60.312 -4.821 -49.356
v -60.432 -4.254 -48.388
v -61.501 -4.943 -49.065
v -61.806 -5.477 -49.240
v -59.616 -6.641 -49.245
v -60.592 -5.799 -49.940
v -59.951 -5.470 -50.017
v -60.589 -5.477 -49.904
v -60.900 -3.099 -45.692
v -62.721 0.046 -40.573
v -63.330 -11.279 -41.080
v -62.118 -11.233 -45.642
v -61.813 -3.123 -45.408
v -62.416 -6.998 -48.921
v -63.547 -7.292 -47.815
v -61.808 -4.011 -47.843
v -62.111 -4.369 -48.455
v -62.111 -6.390 -49.147
v -63.940 -6.080 -48.579
v -62.416 -5.169 -48.941
v -63.026 -5.474 -48.890
v -63.026 -3.944 -48.290
v -63.026 -4.558 -48.682
v -63.018 -10.907 -43.218
v -65.242 -7.816 -38.674
v -63.635 0.046 -40.573
v -61.969 -8.720 -47.994
v -63.940 -0.959 -42.092
v -64.854 -0.069 -41.183
v -63.940 -7.324 -46.906
v -63.940 -3.947 -48.672
v -64.507 -6.381 -48.136
v -64.245 -5.168 -48.828
v -64.854 -5.472 -48.704
v -64.245 2.551 -38.352
v -65.464 -6.368 -44.479
v -66.683 -6.229 -40.822
v -66.378 1.312 -40.460
v -65.464 -0.764 -42.701
v -67.598 0.269 -42.712
v -65.769 -5.581 -48.445
v -66.074 -6.006 -47.526
v -66.683 -3.954 -49.417
v -66.683 -2.736 -49.510
v -63.635 -2.941 -47.248
v -65.961 -10.379 -33.955
v -70.341 -5.176 -40.833
v -68.512 0.379 -43.622
v -68.817 -3.650 -49.500
v -70.341 -3.041 -49.551
v -63.635 -3.459 -48.157
v -69.426 -1.825 -49.891
v -67.902 -1.516 -49.405
v -72.170 -4.186 -40.843
v -71.865 3.467 -42.434
v -70.646 4.359 -40.522
v -70.951 -4.172 -44.500
v -70.951 1.677 -46.988
v -70.646 -4.406 -47.547
v -70.036 -4.353 -48.455
v -72.779 -2.427 -49.085
v -73.694 -2.918 -47.856
v -73.084 -0.604 -49.654
v -71.865 0.617 -49.541
v -73.389 -3.181 -40.843
v -72.824 3.723 -43.352
v -72.779 -3.413 -46.327
v -75.523 -1.211 -43.610
v -75.523 -1.914 -46.957
v -75.523 5.845 -44.654
v -74.303 -1.511 -48.849
v -75.476 -1.501 -47.878
v -73.999 0.922 -49.489
v -74.608 0.009 -49.302
v -72.779 2.382 -48.517
v -73.999 2.452 -48.910
v -75.218 3.678 -48.146
v -75.523 2.758 -48.704
v -75.827 0.320 -48.735
v -75.523 1.536 -49.013
v -75.827 -1.615 -46.049
v -76.311 0.086 -41.183
v -76.998 8.304 -42.475
v -78.778 1.262 -45.769
v -77.268 0.635 -47.588
v -79.130 2.173 -46.080
v -77.047 4.599 -47.444
v -78.266 6.098 -46.121
v -78.875 5.220 -46.276
v -77.047 5.520 -46.741
v -76.437 5.831 -46.121
v -77.961 4.296 -47.227
v -77.656 2.158 -47.691
v -76.742 2.457 -48.331
v -78.571 8.285 -43.694
v -79.075 1.575 -44.850
v -79.573 2.185 -44.860
v -79.062 3.999 -46.399
v -80.095 7.906 -43.694
v -80.921 4.655 -41.535
v -80.095 9.829 -42.351
v -80.399 4.629 -44.251
v -80.188 5.845 -44.592
v -81.619 9.839 -41.307
v -78.566 3.325 -39.523
v -65.303 -7.153 -40.473
v -79.929 5.142 -38.805
v -79.194 4.228 -39.060
v -82.354 7.228 -38.038
v -80.645 5.699 -38.579
v -83.006 8.043 -37.969
v -83.079 8.456 -38.550
v -82.727 9.118 -39.780
v -78.234 9.172 -42.608
v -78.894 9.485 -42.557
v -64.622 -7.318 -43.957
v -64.122 -7.272 -45.828
v -60.925 -9.650 -48.669
v -63.322 1.017 -39.487
v 72.518 43.693 2.897
v 72.246 39.265 -3.598
v 72.318 33.123 -8.026
v 71.959 24.607 -11.472
v 62.669 26.232 -40.858
v 63.109 17.505 -43.841
v 65.471 22.963 -33.466
v 69.397 25.431 -20.159
v 69.643 33.065 -18.293
v 69.715 40.842 -13.687
v 69.703 45.845 -9.254
v 65.776 47.602 -16.889
v 67.144 40.011 -21.073
v 67.562 32.089 -25.362
v 64.180 20.284 -38.530
v 62.455 45.229 -26.634
v 63.451 38.129 -30.746
v 64.452 28.820 -34.598
v 67.426 24.626 -26.767
v 67.984 46.829 -13.190
v 68.444 40.432 -17.385
v 68.648 32.583 -21.842
v 72.730 47.873 13.378
v 60.419 35.650 -38.067
v 68.171 53.753 -4.315
v 65.522 54.460 -10.939
v 61.833 51.593 -21.068
v 59.393 49.119 -27.673
v 59.544 42.592 -33.813
v 70.433 51.283 3.073
v 69.654 42.942 3.382
v 69.365 38.708 -2.972
v 69.430 32.774 -7.290
v 69.070 24.455 -10.681
v 59.892 25.692 -39.860
v 60.265 17.126 -42.964
v 62.645 22.697 -32.495
v 66.516 25.308 -19.333
v 66.785 32.723 -17.449
v 66.907 40.190 -12.856
v 66.896 45.036 -8.569
v 63.244 46.479 -15.736
v 64.499 39.132 -19.966
v 64.778 31.628 -24.343
v 61.341 19.922 -37.629
v 60.041 44.001 -25.344
v 60.909 37.157 -29.485
v 61.726 28.224 -33.496
v 64.557 24.516 -25.897
v 65.342 45.819 -12.190
v 65.744 39.639 -16.346
v 65.817 32.212 -20.918
v 69.873 47.078 13.831
v 57.888 34.683 -36.778
v 65.457 52.743 -3.531
v 62.973 53.307 -9.858
v 59.398 50.348 -19.833
v 57.138 47.717 -26.276
v 57.172 41.392 -32.421
v 67.597 50.448 3.580
v -72.414 43.693 2.897
v -72.142 39.265 -3.598
v -72.214 33.123 -8.026
v -71.855 24.607 -11.472
v -62.565 26.232 -40.858
v -63.005 17.505 -43.841
v -65.367 22.963 -33.466
v -69.293 25.431 -20.159
v -69.539 33.065 -18.293
v -69.611 40.842 -13.687
v -69.599 45.845 -9.254
v -65.672 47.602 -16.889
v -67.040 40.011 -21.073
v -67.458 32.089 -25.362
v -64.076 20.284 -38.530
v -62.351 45.229 -26.634
v -63.347 38.129 -30.746
v -64.348 28.820 -34.598
v -67.322 24.626 -26.767
v -67.880 46.829 -13.190
v -68.340 40.432 -17.385
v -68.544 32.583 -21.842
v -72.626 47.873 13.378
v -60.315 35.650 -38.067
v -68.067 53.753 -4.315
v -65.418 54.460 -10.939
v -61.729 51.593 -21.068
v -59.289 49.119 -27.673
v -59.440 42.592 -33.813
v -70.329 51.283 3.073
v -69.550 42.942 3.382
v -69.261 38.708 -2.972
v -69.326 32.774 -7.290
v -68.966 24.455 -10.681
v -59.788 25.692 -39.860
v -60.161 17.126 -42.964
v -62.541 22.697 -32.495
v -66.412 25.308 -19.333
v -66.681 32.723 -17.449
v -66.803 40.190 -12.856
v -66.792 45.036 -8.569
v -63.141 46.479 -15.736
v -64.395 39.132 -19.966
v -64.674 31.628 -24.343
v -61.237 19.922 -37.629
v -59.937 44.001 -25.344
v -60.805 37.157 -29.485
v -61.622 28.224 -33.496
v -64.453 24.516 -25.897
v -65.238 45.819 -12.190
v -65.640 39.639 -16.346
v -65.714 32.212 -20.918
v -69.769 47.078 13.831
v -57.784 34.683 -36.778
v -65.353 52.743 -3.531
v -62.869 53.307 -9.858
v -59.294 50.348 -19.833
v -57.034 47.717 -26.276
v -57.068 41.392 -32.421
v -67.493 50.448 3.580
v 12.519 -89.286 -85.997
v 15.168 -87.557 -86.633
v 12.538 -88.642 -86.846
v 12.601 -88.187 -87.420
v 21.815 -81.783 -91.385
v 18.871 -84.260 -89.525
v 17.164 -85.717 -88.169
v 12.741 -87.819 -88.182
v 10.294 -88.734 -88.413
v 7.835 -89.535 -88.467
v 5.220 -90.090 -88.665
v 0.052 -90.668 -88.418
v 24.374 -79.483 -95.541
v 25.189 -78.406 -100.654
v 24.760 -76.603 -105.108
v 22.967 -74.717 -108.837
v 19.529 -76.624 -110.013
v 15.438 -78.353 -111.243
v 10.320 -80.107 -112.175
v 7.341 -80.863 -112.654
v 0.052 -81.785 -113.135
v 0.052 -86.174 -109.272
v 0.052 -89.424 -104.897
v 0.052 -90.736 -100.050
v 0.052 -90.194 -95.250
v 20.301 -80.292 -105.914
v 15.991 -82.686 -107.126
v 11.212 -84.840 -108.055
v 7.830 -85.146 -109.239
v 21.164 -81.378 -101.030
v 16.348 -84.271 -102.301
v 11.770 -86.879 -103.119
v 8.535 -87.646 -105.072
v 20.260 -82.175 -96.370
v 15.570 -84.996 -96.794
v 11.325 -87.301 -97.644
v 7.973 -89.075 -99.638
v 18.296 -83.562 -92.721
v 14.533 -85.680 -93.029
v 10.859 -87.587 -94.051
v 7.110 -89.132 -95.191
v 15.580 -85.785 -90.314
v 11.975 -87.313 -90.737
v 8.867 -88.491 -91.074
v 5.969 -89.289 -91.563
v 4.323 -81.160 -113.138
v 4.058 -85.684 -109.553
v 4.169 -88.827 -105.234
v 3.974 -90.323 -100.353
v 3.463 -90.029 -95.551
v 0.052 -89.687 -91.084
v 2.327 -90.438 -88.632
v 2.813 -89.454 -91.568
v 11.455 -87.039 -84.319
v 14.066 -85.143 -85.233
v 11.474 -86.394 -85.168
v 11.511 -85.831 -85.915
v 20.272 -79.249 -90.940
v 17.451 -81.748 -88.701
v 15.902 -83.172 -87.208
v 11.583 -85.257 -87.136
v 9.235 -86.048 -87.597
v 6.968 -86.757 -87.736
v 4.752 -87.229 -87.891
v -0.072 -87.837 -87.435
v 22.707 -76.998 -95.327
v 23.383 -76.081 -100.070
v 22.974 -74.610 -103.752
v 21.290 -72.981 -107.056
v 17.975 -74.869 -108.142
v 14.163 -76.576 -109.188
v 9.326 -78.339 -109.964
v 6.653 -79.064 -110.355
v -0.128 -79.861 -110.839
v -0.133 -83.970 -107.244
v -0.197 -86.722 -103.619
v -0.228 -87.759 -99.800
v -0.198 -87.224 -95.597
v 18.635 -78.214 -104.534
v 14.569 -80.544 -105.579
v 10.068 -82.652 -106.351
v 7.073 -83.020 -107.262
v 19.455 -78.965 -100.523
v 14.811 -81.754 -101.758
v 10.434 -84.273 -102.466
v 7.578 -85.029 -103.958
v 18.662 -79.643 -96.185
v 14.075 -82.397 -96.694
v 9.976 -84.623 -97.564
v 6.925 -86.272 -99.417
v 16.796 -81.003 -92.273
v 13.134 -83.045 -92.721
v 9.607 -84.861 -93.995
v 6.221 -86.270 -95.327
v 14.255 -83.207 -89.543
v 10.766 -84.630 -90.157
v 7.855 -85.698 -90.657
v 5.342 -86.368 -91.282
v 3.974 -79.283 -110.826
v 3.690 -83.520 -107.509
v 3.665 -86.161 -103.953
v 3.408 -87.394 -100.039
v 3.027 -87.074 -95.832
v -0.130 -86.716 -90.711
v 2.154 -87.588 -87.713
v 2.541 -86.476 -91.324
v -12.415 -89.286 -85.997
v -15.064 -87.557 -86.633
v -12.434 -88.642 -86.846
v -12.497 -88.187 -87.420
v -21.711 -81.783 -91.385
v -18.767 -84.260 -89.525
v -17.060 -85.717 -88.169
v -12.637 -87.819 -88.182
v -10.190 -88.734 -88.413
v -7.731 -89.535 -88.467
v -5.116 -90.090 -88.665
v 0.052 -90.668 -88.418
v -24.270 -79.483 -95.541
v -25.085 -78.406 -100.654
v -24.656 -76.603 -105.108
v -22.863 -74.717 -108.837
v -19.425 -76.624 -110.013
v -15.334 -78.353 -111.243
v -10.216 -80.107 -112.175
v -7.237 -80.863 -112.654
v 0.052 -81.785 -113.135
v 0.052 -86.174 -109.272
v 0.052 -89.424 -104.897
v 0.052 -90.736 -100.050
v 0.052 -90.194 -95.250
v -20.197 -80.292 -105.914
v -15.887 -82.686 -107.126
v -11.108 -84.840 -108.055
v -7.726 -85.146 -109.239
v -21.060 -81.378 -101.030
v -16.244 -84.271 -102.301
v -11.666 -86.879 -103.119
v -8.431 -87.646 -105.072
v -20.156 -82.175 -96.370
v -15.466 -84.996 -96.794
v -11.221 -87.301 -97.644
v -7.869 -89.075 -99.638
v -18.192 -83.562 -92.721
v -14.429 -85.680 -93.029
v -10.755 -87.587 -94.051
v -7.006 -89.132 -95.191
v -15.476 -85.785 -90.314
v -11.871 -87.313 -90.737
v -8.763 -88.491 -91.074
v -5.865 -89.289 -91.563
v -4.219 -81.160 -113.138
v -3.954 -85.684 -109.553
v -4.065 -88.827 -105.234
v -3.870 -90.323 -100.353
v -3.359 -90.029 -95.551
v 0.052 -89.687 -91.084
v -2.223 -90.438 -88.632
v -2.709 -89.454 -91.568
v -11.351 -87.039 -84.319
v -13.962 -85.143 -85.233
v -11.370 -86.394 -85.168
v -11.407 -85.831 -85.915
v -20.168 -79.249 -90.940
v -17.347 -81.748 -88.701
v -15.798 -83.172 -87.208
v -11.479 -85.257 -87.136
v -9.131 -86.048 -87.597
v -6.864 -86.757 -87.736
v -4.648 -87.229 -87.891
v 0.176 -87.837 -87.435
v -22.603 -76.998 -95.327
v -23.279 -76.081 -100.070
v -22.870 -74.610 -103.752
v -21.186 -72.981 -107.056
v -17.871 -74.869 -108.142
v -14.059 -76.576 -109.188
v -9.222 -78.339 -109.964
v -6.549 -79.064 -110.355
v 0.232 -79.861 -110.839
v 0.237 -83.970 -107.244
v 0.301 -86.722 -103.619
v 0.332 -87.759 -99.800
v 0.302 -87.224 -95.597
v -18.531 -78.214 -104.534
v -14.465 -80.544 -105.579
v -9.964 -82.652 -106.351
v -6.969 -83.020 -107.262
v -19.351 -78.965 -100.523
v -14.707 -81.754 -101.758
v -10.330 -84.273 -102.466
v -7.474 -85.029 -103.958
v -18.558 -79.643 -96.185
v -13.971 -82.397 -96.694
v -9.872 -84.623 -97.564
v -6.821 -86.272 -99.417
v -16.692 -81.003 -92.273
v -13.030 -83.045 -92.721
v -9.503 -84.861 -93.995
v -6.117 -86.270 -95.327
v -14.151 -83.207 -89.543
v -10.662 -84.630 -90.157
v -7.751 -85.698 -90.657
v -5.238 -86.368 -91.282
v -3.870 -79.283 -110.826
v -3.586 -83.520 -107.509
v -3.561 -86.161 -103.953
v -3.304 -87.394 -100.039
v -2.923 -87.074 -95.832
v 0.234 -86.716 -90.711
v -2.050 -87.588 -87.713
v -2.437 -86.476 -91.324
v 7.062 -93.619 -84.036
v 4.672 -94.253 -83.833
v 2.157 -94.620 -83.712
v 0.052 -95.032 -83.343
v 9.897 -91.499 -84.924
v 12.519 -89.286 -85.997
v 12.741 -87.819 -88.182
v 10.294 -88.734 -88.413
v 7.835 -89.535 -88.467
v 5.220 -90.090 -88.665
v 0.052 -90.668 -88.418
v 2.424 -92.942 -85.080
v 8.533 -92.655 -84.422
v 5.194 -92.908 -84.970
v 0.052 -93.350 -84.857
v 2.327 -90.438 -88.632
v 7.788 -91.348 -86.107
v 0.052 -92.087 -86.364
v 9.836 -90.459 -86.233
v 2.472 -91.950 -86.278
v 5.144 -91.767 -86.239
v 12.538 -88.642 -86.846
v 5.123 -90.749 -87.538
v 7.623 -90.296 -87.371
v 0.052 -91.332 -87.445
v 12.601 -88.187 -87.420
v 10.067 -89.482 -87.369
v 2.464 -91.054 -87.469
v 6.630 -91.732 -81.741
v 4.431 -92.334 -81.540
v 2.067 -92.673 -81.432
v -0.004 -93.076 -81.067
v 8.920 -89.357 -83.065
v 11.412 -87.100 -84.267
v 11.603 -85.359 -86.895
v 9.281 -86.278 -87.018
v 7.106 -87.065 -86.928
v 4.763 -87.530 -87.170
v -0.146 -88.105 -86.869
v 2.280 -90.811 -82.973
v 7.882 -90.535 -82.400
v 4.880 -90.823 -82.836
v -0.071 -91.233 -82.734
v 2.088 -87.854 -87.129
v 7.129 -89.132 -84.195
v -0.166 -89.725 -84.527
v 8.868 -88.265 -84.430
v 2.275 -89.608 -84.412
v 4.813 -89.478 -84.327
v 11.429 -86.428 -85.153
v 4.727 -88.292 -85.863
v 6.952 -87.925 -85.657
v -0.163 -88.841 -85.786
v 11.470 -85.810 -85.981
v 9.099 -87.142 -85.762
v 2.234 -88.561 -85.817
v -6.958 -93.619 -84.036
v -4.568 -94.253 -83.833
v -2.053 -94.620 -83.712
v 0.052 -95.032 -83.343
v -9.793 -91.499 -84.924
v -12.415 -89.286 -85.997
v -12.637 -87.819 -88.182
v -10.190 -88.734 -88.413
v -7.731 -89.535 -88.467
v -5.116 -90.090 -88.665
v 0.052 -90.668 -88.418
v -2.320 -92.942 -85.080
v -8.429 -92.655 -84.422
v -5.090 -92.908 -84.970
v 0.052 -93.350 -84.857
v -2.223 -90.438 -88.632
v -7.684 -91.348 -86.107
v 0.052 -92.087 -86.364
v -9.732 -90.459 -86.233
v -2.368 -91.950 -86.278
v -5.040 -91.767 -86.239
v -12.434 -88.642 -86.846
v -5.019 -90.749 -87.538
v -7.519 -90.296 -87.371
v 0.052 -91.332 -87.445
v -12.497 -88.187 -87.420
v -9.963 -89.482 -87.369
v -2.360 -91.054 -87.469
v -6.526 -91.732 -81.741
v -4.327 -92.334 -81.540
v -1.963 -92.673 -81.432
v 0.108 -93.076 -81.067
v -8.816 -89.357 -83.065
v -11.308 -87.100 -84.267
v -11.499 -85.359 -86.895
v -9.177 -86.278 -87.018
v -7.002 -87.065 -86.928
v -4.659 -87.530 -87.170
v 0.250 -88.105 -86.869
v -2.176 -90.811 -82.973
v -7.778 -90.535 -82.400
v -4.776 -90.823 -82.836
v 0.175 -91.233 -82.734
v -1.984 -87.854 -87.129
v -7.025 -89.132 -84.195
v 0.270 -89.725 -84.527
v -8.764 -88.265 -84.430
v -2.171 -89.608 -84.412
v -4.709 -89.478 -84.327
v -11.325 -86.428 -85.153
v -4.623 -88.292 -85.863
v -6.848 -87.925 -85.657
v 0.267 -88.841 -85.786
v -11.366 -85.810 -85.981
v -8.995 -87.142 -85.762
v -2.130 -88.561 -85.817
v 0.052 -100.010 -53.578
v 2.592 -101.246 -52.848
v 0.509 -100.363 -53.412
v 11.893 -85.207 -16.502
v 9.665 -85.099 -6.009
v 13.200 -89.215 -25.501
v 14.586 -90.717 -32.539
v 16.011 -90.897 -37.683
v 17.771 -89.285 -41.222
v 17.851 -89.500 -44.258
v 16.617 -92.295 -49.646
v 13.700 -95.992 -51.424
v 10.043 -97.510 -51.288
v 5.226 -99.523 -52.240
v 6.877 -103.213 -22.598
v 9.617 -108.479 -37.856
v 17.458 -90.653 -47.300
v 8.695 -90.629 -11.757
v 10.507 -88.170 -15.162
v 11.268 -92.384 -22.869
v 11.595 -95.561 -30.740
v 12.679 -96.700 -35.535
v 10.849 -101.377 -35.306
v 9.934 -99.269 -29.389
v 10.286 -96.735 -24.683
v 8.581 -106.316 -34.340
v 8.402 -103.375 -29.279
v 9.095 -100.147 -23.769
v 9.400 -96.575 -19.627
v 11.046 -90.319 -18.981
v 9.126 -93.502 -15.357
v 12.250 -102.858 -38.187
v 14.486 -97.480 -38.584
v 12.161 -90.653 -24.289
v 14.000 -94.058 -36.510
v 12.924 -93.324 -31.742
v 16.404 -93.086 -40.231
v 17.112 -93.602 -43.520
v 16.830 -94.325 -46.121
v 15.710 -96.055 -48.082
v 13.895 -97.851 -49.634
v 16.157 -98.359 -42.138
v 13.711 -103.959 -41.188
v 10.901 -109.204 -41.029
v 16.357 -99.164 -44.881
v 13.872 -104.646 -44.001
v 11.159 -109.740 -44.034
v 15.494 -100.188 -47.040
v 13.352 -105.210 -46.072
v 9.872 -110.116 -46.993
v 13.291 -101.383 -48.934
v 11.837 -105.876 -48.025
v 5.848 -110.586 -49.762
v 6.170 -113.351 -48.916
v 7.492 -113.920 -46.970
v 8.449 -114.132 -44.242
v 8.195 -113.955 -41.013
v 0.052 -103.260 -52.755
v 1.186 -104.613 -52.465
v 1.343 -108.406 -51.875
v 1.701 -109.455 -51.604
v 2.942 -111.706 -50.926
v 5.870 -109.238 -49.747
v 10.161 -106.039 -48.980
v 11.881 -101.512 -49.610
v 11.760 -98.297 -50.105
v 0.712 -104.184 -52.541
v 0.657 -110.089 -51.504
v 0.052 -109.430 -51.677
v 1.360 -106.286 -52.241
v 2.186 -112.701 -50.814
v 0.052 -112.005 -51.002
v 0.052 -105.777 -52.326
v 5.663 -108.291 -49.649
v 9.537 -105.781 -49.114
v 11.041 -101.176 -49.286
v 10.954 -98.305 -49.857
v 9.629 -97.944 -50.678
v 4.870 -99.734 -51.790
v 2.643 -102.318 -52.369
v 1.945 -105.016 -52.191
v 2.048 -106.384 -52.027
v 1.922 -107.802 -51.875
v 2.625 -109.297 -51.430
v 3.618 -109.842 -50.967
v 9.214 -98.407 -50.032
v 10.214 -98.513 -49.443
v 10.397 -101.257 -48.952
v 9.024 -105.379 -48.960
v 5.504 -107.455 -49.292
v 3.804 -108.652 -50.843
v 3.303 -107.990 -51.116
v 2.973 -107.548 -51.335
v 2.685 -106.076 -51.448
v 2.651 -104.753 -51.590
v 2.629 -103.499 -51.859
v 4.787 -99.836 -51.237
v 0.622 -106.352 -52.341
v 0.052 -110.546 -51.384
v 6.563 -113.638 -37.480
v 5.127 -117.041 -42.019
v 2.908 -115.580 -49.011
v 0.052 -114.576 -49.785
v 10.498 -84.875 -11.327
v 5.008 -117.076 -44.719
v 4.132 -116.648 -47.063
v 2.078 -118.013 -40.789
v 2.239 -118.101 -42.748
v 2.072 -117.817 -45.097
v 1.618 -116.666 -47.797
v -0.008 -117.845 -44.938
v -0.002 -118.280 -42.732
v -0.013 -117.340 -46.692
v -0.016 -116.340 -48.157
v 0.052 -116.727 -36.430
v 0.052 -113.898 -32.243
v 0.052 -109.154 -26.310
v 0.052 -104.616 -20.740
v 0.052 -100.979 -15.614
v 0.052 -95.146 -7.875
v 3.401 -94.667 -8.034
v 3.728 -101.084 -16.415
v 3.536 -104.649 -21.523
v 3.153 -108.924 -26.899
v 2.629 -113.463 -32.522
v 2.694 -116.443 -36.718
v 0.052 -97.778 -11.340
v 3.645 -97.682 -11.955
v 6.173 -107.059 -28.352
v 6.312 -110.441 -33.129
v 2.168 -117.384 -39.003
v 0.052 -117.880 -39.578
v 7.103 -99.591 -17.674
v 4.230 -116.988 -39.683
v 6.652 -93.152 -9.297
v 6.935 -96.106 -13.116
v 6.686 -89.046 0.265
v 0.052 -93.438 7.782
v 6.550 -89.293 3.106
v 0.052 -92.228 4.202
v 0.052 -91.430 0.381
v 3.354 -90.576 0.633
v 3.474 -91.521 3.798
v 9.308 -92.459 7.419
v 4.246 -93.086 7.548
v 2.964 -91.828 -4.747
v 0.052 -92.771 -4.624
v 7.110 -88.150 -2.007
v 6.726 -90.529 -5.981
v 8.951 -88.014 -8.479
v 0.052 -91.952 -2.012
v 3.484 -90.910 -1.979
v -0.145 -99.317 -50.665
v 1.287 -100.069 -50.416
v 0.237 -99.706 -50.498
v 9.153 -84.287 -17.305
v 7.000 -83.851 -6.595
v 10.553 -88.028 -26.268
v 12.022 -89.364 -33.309
v 13.407 -89.841 -38.733
v 14.948 -88.532 -41.901
v 14.920 -88.878 -44.405
v 13.915 -91.356 -48.740
v 11.924 -94.438 -49.569
v 9.448 -94.979 -49.791
v 3.762 -97.132 -51.175
v 4.783 -101.381 -23.720
v 7.193 -107.307 -39.178
v 14.559 -89.979 -46.929
v 6.019 -89.603 -12.643
v 7.747 -87.304 -15.954
v 8.479 -91.453 -23.468
v 8.861 -94.519 -31.407
v 10.076 -95.783 -36.711
v 8.271 -100.410 -36.497
v 7.154 -98.277 -29.925
v 7.463 -95.817 -25.113
v 6.027 -105.199 -35.447
v 5.739 -102.160 -29.940
v 6.410 -98.951 -24.366
v 6.710 -95.512 -20.424
v 8.269 -89.461 -19.725
v 6.450 -92.522 -16.294
v 9.824 -101.902 -39.667
v 11.954 -96.768 -40.027
v 9.447 -89.583 -24.989
v 11.399 -93.080 -37.642
v 10.293 -92.094 -32.493
v 13.677 -92.385 -41.268
v 14.182 -93.050 -43.851
v 13.919 -93.727 -45.710
v 13.114 -95.243 -46.816
v 12.134 -96.739 -47.475
v 13.358 -97.617 -42.920
v 11.118 -102.812 -42.168
v 8.381 -107.844 -41.922
v 13.478 -98.353 -44.649
v 11.185 -103.312 -44.016
v 8.572 -108.229 -43.882
v 12.927 -99.264 -45.794
v 10.901 -103.855 -44.996
v 7.645 -108.740 -45.527
v 11.518 -100.499 -46.680
v 10.055 -104.748 -45.892
v 4.368 -109.899 -47.245
v 4.627 -112.104 -46.666
v 5.490 -112.254 -45.481
v 6.140 -112.246 -43.910
v 5.911 -112.149 -41.739
v -0.107 -102.623 -49.827
v 0.502 -104.147 -49.582
v 0.962 -107.818 -48.957
v 1.257 -108.813 -48.707
v 2.129 -110.963 -48.136
v 4.740 -108.928 -46.986
v 9.456 -105.604 -46.098
v 11.495 -100.924 -46.693
v 11.450 -96.821 -47.513
v 0.486 -103.701 -49.587
v 0.589 -109.375 -48.591
v 0.221 -108.799 -48.749
v 0.829 -105.878 -49.317
v 1.775 -111.531 -48.082
v -0.028 -110.999 -48.175
v 0.109 -105.328 -49.361
v 4.805 -108.700 -46.803
v 9.802 -106.076 -46.141
v 12.037 -100.894 -46.469
v 11.517 -96.409 -47.601
v 8.963 -95.233 -49.580
v 3.125 -97.654 -50.516
v 0.793 -101.220 -50.277
v 0.396 -104.619 -49.652
v 0.705 -106.128 -49.356
v 0.879 -107.455 -49.085
v 1.605 -108.970 -48.627
v 2.332 -109.711 -48.260
v 8.444 -95.705 -48.977
v 10.745 -96.604 -47.191
v 11.589 -101.195 -46.201
v 9.722 -106.043 -46.119
v 5.161 -108.352 -46.450
v 2.376 -108.948 -48.221
v 1.912 -107.907 -48.460
v 1.431 -107.409 -48.766
v 0.812 -105.934 -49.109
v 0.501 -104.354 -49.538
v 0.359 -102.743 -50.050
v 2.982 -97.734 -50.086
v 0.581 -105.846 -49.384
v 0.047 -109.784 -48.483
v 4.500 -111.863 -38.741
v 3.549 -114.513 -42.356
v 2.283 -113.650 -46.800
v 0.021 -112.791 -47.374
v 7.722 -83.929 -11.955
v 3.557 -114.501 -44.201
v 3.023 -114.230 -45.673
v 1.501 -115.117 -41.320
v 1.672 -115.156 -42.724
v 1.620 -114.940 -44.384
v 1.433 -114.172 -46.142
v -0.153 -114.947 -44.183
v -0.122 -115.284 -42.639
v -0.133 -114.665 -45.341
v -0.011 -114.104 -46.159
v -0.409 -114.104 -37.812
v -0.482 -111.529 -34.003
v -0.447 -106.839 -28.152
v -0.334 -102.228 -22.514
v -0.289 -98.575 -17.375
v -0.444 -92.826 -9.712
v 2.392 -92.479 -9.822
v 2.789 -98.783 -18.096
v 2.532 -102.348 -23.165
v 1.998 -106.705 -28.554
v 1.457 -111.248 -34.171
v 1.599 -114.018 -38.100
v -0.322 -95.412 -13.147
v 2.668 -95.449 -13.703
v 3.982 -105.338 -29.466
v 4.120 -108.840 -34.405
v 1.384 -114.688 -40.061
v -0.312 -115.002 -40.349
v 5.040 -97.845 -18.975
v 2.787 -114.521 -40.599
v 4.573 -91.494 -10.687
v 4.834 -94.474 -14.503
v 5.169 -86.471 0.545
v -0.244 -90.657 8.867
v 5.430 -86.723 4.179
v -0.401 -89.410 5.126
v -0.679 -88.521 0.460
v 2.219 -87.807 0.865
v 2.738 -88.816 4.866
v 8.642 -90.073 9.109
v 3.747 -90.492 8.970
v 1.848 -89.387 -6.088
v -0.691 -90.218 -6.016
v 5.137 -85.956 -2.553
v 4.632 -88.693 -7.097
v 6.273 -86.845 -9.158
v -0.778 -89.146 -2.677
v 2.255 -88.234 -2.548
v 0.052 -100.010 -53.578
v -2.488 -101.246 -52.848
v -0.405 -100.363 -53.412
v -11.789 -85.207 -16.502
v -9.561 -85.099 -6.009
v -13.096 -89.215 -25.501
v -14.482 -90.717 -32.539
v -15.907 -90.897 -37.683
v -17.667 -89.285 -41.222
v -17.747 -89.500 -44.258
v -16.513 -92.295 -49.646
v -13.596 -95.992 -51.424
v -9.939 -97.510 -51.288
v -5.122 -99.523 -52.240
v -6.773 -103.213 -22.598
v -9.513 -108.479 -37.856
v -17.354 -90.653 -47.300
v -8.591 -90.629 -11.757
v -10.403 -88.170 -15.162
v -11.164 -92.384 -22.869
v -11.491 -95.561 -30.740
v -12.575 -96.700 -35.535
v -10.745 -101.377 -35.306
v -9.830 -99.269 -29.389
v -10.182 -96.735 -24.683
v -8.477 -106.316 -34.340
v -8.298 -103.375 -29.279
v -8.991 -100.147 -23.769
v -9.296 -96.575 -19.627
v -10.942 -90.319 -18.981
v -9.022 -93.502 -15.357
v -12.146 -102.858 -38.187
v -14.382 -97.480 -38.584
v -12.057 -90.653 -24.289
v -13.896 -94.058 -36.510
v -12.820 -93.324 -31.742
v -16.300 -93.086 -40.231
v -17.008 -93.602 -43.520
v -16.726 -94.325 -46.121
v -15.606 -96.055 -48.082
v -13.791 -97.851 -49.634
v -16.053 -98.359 -42.138
v -13.607 -103.959 -41.188
v -10.797 -109.204 -41.029
v -16.253 -99.164 -44.881
v -13.768 -104.646 -44.001
v -11.055 -109.740 -44.034
v -15.390 -100.188 -47.040
v -13.248 -105.210 -46.072
v -9.768 -110.116 -46.993
v -13.187 -101.383 -48.934
v -11.733 -105.876 -48.025
v -5.744 -110.586 -49.762
v -6.066 -113.351 -48.916
v -7.388 -113.920 -46.970
v -8.345 -114.132 -44.242
v -8.091 -113.955 -41.013
v 0.052 -103.260 -52.755
v -1.082 -104.613 -52.465
v -1.239 -108.406 -51.875
v -1.597 -109.455 -51.604
v -2.838 -111.706 -50.926
v -5.766 -109.238 -49.747
v -10.057 -106.039 -48.980
v -11.777 -101.512 -49.610
v -11.656 -98.297 -50.105
v -0.608 -104.184 -52.541
v -0.553 -110.089 -51.504
v 0.052 -109.430 -51.677
v -1.256 -106.286 -52.241
v -2.082 -112.701 -50.814
v 0.052 -112.005 -51.002
v 0.052 -105.777 -52.326
v -5.559 -108.291 -49.649
v -9.433 -105.781 -49.114
v -10.937 -101.176 -49.286
v -10.850 -98.305 -49.857
v -9.525 -97.944 -50.678
v -4.766 -99.734 -51.790
v -2.539 -102.318 -52.369
v -1.841 -105.016 -52.191
v -1.944 -106.384 -52.027
v -1.818 -107.802 -51.875
v -2.521 -109.297 -51.430
v -3.514 -109.842 -50.967
v -9.110 -98.407 -50.032
v -10.110 -98.513 -49.443
v -10.293 -101.257 -48.952
v -8.920 -105.379 -48.960
v -5.400 -107.455 -49.292
v -3.700 -108.652 -50.843
v -3.199 -107.990 -51.116
v -2.869 -107.548 -51.335
v -2.581 -106.076 -51.448
v -2.547 -104.753 -51.590
v -2.525 -103.499 -51.859
v -4.683 -99.836 -51.237
v -0.518 -106.352 -52.341
v 0.052 -110.546 -51.384
v -6.459 -113.638 -37.480
v -5.023 -117.041 -42.019
v -2.804 -115.580 -49.011
v 0.052 -114.576 -49.785
v -10.394 -84.875 -11.327
v -4.904 -117.076 -44.719
v -4.028 -116.648 -47.063
v -1.974 -118.013 -40.789
v -2.135 -118.101 -42.748
v -1.968 -117.817 -45.097
v -1.514 -116.666 -47.797
v 0.112 -117.845 -44.938
v 0.106 -118.280 -42.732
v 0.117 -117.340 -46.692
v 0.120 -116.340 -48.157
v 0.052 -116.727 -36.430
v 0.052 -113.898 -32.243
v 0.052 -109.154 -26.310
v 0.052 -104.616 -20.740
v 0.052 -100.979 -15.614
v 0.052 -95.146 -7.875
v -3.297 -94.667 -8.034
v -3.624 -101.084 -16.415
v -3.432 -104.649 -21.523
v -3.049 -108.924 -26.899
v -2.525 -113.463 -32.522
v -2.590 -116.443 -36.718
v 0.052 -97.778 -11.340
v -3.541 -97.682 -11.955
v -6.069 -107.059 -28.352
v -6.208 -110.441 -33.129
v -2.064 -117.384 -39.003
v 0.052 -117.880 -39.578
v -6.999 -99.591 -17.674
v -4.126 -116.988 -39.683
v -6.548 -93.152 -9.297
v -6.831 -96.106 -13.116
v -6.582 -89.046 0.265
v 0.052 -93.438 7.782
v -6.446 -89.293 3.106
v 0.052 -92.228 4.202
v 0.052 -91.430 0.381
v -3.250 -90.576 0.633
v -3.370 -91.521 3.798
v -9.204 -92.459 7.419
v -4.142 -93.086 7.548
v -2.860 -91.828 -4.747
v 0.052 -92.771 -4.624
v -7.006 -88.150 -2.007
v -6.622 -90.529 -5.981
v -8.847 -88.014 -8.479
v 0.052 -91.952 -2.012
v -3.380 -90.910 -1.979
v 0.249 -99.317 -50.665
v -1.183 -100.069 -50.416
v -0.133 -99.706 -50.498
v -9.049 -84.287 -17.305
v -6.896 -83.851 -6.595
v -10.449 -88.028 -26.268
v -11.918 -89.364 -33.309
v -13.303 -89.841 -38.733
v -14.844 -88.532 -41.901
v -14.816 -88.878 -44.405
v -13.811 -91.356 -48.740
v -11.820 -94.438 -49.569
v -9.344 -94.979 -49.791
v -3.658 -97.132 -51.175
v -4.679 -101.381 -23.720
v -7.089 -107.307 -39.178
v -14.455 -89.979 -46.929
v -5.915 -89.603 -12.643
v -7.643 -87.304 -15.954
v -8.375 -91.453 -23.468
v -8.757 -94.519 -31.407
v -9.972 -95.783 -36.711
v -8.167 -100.410 -36.497
v -7.050 -98.277 -29.925
v -7.359 -95.817 -25.113
v -5.923 -105.199 -35.447
v -5.635 -102.160 -29.940
v -6.306 -98.951 -24.366
v -6.606 -95.512 -20.424
v -8.165 -89.461 -19.725
v -6.346 -92.522 -16.294
v -9.720 -101.902 -39.667
v -11.850 -96.768 -40.027
v -9.343 -89.583 -24.989
v -11.295 -93.080 -37.642
v -10.189 -92.094 -32.493
v -13.573 -92.385 -41.268
v -14.078 -93.050 -43.851
v -13.815 -93.727 -45.710
v -13.010 -95.243 -46.816
v -12.030 -96.739 -47.475
v -13.254 -97.617 -42.920
v -11.014 -102.812 -42.168
v -8.277 -107.844 -41.922
v -13.374 -98.353 -44.649
v -11.081 -103.312 -44.016
v -8.468 -108.229 -43.882
v -12.823 -99.264 -45.794
v -10.797 -103.855 -44.996
v -7.541 -108.740 -45.527
v -11.414 -100.499 -46.680
v -9.951 -104.748 -45.892
v -4.264 -109.899 -47.245
v -4.523 -112.104 -46.666
v -5.386 -112.254 -45.481
v -6.036 -112.246 -43.910
v -5.807 -112.149 -41.739
v 0.211 -102.623 -49.827
v -0.398 -104.147 -49.582
v -0.858 -107.818 -48.957
v -1.153 -108.813 -48.707
v -2.025 -110.963 -48.136
v -4.636 -108.928 -46.986
v -9.352 -105.604 -46.098
v -11.391 -100.924 -46.693
v -11.346 -96.821 -47.513
v -0.382 -103.701 -49.587
v -0.485 -109.375 -48.591
v -0.117 -108.799 -48.749
v -0.725 -105.878 -49.317
v -1.671 -111.531 -48.082
v 0.132 -110.999 -48.175
v -0.005 -105.328 -49.361
v -4.701 -108.700 -46.803
v -9.698 -106.076 -46.141
v -11.933 -100.894 -46.469
v -11.413 -96.409 -47.601
v -8.859 -95.233 -49.580
v -3.021 -97.654 -50.516
v -0.689 -101.220 -50.277
v -0.292 -104.619 -49.652
v -0.601 -106.128 -49.356
v -0.775 -107.455 -49.085
v -1.501 -108.970 -48.627
v -2.228 -109.711 -48.260
v -8.340 -95.705 -48.977
v -10.641 -96.604 -47.191
v -11.485 -101.195 -46.201
v -9.618 -106.043 -46.119
v -5.057 -108.352 -46.450
v -2.272 -108.948 -48.221
v -1.808 -107.907 -48.460
v -1.327 -107.409 -48.766
v -0.708 -105.934 -49.109
v -0.397 -104.354 -49.538
v -0.255 -102.743 -50.050
v -2.878 -97.734 -50.086
v -0.477 -105.846 -49.384
v 0.057 -109.784 -48.483
v -4.396 -111.863 -38.741
v -3.445 -114.513 -42.356
v -2.179 -113.650 -46.800
v 0.083 -112.791 -47.374
v -7.618 -83.929 -11.955
v -3.453 -114.501 -44.201
v -2.919 -114.230 -45.673
v -1.397 -115.117 -41.320
v -1.568 -115.156 -42.724
v -1.516 -114.940 -44.384
v -1.329 -114.172 -46.142
v 0.257 -114.947 -44.183
v 0.226 -115.284 -42.639
v 0.237 -114.665 -45.341
v 0.115 -114.104 -46.159
v 0.513 -114.104 -37.812
v 0.586 -111.529 -34.003
v 0.551 -106.839 -28.152
v 0.438 -102.228 -22.514
v 0.393 -98.575 -17.375
v 0.548 -92.826 -9.712
v -2.288 -92.479 -9.822
v -2.685 -98.783 -18.096
v -2.428 -102.348 -23.165
v -1.894 -106.705 -28.554
v -1.353 -111.248 -34.171
v -1.495 -114.018 -38.100
v 0.426 -95.412 -13.147
v -2.564 -95.449 -13.703
v -3.878 -105.338 -29.466
v -4.016 -108.840 -34.405
v -1.280 -114.688 -40.061
v 0.416 -115.002 -40.349
v -4.936 -97.845 -18.975
v -2.683 -114.521 -40.599
v -4.469 -91.494 -10.687
v -4.730 -94.474 -14.503
v -5.065 -86.471 0.545
v 0.348 -90.657 8.867
v -5.326 -86.723 4.179
v 0.505 -89.410 5.126
v 0.783 -88.521 0.460
v -2.115 -87.807 0.865
v -2.634 -88.816 4.866
v -8.538 -90.073 9.109
v -3.643 -90.492 8.970
v -1.744 -89.387 -6.088
v 0.795 -90.218 -6.016
v -5.033 -85.956 -2.553
v -4.528 -88.693 -7.097
v -6.169 -86.845 -9.158
v 0.882 -89.146 -2.677
v -2.151 -88.234 -2.548
v 33.267 -84.171 -66.545
v 29.074 -87.270 -58.396
v 24.015 -89.895 -53.794
v 19.037 -91.574 -50.756
v 31.434 -86.099 -61.914
v 33.960 -81.724 -74.639
v 33.654 -82.740 -71.700
v 33.527 -83.465 -69.111
v 35.627 -81.270 -71.785
v 35.934 -81.529 -68.640
v 35.344 -82.450 -65.233
v 33.752 -84.011 -61.131
v 31.171 -85.550 -57.212
v 25.671 -87.858 -51.082
v 20.616 -88.656 -47.330
v 20.115 -89.838 -49.003
v 24.872 -88.826 -52.351
v 30.106 -86.405 -57.840
v 32.643 -85.040 -61.699
v 34.042 -83.498 -66.077
v 34.535 -82.766 -68.828
v 34.594 -82.295 -70.889
v 17.851 -89.500 -44.258
v 16.617 -92.295 -49.646
v 17.458 -90.653 -47.300
v 31.313 -81.908 -66.296
v 27.280 -84.926 -58.939
v 22.419 -87.529 -54.718
v 17.620 -89.235 -51.990
v 29.522 -83.799 -62.135
v 32.229 -79.363 -73.987
v 31.927 -80.366 -71.085
v 31.714 -81.118 -68.661
v 33.804 -78.954 -71.226
v 33.961 -79.294 -68.308
v 33.353 -80.213 -65.053
v 31.816 -81.721 -61.211
v 29.379 -83.186 -57.665
v 24.154 -85.438 -51.996
v 19.173 -86.234 -48.355
v 18.697 -87.453 -50.146
v 23.311 -86.433 -53.262
v 28.316 -84.049 -58.339
v 30.709 -82.749 -61.802
v 32.068 -81.249 -65.863
v 32.636 -80.476 -68.444
v 32.781 -79.964 -70.361
v 16.316 -87.086 -45.161
v 15.212 -89.965 -50.910
v 15.979 -88.271 -48.368
v -33.163 -84.171 -66.545
v -28.970 -87.270 -58.396
v -23.911 -89.895 -53.794
v -18.933 -91.574 -50.756
v -31.330 -86.099 -61.914
v -33.856 -81.724 -74.639
v -33.550 -82.740 -71.700
v -33.423 -83.465 -69.111
v -35.523 -81.270 -71.785
v -35.830 -81.529 -68.640
v -35.240 -82.450 -65.233
v -33.648 -84.011 -61.131
v -31.067 -85.550 -57.212
v -25.567 -87.858 -51.082
v -20.512 -88.656 -47.330
v -20.011 -89.838 -49.003
v -24.768 -88.826 -52.351
v -30.002 -86.405 -57.840
v -32.539 -85.040 -61.699
v -33.938 -83.498 -66.077
v -34.431 -82.766 -68.828
v -34.490 -82.295 -70.889
v -17.747 -89.500 -44.258
v -16.513 -92.295 -49.646
v -17.354 -90.653 -47.300
v -31.209 -81.908 -66.296
v -27.176 -84.926 -58.939
v -22.315 -87.529 -54.718
v -17.516 -89.235 -51.990
v -29.418 -83.799 -62.135
v -32.125 -79.363 -73.987
v -31.823 -80.366 -71.085
v -31.610 -81.118 -68.661
v -33.700 -78.954 -71.226
v -33.857 -79.294 -68.308
v -33.249 -80.213 -65.053
v -31.712 -81.721 -61.211
v -29.275 -83.186 -57.665
v -24.050 -85.438 -51.996
v -19.069 -86.234 -48.355
v -18.593 -87.453 -50.146
v -23.207 -86.433 -53.262
v -28.212 -84.049 -58.339
v -30.605 -82.749 -61.802
v -31.964 -81.249 -65.863
v -32.532 -80.476 -68.444
v -32.677 -79.964 -70.361
v -16.212 -87.086 -45.161
v -15.108 -89.965 -50.910
v -15.875 -88.271 -48.368
v 43.038 56.065 -43.391
v 47.882 49.271 -43.489
v 53.701 41.530 -43.548
v 58.003 34.120 -43.841
v 38.314 62.614 -43.159
v 70.433 51.283 3.073
v 64.723 66.436 5.414
v 9.325 75.324 -40.308
v 16.726 74.525 -40.244
v 25.475 71.697 -40.854
v 32.041 67.982 -42.076
v 0.052 75.318 -40.182
v 60.419 35.650 -38.067
v 60.066 76.619 9.130
v 54.603 85.526 12.468
v 45.786 95.553 17.048
v 37.881 102.423 21.106
v 27.064 104.986 27.912
v 16.216 104.194 34.932
v 8.457 103.278 39.979
v 0.052 101.106 47.281
v 65.522 54.460 -10.939
v 59.393 49.119 -27.673
v 59.544 42.592 -33.813
v 0.052 105.530 29.806
v 0.052 105.096 11.171
v 0.052 101.182 -3.963
v 0.052 91.376 -20.859
v 0.052 82.102 -31.322
v 61.833 51.593 -21.068
v 8.669 105.835 26.047
v 9.407 105.087 9.845
v 9.695 101.701 -4.956
v 9.247 97.828 -13.893
v 8.326 91.315 -21.526
v 8.799 81.128 -33.025
v 0.052 97.722 -12.691
v 17.069 105.821 21.049
v 17.183 104.668 7.282
v 17.278 101.964 -6.317
v 16.385 96.521 -15.391
v 15.391 87.794 -24.811
v 16.477 79.261 -33.931
v 28.684 104.782 14.426
v 27.167 102.164 4.262
v 26.356 97.924 -9.460
v 24.638 91.623 -18.144
v 24.221 83.003 -27.115
v 24.551 76.027 -35.087
v 37.529 100.155 11.386
v 35.434 97.420 1.480
v 33.314 92.601 -11.675
v 31.431 86.433 -20.185
v 31.047 78.448 -28.425
v 32.114 71.901 -36.201
v 44.880 93.982 7.766
v 43.177 91.243 -1.322
v 39.868 85.202 -14.289
v 38.038 78.704 -23.414
v 36.714 72.091 -31.862
v 38.673 65.986 -38.062
v 53.452 85.138 4.084
v 51.168 83.883 -2.632
v 47.764 76.503 -15.138
v 46.052 71.338 -23.860
v 45.439 64.548 -31.129
v 45.108 59.203 -36.598
v 58.998 76.480 2.720
v 57.737 74.934 -3.505
v 52.924 69.170 -16.585
v 51.556 64.419 -23.515
v 50.559 59.194 -29.850
v 49.516 52.369 -37.226
v 63.725 66.469 -0.049
v 61.386 66.025 -6.606
v 57.361 62.442 -16.909
v 55.815 58.167 -23.397
v 54.879 52.134 -30.952
v 54.622 46.442 -36.708
v 68.171 53.753 -4.315
v 51.037 50.604 -37.071
v 57.926 52.827 -25.921
v 61.041 53.514 -20.332
v 23.225 76.559 -34.897
v 23.009 72.494 -40.683
v 0.052 88.837 -23.725
v 8.441 88.842 -24.318
v 40.885 54.470 -42.040
v 45.752 47.675 -42.106
v 51.470 40.051 -42.194
v 55.701 32.723 -42.518
v 36.394 60.779 -41.764
v 67.689 50.171 3.551
v 62.040 65.179 5.888
v 9.186 72.953 -38.473
v 16.211 72.155 -38.478
v 24.570 69.341 -39.232
v 30.687 65.775 -40.561
v 0.112 72.954 -38.337
v 58.170 34.247 -36.662
v 57.531 75.079 9.577
v 52.359 83.588 12.926
v 43.922 93.269 17.599
v 36.675 99.701 21.481
v 26.704 102.008 27.864
v 16.096 101.218 34.564
v 8.425 100.338 39.387
v 0.056 98.177 46.630
v 63.096 53.132 -9.778
v 57.261 47.618 -26.189
v 57.465 41.167 -32.187
v 0.084 102.552 29.431
v 0.171 102.123 11.554
v 0.246 98.333 -3.045
v 0.228 89.090 -18.926
v 0.158 79.806 -29.394
v 59.591 50.118 -19.729
v 8.658 102.843 25.838
v 9.499 102.115 10.247
v 9.846 98.863 -3.997
v 9.357 95.294 -12.290
v 8.359 89.051 -19.559
v 8.708 78.825 -31.103
v 0.271 95.134 -11.189
v 16.963 102.823 21.065
v 16.998 101.718 7.804
v 16.963 99.184 -5.234
v 16.059 94.133 -13.605
v 14.999 85.603 -22.800
v 15.998 76.973 -32.053
v 28.036 101.881 14.830
v 26.296 99.404 5.049
v 25.376 95.417 -8.139
v 23.812 89.448 -16.250
v 23.419 80.873 -25.159
v 23.715 73.740 -33.337
v 36.150 97.586 12.089
v 34.029 94.976 2.506
v 31.931 90.374 -10.214
v 30.224 84.405 -18.332
v 29.902 76.371 -26.588
v 30.859 69.702 -34.592
v 43.080 91.708 8.535
v 41.488 89.065 -0.137
v 38.226 83.218 -12.751
v 36.515 76.788 -21.678
v 35.172 70.131 -30.195
v 36.893 64.070 -36.590
v 51.276 83.210 4.825
v 49.201 81.993 -1.384
v 45.876 74.724 -13.630
v 44.196 69.605 -22.261
v 43.523 62.885 -29.528
v 43.048 57.600 -35.120
v 56.523 74.937 3.420
v 55.464 73.380 -2.316
v 50.816 67.606 -15.133
v 49.464 62.886 -22.005
v 48.501 57.691 -28.268
v 47.437 50.812 -35.727
v 61.103 65.189 0.651
v 58.983 64.655 -5.447
v 55.135 61.002 -15.507
v 53.665 56.679 -21.927
v 52.813 50.633 -29.377
v 52.519 44.942 -35.182
v 65.507 52.572 -3.602
v 48.994 49.018 -35.552
v 55.780 51.320 -24.464
v 58.790 52.062 -18.981
v 22.573 74.264 -33.079
v 22.335 70.118 -38.978
v 0.193 86.595 -21.736
v 8.400 86.600 -22.324
v -42.934 56.065 -43.391
v -47.778 49.271 -43.489
v -53.597 41.530 -43.548
v -57.899 34.120 -43.841
v -38.211 62.614 -43.159
v -70.329 51.283 3.073
v -64.619 66.436 5.414
v -9.221 75.324 -40.308
v -16.622 74.525 -40.244
v -25.371 71.697 -40.854
v -31.937 67.982 -42.076
v 0.052 75.318 -40.182
v -60.315 35.650 -38.067
v -59.963 76.619 9.130
v -54.499 85.526 12.468
v -45.682 95.553 17.048
v -37.777 102.423 21.106
v -26.960 104.986 27.912
v -16.112 104.194 34.932
v -8.353 103.278 39.979
v 0.052 101.106 47.281
v -65.418 54.460 -10.939
v -59.289 49.119 -27.673
v -59.440 42.592 -33.813
v 0.052 105.530 29.806
v 0.052 105.096 11.171
v 0.052 101.182 -3.963
v 0.052 91.376 -20.859
v 0.052 82.102 -31.322
v -61.729 51.593 -21.068
v -8.565 105.835 26.047
v -9.303 105.087 9.845
v -9.591 101.701 -4.956
v -9.143 97.828 -13.893
v -8.222 91.315 -21.526
v -8.695 81.128 -33.025
v 0.052 97.722 -12.691
v -16.965 105.821 21.049
v -17.079 104.668 7.282
v -17.174 101.964 -6.317
v -16.281 96.521 -15.391
v -15.287 87.794 -24.811
v -16.373 79.261 -33.931
v -28.580 104.782 14.426
v -27.063 102.164 4.262
v -26.252 97.924 -9.460
v -24.535 91.623 -18.144
v -24.117 83.003 -27.115
v -24.447 76.027 -35.087
v -37.425 100.155 11.386
v -35.330 97.420 1.480
v -33.210 92.601 -11.675
v -31.327 86.433 -20.185
v -30.943 78.448 -28.425
v -32.011 71.901 -36.201
v -44.776 93.982 7.766
v -43.073 91.243 -1.322
v -39.764 85.202 -14.289
v -37.934 78.704 -23.414
v -36.610 72.091 -31.862
v -38.569 65.986 -38.062
v -53.348 85.138 4.084
v -51.064 83.883 -2.632
v -47.660 76.503 -15.138
v -45.948 71.338 -23.860
v -45.335 64.548 -31.129
v -45.004 59.203 -36.598
v -58.894 76.480 2.720
v -57.634 74.934 -3.505
v -52.820 69.170 -16.585
v -51.452 64.419 -23.515
v -50.455 59.194 -29.850
v -49.412 52.369 -37.226
v -63.621 66.469 -0.049
v -61.282 66.025 -6.606
v -57.257 62.442 -16.909
v -55.711 58.167 -23.397
v -54.775 52.134 -30.952
v -54.518 46.442 -36.708
v -68.067 53.753 -4.315
v -50.933 50.604 -37.071
v -57.822 52.827 -25.921
v -60.937 53.514 -20.332
v -23.121 76.559 -34.897
v -22.905 72.494 -40.683
v 0.052 88.837 -23.725
v -8.337 88.842 -24.318
v -40.781 54.470 -42.040
v -45.648 47.675 -42.106
v -51.366 40.051 -42.194
v -55.597 32.723 -42.518
v -36.290 60.779 -41.764
v -67.585 50.171 3.551
v -61.936 65.179 5.888
v -9.082 72.953 -38.473
v -16.107 72.155 -38.478
v -24.466 69.341 -39.232
v -30.583 65.775 -40.561
v -0.008 72.954 -38.337
v -58.066 34.247 -36.662
v -57.427 75.079 9.577
v -52.255 83.588 12.926
v -43.818 93.269 17.599
v -36.571 99.701 21.481
v -26.600 102.008 27.864
v -15.992 101.218 34.564
v -8.321 100.338 39.387
v 0.048 98.177 46.630
v -62.992 53.132 -9.778
v -57.157 47.618 -26.189
v -57.361 41.167 -32.187
v 0.020 102.552 29.431
v -0.067 102.123 11.554
v -0.142 98.333 -3.045
v -0.125 89.090 -18.926
v -0.054 79.806 -29.394
v -59.487 50.118 -19.729
v -8.554 102.843 25.838
v -9.395 102.115 10.247
v -9.742 98.863 -3.997
v -9.253 95.294 -12.290
v -8.255 89.051 -19.559
v -8.604 78.825 -31.103
v -0.167 95.134 -11.189
v -16.859 102.823 21.065
v -16.894 101.718 7.804
v -16.859 99.184 -5.234
v -15.955 94.133 -13.605
v -14.895 85.603 -22.800
v -15.894 76.973 -32.053
v -27.932 101.881 14.830
v -26.192 99.404 5.049
v -25.272 95.417 -8.139
v -23.709 89.448 -16.250
v -23.315 80.873 -25.159
v -23.611 73.740 -33.337
v -36.046 97.586 12.089
v -33.925 94.976 2.506
v -31.827 90.374 -10.214
v -30.120 84.405 -18.332
v -29.798 76.371 -26.588
v -30.755 69.702 -34.592
v -42.976 91.708 8.535
v -41.384 89.065 -0.137
v -38.122 83.218 -12.751
v -36.411 76.788 -21.678
v -35.068 70.131 -30.195
v -36.789 64.070 -36.590
v -51.172 83.210 4.825
v -49.097 81.993 -1.384
v -45.772 74.724 -13.630
v -44.092 69.605 -22.261
v -43.419 62.885 -29.528
v -42.944 57.600 -35.120
v -56.419 74.937 3.420
v -55.360 73.380 -2.316
v -50.712 67.606 -15.133
v -49.360 62.886 -22.005
v -48.397 57.691 -28.268
v -47.333 50.812 -35.727
v -60.999 65.189 0.651
v -58.879 64.655 -5.447
v -55.031 61.002 -15.507
v -53.561 56.679 -21.927
v -52.709 50.633 -29.377
v -52.415 44.942 -35.182
v -65.403 52.572 -3.602
v -48.890 49.018 -35.552
v -55.676 51.320 -24.464
v -58.686 52.062 -18.981
v -22.469 74.264 -33.079
v -22.231 70.118 -38.978
v -0.089 86.595 -21.736
v -8.297 86.600 -22.324
v 21.790 -86.980 -69.286
v 16.668 -96.139 -58.395
v -0.072 -96.508 -73.215
v 1.460 -96.547 -73.249
v 5.755 -95.764 -73.241
v 8.647 -94.479 -73.051
v 13.506 -91.863 -73.115
v 22.665 -88.448 -67.811
v 18.174 -87.264 -73.159
v 10.376 -99.073 -57.408
v 6.631 -100.409 -57.546
v 19.137 -88.755 -69.760
v 21.297 -85.605 -70.235
v 14.119 -92.729 -68.995
v 8.528 -96.023 -68.478
v 6.223 -96.988 -68.432
v 3.340 -98.017 -68.452
v 1.373 -98.951 -68.267
v 3.253 -96.382 -73.251
v 20.366 -91.094 -67.014
v 20.872 -83.797 -73.020
v 15.313 -96.431 -64.948
v 25.931 -89.594 -63.048
v 11.239 -99.536 -63.257
v 7.796 -101.593 -61.339
v 3.816 -102.312 -62.261
v 7.194 -98.224 -67.098
v 7.070 -99.822 -65.089
v 4.589 -101.809 -60.143
v 3.981 -100.738 -57.678
v 2.854 -100.125 -54.875
v 9.219 -97.161 -67.356
v 10.313 -98.603 -65.123
v 4.039 -100.865 -65.078
v 24.262 -89.390 -65.578
v 14.724 -95.472 -66.133
v 20.006 -90.598 -67.812
v 19.520 -89.735 -68.838
v 22.616 -92.068 -61.077
v 14.389 -93.924 -67.832
v 22.267 -87.798 -68.506
v 2.247 -100.683 -66.331
v 1.488 -101.696 -65.169
v -0.053 -101.971 -64.908
v 1.027 -102.263 -63.041
v 3.570 -99.253 -67.245
v -0.049 -102.315 -63.583
v 21.525 -92.035 -64.062
v 16.442 -96.704 -61.870
v 7.447 -101.089 -59.829
v 10.891 -99.868 -60.282
v 15.885 -89.863 -73.203
v 17.832 -93.786 -66.028
v 16.858 -91.985 -68.277
v 19.033 -94.425 -62.946
v 19.660 -94.324 -59.466
v 16.509 -91.157 -69.100
v 17.337 -93.138 -66.998
v 6.178 -99.714 -54.397
v 9.990 -98.284 -54.353
v 16.485 -95.067 -54.580
v 19.494 -93.459 -55.609
v 23.214 -91.442 -57.582
v 27.156 -88.862 -60.459
v 31.200 -85.364 -67.135
v 33.267 -84.171 -66.545
v 29.074 -87.270 -58.396
v 24.015 -89.895 -53.794
v 19.037 -91.574 -50.756
v 13.612 -97.694 -57.773
v 11.147 -93.336 -73.027
v 11.325 -94.554 -68.835
v 13.393 -98.095 -64.230
v 12.633 -97.020 -65.678
v 11.905 -95.521 -67.575
v 13.805 -98.433 -60.979
v 13.435 -96.745 -54.526
v 29.183 -87.629 -63.439
v 31.434 -86.099 -61.914
v 23.799 -87.104 -68.156
v 22.464 -84.179 -70.493
v 27.511 -88.116 -64.847
v 25.609 -87.972 -66.319
v 22.929 -85.580 -69.533
v 22.742 -82.359 -73.128
v 23.397 -86.402 -68.851
v 32.337 -84.068 -69.381
v 32.367 -83.277 -71.838
v 31.684 -82.557 -74.304
v 29.517 -82.139 -76.512
v 33.654 -82.740 -71.700
v 33.527 -83.465 -69.111
v 23.306 -82.786 -74.520
v 21.941 -84.139 -75.075
v 19.397 -87.186 -75.109
v 16.414 -90.143 -75.372
v 13.496 -92.239 -75.670
v 11.270 -93.782 -75.905
v 8.836 -95.378 -75.938
v 5.872 -96.893 -76.260
v 3.749 -97.333 -76.077
v 1.760 -97.590 -75.914
v -0.080 -97.566 -75.830
v 25.908 -82.438 -76.128
v 21.637 -85.616 -77.863
v 18.199 -88.675 -78.187
v 15.205 -91.298 -78.347
v 12.566 -93.580 -78.490
v 9.890 -95.504 -78.542
v 7.168 -96.825 -79.345
v 4.509 -97.671 -79.088
v 2.074 -98.210 -78.758
v -0.088 -98.183 -78.504
v -0.096 -97.360 -81.218
v 2.197 -96.886 -81.535
v 4.692 -96.311 -81.781
v 7.393 -95.557 -81.841
v 9.927 -94.717 -81.208
v 12.944 -92.703 -81.197
v 15.948 -90.344 -81.107
v 19.177 -87.656 -80.647
v 22.570 -85.005 -79.849
v 23.875 -83.666 -76.998
v 25.943 -83.141 -78.563
v 27.326 -82.667 -80.425
v 23.655 -84.314 -82.077
v 19.609 -86.640 -83.169
v 15.881 -88.985 -83.840
v 12.734 -91.008 -83.773
v 9.735 -92.807 -83.640
v 7.062 -93.619 -84.036
v 4.672 -94.253 -83.833
v 2.157 -94.620 -83.712
v -0.100 -95.032 -83.343
v 9.897 -91.499 -84.924
v 12.519 -89.286 -85.997
v 15.168 -87.557 -86.633
v 19.535 -85.345 -85.971
v 24.482 -83.121 -84.692
v 27.448 -82.206 -82.602
v 22.800 -82.929 -87.307
v 8.533 -92.655 -84.422
v 2.592 -101.246 -52.848
v 16.617 -92.295 -49.646
v 13.700 -95.992 -51.424
v 10.043 -97.510 -51.288
v 5.226 -99.523 -52.240
v 28.966 -85.909 -67.490
v 26.656 -86.415 -67.474
v 24.651 -81.465 -72.737
v 23.623 -83.024 -70.665
v 24.113 -84.243 -69.785
v 24.535 -85.015 -69.162
v 24.941 -85.771 -68.516
v 30.902 -84.456 -69.474
v 31.025 -83.429 -71.743
v 29.854 -82.354 -73.849
v 28.656 -81.981 -74.522
v 27.078 -81.713 -74.489
v 25.205 -81.505 -73.567
v 32.019 -81.152 -79.061
v 33.960 -81.724 -74.639
v 30.209 -80.724 -82.775
v 27.521 -80.692 -86.290
v 24.796 -80.972 -89.126
v 21.815 -81.783 -91.385
v 18.871 -84.260 -89.525
v 17.164 -85.717 -88.169
v 30.009 -85.125 -68.558
v 20.549 -85.563 -66.950
v 15.061 -93.658 -58.905
v -0.060 -93.721 -74.324
v 1.300 -93.756 -74.340
v 4.822 -93.092 -74.239
v 7.351 -91.896 -73.856
v 11.792 -89.446 -73.583
v 21.303 -86.607 -65.874
v 16.114 -85.380 -74.260
v 9.256 -96.426 -58.269
v 5.970 -97.634 -58.473
v 17.921 -87.257 -67.462
v 20.139 -84.270 -67.811
v 13.060 -90.892 -66.874
v 7.749 -94.147 -66.270
v 5.539 -95.094 -66.208
v 2.651 -96.060 -66.286
v 0.657 -96.962 -66.139
v 2.752 -93.620 -74.306
v 18.903 -89.092 -65.326
v 18.951 -81.892 -74.319
v 13.910 -94.212 -63.498
v 24.388 -87.089 -62.466
v 10.082 -96.921 -62.353
v 6.834 -98.763 -61.084
v 3.141 -99.487 -61.510
v 6.431 -96.132 -65.086
v 6.263 -97.414 -63.491
v 4.136 -98.989 -61.061
v 3.631 -97.897 -58.581
v 2.133 -97.216 -55.035
v 8.351 -95.141 -65.316
v 9.416 -96.324 -63.390
v 3.251 -98.382 -63.591
v 22.854 -87.155 -64.157
v 13.661 -93.518 -64.121
v 18.719 -88.821 -65.766
v 18.319 -88.092 -66.633
v 20.887 -89.626 -60.850
v 13.321 -92.021 -65.773
v 20.979 -86.223 -66.301
v 1.347 -98.479 -64.505
v 0.853 -98.986 -64.049
v -0.491 -99.088 -64.203
v 0.514 -99.445 -62.150
v 2.820 -97.160 -65.231
v -0.487 -99.432 -62.879
v 19.878 -89.744 -63.041
v 14.733 -94.256 -61.584
v 6.625 -98.327 -60.660
v 9.599 -97.207 -60.781
v 13.967 -87.676 -73.938
v 16.364 -91.688 -64.464
v 15.785 -90.160 -66.152
v 17.263 -92.100 -62.273
v 17.906 -91.897 -59.641
v 15.479 -89.395 -66.900
v 16.176 -91.223 -65.001
v 5.328 -96.882 -54.912
v 8.896 -95.587 -55.079
v 14.903 -92.682 -55.478
v 17.899 -91.047 -56.409
v 21.506 -89.019 -58.041
v 25.463 -86.388 -60.601
v 29.874 -82.799 -66.317
v 31.639 -81.703 -66.031
v 27.356 -84.833 -58.728
v 22.377 -87.486 -54.510
v 17.543 -89.201 -51.823
v 12.231 -95.133 -58.506
v 9.625 -90.808 -73.568
v 10.358 -92.651 -66.726
v 12.121 -95.682 -62.984
v 11.641 -94.958 -63.738
v 10.903 -93.559 -65.541
v 12.303 -95.838 -61.082
v 12.045 -94.203 -55.307
v 27.632 -85.090 -63.045
v 29.723 -83.639 -61.798
v 22.637 -85.378 -65.994
v 21.431 -82.826 -68.022
v 26.288 -85.614 -63.732
v 24.514 -85.811 -64.549
v 21.853 -84.202 -67.096
v 21.333 -79.995 -74.324
v 22.256 -84.919 -66.507
v 31.225 -81.416 -68.529
v 31.662 -80.519 -70.894
v 31.383 -79.682 -73.503
v 29.103 -79.170 -76.435
v 32.514 -80.095 -70.861
v 32.098 -80.912 -68.444
v 22.015 -80.354 -75.709
v 20.110 -82.050 -76.208
v 17.328 -85.174 -75.925
v 14.485 -87.894 -75.845
v 11.733 -89.850 -76.102
v 9.655 -91.325 -76.501
v 7.493 -92.794 -76.661
v 4.927 -94.134 -76.972
v 3.143 -94.501 -76.859
v 1.528 -94.724 -76.771
v -0.083 -94.703 -76.723
v 25.198 -79.687 -77.088
v 19.739 -83.333 -78.292
v 16.232 -86.411 -78.233
v 13.312 -88.969 -78.326
v 10.778 -91.173 -78.522
v 8.371 -92.917 -78.519
v 6.109 -94.049 -78.925
v 3.841 -94.779 -78.657
v 1.749 -95.242 -78.473
v -0.167 -95.188 -78.341
v -0.209 -94.827 -79.617
v 1.962 -94.442 -79.811
v 4.216 -93.900 -80.060
v 6.492 -93.174 -80.256
v 8.556 -92.357 -79.962
v 11.297 -90.410 -80.183
v 14.133 -88.068 -80.376
v 17.323 -85.329 -80.268
v 20.934 -82.491 -79.890
v 22.433 -81.173 -77.837
v 24.861 -80.362 -78.886
v 26.148 -79.933 -80.053
v 22.184 -81.743 -81.602
v 17.987 -84.269 -82.306
v 14.360 -86.744 -82.548
v 11.419 -88.845 -82.163
v 8.618 -90.690 -81.831
v 6.265 -91.491 -82.077
v 4.302 -92.134 -81.741
v 1.995 -92.547 -81.550
v -0.169 -92.981 -81.152
v 8.824 -89.398 -83.071
v 11.325 -87.113 -84.309
v 13.799 -85.271 -85.255
v 18.105 -82.939 -84.893
v 23.082 -80.635 -83.768
v 26.131 -79.632 -81.797
v 21.402 -80.490 -86.262
v 7.560 -90.552 -82.515
v 1.535 -98.457 -52.533
v 15.035 -89.979 -50.714
v 12.152 -93.547 -52.212
v 8.933 -94.797 -51.926
v 4.174 -96.717 -52.379
v 27.962 -83.400 -66.187
v 25.781 -84.294 -65.542
v 23.563 -78.890 -73.828
v 22.614 -81.656 -68.194
v 23.087 -82.860 -67.328
v 23.452 -83.568 -66.767
v 23.891 -84.089 -66.265
v 30.200 -81.755 -68.372
v 30.886 -80.618 -70.706
v 30.291 -79.424 -73.380
v 28.866 -79.006 -74.836
v 26.723 -78.876 -75.397
v 24.313 -78.878 -74.707
v 31.133 -78.343 -78.495
v 33.179 -78.957 -73.779
v 28.955 -78.129 -81.942
v 26.144 -78.235 -85.259
v 23.395 -78.538 -88.068
v 20.395 -79.349 -90.358
v 17.481 -81.812 -88.487
v 15.802 -83.262 -87.116
v 29.193 -82.470 -67.423
v -21.686 -86.980 -69.286
v -16.564 -96.139 -58.395
v 0.176 -96.508 -73.215
v -1.356 -96.547 -73.249
v -5.651 -95.764 -73.241
v -8.543 -94.479 -73.051
v -13.402 -91.863 -73.115
v -22.561 -88.448 -67.811
v -18.070 -87.264 -73.159
v -10.272 -99.073 -57.408
v -6.527 -100.409 -57.546
v -19.033 -88.755 -69.760
v -21.193 -85.605 -70.235
v -14.015 -92.729 -68.995
v -8.424 -96.023 -68.478
v -6.119 -96.988 -68.432
v -3.236 -98.017 -68.452
v -1.269 -98.951 -68.267
v -3.149 -96.382 -73.251
v -20.262 -91.094 -67.014
v -20.768 -83.797 -73.020
v -15.209 -96.431 -64.948
v -25.827 -89.594 -63.048
v -11.135 -99.536 -63.257
v -7.692 -101.593 -61.339
v -3.712 -102.312 -62.261
v -7.090 -98.224 -67.098
v -6.966 -99.822 -65.089
v -4.485 -101.809 -60.143
v -3.877 -100.738 -57.678
v -2.750 -100.125 -54.875
v -9.115 -97.161 -67.356
v -10.209 -98.603 -65.123
v -3.935 -100.865 -65.078
v -24.158 -89.390 -65.578
v -14.620 -95.472 -66.133
v -19.902 -90.598 -67.812
v -19.416 -89.735 -68.838
v -22.512 -92.068 -61.077
v -14.285 -93.924 -67.832
v -22.163 -87.798 -68.506
v -2.143 -100.683 -66.331
v -1.384 -101.696 -65.169
v 0.157 -101.971 -64.908
v -0.923 -102.263 -63.041
v -3.466 -99.253 -67.245
v 0.153 -102.315 -63.583
v -21.421 -92.035 -64.062
v -16.338 -96.704 -61.870
v -7.343 -101.089 -59.829
v -10.787 -99.868 -60.282
v -15.781 -89.863 -73.203
v -17.728 -93.786 -66.028
v -16.754 -91.985 -68.277
v -18.929 -94.425 -62.946
v -19.556 -94.324 -59.466
v -16.405 -91.157 -69.100
v -17.233 -93.138 -66.998
v -6.074 -99.714 -54.397
v -9.886 -98.284 -54.353
v -16.381 -95.067 -54.580
v -19.390 -93.459 -55.609
v -23.110 -91.442 -57.582
v -27.052 -88.862 -60.459
v -31.096 -85.364 -67.135
v -33.163 -84.171 -66.545
v -28.970 -87.270 -58.396
v -23.911 -89.895 -53.794
v -18.933 -91.574 -50.756
v -13.508 -97.694 -57.773
v -11.043 -93.336 -73.027
v -11.221 -94.554 -68.835
v -13.289 -98.095 -64.230
v -12.529 -97.020 -65.678
v -11.801 -95.521 -67.575
v -13.701 -98.433 -60.979
v -13.331 -96.745 -54.526
v -29.079 -87.629 -63.439
v -31.330 -86.099 -61.914
v -23.695 -87.104 -68.156
v -22.360 -84.179 -70.493
v -27.407 -88.116 -64.847
v -25.505 -87.972 -66.319
v -22.825 -85.580 -69.533
v -22.638 -82.359 -73.128
v -23.293 -86.402 -68.851
v -32.233 -84.068 -69.381
v -32.263 -83.277 -71.838
v -31.580 -82.557 -74.304
v -29.413 -82.139 -76.512
v -33.550 -82.740 -71.700
v -33.423 -83.465 -69.111
v -23.202 -82.786 -74.520
v -21.837 -84.139 -75.075
v -19.293 -87.186 -75.109
v -16.310 -90.143 -75.372
v -13.392 -92.239 -75.670
v -11.166 -93.782 -75.905
v -8.732 -95.378 -75.938
v -5.768 -96.893 -76.260
v -3.645 -97.333 -76.077
v -1.656 -97.590 -75.914
v 0.184 -97.566 -75.830
v -25.804 -82.438 -76.128
v -21.533 -85.616 -77.863
v -18.095 -88.675 -78.187
v -15.101 -91.298 -78.347
v -12.462 -93.580 -78.490
v -9.786 -95.504 -78.542
v -7.064 -96.825 -79.345
v -4.405 -97.671 -79.088
v -1.970 -98.210 -78.758
v 0.192 -98.183 -78.504
v 0.200 -97.360 -81.218
v -2.093 -96.886 -81.535
v -4.588 -96.311 -81.781
v -7.289 -95.557 -81.841
v -9.823 -94.717 -81.208
v -12.840 -92.703 -81.197
v -15.844 -90.344 -81.107
v -19.073 -87.656 -80.647
v -22.466 -85.005 -79.849
v -23.771 -83.666 -76.998
v -25.839 -83.141 -78.563
v -27.222 -82.667 -80.425
v -23.551 -84.314 -82.077
v -19.505 -86.640 -83.169
v -15.777 -88.985 -83.840
v -12.630 -91.008 -83.773
v -9.631 -92.807 -83.640
v -6.958 -93.619 -84.036
v -4.568 -94.253 -83.833
v -2.053 -94.620 -83.712
v 0.204 -95.032 -83.343
v -9.793 -91.499 -84.924
v -12.415 -89.286 -85.997
v -15.064 -87.557 -86.633
v -19.431 -85.345 -85.971
v -24.378 -83.121 -84.692
v -27.344 -82.206 -82.602
v -22.696 -82.929 -87.307
v -8.429 -92.655 -84.422
v -2.488 -101.246 -52.848
v -16.513 -92.295 -49.646
v -13.596 -95.992 -51.424
v -9.939 -97.510 -51.288
v -5.122 -99.523 -52.240
v -28.862 -85.909 -67.490
v -26.552 -86.415 -67.474
v -24.547 -81.465 -72.737
v -23.519 -83.024 -70.665
v -24.009 -84.243 -69.785
v -24.431 -85.015 -69.162
v -24.837 -85.771 -68.516
v -30.798 -84.456 -69.474
v -30.921 -83.429 -71.743
v -29.750 -82.354 -73.849
v -28.552 -81.981 -74.522
v -26.974 -81.713 -74.489
v -25.101 -81.505 -73.567
v -31.915 -81.152 -79.061
v -33.856 -81.724 -74.639
v -30.105 -80.724 -82.775
v -27.417 -80.692 -86.290
v -24.692 -80.972 -89.126
v -21.711 -81.783 -91.385
v -18.767 -84.260 -89.525
v -17.060 -85.717 -88.169
v -29.905 -85.125 -68.558
v -20.445 -85.563 -66.950
v -14.957 -93.658 -58.905
v 0.164 -93.721 -74.324
v -1.196 -93.756 -74.340
v -4.718 -93.092 -74.239
v -7.247 -91.896 -73.856
v -11.688 -89.446 -73.583
v -21.199 -86.607 -65.874
v -16.010 -85.380 -74.260
v -9.152 -96.426 -58.269
v -5.866 -97.634 -58.473
v -17.817 -87.257 -67.462
v -20.035 -84.270 -67.811
v -12.956 -90.892 -66.874
v -7.645 -94.147 -66.270
v -5.435 -95.094 -66.208
v -2.547 -96.060 -66.286
v -0.553 -96.962 -66.139
v -2.648 -93.620 -74.306
v -18.799 -89.092 -65.326
v -18.847 -81.892 -74.319
v -13.806 -94.212 -63.498
v -24.284 -87.089 -62.466
v -9.978 -96.921 -62.353
v -6.730 -98.763 -61.084
v -3.037 -99.487 -61.510
v -6.327 -96.132 -65.086
v -6.159 -97.414 -63.491
v -4.032 -98.989 -61.061
v -3.527 -97.897 -58.581
v -2.029 -97.216 -55.035
v -8.247 -95.141 -65.316
v -9.312 -96.324 -63.390
v -3.147 -98.382 -63.591
v -22.750 -87.155 -64.157
v -13.557 -93.518 -64.121
v -18.615 -88.821 -65.766
v -18.215 -88.092 -66.633
v -20.783 -89.626 -60.850
v -13.217 -92.021 -65.773
v -20.875 -86.223 -66.301
v -1.243 -98.479 -64.505
v -0.749 -98.986 -64.049
v 0.595 -99.088 -64.203
v -0.410 -99.445 -62.150
v -2.716 -97.160 -65.231
v 0.591 -99.432 -62.879
v -19.774 -89.744 -63.041
v -14.629 -94.256 -61.584
v -6.521 -98.327 -60.660
v -9.495 -97.207 -60.781
v -13.863 -87.676 -73.938
v -16.260 -91.688 -64.464
v -15.681 -90.160 -66.152
v -17.159 -92.100 -62.273
v -17.802 -91.897 -59.641
v -15.375 -89.395 -66.900
v -16.072 -91.223 -65.001
v -5.224 -96.882 -54.912
v -8.792 -95.587 -55.079
v -14.799 -92.682 -55.478
v -17.795 -91.047 -56.409
v -21.402 -89.019 -58.041
v -25.359 -86.388 -60.601
v -29.770 -82.799 -66.317
v -31.535 -81.703 -66.031
v -27.252 -84.833 -58.728
v -22.273 -87.486 -54.510
v -17.439 -89.201 -51.823
v -12.127 -95.133 -58.506
v -9.521 -90.808 -73.568
v -10.254 -92.651 -66.726
v -12.017 -95.682 -62.984
v -11.537 -94.958 -63.738
v -10.799 -93.559 -65.541
v -12.199 -95.838 -61.082
v -11.941 -94.203 -55.307
v -27.528 -85.090 -63.045
v -29.619 -83.639 -61.798
v -22.533 -85.378 -65.994
v -21.327 -82.826 -68.022
v -26.184 -85.614 -63.732
v -24.410 -85.811 -64.549
v -21.749 -84.202 -67.096
v -21.229 -79.995 -74.324
v -22.152 -84.919 -66.507
v -31.121 -81.416 -68.529
v -31.558 -80.519 -70.894
v -31.279 -79.682 -73.503
v -28.999 -79.170 -76.435
v -32.410 -80.095 -70.861
v -31.994 -80.912 -68.444
v -21.911 -80.354 -75.709
v -20.006 -82.050 -76.208
v -17.224 -85.174 -75.925
v -14.381 -87.894 -75.845
v -11.629 -89.850 -76.102
v -9.551 -91.325 -76.501
v -7.389 -92.794 -76.661
v -4.823 -94.134 -76.972
v -3.039 -94.501 -76.859
v -1.424 -94.724 -76.771
v 0.187 -94.703 -76.723
v -25.094 -79.687 -77.088
v -19.635 -83.333 -78.292
v -16.128 -86.411 -78.233
v -13.208 -88.969 -78.326
v -10.674 -91.173 -78.522
v -8.267 -92.917 -78.519
v -6.005 -94.049 -78.925
v -3.737 -94.779 -78.657
v -1.645 -95.242 -78.473
v 0.271 -95.188 -78.341
v 0.313 -94.827 -79.617
v -1.858 -94.442 -79.811
v -4.112 -93.900 -80.060
v -6.388 -93.174 -80.256
v -8.452 -92.357 -79.962
v -11.193 -90.410 -80.183
v -14.029 -88.068 -80.376
v -17.219 -85.329 -80.268
v -20.830 -82.491 -79.890
v -22.329 -81.173 -77.837
v -24.757 -80.362 -78.886
v -26.044 -79.933 -80.053
v -22.080 -81.743 -81.602
v -17.883 -84.269 -82.306
v -14.256 -86.744 -82.548
v -11.315 -88.845 -82.163
v -8.514 -90.690 -81.831
v -6.161 -91.491 -82.077
v -4.198 -92.134 -81.741
v -1.891 -92.547 -81.550
v 0.273 -92.981 -81.152
v -8.720 -89.398 -83.071
v -11.221 -87.113 -84.309
v -13.695 -85.271 -85.255
v -18.001 -82.939 -84.893
v -22.978 -80.635 -83.768
v -26.027 -79.632 -81.797
v -21.298 -80.490 -86.262
v -7.456 -90.552 -82.515
v -1.431 -98.457 -52.533
v -14.931 -89.979 -50.714
v -12.048 -93.547 -52.212
v -8.829 -94.797 -51.926
v -4.070 -96.717 -52.379
v -27.858 -83.400 -66.187
v -25.677 -84.294 -65.542
v -23.459 -78.890 -73.828
v -22.510 -81.656 -68.194
v -22.983 -82.860 -67.328
v -23.348 -83.568 -66.767
v -23.787 -84.089 -66.265
v -30.096 -81.755 -68.372
v -30.782 -80.618 -70.706
v -30.187 -79.424 -73.380
v -28.762 -79.006 -74.836
v -26.619 -78.876 -75.397
v -24.209 -78.878 -74.707
v -31.029 -78.343 -78.495
v -33.075 -78.957 -73.779
v -28.851 -78.129 -81.942
v -26.040 -78.235 -85.259
v -23.291 -78.538 -88.068
v -20.291 -79.349 -90.358
v -17.377 -81.812 -88.487
v -15.698 -83.262 -87.116
v -29.089 -82.470 -67.423
v 44.468 -72.396 -9.310
v 42.570 -73.794 -12.694
v 40.654 -76.221 -14.974
v 34.740 -79.989 -17.339
v 29.000 -81.519 -17.261
v 24.416 -81.041 -16.130
v 21.529 -79.769 -14.791
v 16.877 -78.762 -13.255
v 16.821 -79.715 -10.321
v 18.404 -80.319 -8.376
v 21.725 -81.008 -6.935
v 25.044 -82.465 -5.219
v 29.694 -84.003 -4.014
v 33.336 -83.663 -3.924
v 37.474 -81.412 -4.756
v 41.010 -77.898 -6.637
v 47.051 -70.486 -9.382
v 50.642 -67.995 -9.122
v 35.179 -78.951 -21.453
v 35.756 -79.466 -24.829
v 23.086 -81.464 -19.596
v 22.244 -82.413 -22.488
v 15.011 -80.866 -14.006
v 12.883 -83.144 -15.651
v 18.764 -81.247 -17.591
v 17.149 -82.426 -19.598
v 28.926 -81.101 -20.205
v 28.419 -81.658 -23.975
v 42.273 -74.396 -17.882
v 44.192 -73.886 -20.638
v 49.906 -69.962 -19.094
v 47.056 -70.851 -16.647
v 44.389 -72.088 -14.491
v 33.539 -83.020 -1.533
v 33.739 -81.816 1.767
v 34.970 -85.172 5.895
v 35.902 -87.212 10.461
v 21.108 -81.501 -3.590
v 20.088 -80.695 -0.103
v 18.931 -87.338 3.930
v 16.690 -91.122 7.252
v 17.830 -80.357 -5.808
v 16.616 -80.256 -4.218
v 14.064 -83.807 -0.963
v 12.117 -89.028 3.522
v 24.689 -82.681 -2.064
v 23.245 -81.164 1.945
v 23.843 -87.525 5.682
v 23.921 -91.113 9.706
v 29.401 -83.484 -1.426
v 28.567 -81.919 1.889
v 29.278 -86.475 6.178
v 29.840 -90.090 11.094
v 38.047 -81.174 -2.084
v 38.975 -80.815 0.787
v 40.741 -82.578 4.074
v 42.672 -83.410 7.692
v 42.724 -77.399 -4.256
v 43.838 -76.865 -2.267
v 46.556 -78.236 1.225
v 48.487 -78.385 3.381
v 15.720 -80.233 -9.347
v 12.646 -81.108 -8.171
v 6.686 -89.046 0.265
v 42.766 -75.314 -7.978
v 45.394 -73.960 -6.330
v 48.538 -72.416 -4.717
v 51.868 -70.019 -4.557
v 43.632 -72.324 -10.787
v 45.692 -70.503 -11.253
v 49.021 -68.354 -12.347
v 53.389 -65.684 -12.840
v 37.888 -78.341 -16.202
v 38.879 -76.908 -19.699
v 40.000 -76.741 -22.704
v 41.645 -77.646 -26.533
v 45.893 -73.936 -23.121
v 17.564 -79.958 -9.300
v 16.799 -80.123 -7.578
v 14.511 -80.277 -6.099
v 11.501 -84.034 -3.189
v 9.081 -87.972 0.545
v 6.550 -89.293 3.106
v 16.643 -79.039 -11.662
v 15.367 -80.554 -11.677
v 12.615 -81.965 -11.955
v 10.498 -84.875 -11.327
v 52.184 -66.700 -9.238
v 36.086 -80.034 -26.690
v 21.504 -83.416 -24.197
v 12.388 -84.174 -16.076
v 16.375 -83.522 -20.864
v 28.328 -82.509 -26.135
v 48.481 -70.407 -17.871
v 34.354 -83.493 3.831
v 19.510 -84.017 1.914
v 15.340 -82.032 -2.591
v 23.544 -84.344 3.813
v 28.922 -84.197 4.033
v 39.858 -81.697 2.431
v 45.197 -77.550 -0.520
v 11.156 -83.103 -7.090
v 50.203 -71.217 -4.637
v 51.205 -67.019 -12.594
v 40.822 -77.193 -24.619
v 13.006 -82.156 -4.645
v 11.557 -83.420 -11.642
v 45.043 -73.911 -21.878
v 49.299 -79.130 7.895
v 44.567 -84.048 12.400
v 9.308 -92.459 7.418
v 15.204 -94.461 11.678
v 53.727 -65.406 -9.352
v 53.685 -70.786 -1.333
v 54.575 -66.343 -5.931
v 23.715 -94.258 13.849
v 30.162 -92.758 15.051
v 37.121 -89.344 14.928
v 9.665 -85.099 -6.009
v 7.110 -88.150 -2.007
v 28.238 -83.359 -28.296
v 36.416 -80.600 -28.551
v 20.764 -84.418 -25.905
v 15.600 -84.620 -22.130
v 11.893 -85.207 -16.502
v 45.759 -71.441 -9.346
v 34.960 -79.470 -19.397
v 23.751 -81.253 -17.864
v 15.944 -79.813 -13.631
v 20.147 -80.507 -16.191
v 28.963 -81.310 -18.733
v 41.463 -75.308 -16.428
v 43.480 -72.940 -13.592
v 33.438 -83.341 -2.728
v 21.417 -81.255 -5.262
v 18.117 -80.338 -7.092
v 24.867 -82.574 -3.641
v 29.548 -83.743 -2.720
v 37.761 -81.293 -3.420
v 41.867 -77.650 -5.447
v 16.271 -79.974 -9.835
v 44.080 -74.637 -7.154
v 44.662 -71.414 -11.019
v 38.383 -77.624 -17.951
v 17.181 -80.040 -8.438
v 16.005 -79.797 -11.668
v 42.788 -70.357 -7.890
v 40.384 -71.753 -12.926
v 38.584 -74.054 -14.822
v 33.574 -77.279 -16.796
v 28.713 -78.543 -17.022
v 24.679 -78.107 -16.696
v 21.577 -77.126 -16.209
v 15.489 -76.342 -14.362
v 15.665 -77.055 -9.552
v 19.003 -77.399 -8.026
v 22.420 -78.118 -6.533
v 25.946 -79.614 -4.984
v 29.986 -81.041 -4.393
v 32.511 -80.821 -4.410
v 35.812 -78.918 -4.609
v 39.101 -75.730 -5.826
v 45.418 -68.243 -8.242
v 48.984 -65.694 -8.142
v 33.968 -76.206 -21.515
v 34.677 -76.784 -25.625
v 22.828 -78.545 -20.234
v 21.644 -79.664 -23.532
v 13.513 -78.401 -14.835
v 10.983 -81.040 -16.631
v 18.102 -78.550 -18.729
v 16.052 -79.919 -20.826
v 28.336 -78.160 -20.298
v 27.685 -78.865 -24.788
v 40.459 -72.021 -18.155
v 42.741 -71.386 -21.441
v 48.407 -67.510 -19.958
v 45.490 -68.397 -17.380
v 42.489 -69.802 -14.899
v 32.859 -80.180 -2.218
v 33.338 -78.923 2.455
v 34.359 -82.748 7.553
v 34.925 -84.730 11.837
v 21.945 -78.619 -3.569
v 19.730 -77.936 1.019
v 18.155 -85.401 6.086
v 16.152 -88.830 9.112
v 18.319 -77.402 -5.656
v 16.139 -77.420 -3.364
v 12.926 -81.715 0.860
v 11.525 -86.723 5.348
v 25.414 -79.795 -2.435
v 23.185 -78.468 3.258
v 23.187 -85.562 7.853
v 23.240 -88.813 11.510
v 29.543 -80.586 -2.187
v 28.684 -79.015 2.632
v 28.735 -84.301 8.175
v 28.987 -87.742 12.756
v 36.614 -78.538 -2.123
v 37.997 -78.151 1.762
v 39.879 -80.116 5.553
v 41.436 -80.906 8.788
v 40.893 -75.126 -3.567
v 42.335 -74.532 -1.127
v 45.275 -75.979 2.728
v 46.759 -76.175 4.446
v 14.710 -77.410 -9.406
v 10.843 -78.711 -8.158
v 5.428 -86.360 0.728
v 40.920 -73.354 -6.657
v 43.625 -71.849 -5.141
v 47.001 -70.261 -3.304
v 50.157 -67.988 -3.162
v 41.630 -70.100 -10.563
v 43.908 -68.110 -10.960
v 47.383 -65.842 -12.432
v 51.720 -63.202 -13.077
v 36.167 -75.928 -15.743
v 37.259 -74.382 -19.730
v 38.684 -74.159 -23.481
v 40.471 -75.092 -27.578
v 44.526 -71.460 -24.122
v 17.620 -77.000 -8.813
v 16.688 -77.128 -7.457
v 13.440 -77.535 -5.517
v 9.808 -81.839 -2.043
v 7.887 -85.502 1.760
v 6.007 -86.667 4.452
v 14.598 -76.880 -11.271
v 13.604 -78.134 -11.871
v 10.615 -79.796 -12.498
v 8.036 -83.233 -11.824
v 50.484 -64.372 -8.409
v 35.074 -77.398 -27.707
v 20.703 -80.801 -25.429
v 10.229 -82.342 -17.066
v 14.990 -81.196 -22.156
v 27.523 -79.824 -27.205
v 46.992 -67.945 -18.721
v 34.085 -81.215 5.764
v 18.395 -82.332 4.133
v 13.989 -79.958 -0.893
v 22.972 -82.702 6.258
v 28.742 -82.229 6.291
v 39.246 -79.326 4.164
v 44.076 -75.313 1.135
v 8.855 -81.189 -6.884
v 48.709 -69.102 -3.124
v 49.560 -64.524 -12.851
v 39.635 -74.645 -25.663
v 11.277 -79.966 -3.539
v 9.094 -81.791 -12.174
v 43.685 -71.424 -22.864
v 47.547 -76.829 8.695
v 43.213 -81.573 13.419
v 8.968 -90.019 9.130
v 14.730 -92.056 13.409
v 51.938 -63.117 -8.603
v 51.911 -68.776 0.013
v 52.634 -64.439 -4.665
v 23.025 -91.886 15.551
v 29.225 -90.411 16.667
v 36.012 -86.912 16.294
v 7.523 -83.049 -5.551
v 5.439 -85.757 -1.312
v 27.414 -80.678 -29.361
v 35.414 -77.960 -29.565
v 19.924 -81.806 -27.118
v 14.208 -82.273 -23.378
v 9.735 -83.366 -17.478
v 44.080 -69.335 -8.026
v 33.756 -76.774 -18.860
v 23.838 -78.295 -18.352
v 14.355 -77.417 -14.483
v 19.916 -77.831 -17.527
v 28.567 -78.349 -18.461
v 39.389 -73.146 -16.289
v 41.319 -70.869 -13.795
v 32.613 -80.498 -3.211
v 22.168 -78.380 -4.850
v 18.638 -77.402 -6.762
v 25.676 -79.690 -3.456
v 29.769 -80.777 -3.104
v 36.172 -78.750 -3.309
v 39.990 -75.454 -4.637
v 15.110 -77.244 -9.383
v 42.283 -72.649 -5.806
v 42.722 -69.165 -10.589
v 36.641 -75.225 -17.498
v 17.218 -77.063 -8.073
v 13.955 -77.625 -11.376
v -44.364 -72.396 -9.310
v -42.466 -73.794 -12.694
v -40.550 -76.221 -14.974
v -34.636 -79.989 -17.339
v -28.896 -81.519 -17.261
v -24.312 -81.041 -16.130
v -21.425 -79.769 -14.791
v -16.773 -78.762 -13.255
v -16.717 -79.715 -10.321
v -18.300 -80.319 -8.376
v -21.621 -81.008 -6.935
v -24.940 -82.465 -5.219
v -29.590 -84.003 -4.014
v -33.232 -83.663 -3.924
v -37.370 -81.412 -4.756
v -40.906 -77.898 -6.637
v -46.947 -70.486 -9.382
v -50.538 -67.995 -9.122
v -35.075 -78.951 -21.453
v -35.652 -79.466 -24.829
v -22.982 -81.464 -19.596
v -22.140 -82.413 -22.488
v -14.907 -80.866 -14.006
v -12.779 -83.144 -15.651
v -18.660 -81.247 -17.591
v -17.045 -82.426 -19.598
v -28.822 -81.101 -20.205
v -28.315 -81.658 -23.975
v -42.169 -74.396 -17.882
v -44.088 -73.886 -20.638
v -49.802 -69.962 -19.094
v -46.952 -70.851 -16.647
v -44.285 -72.088 -14.491
v -33.435 -83.020 -1.533
v -33.635 -81.816 1.767
v -34.866 -85.172 5.895
v -35.798 -87.212 10.461
v -21.004 -81.501 -3.590
v -19.984 -80.695 -0.103
v -18.827 -87.338 3.930
v -16.586 -91.122 7.252
v -17.726 -80.357 -5.808
v -16.512 -80.256 -4.218
v -13.960 -83.807 -0.963
v -12.013 -89.028 3.522
v -24.585 -82.681 -2.064
v -23.141 -81.164 1.945
v -23.739 -87.525 5.682
v -23.817 -91.113 9.706
v -29.297 -83.484 -1.426
v -28.463 -81.919 1.889
v -29.174 -86.475 6.178
v -29.736 -90.090 11.094
v -37.943 -81.174 -2.084
v -38.871 -80.815 0.787
v -40.637 -82.578 4.074
v -42.568 -83.410 7.692
v -42.620 -77.399 -4.256
v -43.734 -76.865 -2.267
v -46.452 -78.236 1.225
v -48.383 -78.385 3.381
v -15.616 -80.233 -9.347
v -12.542 -81.108 -8.171
v -6.582 -89.046 0.265
v -42.662 -75.314 -7.978
v -45.290 -73.960 -6.330
v -48.434 -72.416 -4.717
v -51.764 -70.019 -4.557
v -43.528 -72.324 -10.787
v -45.588 -70.503 -11.253
v -48.917 -68.354 -12.347
v -53.285 -65.684 -12.840
v -37.784 -78.341 -16.202
v -38.775 -76.908 -19.699
v -39.896 -76.741 -22.704
v -41.541 -77.646 -26.533
v -45.789 -73.936 -23.121
v -17.460 -79.958 -9.300
v -16.695 -80.123 -7.578
v -14.407 -80.277 -6.099
v -11.397 -84.034 -3.189
v -8.977 -87.972 0.545
v -6.446 -89.293 3.106
v -16.539 -79.039 -11.662
v -15.263 -80.554 -11.677
v -12.511 -81.965 -11.955
v -10.394 -84.875 -11.327
v -52.080 -66.700 -9.238
v -35.982 -80.034 -26.690
v -21.400 -83.416 -24.197
v -12.284 -84.174 -16.076
v -16.271 -83.522 -20.864
v -28.224 -82.509 -26.135
v -48.377 -70.407 -17.871
v -34.250 -83.493 3.831
v -19.406 -84.017 1.914
v -15.236 -82.032 -2.591
v -23.440 -84.344 3.813
v -28.818 -84.197 4.033
v -39.754 -81.697 2.431
v -45.093 -77.550 -0.520
v -11.052 -83.103 -7.090
v -50.099 -71.217 -4.637
v -51.101 -67.019 -12.594
v -40.718 -77.193 -24.619
v -12.902 -82.156 -4.645
v -11.453 -83.420 -11.642
v -44.939 -73.911 -21.878
v -49.195 -79.130 7.895
v -44.463 -84.048 12.400
v -9.204 -92.459 7.418
v -15.100 -94.461 11.678
v -53.623 -65.406 -9.352
v -53.581 -70.786 -1.333
v -54.471 -66.343 -5.931
v -23.611 -94.258 13.849
v -30.058 -92.758 15.051
v -37.017 -89.344 14.928
v -9.561 -85.099 -6.009
v -7.006 -88.150 -2.007
v -28.134 -83.359 -28.296
v -36.312 -80.600 -28.551
v -20.660 -84.418 -25.905
v -15.496 -84.620 -22.130
v -11.789 -85.207 -16.502
v -45.655 -71.441 -9.346
v -34.856 -79.470 -19.397
v -23.647 -81.253 -17.864
v -15.840 -79.813 -13.631
v -20.043 -80.507 -16.191
v -28.859 -81.310 -18.733
v -41.359 -75.308 -16.428
v -43.376 -72.940 -13.592
v -33.334 -83.341 -2.728
v -21.313 -81.255 -5.262
v -18.013 -80.338 -7.092
v -24.763 -82.574 -3.641
v -29.444 -83.743 -2.720
v -37.657 -81.293 -3.420
v -41.763 -77.650 -5.447
v -16.167 -79.974 -9.835
v -43.976 -74.637 -7.154
v -44.558 -71.414 -11.019
v -38.279 -77.624 -17.951
v -17.077 -80.040 -8.438
v -15.901 -79.797 -11.668
v -42.684 -70.357 -7.890
v -40.280 -71.753 -12.926
v -38.480 -74.054 -14.822
v -33.470 -77.279 -16.796
v -28.609 -78.543 -17.022
v -24.575 -78.107 -16.696
v -21.473 -77.126 -16.209
v -15.385 -76.342 -14.362
v -15.561 -77.055 -9.552
v -18.899 -77.399 -8.026
v -22.316 -78.118 -6.533
v -25.842 -79.614 -4.984
v -29.882 -81.041 -4.393
v -32.407 -80.821 -4.410
v -35.708 -78.918 -4.609
v -38.997 -75.730 -5.826
v -45.314 -68.243 -8.242
v -48.880 -65.694 -8.142
v -33.864 -76.206 -21.515
v -34.573 -76.784 -25.625
v -22.724 -78.545 -20.234
v -21.540 -79.664 -23.532
v -13.409 -78.401 -14.835
v -10.879 -81.040 -16.631
v -17.998 -78.550 -18.729
v -15.948 -79.919 -20.826
v -28.232 -78.160 -20.298
v -27.581 -78.865 -24.788
v -40.355 -72.021 -18.155
v -42.637 -71.386 -21.441
v -48.303 -67.510 -19.958
v -45.386 -68.397 -17.380
v -42.385 -69.802 -14.899
v -32.755 -80.180 -2.218
v -33.234 -78.923 2.455
v -34.255 -82.748 7.553
v -34.821 -84.730 11.837
v -21.841 -78.619 -3.569
v -19.626 -77.936 1.019
v -18.051 -85.401 6.086
v -16.048 -88.830 9.112
v -18.215 -77.402 -5.656
v -16.035 -77.420 -3.364
v -12.822 -81.715 0.860
v -11.421 -86.723 5.348
v -25.310 -79.795 -2.435
v -23.081 -78.468 3.258
v -23.083 -85.562 7.853
v -23.136 -88.813 11.510
v -29.439 -80.586 -2.187
v -28.580 -79.015 2.632
v -28.631 -84.301 8.175
v -28.883 -87.742 12.756
v -36.510 -78.538 -2.123
v -37.893 -78.151 1.762
v -39.775 -80.116 5.553
v -41.332 -80.906 8.788
v -40.789 -75.126 -3.567
v -42.231 -74.532 -1.127
v -45.171 -75.979 2.728
v -46.655 -76.175 4.446
v -14.606 -77.410 -9.406
v -10.739 -78.711 -8.158
v -5.324 -86.360 0.728
v -40.816 -73.354 -6.657
v -43.521 -71.849 -5.141
v -46.897 -70.261 -3.304
v -50.053 -67.988 -3.162
v -41.526 -70.100 -10.563
v -43.804 -68.110 -10.960
v -47.279 -65.842 -12.432
v -51.616 -63.202 -13.077
v -36.063 -75.928 -15.743
v -37.155 -74.382 -19.730
v -38.580 -74.159 -23.481
v -40.367 -75.092 -27.578
v -44.422 -71.460 -24.122
v -17.516 -77.000 -8.813
v -16.584 -77.128 -7.457
v -13.336 -77.535 -5.517
v -9.704 -81.839 -2.043
v -7.783 -85.502 1.760
v -5.903 -86.667 4.452
v -14.494 -76.880 -11.271
v -13.500 -78.134 -11.871
v -10.511 -79.796 -12.498
v -7.932 -83.233 -11.824
v -50.380 -64.372 -8.409
v -34.970 -77.398 -27.707
v -20.599 -80.801 -25.429
v -10.125 -82.342 -17.066
v -14.886 -81.196 -22.156
v -27.419 -79.824 -27.205
v -46.888 -67.945 -18.721
v -33.981 -81.215 5.764
v -18.291 -82.332 4.133
v -13.885 -79.958 -0.893
v -22.868 -82.702 6.258
v -28.638 -82.229 6.291
v -39.142 -79.326 4.164
v -43.972 -75.313 1.135
v -8.751 -81.189 -6.884
v -48.605 -69.102 -3.124
v -49.456 -64.524 -12.851
v -39.531 -74.645 -25.663
v -11.173 -79.966 -3.539
v -8.990 -81.791 -12.174
v -43.581 -71.424 -22.864
v -47.443 -76.829 8.695
v -43.109 -81.573 13.419
v -8.864 -90.019 9.130
v -14.626 -92.056 13.409
v -51.834 -63.117 -8.603
v -51.807 -68.776 0.013
v -52.530 -64.439 -4.665
v -22.921 -91.886 15.551
v -29.121 -90.411 16.667
v -35.908 -86.912 16.294
v -7.419 -83.049 -5.551
v -5.335 -85.757 -1.312
v -27.310 -80.678 -29.361
v -35.310 -77.960 -29.565
v -19.820 -81.806 -27.118
v -14.104 -82.273 -23.378
v -9.631 -83.366 -17.478
v -43.976 -69.335 -8.026
v -33.652 -76.774 -18.860
v -23.734 -78.295 -18.352
v -14.251 -77.417 -14.483
v -19.812 -77.831 -17.527
v -28.463 -78.349 -18.461
v -39.285 -73.146 -16.289
v -41.215 -70.869 -13.795
v -32.509 -80.498 -3.211
v -22.064 -78.380 -4.850
v -18.534 -77.402 -6.762
v -25.572 -79.690 -3.456
v -29.665 -80.777 -3.104
v -36.068 -78.750 -3.309
v -39.886 -75.454 -4.637
v -15.006 -77.244 -9.383
v -42.179 -72.649 -5.806
v -42.618 -69.165 -10.589
v -36.537 -75.225 -17.498
v -17.114 -77.063 -8.073
v -13.851 -77.625 -11.376
v 69.405 -36.069 39.287
v 72.868 -15.922 51.798
v 75.056 0.204 55.279
v 78.436 24.286 49.199
v 77.605 33.550 43.911
v 76.177 40.664 36.899
v 74.177 46.198 27.907
v 73.035 48.669 19.709
v 72.730 47.873 13.378
v 77.368 12.216 53.630
v 71.381 -25.890 47.407
v 68.468 -34.526 46.435
v 66.370 -32.896 54.167
v 63.372 -31.865 61.196
v 57.551 -30.508 71.236
v 50.764 -29.368 79.833
v 42.363 -28.066 87.278
v 32.293 -27.277 94.316
v 21.851 -26.493 99.635
v 11.601 -25.967 102.077
v -0.378 -26.689 102.618
v 68.589 -28.080 52.943
v 70.336 -15.393 58.432
v 72.620 -0.463 60.938
v 75.164 13.700 60.269
v 76.462 27.386 56.576
v 75.561 38.817 49.983
v 72.932 48.570 41.499
v 70.579 54.442 31.821
v 69.091 58.683 19.290
v 66.057 -16.000 66.149
v 68.629 0.074 68.678
v 71.605 15.865 68.164
v 73.634 31.368 64.538
v 72.140 45.213 57.029
v 69.309 54.982 46.486
v 66.115 63.505 33.247
v 64.210 68.785 18.487
v 65.868 18.517 76.714
v 57.818 21.356 85.341
v 49.690 23.769 91.882
v 40.063 25.556 97.620
v 29.944 27.036 102.386
v 18.933 27.244 105.980
v 0.052 27.359 107.332
v 0.061 -8.879 106.387
v 11.201 -7.541 106.706
v 24.055 -9.561 102.990
v 35.004 -10.900 97.296
v 44.788 -12.142 90.598
v 53.150 -13.610 83.240
v 60.048 -14.735 74.993
v 62.661 1.440 77.157
v 55.245 3.066 85.014
v 46.854 4.869 91.925
v 37.362 6.419 98.251
v 26.542 8.033 103.775
v 13.331 9.326 107.486
v 8.611 26.599 107.214
v 9.019 16.535 108.091
v 0.033 -4.439 107.046
v 7.989 4.822 108.093
v 5.661 -0.804 107.270
v 28.097 99.441 44.309
v 30.679 92.096 59.432
v 32.284 81.611 75.233
v 32.864 65.928 88.943
v 32.740 47.093 98.433
v 64.641 61.824 53.242
v 58.429 69.716 59.777
v 50.293 76.198 66.203
v 41.453 79.937 70.976
v 39.727 89.630 55.441
v 38.728 97.215 39.197
v 55.786 78.677 44.415
v 54.065 84.663 27.462
v 47.483 91.655 33.882
v 47.906 85.502 50.861
v 61.766 70.410 38.252
v 59.978 76.465 21.821
v 60.013 56.858 72.513
v 60.706 39.692 81.036
v 52.344 43.427 88.096
v 51.345 62.566 79.484
v 42.847 64.613 84.748
v 43.003 45.696 93.979
v 68.090 35.617 73.174
v 66.689 51.186 65.480
v 22.046 81.515 79.309
v 11.346 80.702 81.552
v 0.052 80.362 82.813
v 0.052 89.865 73.267
v 0.052 96.267 61.538
v 9.614 98.003 54.659
v 18.968 99.100 49.317
v 20.815 92.152 64.451
v 10.723 91.807 68.405
v 11.384 66.441 95.219
v 11.034 47.734 103.964
v 22.424 47.810 102.041
v 22.543 66.587 92.720
v 0.052 65.719 96.336
v 0.052 47.110 103.976
v 70.433 51.283 3.073
v 64.723 66.436 5.414
v 60.066 76.619 9.130
v 54.603 85.526 12.468
v 45.786 95.553 17.048
v 37.881 102.423 21.106
v 27.064 104.986 27.912
v 16.216 104.194 34.932
v 8.457 103.278 39.979
v 0.052 101.106 47.281
v 3.696 7.159 108.119
v -0.010 5.227 107.947
v -0.017 15.683 108.029
v 4.752 10.107 108.137
v 3.873 13.378 108.104
v 2.661 5.606 107.726
v 2.314 15.136 108.278
v 66.335 53.025 63.364
v 31.696 85.455 69.440
v 0.052 92.158 69.064
v 21.150 89.257 68.495
v 60.173 -26.501 68.992
v 59.398 61.847 67.569
v 50.595 72.286 70.014
v 66.679 -35.066 38.537
v 70.168 -15.175 50.725
v 72.305 0.709 54.196
v 75.530 24.002 48.507
v 74.723 32.822 43.507
v 73.363 39.639 36.728
v 71.404 45.055 27.871
v 70.253 47.553 19.822
v 69.944 46.791 13.644
v 74.534 12.415 52.667
v 68.673 -24.961 46.510
v 65.757 -33.534 45.617
v 63.733 -31.956 53.087
v 60.857 -30.998 59.811
v 55.195 -29.744 69.545
v 48.715 -28.602 77.780
v 40.626 -27.322 84.949
v 30.845 -26.567 91.786
v 20.862 -25.807 96.887
v 11.204 -25.286 99.182
v -0.467 -26.012 99.697
v 65.938 -27.168 51.875
v 67.693 -14.661 57.215
v 69.938 0.065 59.702
v 72.388 13.924 59.152
v 73.593 27.092 55.750
v 72.718 37.991 49.500
v 70.171 47.418 41.273
v 67.849 53.202 31.718
v 66.341 57.489 19.364
v 63.586 -15.241 64.628
v 66.127 0.602 67.111
v 69.008 16.074 66.677
v 70.910 30.975 63.342
v 69.420 44.187 56.286
v 66.641 53.663 46.108
v 63.460 62.123 33.041
v 61.518 67.461 18.481
v 63.543 18.661 74.824
v 55.782 21.429 83.140
v 47.943 23.768 89.443
v 38.621 25.473 94.990
v 28.832 26.861 99.606
v 18.253 26.990 103.070
v 0.044 26.999 104.354
v 0.013 -8.362 103.433
v 10.790 -7.084 103.770
v 23.031 -9.077 100.212
v 33.539 -10.372 94.731
v 43.045 -11.566 88.223
v 51.126 -12.977 81.118
v 57.770 -14.035 73.171
v 60.396 1.921 75.250
v 53.243 3.470 82.816
v 45.124 5.190 89.496
v 35.898 6.655 95.642
v 25.465 8.183 100.979
v 12.802 9.394 104.534
v 8.397 26.278 104.239
v 8.776 16.424 105.103
v -0.002 -4.143 104.059
v 7.892 5.010 105.101
v 5.578 -0.516 104.285
v 27.326 96.721 43.306
v 29.762 89.556 58.125
v 31.321 79.436 73.406
v 31.794 64.341 86.633
v 31.613 46.277 95.775
v 62.070 60.391 52.660
v 56.056 68.101 58.903
v 48.336 74.303 64.947
v 40.034 77.836 69.373
v 38.292 87.252 54.309
v 37.259 94.728 38.388
v 53.405 76.928 43.895
v 51.668 82.882 27.174
v 45.397 89.562 33.368
v 45.928 83.409 50.017
v 59.195 68.896 37.930
v 57.394 74.948 21.672
v 57.738 55.612 71.005
v 58.521 39.116 79.062
v 50.483 42.771 85.835
v 49.443 61.164 77.636
v 41.414 63.098 82.590
v 41.547 44.955 91.463
v 65.628 35.115 71.535
v 64.183 50.029 64.304
v 21.457 79.328 77.342
v 11.036 78.543 79.492
v -0.173 78.231 80.714
v -0.223 87.487 71.458
v -0.204 93.529 60.339
v 9.346 95.225 53.557
v 18.558 96.328 48.242
v 20.234 89.575 63.032
v 10.372 89.276 66.831
v 11.103 64.776 92.739
v 10.774 46.873 101.102
v 21.684 46.949 99.265
v 21.849 64.940 90.310
v -0.047 64.095 93.815
v 0.008 46.274 101.094
v 67.664 50.153 3.309
v 61.994 65.200 5.571
v 57.447 75.158 9.115
v 52.171 83.776 12.315
v 43.656 93.465 16.729
v 36.283 99.953 20.516
v 26.245 102.225 27.071
v 15.871 101.367 33.986
v 8.228 100.451 39.003
v -0.108 98.276 46.298
v 3.733 7.303 105.124
v -0.120 5.458 104.957
v -0.009 15.453 105.037
v 4.583 10.109 105.142
v 3.769 13.331 105.106
v 2.748 5.917 104.743
v 2.296 14.929 105.284
v 63.803 51.650 62.526
v 30.753 83.045 67.922
v -0.182 89.497 67.701
v 20.548 86.848 66.810
v 57.763 -25.688 67.400
v 57.063 60.368 66.404
v 48.658 70.606 68.455
v -69.301 -36.069 39.287
v -72.764 -15.922 51.798
v -74.952 0.204 55.279
v -78.332 24.286 49.199
v -77.501 33.550 43.911
v -76.073 40.664 36.899
v -74.073 46.198 27.907
v -72.931 48.669 19.709
v -72.626 47.873 13.378
v -77.264 12.216 53.630
v -71.277 -25.890 47.407
v -68.364 -34.526 46.435
v -66.266 -32.896 54.167
v -63.268 -31.865 61.196
v -57.447 -30.508 71.236
v -50.660 -29.368 79.833
v -42.259 -28.066 87.278
v -32.189 -27.277 94.316
v -21.747 -26.493 99.635
v -11.497 -25.967 102.077
v 0.482 -26.689 102.618
v -68.485 -28.080 52.943
v -70.232 -15.393 58.432
v -72.516 -0.463 60.938
v -75.060 13.700 60.269
v -76.358 27.386 56.576
v -75.457 38.817 49.983
v -72.828 48.570 41.499
v -70.475 54.442 31.821
v -68.987 58.683 19.290
v -65.953 -16.000 66.149
v -68.525 0.074 68.678
v -71.501 15.865 68.164
v -73.530 31.368 64.538
v -72.036 45.213 57.029
v -69.205 54.982 46.486
v -66.011 63.505 33.247
v -64.106 68.785 18.487
v -65.764 18.517 76.714
v -57.714 21.356 85.341
v -49.586 23.769 91.882
v -39.959 25.556 97.620
v -29.840 27.036 102.386
v -18.829 27.244 105.980
v 0.052 27.359 107.332
v 0.043 -8.879 106.387
v -11.097 -7.541 106.706
v -23.951 -9.561 102.990
v -34.900 -10.900 97.296
v -44.684 -12.142 90.598
v -53.046 -13.610 83.240
v -59.944 -14.735 74.993
v -62.558 1.440 77.157
v -55.141 3.066 85.014
v -46.750 4.869 91.925
v -37.258 6.419 98.251
v -26.438 8.033 103.775
v -13.227 9.326 107.486
v -8.507 26.599 107.214
v -8.915 16.535 108.091
v 0.071 -4.439 107.046
v -7.885 4.822 108.093
v -5.557 -0.804 107.270
v -27.993 99.441 44.309
v -30.575 92.096 59.432
v -32.180 81.611 75.233
v -32.760 65.928 88.943
v -32.636 47.093 98.433
v -64.537 61.824 53.242
v -58.325 69.716 59.777
v -50.189 76.198 66.203
v -41.349 79.937 70.976
v -39.623 89.630 55.441
v -38.624 97.215 39.197
v -55.682 78.677 44.415
v -53.961 84.663 27.462
v -47.379 91.655 33.882
v -47.802 85.502 50.861
v -61.662 70.410 38.252
v -59.874 76.465 21.821
v -59.909 56.858 72.513
v -60.602 39.692 81.036
v -52.240 43.427 88.096
v -51.241 62.566 79.484
v -42.743 64.613 84.748
v -42.899 45.696 93.979
v -67.986 35.617 73.174
v -66.585 51.186 65.480
v -21.942 81.515 79.309
v -11.242 80.702 81.552
v 0.052 80.362 82.813
v 0.052 89.865 73.267
v 0.052 96.267 61.538
v -9.510 98.003 54.659
v -18.864 99.100 49.317
v -20.711 92.152 64.451
v -10.619 91.807 68.405
v -11.280 66.441 95.219
v -10.930 47.734 103.964
v -22.320 47.810 102.041
v -22.439 66.587 92.720
v 0.052 65.719 96.336
v 0.052 47.110 103.976
v -70.329 51.283 3.073
v -64.619 66.436 5.414
v -59.963 76.619 9.130
v -54.499 85.526 12.468
v -45.682 95.553 17.048
v -37.777 102.423 21.106
v -26.960 104.986 27.912
v -16.112 104.194 34.932
v -8.353 103.278 39.979
v 0.052 101.106 47.281
v -3.592 7.159 108.119
v 0.114 5.227 107.947
v 0.121 15.683 108.029
v -4.648 10.107 108.137
v -3.769 13.378 108.104
v -2.557 5.606 107.726
v -2.210 15.136 108.278
v -66.231 53.025 63.364
v -31.592 85.455 69.440
v 0.052 92.158 69.064
v -21.046 89.257 68.495
v -60.069 -26.501 68.992
v -59.294 61.847 67.569
v -50.491 72.286 70.014
v -66.575 -35.066 38.537
v -70.064 -15.175 50.725
v -72.201 0.709 54.196
v -75.426 24.002 48.507
v -74.619 32.822 43.507
v -73.259 39.639 36.728
v -71.300 45.055 27.871
v -70.149 47.553 19.822
v -69.841 46.791 13.644
v -74.430 12.415 52.667
v -68.569 -24.961 46.510
v -65.653 -33.534 45.617
v -63.629 -31.956 53.087
v -60.753 -30.998 59.811
v -55.091 -29.744 69.545
v -48.611 -28.602 77.780
v -40.522 -27.322 84.949
v -30.741 -26.567 91.786
v -20.758 -25.807 96.887
v -11.100 -25.286 99.182
v 0.571 -26.012 99.697
v -65.834 -27.168 51.875
v -67.589 -14.661 57.215
v -69.835 0.065 59.702
v -72.284 13.924 59.152
v -73.489 27.092 55.750
v -72.614 37.991 49.500
v -70.067 47.418 41.273
v -67.745 53.202 31.718
v -66.237 57.489 19.364
v -63.482 -15.241 64.628
v -66.023 0.602 67.111
v -68.904 16.074 66.677
v -70.806 30.975 63.342
v -69.316 44.187 56.286
v -66.537 53.663 46.108
v -63.356 62.123 33.041
v -61.414 67.461 18.481
v -63.439 18.661 74.824
v -55.678 21.429 83.140
v -47.839 23.768 89.443
v -38.517 25.473 94.990
v -28.728 26.861 99.606
v -18.149 26.990 103.070
v 0.060 26.999 104.354
v 0.091 -8.362 103.433
v -10.687 -7.084 103.770
v -22.927 -9.077 100.212
v -33.435 -10.372 94.731
v -42.941 -11.566 88.223
v -51.022 -12.977 81.118
v -57.666 -14.035 73.171
v -60.292 1.921 75.250
v -53.139 3.470 82.816
v -45.020 5.190 89.496
v -35.794 6.655 95.642
v -25.361 8.183 100.979
v -12.698 9.394 104.534
v -8.293 26.278 104.239
v -8.672 16.424 105.103
v 0.106 -4.143 104.059
v -7.788 5.010 105.101
v -5.474 -0.516 104.285
v -27.222 96.721 43.306
v -29.658 89.556 58.125
v -31.217 79.436 73.406
v -31.690 64.341 86.633
v -31.509 46.277 95.775
v -61.966 60.391 52.660
v -55.952 68.101 58.903
v -48.232 74.303 64.947
v -39.930 77.836 69.373
v -38.188 87.252 54.309
v -37.155 94.728 38.388
v -53.301 76.928 43.895
v -51.564 82.882 27.174
v -45.293 89.562 33.368
v -45.824 83.409 50.017
v -59.091 68.896 37.930
v -57.290 74.948 21.672
v -57.634 55.612 71.005
v -58.417 39.116 79.062
v -50.379 42.771 85.835
v -49.339 61.164 77.636
v -41.310 63.098 82.590
v -41.443 44.955 91.463
v -65.524 35.115 71.535
v -64.079 50.029 64.304
v -21.353 79.328 77.342
v -10.932 78.543 79.492
v 0.277 78.231 80.714
v 0.327 87.487 71.458
v 0.308 93.529 60.339
v -9.242 95.225 53.557
v -18.455 96.328 48.242
v -20.130 89.575 63.032
v -10.268 89.276 66.831
v -10.999 64.776 92.739
v -10.670 46.873 101.102
v -21.580 46.949 99.265
v -21.745 64.940 90.310
v 0.151 64.095 93.815
v 0.096 46.274 101.094
v -67.560 50.153 3.309
v -61.890 65.200 5.571
v -57.343 75.158 9.115
v -52.067 83.776 12.315
v -43.552 93.465 16.729
v -36.179 99.953 20.516
v -26.141 102.225 27.071
v -15.767 101.367 33.986
v -8.124 100.451 39.003
v 0.212 98.276 46.298
v -3.629 7.303 105.124
v 0.224 5.458 104.957
v 0.113 15.453 105.037
v -4.479 10.109 105.142
v -3.665 13.331 105.106
v -2.644 5.917 104.743
v -2.192 14.929 105.284
v -63.699 51.650 62.526
v -30.649 83.045 67.922
v 0.286 89.497 67.701
v -20.444 86.848 66.810
v -57.659 -25.688 67.400
v -56.959 60.368 66.404
v -48.554 70.606 68.455
v 63.826 -48.794 -35.859
v 69.896 -16.226 -23.571
v 70.014 -19.529 -24.469
v 69.220 -25.534 -27.017
v 67.934 -31.753 -29.227
v 66.583 -37.599 -31.986
v 65.230 -43.250 -34.119
v 65.652 -36.655 -39.153
v 64.675 -35.768 -46.646
v 63.669 -34.823 -54.361
v 62.096 -33.742 -62.235
v 59.398 -32.539 -69.971
v 55.739 -31.290 -77.487
v 50.655 -30.326 -85.204
v 48.879 -35.183 -88.287
v 54.607 -36.934 -79.828
v 58.230 -38.393 -72.260
v 61.049 -39.562 -64.479
v 62.698 -40.508 -56.483
v 63.656 -41.377 -48.681
v 64.373 -42.271 -41.211
v 66.809 -30.986 -36.873
v 67.477 -25.403 -34.685
v 67.879 -20.325 -32.652
v 67.833 -16.658 -31.549
v 65.678 -17.032 -39.363
v 65.776 -20.576 -40.699
v 65.734 -24.927 -42.248
v 65.340 -30.173 -44.376
v 63.934 -16.037 -44.920
v 64.017 -19.226 -46.693
v 64.184 -23.899 -49.525
v 64.166 -29.227 -52.011
v 61.889 -22.219 -56.407
v 59.529 -20.648 -62.737
v 56.980 -18.630 -68.290
v 54.210 -15.545 -73.280
v 61.320 -11.770 -49.546
v 57.594 -4.626 -52.977
v 56.431 -8.638 -60.771
v 55.584 -11.062 -66.061
v 57.203 -15.047 -64.477
v 58.893 -15.244 -59.440
v 61.080 -16.481 -53.632
v 58.960 -11.142 -55.230
v 56.997 -6.150 -56.566
v 53.542 -23.464 -79.368
v 56.778 -25.260 -73.643
v 59.917 -26.535 -66.653
v 62.358 -27.893 -59.433
v 62.943 -47.812 -42.966
v 62.334 -46.938 -50.401
v 61.341 -46.126 -58.128
v 59.318 -45.126 -65.807
v 56.822 -44.060 -73.187
v 54.035 -42.779 -79.983
v 45.636 -41.304 -91.957
v 49.105 -41.493 -88.403
v 51.225 -41.499 -85.377
v 60.920 -48.190 -35.419
v 67.011 -16.515 -22.799
v 67.115 -19.708 -23.718
v 66.295 -25.417 -26.361
v 64.999 -31.413 -28.705
v 63.655 -37.126 -31.536
v 62.314 -42.694 -33.680
v 62.716 -36.237 -38.700
v 61.722 -35.464 -46.211
v 60.721 -34.659 -53.831
v 59.206 -33.736 -61.432
v 56.619 -32.665 -68.846
v 53.109 -31.500 -76.059
v 48.131 -30.545 -83.598
v 46.438 -35.287 -86.547
v 51.993 -36.901 -78.356
v 55.482 -38.129 -71.085
v 58.204 -39.176 -63.607
v 59.784 -40.062 -55.930
v 60.723 -40.876 -48.291
v 61.451 -41.723 -40.812
v 63.869 -30.733 -36.332
v 64.549 -25.347 -34.032
v 64.978 -20.495 -31.906
v 64.951 -16.961 -30.771
v 62.805 -17.403 -38.579
v 62.883 -20.880 -39.966
v 62.805 -25.070 -41.613
v 62.387 -30.093 -43.852
v 61.111 -16.576 -44.062
v 61.175 -19.758 -45.894
v 61.293 -24.317 -48.838
v 61.226 -29.372 -51.430
v 59.079 -22.894 -55.601
v 56.778 -21.437 -61.836
v 54.271 -19.422 -67.273
v 51.519 -16.309 -72.197
v 58.576 -12.526 -48.599
v 54.892 -5.520 -52.029
v 53.683 -9.476 -59.908
v 52.843 -11.871 -65.150
v 54.466 -15.870 -63.565
v 56.147 -16.071 -58.560
v 58.317 -17.231 -52.737
v 56.234 -11.988 -54.306
v 54.276 -7.023 -55.653
v 50.929 -23.968 -77.983
v 54.097 -25.819 -72.417
v 57.140 -27.078 -65.655
v 59.487 -28.288 -58.658
v 60.031 -47.199 -42.585
v 59.418 -46.348 -50.015
v 58.461 -45.545 -57.523
v 56.518 -44.553 -64.896
v 54.094 -43.613 -72.022
v 51.395 -42.601 -78.570
v 43.349 -41.421 -90.019
v 46.818 -41.611 -86.465
v 48.747 -41.547 -83.688
v -63.722 -48.794 -35.859
v -69.792 -16.226 -23.571
v -69.910 -19.529 -24.469
v -69.116 -25.534 -27.017
v -67.830 -31.753 -29.227
v -66.479 -37.599 -31.986
v -65.126 -43.250 -34.119
v -65.548 -36.655 -39.153
v -64.571 -35.768 -46.646
v -63.565 -34.823 -54.361
v -61.992 -33.742 -62.235
v -59.294 -32.539 -69.971
v -55.635 -31.290 -77.487
v -50.551 -30.326 -85.204
v -48.775 -35.183 -88.287
v -54.503 -36.934 -79.828
v -58.126 -38.393 -72.260
v -60.945 -39.562 -64.479
v -62.594 -40.508 -56.483
v -63.552 -41.377 -48.681
v -64.269 -42.271 -41.211
v -66.705 -30.986 -36.873
v -67.373 -25.403 -34.685
v -67.775 -20.325 -32.652
v -67.729 -16.658 -31.549
v -65.574 -17.032 -39.363
v -65.672 -20.576 -40.699
v -65.630 -24.927 -42.248
v -65.236 -30.173 -44.376
v -63.830 -16.037 -44.920
v -63.913 -19.226 -46.693
v -64.080 -23.899 -49.525
v -64.062 -29.227 -52.011
v -61.785 -22.219 -56.407
v -59.425 -20.648 -62.737
v -56.876 -18.630 -68.290
v -54.106 -15.545 -73.280
v -61.216 -11.770 -49.546
v -57.490 -4.626 -52.977
v -56.327 -8.638 -60.771
v -55.480 -11.062 -66.061
v -57.099 -15.047 -64.477
v -58.789 -15.244 -59.440
v -60.976 -16.481 -53.632
v -58.856 -11.142 -55.230
v -56.893 -6.150 -56.566
v -53.438 -23.464 -79.368
v -56.674 -25.260 -73.643
v -59.813 -26.535 -66.653
v -62.254 -27.893 -59.433
v -62.839 -47.812 -42.966
v -62.230 -46.938 -50.401
v -61.237 -46.126 -58.128
v -59.214 -45.126 -65.807
v -56.718 -44.060 -73.187
v -53.931 -42.779 -79.983
v -45.532 -41.304 -91.957
v -49.001 -41.493 -88.403
v -51.121 -41.499 -85.377
v -60.816 -48.190 -35.419
v -66.907 -16.515 -22.799
v -67.011 -19.708 -23.718
v -66.191 -25.417 -26.361
v -64.895 -31.413 -28.705
v -63.551 -37.126 -31.536
v -62.210 -42.694 -33.680
v -62.612 -36.237 -38.700
v -61.618 -35.464 -46.211
v -60.617 -34.659 -53.831
v -59.102 -33.736 -61.432
v -56.515 -32.665 -68.846
v -53.005 -31.500 -76.059
v -48.027 -30.545 -83.598
v -46.334 -35.287 -86.547
v -51.889 -36.901 -78.356
v -55.378 -38.129 -71.085
v -58.100 -39.176 -63.607
v -59.680 -40.062 -55.930
v -60.619 -40.876 -48.291
v -61.347 -41.723 -40.812
v -63.765 -30.733 -36.332
v -64.445 -25.347 -34.032
v -64.874 -20.495 -31.906
v -64.847 -16.961 -30.771
v -62.701 -17.403 -38.579
v -62.779 -20.880 -39.966
v -62.701 -25.070 -41.613
v -62.283 -30.093 -43.852
v -61.007 -16.576 -44.062
v -61.071 -19.758 -45.894
v -61.189 -24.317 -48.838
v -61.122 -29.372 -51.430
v -58.975 -22.894 -55.601
v -56.674 -21.437 -61.836
v -54.167 -19.422 -67.273
v -51.415 -16.309 -72.197
v -58.472 -12.526 -48.599
v -54.788 -5.520 -52.029
v -53.579 -9.476 -59.908
v -52.739 -11.871 -65.150
v -54.362 -15.870 -63.565
v -56.043 -16.071 -58.560
v -58.213 -17.231 -52.737
v -56.130 -11.988 -54.306
v -54.172 -7.023 -55.653
v -50.825 -23.968 -77.983
v -53.993 -25.819 -72.417
v -57.036 -27.078 -65.655
v -59.383 -28.288 -58.658
v -59.927 -47.199 -42.585
v -59.314 -46.348 -50.015
v -58.357 -45.545 -57.523
v -56.414 -44.553 -64.896
v -53.990 -43.613 -72.022
v -51.291 -42.601 -78.570
v -43.245 -41.421 -90.019
v -46.714 -41.611 -86.465
v -48.643 -41.547 -83.688
v 1.197 -99.636 -55.331
v 1.588 -100.096 -57.974
v 2.093 -101.181 -60.519
v 0.052 -101.162 -60.840
v 0.052 -100.111 -58.465
v 0.052 -99.567 -56.005
v 3.816 -102.312 -62.263
v 4.589 -101.809 -60.143
v 3.981 -100.738 -57.678
v 2.854 -100.125 -54.876
v 1.027 -102.263 -63.041
v 0.052 -102.315 -63.583
v 0.509 -100.363 -53.412
v 0.052 -100.010 -53.578
v 2.592 -101.246 -52.848
v 1.745 -96.714 -54.932
v 2.154 -97.244 -58.715
v 2.631 -98.452 -61.645
v 0.347 -98.426 -62.035
v 0.334 -97.271 -59.389
v 0.368 -96.584 -56.103
v 4.416 -99.610 -63.421
v 5.320 -99.100 -61.206
v 4.832 -97.950 -58.388
v 3.604 -97.275 -54.312
v 1.425 -99.544 -64.245
v 0.370 -99.593 -64.803
v 0.978 -97.620 -52.289
v 0.377 -97.144 -52.755
v 3.177 -98.640 -51.486
v -1.093 -99.636 -55.331
v -1.484 -100.096 -57.974
v -1.989 -101.181 -60.519
v 0.052 -101.162 -60.840
v 0.052 -100.111 -58.465
v 0.052 -99.567 -56.005
v -3.712 -102.312 -62.263
v -4.485 -101.809 -60.143
v -3.877 -100.738 -57.678
v -2.750 -100.125 -54.876
v -0.923 -102.263 -63.041
v 0.052 -102.315 -63.583
v -0.405 -100.363 -53.412
v 0.052 -100.010 -53.578
v -2.488 -101.246 -52.848
v -1.641 -96.714 -54.932
v -2.050 -97.244 -58.715
v -2.527 -98.452 -61.645
v -0.243 -98.426 -62.035
v -0.230 -97.271 -59.389
v -0.264 -96.584 -56.103
v -4.312 -99.610 -63.421
v -5.216 -99.100 -61.206
v -4.728 -97.950 -58.388
v -3.500 -97.275 -54.312
v -1.321 -99.544 -64.245
v -0.266 -99.593 -64.803
v -0.874 -97.620 -52.289
v -0.273 -97.144 -52.755
v -3.073 -98.640 -51.486
v 64.301 13.584 -34.600
v 61.313 7.077 -34.464
v 62.708 9.969 -34.600
v 60.539 6.353 -38.214
v 59.319 3.461 -38.937
v 59.059 1.292 -38.937
v 59.867 2.738 -36.160
v 59.737 0.569 -36.769
v 59.144 -0.154 -39.052
v 59.974 -0.878 -36.769
v 59.895 -2.324 -38.214
v 69.397 17.923 -18.692
v 66.211 16.477 -27.369
v 67.821 17.236 -22.306
v 70.448 17.200 -15.798
v 71.849 16.477 -11.461
v 72.707 16.477 -8.567
v 72.425 14.308 -9.290
v 73.363 13.584 -6.398
v 75.148 12.861 -0.613
v 75.081 11.902 -0.613
v 66.526 17.761 -27.001
v 76.097 13.768 2.107
v 71.802 15.221 -11.209
v 68.077 18.535 -21.920
v 70.770 16.094 -14.508
v 69.470 16.752 -18.106
v 72.080 17.997 -10.612
v 70.186 16.546 -16.235
v 70.290 19.071 -16.454
v 60.302 -1.912 -36.769
v 62.565 9.969 -36.801
v 74.226 16.084 -3.446
v 73.037 17.214 -7.324
v 60.168 3.370 -35.380
v 71.324 18.660 -13.265
v 76.221 10.465 2.581
v 75.202 15.177 -0.311
v 60.608 5.102 -34.835
v 63.061 10.418 -33.448
v 65.520 15.931 -30.915
v 64.494 13.339 -32.369
v 74.906 12.098 -1.250
v 75.773 11.466 1.246
v 74.064 12.909 -4.060
v 74.105 13.283 -3.994
v 73.798 13.084 -7.169
v 61.542 14.712 -34.261
v 58.584 8.271 -34.107
v 60.007 11.247 -34.331
v 57.795 7.521 -37.887
v 56.440 4.058 -38.340
v 56.163 1.295 -38.154
v 56.979 3.089 -35.426
v 56.876 0.319 -35.900
v 56.293 -0.576 -38.218
v 57.181 -1.516 -35.877
v 57.118 -3.047 -37.341
v 66.624 18.138 -17.566
v 63.321 17.035 -26.791
v 64.993 17.526 -21.350
v 67.636 17.445 -14.784
v 68.993 16.606 -10.553
v 69.833 16.469 -7.707
v 69.557 14.184 -8.420
v 70.629 12.471 -5.862
v 72.303 12.919 0.337
v 72.255 12.100 0.373
v 63.651 18.205 -26.271
v 73.265 13.766 3.096
v 68.999 15.532 -10.185
v 65.268 18.720 -20.883
v 67.951 16.410 -13.533
v 66.708 17.133 -16.997
v 69.198 17.953 -9.783
v 67.415 16.937 -15.152
v 67.471 19.179 -15.434
v 57.608 -2.768 -35.766
v 59.888 11.311 -36.628
v 71.355 16.037 -2.576
v 70.159 17.168 -6.477
v 57.296 3.878 -34.681
v 68.466 18.725 -12.354
v 73.385 10.499 3.559
v 72.351 15.122 0.622
v 57.772 5.898 -34.263
v 60.348 11.648 -33.095
v 62.678 16.806 -30.520
v 61.695 14.349 -31.989
v 72.044 12.270 -0.365
v 72.941 11.518 2.236
v 71.188 12.877 -3.206
v 71.241 13.337 -3.103
v 71.643 11.001 -7.035
v -64.197 13.584 -34.600
v -61.209 7.077 -34.464
v -62.604 9.969 -34.600
v -60.435 6.353 -38.214
v -59.215 3.461 -38.937
v -58.955 1.292 -38.937
v -59.763 2.738 -36.160
v -59.633 0.569 -36.769
v -59.040 -0.154 -39.052
v -59.870 -0.878 -36.769
v -59.791 -2.324 -38.214
v -69.293 17.923 -18.692
v -66.107 16.477 -27.369
v -67.717 17.236 -22.306
v -70.344 17.200 -15.798
v -71.745 16.477 -11.461
v -72.603 16.477 -8.567
v -72.321 14.308 -9.290
v -73.259 13.584 -6.398
v -75.044 12.861 -0.613
v -74.977 11.902 -0.613
v -66.422 17.761 -27.001
v -75.993 13.768 2.107
v -71.698 15.221 -11.209
v -67.973 18.535 -21.920
v -70.666 16.094 -14.508
v -69.366 16.752 -18.106
v -71.976 17.997 -10.612
v -70.082 16.546 -16.235
v -70.187 19.071 -16.454
v -60.198 -1.912 -36.769
v -62.461 9.969 -36.801
v -74.122 16.084 -3.446
v -72.933 17.214 -7.324
v -60.064 3.370 -35.380
v -71.220 18.660 -13.265
v -76.117 10.465 2.581
v -75.098 15.177 -0.311
v -60.504 5.102 -34.835
v -62.958 10.418 -33.448
v -65.416 15.931 -30.915
v -64.390 13.339 -32.369
v -74.802 12.098 -1.250
v -75.669 11.466 1.246
v -73.960 12.909 -4.060
v -74.001 13.283 -3.994
v -73.694 13.084 -7.169
v -61.438 14.712 -34.261
v -58.480 8.271 -34.107
v -59.903 11.247 -34.331
v -57.691 7.521 -37.887
v -56.336 4.058 -38.340
v -56.059 1.295 -38.154
v -56.875 3.089 -35.426
v -56.772 0.319 -35.900
v -56.189 -0.576 -38.218
v -57.077 -1.516 -35.877
v -57.014 -3.047 -37.341
v -66.520 18.138 -17.566
v -63.217 17.035 -26.791
v -64.889 17.526 -21.350
v -67.532 17.445 -14.784
v -68.889 16.606 -10.553
v -69.729 16.469 -7.707
v -69.453 14.184 -8.420
v -70.525 12.471 -5.862
v -72.199 12.919 0.337
v -72.151 12.100 0.373
v -63.547 18.205 -26.271
v -73.161 13.766 3.096
v -68.895 15.532 -10.185
v -65.164 18.720 -20.883
v -67.847 16.410 -13.533
v -66.604 17.133 -16.997
v -69.094 17.953 -9.783
v -67.311 16.937 -15.152
v -67.367 19.179 -15.434
v -57.504 -2.768 -35.766
v -59.784 11.311 -36.628
v -71.251 16.037 -2.576
v -70.055 17.168 -6.477
v -57.192 3.878 -34.681
v -68.362 18.725 -12.354
v -73.281 10.499 3.559
v -72.247 15.122 0.622
v -57.668 5.898 -34.263
v -60.244 11.648 -33.095
v -62.574 16.806 -30.520
v -61.591 14.349 -31.989
v -71.940 12.270 -0.365
v -72.838 11.518 2.236
v -71.084 12.877 -3.206
v -71.137 13.337 -3.103
v -71.539 11.001 -7.035
v 87.209 16.368 -11.155
v 86.600 15.794 -9.935
v 86.904 13.923 -4.740
v 85.007 13.677 -22.104
v 85.021 11.840 -23.003
v 84.940 12.760 -22.403
v 85.264 13.196 -8.386
v 84.959 11.854 -21.484
v 86.207 15.609 -11.155
v 84.659 10.390 -15.069
v 84.059 10.792 -4.709
v 84.523 9.357 -0.363
v 85.199 12.277 -23.746
v 89.343 16.448 -11.773
v 89.952 16.309 -9.326
v 89.038 16.627 -9.946
v 89.648 14.537 -3.831
v 89.343 16.363 -8.716
v 88.733 14.667 -4.130
v 89.343 13.948 -2.601
v 88.124 11.145 0.375
v 87.209 9.029 1.717
v 87.819 15.943 -15.421
v 88.733 16.107 -13.592
v 87.819 16.296 -13.293
v 87.209 16.155 -13.592
v 86.295 15.241 -19.078
v 88.428 16.580 -12.074
v 88.428 16.623 -9.946
v 87.514 16.103 -9.027
v 87.819 13.543 -2.601
v 88.428 13.181 -1.681
v 86.849 10.841 0.478
v 85.021 11.498 -26.958
v 85.387 12.740 -24.531
v 85.685 14.437 -21.505
v 85.685 15.020 -18.767
v 85.380 13.667 -23.136
v 84.949 9.622 0.487
v 85.685 9.103 1.408
v 85.990 7.197 1.966
v 89.105 13.447 -2.090
v 85.113 11.782 -24.364
v 84.550 9.069 0.505
v 84.952 8.342 1.397
v 88.045 14.387 -4.359
v 85.102 12.752 -23.173
v -87.105 16.368 -11.155
v -86.496 15.794 -9.935
v -86.800 13.923 -4.740
v -84.903 13.677 -22.104
v -84.917 11.840 -23.003
v -84.836 12.760 -22.403
v -85.160 13.196 -8.386
v -84.855 11.854 -21.484
v -86.103 15.609 -11.155
v -84.555 10.390 -15.069
v -83.955 10.792 -4.709
v -84.419 9.357 -0.363
v -85.095 12.277 -23.746
v -89.239 16.448 -11.773
v -89.848 16.309 -9.326
v -88.934 16.627 -9.946
v -89.544 14.537 -3.831
v -89.239 16.363 -8.716
v -88.629 14.667 -4.130
v -89.239 13.948 -2.601
v -88.020 11.145 0.375
v -87.105 9.029 1.717
v -87.715 15.943 -15.421
v -88.629 16.107 -13.592
v -87.715 16.296 -13.293
v -87.105 16.155 -13.592
v -86.191 15.241 -19.078
v -88.324 16.580 -12.074
v -88.324 16.623 -9.946
v -87.410 16.103 -9.027
v -87.715 13.543 -2.601
v -88.324 13.181 -1.681
v -86.746 10.841 0.478
v -84.917 11.498 -26.958
v -85.284 12.740 -24.531
v -85.581 14.437 -21.505
v -85.581 15.020 -18.767
v -85.276 13.667 -23.136
v -84.845 9.622 0.487
v -85.581 9.103 1.408
v -85.886 7.197 1.966
v -89.001 13.447 -2.090
v -85.009 11.782 -24.364
v -84.446 9.069 0.505
v -84.848 8.342 1.397
v -87.941 14.387 -4.359
v -84.998 12.752 -23.173
v 66.005 -45.035 -13.335
v 68.057 -37.259 -12.684
v 69.474 -31.413 -12.913
v 70.675 -24.658 -12.684
v 71.035 -18.290 -12.063
v 70.962 -12.760 -12.727
v 71.651 -17.195 -5.412
v 70.851 -24.681 -5.520
v 69.653 -31.289 -5.669
v 67.926 -38.073 -5.275
v 65.741 -45.486 -4.802
v 72.850 -14.301 2.885
v 76.509 -7.446 11.834
v 79.568 4.287 15.121
v 79.159 16.080 13.446
v 77.518 23.096 9.549
v 74.435 29.806 0.456
v 74.717 35.768 6.094
v 77.823 27.737 14.521
v 79.923 19.256 18.654
v 80.714 3.967 21.420
v 76.539 -12.671 17.280
v 72.423 -21.767 5.092
v 71.417 -29.590 7.427
v 75.935 -18.643 23.764
v 81.056 3.066 28.955
v 80.651 22.188 25.159
v 77.893 32.516 20.640
v 74.377 41.584 11.876
v 73.886 -11.912 6.737
v 73.528 -19.183 9.756
v 72.329 -26.721 13.381
v 78.694 -0.536 14.577
v 79.595 -2.619 21.093
v 79.583 -5.464 28.785
v 72.227 -16.361 -1.289
v 71.542 -23.871 0.039
v 70.384 -30.854 1.009
v 68.839 -38.486 9.701
v 65.276 -45.816 10.376
v 65.747 -45.147 2.028
v 68.365 -38.228 1.889
v 70.288 -34.995 16.693
v 74.162 -25.255 30.696
v 78.479 -8.526 36.644
v 80.234 1.805 37.217
v 80.537 24.485 33.394
v 77.334 36.870 26.917
v 74.515 43.796 18.026
v 66.647 -43.399 18.806
v 71.546 -31.979 35.990
v 75.851 -12.216 45.382
v 78.118 0.465 46.262
v 79.267 24.898 43.797
v 79.823 9.964 14.539
v 81.011 11.370 20.684
v 81.927 12.340 28.226
v 81.244 13.790 37.156
v 79.852 12.435 45.025
v 78.060 -8.151 19.719
v 77.679 -4.389 13.451
v 77.773 -12.726 27.099
v 76.622 -17.773 34.647
v 73.648 -23.131 42.727
v 75.198 -9.788 9.578
v 73.757 -23.039 18.926
v 74.878 -16.206 13.878
v 71.718 -30.385 23.878
v 69.242 -37.743 27.398
v 71.381 -25.890 47.407
v 72.866 -15.939 51.793
v 75.056 0.204 55.279
v 77.368 12.216 53.630
v 78.436 24.286 49.199
v 77.605 33.550 43.911
v 76.177 40.664 36.899
v 74.177 46.198 27.907
v 73.035 48.669 19.709
v 63.295 -52.528 -13.204
v 63.056 -52.736 -6.291
v 62.664 -53.236 0.862
v 62.104 -52.534 9.372
v 67.029 -43.822 30.933
v 69.405 -36.069 39.287
v 63.777 -49.477 21.253
v 72.730 47.873 13.378
v 72.518 43.693 2.897
v 72.246 39.265 -3.598
v 72.318 33.123 -8.026
v 71.959 24.607 -11.472
v 73.926 22.215 -3.124
v 76.464 18.090 3.775
v 77.904 13.106 7.882
v 78.413 8.113 9.104
v 78.312 4.098 9.897
v 77.029 -1.221 8.360
v 76.091 -3.063 6.770
v 74.300 -5.647 3.211
v 73.108 -7.345 -0.564
v 72.538 -8.744 -3.675
v 71.794 -10.218 -7.349
v 75.410 -4.023 5.448
v 77.563 0.618 9.112
v 80.073 26.327 32.619
v 77.975 31.488 40.913
v 66.981 -41.884 1.961
v 66.407 -43.227 -4.946
v 67.729 -40.769 9.912
v 68.530 -39.054 17.714
v 70.563 -33.816 25.519
v 63.150 -44.116 -13.363
v 65.155 -36.499 -12.661
v 66.541 -30.784 -12.856
v 67.702 -24.266 -12.576
v 68.049 -18.118 -11.829
v 67.982 -12.674 -12.395
v 68.677 -16.972 -5.092
v 67.887 -24.271 -5.311
v 66.727 -30.645 -5.515
v 65.041 -37.259 -5.177
v 62.908 -44.500 -4.841
v 69.906 -13.959 3.351
v 73.691 -6.747 12.589
v 76.648 4.609 15.733
v 76.246 15.825 14.120
v 74.621 22.744 10.242
v 71.529 29.475 1.122
v 71.817 35.224 6.634
v 74.918 27.226 15.072
v 76.992 18.897 19.181
v 77.757 4.310 21.796
v 73.685 -11.930 17.833
v 69.477 -21.342 5.461
v 68.507 -28.899 7.671
v 73.080 -17.776 24.070
v 78.080 3.440 28.934
v 77.697 21.730 25.414
v 74.989 31.852 21.000
v 71.500 40.845 12.293
v 71.006 -11.408 7.408
v 70.612 -18.658 10.221
v 69.424 -26.005 13.597
v 75.807 -0.014 15.203
v 76.675 -2.047 21.481
v 76.643 -4.869 28.815
v 69.263 -16.083 -0.921
v 68.590 -23.449 0.366
v 67.474 -30.177 1.282
v 66.032 -37.434 9.812
v 62.545 -44.573 10.367
v 62.962 -44.032 1.973
v 65.522 -37.289 2.076
v 67.454 -34.013 16.731
v 71.329 -24.266 30.715
v 75.566 -7.917 36.265
v 77.290 2.211 36.803
v 77.586 23.970 33.226
v 74.449 36.056 27.017
v 71.655 42.924 18.273
v 63.909 -42.175 18.882
v 68.754 -30.913 35.738
v 73.022 -11.568 44.621
v 75.252 0.921 45.499
v 76.328 24.480 43.363
v 76.894 9.960 15.187
v 78.045 11.339 21.132
v 78.927 12.317 28.291
v 78.265 13.759 36.808
v 76.924 12.528 44.377
v 75.174 -7.466 20.169
v 74.826 -3.752 14.124
v 74.868 -11.992 27.253
v 73.741 -16.967 34.415
v 70.847 -22.240 42.127
v 72.380 -9.129 10.368
v 70.896 -22.193 19.240
v 72.017 -15.514 14.457
v 68.889 -29.398 24.024
v 66.461 -36.618 27.426
v 68.622 -24.965 46.679
v 70.087 -15.245 50.900
v 72.240 0.681 54.363
v 74.486 12.399 52.819
v 75.503 24.036 48.620
v 74.663 32.987 43.759
v 73.285 39.867 36.847
v 71.337 45.237 28.013
v 70.187 47.743 19.886
v 60.479 -51.493 -13.252
v 60.246 -51.687 -6.346
v 59.884 -52.115 0.749
v 59.368 -51.306 9.292
v 64.266 -42.653 30.952
v 66.631 -34.976 38.957
v 61.051 -48.225 21.345
v 69.875 47.007 13.698
v 69.628 43.036 3.363
v 69.336 38.776 -3.052
v 69.396 32.856 -7.401
v 69.037 24.475 -10.808
v 71.027 22.020 -2.378
v 73.583 17.839 4.573
v 75.008 12.914 8.643
v 75.502 8.153 9.832
v 75.411 4.433 10.586
v 74.192 -0.605 9.115
v 73.300 -2.354 7.609
v 71.445 -5.073 3.932
v 70.169 -6.984 -0.085
v 69.574 -8.502 -3.278
v 68.823 -10.058 -6.959
v 72.621 -3.318 6.300
v 74.689 1.121 9.809
v 77.159 25.617 32.578
v 75.053 30.837 40.719
v 64.182 -40.807 2.035
v 63.542 -42.334 -4.928
v 64.989 -39.549 9.961
v 65.767 -37.884 17.727
v 67.764 -32.737 25.573
v -65.901 -45.035 -13.335
v -67.953 -37.259 -12.684
v -69.370 -31.413 -12.913
v -70.571 -24.658 -12.684
v -70.931 -18.290 -12.063
v -70.858 -12.760 -12.727
v -71.547 -17.195 -5.412
v -70.747 -24.681 -5.520
v -69.549 -31.289 -5.669
v -67.822 -38.073 -5.275
v -65.637 -45.486 -4.802
v -72.746 -14.301 2.885
v -76.405 -7.446 11.834
v -79.464 4.287 15.121
v -79.055 16.080 13.446
v -77.414 23.096 9.549
v -74.331 29.806 0.456
v -74.613 35.768 6.094
v -77.719 27.737 14.521
v -79.819 19.256 18.654
v -80.610 3.967 21.420
v -76.435 -12.671 17.280
v -72.319 -21.767 5.092
v -71.313 -29.590 7.427
v -75.831 -18.643 23.764
v -80.953 3.066 28.955
v -80.547 22.188 25.159
v -77.789 32.516 20.640
v -74.273 41.584 11.876
v -73.782 -11.912 6.737
v -73.424 -19.183 9.756
v -72.225 -26.721 13.381
v -78.590 -0.536 14.577
v -79.491 -2.619 21.093
v -79.479 -5.464 28.785
v -72.123 -16.361 -1.289
v -71.438 -23.871 0.039
v -70.280 -30.854 1.009
v -68.735 -38.486 9.701
v -65.172 -45.816 10.376
v -65.643 -45.147 2.028
v -68.261 -38.228 1.889
v -70.184 -34.995 16.693
v -74.058 -25.255 30.696
v -78.375 -8.526 36.644
v -80.130 1.805 37.217
v -80.433 24.485 33.394
v -77.230 36.870 26.917
v -74.411 43.796 18.026
v -66.543 -43.399 18.806
v -71.442 -31.979 35.990
v -75.747 -12.216 45.382
v -78.014 0.465 46.262
v -79.163 24.898 43.797
v -79.719 9.964 14.539
v -80.907 11.370 20.684
v -81.823 12.340 28.226
v -81.140 13.790 37.156
v -79.748 12.435 45.025
v -77.956 -8.151 19.719
v -77.575 -4.389 13.451
v -77.669 -12.726 27.099
v -76.518 -17.773 34.647
v -73.544 -23.131 42.727
v -75.094 -9.788 9.578
v -73.653 -23.039 18.926
v -74.774 -16.206 13.878
v -71.614 -30.385 23.878
v -69.138 -37.743 27.398
v -71.277 -25.890 47.407
v -72.762 -15.939 51.793
v -74.952 0.204 55.279
v -77.264 12.216 53.630
v -78.332 24.286 49.199
v -77.501 33.550 43.911
v -76.073 40.664 36.899
v -74.073 46.198 27.907
v -72.931 48.669 19.709
v -63.191 -52.528 -13.204
v -62.952 -52.736 -6.291
v -62.560 -53.236 0.862
v -62.000 -52.534 9.372
v -66.925 -43.822 30.933
v -69.301 -36.069 39.287
v -63.673 -49.477 21.253
v -72.626 47.873 13.378
v -72.414 43.693 2.897
v -72.142 39.265 -3.598
v -72.214 33.123 -8.026
v -71.855 24.607 -11.472
v -73.822 22.215 -3.124
v -76.360 18.090 3.775
v -77.800 13.106 7.882
v -78.309 8.113 9.104
v -78.208 4.098 9.897
v -76.925 -1.221 8.360
v -75.987 -3.063 6.770
v -74.196 -5.647 3.211
v -73.004 -7.345 -0.564
v -72.434 -8.744 -3.675
v -71.690 -10.218 -7.349
v -75.306 -4.023 5.448
v -77.459 0.618 9.112
v -79.969 26.327 32.619
v -77.871 31.488 40.913
v -66.877 -41.884 1.961
v -66.303 -43.227 -4.946
v -67.625 -40.769 9.912
v -68.426 -39.054 17.714
v -70.459 -33.816 25.519
v -63.046 -44.116 -13.363
v -65.051 -36.499 -12.661
v -66.437 -30.784 -12.856
v -67.598 -24.266 -12.576
v -67.945 -18.118 -11.829
v -67.878 -12.674 -12.395
v -68.573 -16.972 -5.092
v -67.783 -24.271 -5.311
v -66.623 -30.645 -5.515
v -64.937 -37.259 -5.177
v -62.804 -44.500 -4.841
v -69.802 -13.959 3.351
v -73.587 -6.747 12.589
v -76.544 4.609 15.733
v -76.142 15.825 14.120
v -74.517 22.744 10.242
v -71.425 29.475 1.122
v -71.713 35.224 6.634
v -74.814 27.226 15.072
v -76.888 18.897 19.181
v -77.653 4.310 21.796
v -73.581 -11.930 17.833
v -69.373 -21.342 5.461
v -68.403 -28.899 7.671
v -72.976 -17.776 24.070
v -77.976 3.440 28.934
v -77.593 21.730 25.414
v -74.885 31.852 21.000
v -71.396 40.845 12.293
v -70.902 -11.408 7.408
v -70.508 -18.658 10.221
v -69.320 -26.005 13.597
v -75.703 -0.014 15.203
v -76.571 -2.047 21.481
v -76.539 -4.869 28.815
v -69.159 -16.083 -0.921
v -68.486 -23.449 0.366
v -67.370 -30.177 1.282
v -65.928 -37.434 9.812
v -62.441 -44.573 10.367
v -62.858 -44.032 1.973
v -65.418 -37.289 2.076
v -67.350 -34.013 16.731
v -71.226 -24.266 30.715
v -75.462 -7.917 36.265
v -77.186 2.211 36.803
v -77.482 23.970 33.226
v -74.345 36.056 27.017
v -71.551 42.924 18.273
v -63.805 -42.175 18.882
v -68.650 -30.913 35.738
v -72.918 -11.568 44.621
v -75.148 0.921 45.499
v -76.224 24.480 43.363
v -76.790 9.960 15.187
v -77.941 11.339 21.132
v -78.823 12.317 28.291
v -78.161 13.759 36.808
v -76.820 12.528 44.377
v -75.071 -7.466 20.169
v -74.722 -3.752 14.124
v -74.764 -11.992 27.253
v -73.637 -16.967 34.415
v -70.743 -22.240 42.127
v -72.276 -9.129 10.368
v -70.792 -22.193 19.240
v -71.913 -15.514 14.457
v -68.785 -29.398 24.024
v -66.357 -36.618 27.426
v -68.518 -24.965 46.679
v -69.983 -15.245 50.900
v -72.136 0.681 54.363
v -74.382 12.399 52.819
v -75.399 24.036 48.620
v -74.559 32.987 43.759
v -73.181 39.867 36.847
v -71.233 45.237 28.013
v -70.083 47.743 19.886
v -60.375 -51.493 -13.252
v -60.142 -51.687 -6.346
v -59.780 -52.115 0.749
v -59.264 -51.306 9.292
v -64.162 -42.653 30.952
v -66.527 -34.976 38.957
v -60.947 -48.225 21.345
v -69.771 47.007 13.698
v -69.524 43.036 3.363
v -69.233 38.776 -3.052
v -69.292 32.856 -7.401
v -68.933 24.475 -10.808
v -70.923 22.020 -2.378
v -73.479 17.839 4.573
v -74.904 12.914 8.643
v -75.398 8.153 9.832
v -75.307 4.433 10.586
v -74.088 -0.605 9.115
v -73.196 -2.354 7.609
v -71.341 -5.073 3.932
v -70.065 -6.984 -0.085
v -69.470 -8.502 -3.278
v -68.719 -10.058 -6.959
v -72.517 -3.318 6.300
v -74.585 1.121 9.809
v -77.055 25.617 32.578
v -74.949 30.837 40.719
v -64.078 -40.807 2.035
v -63.438 -42.334 -4.928
v -64.885 -39.549 9.961
v -65.663 -37.884 17.727
v -67.661 -32.737 25.573
v 70.662 -8.225 -24.896
v 70.986 -6.910 -21.978
v 71.759 -3.516 -21.170
v 70.946 -7.703 -23.352
v 68.659 -2.681 -29.119
v 69.429 -10.688 -18.574
v 69.351 -10.710 -22.437
v 69.657 -10.583 -19.184
v 70.290 -8.949 -22.055
v 68.616 -0.237 -24.107
v 67.817 -11.418 -27.241
v 68.006 -1.801 -26.835
v 68.311 -1.098 -25.926
v 68.006 -2.229 -27.745
v 69.267 -2.537 -28.353
v 70.310 -8.552 -21.368
v 70.344 -6.731 -19.675
v 70.419 -8.974 -13.242
v 71.866 -2.169 -21.649
v 71.054 -3.268 -18.592
v 69.680 -10.971 -17.611
v 71.664 -1.532 -21.960
v 71.054 -0.774 -22.889
v 71.890 -1.879 -23.178
v 72.047 -2.181 -22.869
v 72.195 -2.799 -23.777
v 69.069 -11.225 -24.119
v 70.445 -8.007 -26.577
v 71.814 -3.127 -26.216
v 69.906 -0.361 -23.808
v 71.054 -1.861 -25.617
v 66.065 -10.379 -33.955
v 71.054 -7.141 -28.921
v 68.509 -7.759 -32.578
v 70.919 -4.685 -29.861
v 71.328 -6.508 -29.232
v 71.771 -4.671 -28.332
v 70.140 -2.310 -27.745
v 71.054 -3.447 -28.654
v 69.530 -3.419 -30.172
v 69.633 -10.195 -20.756
v 72.305 -3.708 -23.167
v 72.076 -5.560 -25.586
v 72.148 -4.654 -26.505
v 71.475 -2.037 -20.779
v 69.609 -5.050 -31.263
v 70.817 -5.396 -16.597
v 69.867 -9.781 -18.190
v 69.945 -9.486 -17.799
v 70.332 -7.836 -16.897
v -70.558 -8.225 -24.896
v -70.882 -6.910 -21.978
v -71.655 -3.516 -21.170
v -70.842 -7.703 -23.352
v -68.555 -2.681 -29.119
v -69.325 -10.688 -18.574
v -69.247 -10.710 -22.437
v -69.553 -10.583 -19.184
v -70.186 -8.949 -22.055
v -68.512 -0.237 -24.107
v -67.713 -11.418 -27.241
v -67.902 -1.801 -26.835
v -68.207 -1.098 -25.926
v -67.902 -2.229 -27.745
v -69.163 -2.537 -28.353
v -70.206 -8.552 -21.368
v -70.240 -6.731 -19.675
v -70.315 -8.974 -13.242
v -71.762 -2.169 -21.649
v -70.951 -3.268 -18.592
v -69.576 -10.971 -17.611
v -71.560 -1.532 -21.960
v -70.951 -0.774 -22.889
v -71.786 -1.879 -23.178
v -71.943 -2.181 -22.869
v -72.091 -2.799 -23.777
v -68.965 -11.225 -24.119
v -70.341 -8.007 -26.577
v -71.710 -3.127 -26.216
v -69.802 -0.361 -23.808
v -70.951 -1.861 -25.617
v -65.961 -10.379 -33.955
v -70.951 -7.141 -28.921
v -68.405 -7.759 -32.578
v -70.815 -4.685 -29.861
v -71.224 -6.508 -29.232
v -71.667 -4.671 -28.332
v -70.036 -2.310 -27.745
v -70.951 -3.447 -28.654
v -69.426 -3.419 -30.172
v -69.529 -10.195 -20.756
v -72.201 -3.708 -23.167
v -71.972 -5.560 -25.586
v -72.044 -4.654 -26.505
v -71.371 -2.037 -20.779
v -69.505 -5.050 -31.263
v -70.713 -5.396 -16.597
v -69.763 -9.781 -18.190
v -69.841 -9.486 -17.799
v -70.228 -7.836 -16.897
v 76.510 -1.959 -6.842
v 75.748 -1.840 -8.535
v 78.463 -0.966 -3.747
v 79.588 6.214 -6.380
v 79.589 5.680 -4.657
v 78.383 4.406 -3.117
v 78.979 2.893 -1.889
v 78.065 3.799 -2.787
v 75.147 3.202 -4.972
v 74.350 0.721 -6.459
v 74.875 -0.912 -7.172
v 75.583 0.122 -4.905
v 77.063 3.048 -3.430
v 76.765 3.804 -4.045
v 76.019 4.100 -6.673
v 76.232 4.299 -6.045
v 77.065 4.610 -7.215
v 77.484 2.187 -3.078
v 77.368 4.441 -4.814
v 78.074 1.784 -2.694
v 74.810 3.623 -6.804
v 77.318 5.396 -7.118
v 79.589 5.115 -3.386
v 79.111 4.224 -2.120
v 78.633 4.030 -2.424
v 78.650 5.853 -7.393
v 79.300 3.695 -1.850
v 79.469 3.070 -1.467
v 77.368 4.708 -5.677
v 78.984 6.017 -9.460
v 79.906 6.310 -8.147
v 80.159 2.087 -1.119
v 76.892 4.999 -8.374
v 79.761 6.318 -9.187
v 78.227 -1.116 -4.112
v 75.988 1.481 -4.269
v 79.383 6.205 -9.433
v 78.773 -0.768 -3.268
v 77.727 -1.434 -4.884
v 77.956 -0.540 -3.688
v 81.060 1.600 -0.743
v -76.406 -1.959 -6.842
v -75.644 -1.840 -8.535
v -78.359 -0.966 -3.747
v -79.484 6.214 -6.380
v -79.485 5.680 -4.657
v -78.279 4.406 -3.117
v -78.875 2.893 -1.889
v -77.961 3.799 -2.787
v -75.043 3.202 -4.972
v -74.246 0.721 -6.459
v -74.771 -0.912 -7.172
v -75.479 0.122 -4.905
v -76.959 3.048 -3.430
v -76.661 3.804 -4.045
v -75.915 4.100 -6.673
v -76.128 4.299 -6.045
v -76.961 4.610 -7.215
v -77.380 2.187 -3.078
v -77.264 4.441 -4.814
v -77.970 1.784 -2.694
v -74.706 3.623 -6.804
v -77.214 5.396 -7.118
v -79.485 5.115 -3.386
v -79.007 4.224 -2.120
v -78.529 4.030 -2.424
v -78.546 5.853 -7.393
v -79.196 3.695 -1.850
v -79.365 3.070 -1.467
v -77.264 4.708 -5.677
v -78.880 6.017 -9.460
v -79.802 6.310 -8.147
v -80.055 2.087 -1.119
v -76.788 4.999 -8.374
v -79.657 6.318 -9.187
v -78.123 -1.116 -4.112
v -75.884 1.481 -4.269
v -79.279 6.205 -9.433
v -78.669 -0.768 -3.268
v -77.624 -1.434 -4.884
v -77.852 -0.540 -3.688
v -80.956 1.600 -0.743
v 1.373 -98.951 -68.267
v -0.061 -98.810 -68.763
v 2.247 -100.683 -66.331
v 1.488 -101.696 -65.169
v -0.053 -101.971 -64.908
v -0.057 -100.888 -66.829
v 0.771 -96.926 -66.138
v -0.663 -96.785 -66.633
v 1.738 -98.394 -64.459
v 1.075 -99.192 -63.568
v -0.465 -99.467 -63.308
v -0.575 -98.625 -64.930
v -1.269 -98.951 -68.267
v 0.165 -98.810 -68.763
v -2.143 -100.683 -66.331
v -1.384 -101.696 -65.169
v 0.157 -101.971 -64.908
v 0.161 -100.888 -66.829
v -0.667 -96.926 -66.138
v 0.767 -96.785 -66.633
v -1.634 -98.394 -64.459
v -0.971 -99.192 -63.568
v 0.569 -99.467 -63.308
v 0.679 -98.625 -64.930
v 48.257 -75.853 -29.065
v 49.581 -77.022 -33.355
v 50.536 -76.819 -43.739
v 50.449 -77.659 -38.597
v 52.372 -71.202 -25.483
v 55.190 -64.770 -17.864
v 56.286 -65.816 -22.858
v 57.803 -66.480 -28.798
v 58.783 -65.951 -34.974
v 58.586 -65.206 -40.867
v 55.150 -71.166 -42.753
v 54.917 -72.479 -37.567
v 54.165 -72.235 -31.261
v 64.262 -51.389 -18.652
v 64.647 -50.730 -23.883
v 64.630 -49.832 -28.983
v 63.826 -48.794 -35.859
v 62.416 -54.346 -37.519
v 60.782 -59.756 -39.152
v 61.088 -60.777 -32.890
v 60.562 -61.081 -26.173
v 59.271 -60.501 -19.166
v 61.949 -56.528 -19.071
v 62.904 -56.106 -24.940
v 63.046 -55.502 -30.674
v 70.450 -14.261 -17.954
v 69.896 -16.226 -23.571
v 70.014 -19.529 -24.469
v 69.220 -25.534 -27.017
v 67.934 -31.753 -29.227
v 66.583 -37.599 -31.986
v 65.230 -43.250 -34.119
v 66.980 -40.912 -22.262
v 65.960 -45.325 -23.013
v 67.534 -38.811 -18.630
v 66.027 -45.205 -18.427
v 67.222 -38.816 -25.519
v 65.887 -44.368 -27.524
v 68.746 -32.924 -21.037
v 69.954 -25.618 -19.528
v 70.545 -19.267 -18.777
v 56.591 -62.272 -12.694
v 60.115 -57.812 -12.874
v 49.906 -69.962 -19.094
v 53.389 -65.684 -12.840
v 45.893 -73.936 -23.121
v 63.295 -52.528 -13.204
v 66.005 -45.035 -13.335
v 68.057 -37.259 -12.684
v 69.474 -31.413 -12.913
v 70.675 -24.658 -12.684
v 71.035 -18.290 -12.064
v 70.962 -12.760 -12.727
v 65.326 -46.806 -28.175
v 46.626 -73.576 -30.139
v 47.603 -74.876 -34.050
v 48.221 -74.938 -43.419
v 48.205 -75.670 -38.646
v 50.546 -69.058 -26.515
v 53.073 -62.735 -18.481
v 54.100 -63.932 -23.677
v 55.357 -64.826 -29.328
v 56.124 -64.562 -34.974
v 55.888 -63.923 -40.602
v 52.670 -69.503 -42.464
v 52.508 -70.690 -37.598
v 52.004 -70.264 -31.929
v 61.458 -50.344 -18.852
v 61.771 -49.876 -23.896
v 61.721 -49.148 -28.720
v 60.920 -48.172 -35.450
v 59.536 -53.591 -37.145
v 57.960 -58.784 -38.846
v 58.308 -59.654 -32.810
v 57.965 -59.626 -26.549
v 56.880 -58.769 -19.696
v 59.339 -55.097 -19.439
v 60.145 -54.940 -25.112
v 60.188 -54.610 -30.488
v 67.465 -14.344 -17.673
v 66.915 -16.367 -23.257
v 67.030 -19.424 -24.173
v 66.260 -25.155 -26.708
v 64.992 -31.278 -28.875
v 63.655 -37.070 -31.603
v 62.313 -42.672 -33.720
v 64.054 -40.261 -22.148
v 63.042 -44.633 -22.933
v 64.613 -38.131 -18.551
v 63.131 -44.423 -18.474
v 64.290 -38.246 -25.241
v 62.963 -43.764 -27.231
v 65.805 -32.381 -20.805
v 66.987 -25.260 -19.267
v 67.558 -19.202 -18.504
v 54.348 -60.333 -13.157
v 57.623 -56.191 -13.271
v 48.090 -67.769 -20.038
v 51.298 -63.563 -13.204
v 44.469 -71.565 -24.284
v 60.563 -51.320 -13.484
v 63.123 -44.208 -13.414
v 65.141 -36.559 -12.609
v 66.533 -30.844 -12.748
v 67.700 -24.338 -12.460
v 68.046 -18.228 -11.811
v 67.974 -12.812 -12.465
v 62.404 -46.187 -27.890
v -48.153 -75.853 -29.065
v -49.477 -77.022 -33.355
v -50.432 -76.819 -43.739
v -50.345 -77.659 -38.597
v -52.268 -71.202 -25.483
v -55.086 -64.770 -17.864
v -56.182 -65.816 -22.858
v -57.699 -66.480 -28.798
v -58.679 -65.951 -34.974
v -58.482 -65.206 -40.867
v -55.046 -71.166 -42.753
v -54.813 -72.479 -37.567
v -54.061 -72.235 -31.261
v -64.158 -51.389 -18.652
v -64.543 -50.730 -23.883
v -64.526 -49.832 -28.983
v -63.722 -48.794 -35.859
v -62.312 -54.346 -37.519
v -60.678 -59.756 -39.152
v -60.984 -60.777 -32.890
v -60.458 -61.081 -26.173
v -59.167 -60.501 -19.166
v -61.845 -56.528 -19.071
v -62.800 -56.106 -24.940
v -62.942 -55.502 -30.674
v -70.346 -14.261 -17.954
v -69.792 -16.226 -23.571
v -69.910 -19.529 -24.469
v -69.116 -25.534 -27.017
v -67.830 -31.753 -29.227
v -66.479 -37.599 -31.986
v -65.126 -43.250 -34.119
v -66.876 -40.912 -22.262
v -65.856 -45.325 -23.013
v -67.430 -38.811 -18.630
v -65.923 -45.205 -18.427
v -67.118 -38.816 -25.519
v -65.783 -44.368 -27.524
v -68.642 -32.924 -21.037
v -69.850 -25.618 -19.528
v -70.441 -19.267 -18.777
v -56.487 -62.272 -12.694
v -60.011 -57.812 -12.874
v -49.802 -69.962 -19.094
v -53.285 -65.684 -12.840
v -45.789 -73.936 -23.121
v -63.191 -52.528 -13.204
v -65.901 -45.035 -13.335
v -67.953 -37.259 -12.684
v -69.370 -31.413 -12.913
v -70.571 -24.658 -12.684
v -70.931 -18.290 -12.064
v -70.858 -12.760 -12.727
v -65.222 -46.806 -28.175
v -46.522 -73.576 -30.139
v -47.499 -74.876 -34.050
v -48.117 -74.938 -43.419
v -48.101 -75.670 -38.646
v -50.442 -69.058 -26.515
v -52.969 -62.735 -18.481
v -53.996 -63.932 -23.677
v -55.253 -64.826 -29.328
v -56.020 -64.562 -34.974
v -55.784 -63.923 -40.602
v -52.566 -69.503 -42.464
v -52.404 -70.690 -37.598
v -51.900 -70.264 -31.929
v -61.354 -50.344 -18.852
v -61.667 -49.876 -23.896
v -61.617 -49.148 -28.720
v -60.816 -48.172 -35.450
v -59.432 -53.591 -37.145
v -57.856 -58.784 -38.846
v -58.204 -59.654 -32.810
v -57.861 -59.626 -26.549
v -56.776 -58.769 -19.696
v -59.235 -55.097 -19.439
v -60.041 -54.940 -25.112
v -60.084 -54.610 -30.488
v -67.361 -14.344 -17.673
v -66.811 -16.367 -23.257
v -66.926 -19.424 -24.173
v -66.156 -25.155 -26.708
v -64.888 -31.278 -28.875
v -63.551 -37.070 -31.603
v -62.209 -42.672 -33.720
v -63.950 -40.261 -22.148
v -62.938 -44.633 -22.933
v -64.509 -38.131 -18.551
v -63.027 -44.423 -18.474
v -64.186 -38.246 -25.241
v -62.859 -43.764 -27.231
v -65.701 -32.381 -20.805
v -66.883 -25.260 -19.267
v -67.454 -19.202 -18.504
v -54.244 -60.333 -13.157
v -57.519 -56.191 -13.271
v -47.986 -67.769 -20.038
v -51.194 -63.563 -13.204
v -44.365 -71.565 -24.284
v -60.459 -51.320 -13.484
v -63.019 -44.208 -13.414
v -65.037 -36.559 -12.609
v -66.429 -30.844 -12.748
v -67.596 -24.338 -12.460
v -67.942 -18.228 -11.811
v -67.870 -12.812 -12.465
v -62.300 -46.187 -27.890
f 10 15 21
f 10 21 9
f 11 18 15
f 11 15 10
f 7 4 15
f 7 15 16
f 16 17 6
f 16 6 7
f 14 18 11
f 14 11 12
f 13 19 18
f 13 18 14
f 19 16 15
f 16 19 20
f 16 20 17
f 19 13 2
f 19 2 20
f 20 1 17
f 5 17 1
f 5 1 3
f 6 17 5
f 6 5 8
f 15 18 19
f 21 15 4
f 1 20 2
f 31 30 42
f 31 42 36
f 32 31 36
f 32 36 39
f 28 37 36
f 28 36 25
f 37 28 27
f 37 27 38
f 35 33 32
f 35 32 39
f 34 35 39
f 34 39 40
f 40 36 37
f 37 38 41
f 37 41 40
f 40 41 23
f 40 23 34
f 41 38 22
f 26 24 22
f 26 22 38
f 27 29 26
f 27 26 38
f 36 40 39
f 42 25 36
f 22 23 41
f 4 7 28
f 4 28 25
f 9 21 42
f 9 42 30
f 7 6 27
f 7 27 28
f 1 2 23
f 1 23 22
f 2 13 34
f 2 34 23
f 3 1 22
f 3 22 24
f 5 3 24
f 5 24 26
f 8 5 26
f 8 26 29
f 6 8 29
f 6 29 27
f 10 9 30
f 10 30 31
f 11 10 31
f 11 31 32
f 12 11 32
f 12 32 33
f 14 12 33
f 14 33 35
f 13 14 35
f 13 35 34
f 21 4 25
f 21 25 42
f 52 57 63
f 52 63 51
f 53 60 57
f 53 57 52
f 49 46 57
f 49 57 58
f 58 59 48
f 58 48 49
f 56 60 53
f 56 53 54
f 55 61 60
f 55 60 56
f 61 58 57
f 58 61 62
f 58 62 59
f 61 55 44
f 61 44 62
f 62 43 59
f 47 59 43
f 47 43 45
f 48 59 47
f 48 47 50
f 57 60 61
f 63 57 46
f 43 62 44
f 73 72 84
f 73 84 78
f 74 73 78
f 74 78 81
f 70 79 78
f 70 78 67
f 79 70 69
f 79 69 80
f 77 75 74
f 77 74 81
f 76 77 81
f 76 81 82
f 82 78 79
f 79 80 83
f 79 83 82
f 82 83 65
f 82 65 76
f 83 80 64
f 68 66 64
f 68 64 80
f 69 71 68
f 69 68 80
f 78 82 81
f 84 67 78
f 64 65 83
f 46 49 70
f 46 70 67
f 51 63 84
f 51 84 72
f 49 48 69
f 49 69 70
f 43 44 65
f 43 65 64
f 44 55 76
f 44 76 65
f 45 43 64
f 45 64 66
f 47 45 66
f 47 66 68
f 50 47 68
f 50 68 71
f 48 50 71
f 48 71 69
f 52 51 72
f 52 72 73
f 53 52 73
f 53 73 74
f 54 53 74
f 54 74 75
f 56 54 75
f 56 75 77
f 55 56 77
f 55 77 76
f 63 46 67
f 63 67 84
f 87 89 113
f 100 87 113
f 87 100 99
f 89 87 88
f 99 88 87
f 101 119 122
f 111 114 121
f 101 120 114
f 94 85 92
f 109 108 91
f 107 91 108
f 107 115 103
f 107 103 91
f 104 105 112
f 105 91 103
f 105 103 106
f 102 103 115
f 85 97 92
f 110 86 112
f 112 105 110
f 106 110 105
f 103 102 106
f 106 101 114
f 102 101 106
f 100 116 118
f 113 116 100
f 90 109 91
f 98 109 90
f 96 93 104
f 95 93 96
f 92 93 94
f 95 94 93
f 91 105 92
f 92 90 91
f 98 90 97
f 97 90 92
f 93 105 104
f 92 105 93
f 114 120 121
f 86 114 111
f 114 110 106
f 117 119 101
f 118 101 102
f 116 117 101
f 119 117 113
f 101 122 120
f 110 114 86
f 113 117 116
f 118 116 101
f 125 127 151
f 138 125 151
f 125 138 137
f 127 125 126
f 137 126 125
f 139 157 160
f 149 152 159
f 139 158 152
f 132 123 130
f 147 146 129
f 145 129 146
f 145 153 141
f 145 141 129
f 142 143 150
f 143 129 141
f 143 141 144
f 140 141 153
f 123 135 130
f 148 124 150
f 150 143 148
f 144 148 143
f 141 140 144
f 144 139 152
f 140 139 144
f 138 154 156
f 151 154 138
f 128 147 129
f 136 147 128
f 134 131 142
f 133 131 134
f 130 131 132
f 133 132 131
f 129 143 130
f 130 128 129
f 136 128 135
f 135 128 130
f 131 143 142
f 130 143 131
f 152 158 159
f 124 152 149
f 152 148 144
f 155 157 139
f 156 139 140
f 154 155 139
f 157 155 151
f 139 160 158
f 148 152 124
f 151 155 154
f 156 154 139
f 205 202 211
f 203 211 202
f 203 212 211
f 201 202 205
f 200 201 205
f 208 212 203
f 202 199 203
f 201 198 202
f 198 199 202
f 203 199 208
f 209 208 207
f 207 208 197
f 208 199 197
f 206 207 177
f 215 176 196
f 215 196 204
f 195 204 196
f 204 195 205
f 195 200 205
f 200 194 201
f 201 194 193
f 201 193 198
f 193 166 192
f 193 192 191
f 193 191 198
f 198 190 199
f 189 199 190
f 198 191 190
f 190 191 188
f 189 197 199
f 187 197 189
f 187 189 190
f 188 186 190
f 197 181 178
f 183 196 184
f 196 218 195
f 164 194 200
f 191 192 188
f 188 182 186
f 190 186 187
f 186 172 187
f 187 172 174
f 161 162 171
f 192 161 188
f 161 171 188
f 167 166 193
f 181 197 187
f 186 173 172
f 164 165 194
f 215 175 176
f 163 184 196
f 176 163 196
f 164 200 195
f 165 168 194
f 168 167 194
f 167 193 194
f 210 169 212
f 170 161 192
f 170 162 161
f 171 182 188
f 174 180 187
f 173 186 182
f 177 207 197
f 179 177 197
f 178 179 197
f 181 187 180
f 205 211 215
f 205 215 204
f 215 211 214
f 212 208 209
f 210 212 209
f 215 214 175
f 214 217 213
f 213 217 169
f 214 211 212
f 169 217 212
f 196 183 218
f 214 212 217
f 219 185 184
f 163 219 184
f 221 216 185
f 222 223 163
f 222 163 176
f 223 220 219
f 223 219 163
f 220 221 185
f 220 185 219
f 176 224 222
f 269 266 275
f 267 275 266
f 267 276 275
f 265 266 269
f 264 265 269
f 272 276 267
f 266 263 267
f 265 262 266
f 262 263 266
f 267 263 272
f 273 272 271
f 271 272 261
f 272 263 261
f 270 271 241
f 279 240 260
f 279 260 268
f 259 268 260
f 268 259 269
f 259 264 269
f 264 258 265
f 265 258 257
f 265 257 262
f 257 230 256
f 257 256 255
f 257 255 262
f 262 254 263
f 253 263 254
f 262 255 254
f 254 255 252
f 253 261 263
f 251 261 253
f 251 253 254
f 252 250 254
f 261 245 242
f 247 260 248
f 260 282 259
f 228 258 264
f 255 256 252
f 252 246 250
f 254 250 251
f 250 236 251
f 251 236 238
f 225 226 235
f 256 225 252
f 225 235 252
f 231 230 257
f 245 261 251
f 250 237 236
f 228 229 258
f 279 239 240
f 227 248 260
f 240 227 260
f 228 264 259
f 229 232 258
f 232 231 258
f 231 257 258
f 274 233 276
f 234 225 256
f 234 226 225
f 235 246 252
f 238 244 251
f 237 250 246
f 241 271 261
f 243 241 261
f 242 243 261
f 245 251 244
f 269 275 279
f 269 279 268
f 279 275 278
f 276 272 273
f 274 276 273
f 279 278 239
f 278 281 277
f 277 281 233
f 278 275 276
f 233 281 276
f 260 247 282
f 278 276 281
f 283 249 248
f 227 283 248
f 285 280 249
f 286 287 227
f 286 227 240
f 287 284 283
f 287 283 227
f 284 285 249
f 284 249 283
f 240 288 286
f 314 315 313
f 311 312 314
f 313 311 314
f 310 309 311
f 310 311 313
f 312 311 309
f 309 308 312
f 312 306 307
f 306 312 308
f 305 306 308
f 307 306 317
f 315 303 313
f 303 304 302
f 303 315 304
f 313 303 310
f 303 302 310
f 302 301 310
f 300 310 301
f 310 300 309
f 309 300 308
f 308 300 299
f 299 300 298
f 298 300 297
f 301 297 300
f 308 299 305
f 299 298 305
f 296 295 304
f 304 295 302
f 302 295 301
f 301 295 297
f 294 295 293
f 294 297 295
f 290 297 294
f 290 289 297
f 289 298 297
f 291 295 296
f 291 293 295
f 292 291 296
f 314 316 315
f 343 344 342
f 340 341 343
f 342 340 343
f 339 338 340
f 339 340 342
f 341 340 338
f 338 337 341
f 341 335 336
f 335 341 337
f 334 335 337
f 336 335 346
f 344 332 342
f 332 333 331
f 332 344 333
f 342 332 339
f 332 331 339
f 331 330 339
f 329 339 330
f 339 329 338
f 338 329 337
f 337 329 328
f 328 329 327
f 327 329 326
f 330 326 329
f 337 328 334
f 328 327 334
f 325 324 333
f 333 324 331
f 331 324 330
f 330 324 326
f 323 324 322
f 323 326 324
f 319 326 323
f 319 318 326
f 318 327 326
f 320 324 325
f 320 322 324
f 321 320 325
f 343 345 344
f 364 362 361
f 363 364 361
f 363 361 355
f 353 355 361
f 355 359 363
f 357 359 355
f 357 355 352
f 355 353 347
f 360 361 362
f 360 353 361
f 360 367 353
f 369 357 356
f 356 354 358
f 356 358 373
f 356 357 352
f 351 356 352
f 356 350 354
f 356 351 350
f 352 355 347
f 349 354 350
f 359 372 363
f 363 372 370
f 363 370 364
f 348 351 347
f 351 352 347
f 350 351 348
f 349 350 348
f 366 347 353
f 365 348 347
f 367 366 353
f 368 359 357
f 369 368 357
f 359 371 372
f 366 365 347
f 368 371 359
f 373 369 356
f 391 389 388
f 390 391 388
f 390 388 382
f 380 382 388
f 382 386 390
f 384 386 382
f 384 382 379
f 382 380 374
f 387 388 389
f 387 380 388
f 387 394 380
f 396 384 383
f 383 381 385
f 383 385 400
f 383 384 379
f 378 383 379
f 383 377 381
f 383 378 377
f 379 382 374
f 376 381 377
f 386 399 390
f 390 399 397
f 390 397 391
f 375 378 374
f 378 379 374
f 377 378 375
f 376 377 375
f 393 374 380
f 392 375 374
f 394 393 380
f 395 386 384
f 396 395 384
f 386 398 399
f 393 392 374
f 395 398 386
f 400 396 383
f 431 430 405
f 431 405 404
f 432 431 404
f 432 404 403
f 433 432 403
f 433 403 427
f 434 433 427
f 434 427 429
f 435 434 429
f 435 429 426
f 436 435 426
f 436 426 428
f 437 436 428
f 437 428 425
f 438 437 425
f 438 425 424
f 439 438 424
f 439 424 423
f 440 439 423
f 440 423 422
f 405 430 456
f 405 456 406
f 414 406 456
f 414 456 455
f 407 414 455
f 407 455 454
f 412 407 454
f 412 454 453
f 415 412 453
f 415 453 452
f 415 452 416
f 415 416 408
f 411 416 452
f 411 452 451
f 409 411 451
f 409 451 450
f 413 409 450
f 413 450 449
f 410 413 449
f 410 449 442
f 474 410 442
f 474 442 448
f 401 474 448
f 401 448 447
f 402 401 447
f 402 447 446
f 417 402 446
f 417 446 445
f 418 417 445
f 418 445 444
f 419 418 444
f 419 444 443
f 420 419 443
f 420 443 441
f 457 440 422
f 457 422 421
f 457 421 420
f 457 420 441
f 473 450 451
f 473 451 472
f 451 452 453
f 451 453 472
f 471 472 453
f 471 453 454
f 470 471 454
f 470 454 455
f 469 470 455
f 469 455 456
f 468 469 456
f 468 456 430
f 467 468 430
f 467 430 431
f 466 467 431
f 466 431 432
f 465 466 432
f 465 432 433
f 464 465 433
f 464 433 434
f 463 464 434
f 463 434 435
f 462 463 435
f 462 435 436
f 461 462 436
f 461 436 437
f 460 461 437
f 460 437 438
f 459 460 438
f 459 438 439
f 458 459 439
f 458 439 440
f 505 478 479
f 505 479 504
f 506 477 478
f 506 478 505
f 507 501 477
f 507 477 506
f 508 503 501
f 508 501 507
f 509 500 503
f 509 503 508
f 510 502 500
f 510 500 509
f 511 499 502
f 511 502 510
f 512 498 499
f 512 499 511
f 513 497 498
f 513 498 512
f 514 496 497
f 514 497 513
f 479 480 530
f 479 530 504
f 488 529 530
f 488 530 480
f 481 528 529
f 481 529 488
f 486 527 528
f 486 528 481
f 489 526 527
f 489 527 486
f 489 482 490
f 489 490 526
f 485 525 526
f 485 526 490
f 483 524 525
f 483 525 485
f 487 523 524
f 487 524 483
f 484 516 523
f 484 523 487
f 548 522 516
f 548 516 484
f 475 521 522
f 475 522 548
f 476 520 521
f 476 521 475
f 491 519 520
f 491 520 476
f 492 518 519
f 492 519 491
f 493 517 518
f 493 518 492
f 494 515 517
f 494 517 493
f 531 495 496
f 531 496 514
f 531 515 494
f 531 494 495
f 547 546 525
f 547 525 524
f 525 546 527
f 525 527 526
f 545 528 527
f 545 527 546
f 544 529 528
f 544 528 545
f 543 530 529
f 543 529 544
f 542 504 530
f 542 530 543
f 541 505 504
f 541 504 542
f 540 506 505
f 540 505 541
f 539 507 506
f 539 506 540
f 538 508 507
f 538 507 539
f 537 509 508
f 537 508 538
f 536 510 509
f 536 509 537
f 535 511 510
f 535 510 536
f 534 512 511
f 534 511 535
f 533 513 512
f 533 512 534
f 532 514 513
f 532 513 533
f 474 401 475
f 474 475 548
f 401 402 476
f 401 476 475
f 417 418 492
f 417 492 491
f 402 417 491
f 402 491 476
f 418 419 493
f 418 493 492
f 419 420 494
f 419 494 493
f 420 421 495
f 420 495 494
f 421 422 496
f 421 496 495
f 422 423 497
f 422 497 496
f 423 424 498
f 423 498 497
f 424 425 499
f 424 499 498
f 428 426 500
f 428 500 502
f 429 427 501
f 429 501 503
f 427 403 477
f 427 477 501
f 425 428 502
f 425 502 499
f 426 429 503
f 426 503 500
f 442 449 523
f 442 523 516
f 441 443 517
f 441 517 515
f 448 442 516
f 448 516 522
f 444 445 519
f 444 519 518
f 445 446 520
f 445 520 519
f 446 447 521
f 446 521 520
f 447 448 522
f 447 522 521
f 443 444 518
f 443 518 517
f 449 450 524
f 449 524 523
f 440 457 531
f 440 531 514
f 457 441 515
f 457 515 531
f 458 440 514
f 458 514 532
f 459 458 532
f 459 532 533
f 460 459 533
f 460 533 534
f 461 460 534
f 461 534 535
f 462 461 535
f 462 535 536
f 463 462 536
f 463 536 537
f 464 463 537
f 464 537 538
f 465 464 538
f 465 538 539
f 466 465 539
f 466 539 540
f 467 466 540
f 467 540 541
f 468 467 541
f 468 541 542
f 469 468 542
f 469 542 543
f 470 469 543
f 470 543 544
f 471 470 544
f 471 544 545
f 472 471 545
f 472 545 546
f 473 472 546
f 473 546 547
f 450 473 547
f 450 547 524
f 410 474 548
f 410 548 484
f 403 404 478
f 403 478 477
f 404 405 479
f 404 479 478
f 405 406 480
f 405 480 479
f 406 414 488
f 406 488 480
f 414 407 481
f 414 481 488
f 407 412 486
f 407 486 481
f 415 408 482
f 415 482 489
f 412 415 489
f 412 489 486
f 408 416 490
f 408 490 482
f 411 409 483
f 411 483 485
f 416 411 485
f 416 485 490
f 409 413 487
f 409 487 483
f 413 410 484
f 413 484 487
f 579 578 553
f 579 553 552
f 580 579 552
f 580 552 551
f 581 580 551
f 581 551 575
f 582 581 575
f 582 575 577
f 583 582 577
f 583 577 574
f 584 583 574
f 584 574 576
f 585 584 576
f 585 576 573
f 586 585 573
f 586 573 572
f 587 586 572
f 587 572 571
f 588 587 571
f 588 571 570
f 553 578 604
f 553 604 554
f 562 554 604
f 562 604 603
f 555 562 603
f 555 603 602
f 560 555 602
f 560 602 601
f 563 560 601
f 563 601 600
f 563 600 564
f 563 564 556
f 559 564 600
f 559 600 599
f 557 559 599
f 557 599 598
f 561 557 598
f 561 598 597
f 558 561 597
f 558 597 590
f 622 558 590
f 622 590 596
f 549 622 596
f 549 596 595
f 550 549 595
f 550 595 594
f 565 550 594
f 565 594 593
f 566 565 593
f 566 593 592
f 567 566 592
f 567 592 591
f 568 567 591
f 568 591 589
f 605 588 570
f 605 570 569
f 605 569 568
f 605 568 589
f 621 598 599
f 621 599 620
f 599 600 601
f 599 601 620
f 619 620 601
f 619 601 602
f 618 619 602
f 618 602 603
f 617 618 603
f 617 603 604
f 616 617 604
f 616 604 578
f 615 616 578
f 615 578 579
f 614 615 579
f 614 579 580
f 613 614 580
f 613 580 581
f 612 613 581
f 612 581 582
f 611 612 582
f 611 582 583
f 610 611 583
f 610 583 584
f 609 610 584
f 609 584 585
f 608 609 585
f 608 585 586
f 607 608 586
f 607 586 587
f 606 607 587
f 606 587 588
f 653 626 627
f 653 627 652
f 654 625 626
f 654 626 653
f 655 649 625
f 655 625 654
f 656 651 649
f 656 649 655
f 657 648 651
f 657 651 656
f 658 650 648
f 658 648 657
f 659 647 650
f 659 650 658
f 660 646 647
f 660 647 659
f 661 645 646
f 661 646 660
f 662 644 645
f 662 645 661
f 627 628 678
f 627 678 652
f 636 677 678
f 636 678 628
f 629 676 677
f 629 677 636
f 634 675 676
f 634 676 629
f 637 674 675
f 637 675 634
f 637 630 638
f 637 638 674
f 633 673 674
f 633 674 638
f 631 672 673
f 631 673 633
f 635 671 672
f 635 672 631
f 632 664 671
f 632 671 635
f 696 670 664
f 696 664 632
f 623 669 670
f 623 670 696
f 624 668 669
f 624 669 623
f 639 667 668
f 639 668 624
f 640 666 667
f 640 667 639
f 641 665 666
f 641 666 640
f 642 663 665
f 642 665 641
f 679 643 644
f 679 644 662
f 679 663 642
f 679 642 643
f 695 694 673
f 695 673 672
f 673 694 675
f 673 675 674
f 693 676 675
f 693 675 694
f 692 677 676
f 692 676 693
f 691 678 677
f 691 677 692
f 690 652 678
f 690 678 691
f 689 653 652
f 689 652 690
f 688 654 653
f 688 653 689
f 687 655 654
f 687 654 688
f 686 656 655
f 686 655 687
f 685 657 656
f 685 656 686
f 684 658 657
f 684 657 685
f 683 659 658
f 683 658 684
f 682 660 659
f 682 659 683
f 681 661 660
f 681 660 682
f 680 662 661
f 680 661 681
f 622 549 623
f 622 623 696
f 549 550 624
f 549 624 623
f 565 566 640
f 565 640 639
f 550 565 639
f 550 639 624
f 566 567 641
f 566 641 640
f 567 568 642
f 567 642 641
f 568 569 643
f 568 643 642
f 569 570 644
f 569 644 643
f 570 571 645
f 570 645 644
f 571 572 646
f 571 646 645
f 572 573 647
f 572 647 646
f 576 574 648
f 576 648 650
f 577 575 649
f 577 649 651
f 575 551 625
f 575 625 649
f 573 576 650
f 573 650 647
f 574 577 651
f 574 651 648
f 590 597 671
f 590 671 664
f 589 591 665
f 589 665 663
f 596 590 664
f 596 664 670
f 592 593 667
f 592 667 666
f 593 594 668
f 593 668 667
f 594 595 669
f 594 669 668
f 595 596 670
f 595 670 669
f 591 592 666
f 591 666 665
f 597 598 672
f 597 672 671
f 588 605 679
f 588 679 662
f 605 589 663
f 605 663 679
f 606 588 662
f 606 662 680
f 607 606 680
f 607 680 681
f 608 607 681
f 608 681 682
f 609 608 682
f 609 682 683
f 610 609 683
f 610 683 684
f 611 610 684
f 611 684 685
f 612 611 685
f 612 685 686
f 613 612 686
f 613 686 687
f 614 613 687
f 614 687 688
f 615 614 688
f 615 688 689
f 616 615 689
f 616 689 690
f 617 616 690
f 617 690 691
f 618 617 691
f 618 691 692
f 619 618 692
f 619 692 693
f 620 619 693
f 620 693 694
f 621 620 694
f 621 694 695
f 598 621 695
f 598 695 672
f 558 622 696
f 558 696 632
f 551 552 626
f 551 626 625
f 552 553 627
f 552 627 626
f 553 554 628
f 553 628 627
f 554 562 636
f 554 636 628
f 562 555 629
f 562 629 636
f 555 560 634
f 555 634 629
f 563 556 630
f 563 630 637
f 560 563 637
f 560 637 634
f 556 564 638
f 556 638 630
f 559 557 631
f 559 631 633
f 564 559 633
f 564 633 638
f 557 561 635
f 557 635 631
f 561 558 632
f 561 632 635
f 697 699 698
f 708 710 709
f 711 707 709
f 707 711 698
f 706 710 708
f 706 708 704
f 702 704 708
f 707 708 709
f 702 708 707
f 702 707 699
f 699 707 698
f 704 705 706
f 705 704 703
f 703 700 701
f 703 704 702
f 700 703 702
f 700 702 697
f 697 702 699
f 706 714 715
f 706 715 710
f 705 713 706
f 705 716 713
f 712 716 705
f 713 714 706
f 703 712 705
f 703 701 712
f 717 719 718
f 728 730 729
f 731 727 729
f 727 731 718
f 726 730 728
f 726 728 724
f 722 724 728
f 727 728 729
f 722 728 727
f 722 727 719
f 719 727 718
f 724 725 726
f 725 724 723
f 723 720 721
f 723 724 722
f 720 723 722
f 720 722 717
f 717 722 719
f 726 734 735
f 726 735 730
f 725 733 726
f 725 736 733
f 732 736 725
f 733 734 726
f 723 732 725
f 723 721 732
f 766 765 741
f 766 741 740
f 763 764 765
f 763 765 766
f 741 765 764
f 741 764 831
f 744 832 767
f 745 744 767
f 745 767 768
f 742 745 768
f 742 768 769
f 743 742 769
f 743 769 770
f 737 743 770
f 737 770 771
f 738 737 771
f 738 771 772
f 739 738 772
f 739 772 773
f 766 740 739
f 766 739 773
f 774 763 766
f 774 766 773
f 762 763 774
f 762 774 775
f 776 761 762
f 776 762 775
f 777 760 761
f 777 761 776
f 778 759 760
f 778 760 777
f 779 758 759
f 779 759 778
f 780 747 758
f 780 758 779
f 781 746 747
f 781 747 780
f 748 749 804
f 748 804 767
f 768 767 803
f 769 768 803
f 769 803 802
f 770 769 802
f 770 802 801
f 771 770 801
f 771 801 800
f 772 771 800
f 772 800 799
f 782 773 772
f 782 772 799
f 775 774 773
f 775 773 782
f 783 782 799
f 783 799 798
f 784 783 798
f 784 798 797
f 776 775 782
f 776 782 783
f 777 776 783
f 777 783 784
f 778 777 784
f 778 784 785
f 786 779 778
f 786 778 785
f 787 780 779
f 787 779 786
f 788 781 780
f 788 780 787
f 788 755 746
f 788 746 781
f 789 756 755
f 789 755 788
f 790 757 756
f 790 756 789
f 833 835 757
f 833 757 790
f 796 785 784
f 796 784 797
f 795 786 785
f 795 785 796
f 794 787 786
f 794 786 795
f 793 788 787
f 793 787 794
f 792 789 788
f 792 788 793
f 791 790 789
f 791 789 792
f 834 833 790
f 834 790 791
f 804 749 750
f 804 750 805
f 803 804 805
f 803 805 806
f 802 803 844
f 801 802 844
f 801 844 808
f 800 801 808
f 800 808 809
f 798 799 800
f 798 800 809
f 797 798 809
f 797 809 843
f 750 751 813
f 750 813 805
f 806 805 813
f 806 813 812
f 807 806 812
f 807 812 811
f 808 807 811
f 808 811 810
f 809 808 843
f 812 813 814
f 812 814 815
f 811 812 815
f 811 815 816
f 810 811 816
f 810 816 817
f 814 813 751
f 814 751 752
f 819 818 817
f 819 817 816
f 820 819 816
f 820 816 815
f 821 820 815
f 821 815 814
f 821 814 752
f 821 752 753
f 817 795 796
f 817 796 810
f 818 794 795
f 818 795 817
f 826 754 830
f 826 830 827
f 821 753 825
f 821 825 826
f 820 821 826
f 820 826 827
f 828 819 820
f 828 820 827
f 822 818 819
f 822 819 828
f 828 827 830
f 828 830 829
f 822 828 829
f 822 829 823
f 754 836 842
f 754 842 830
f 829 830 842
f 829 842 841
f 823 829 841
f 823 841 840
f 823 840 839
f 823 839 824
f 837 824 839
f 837 839 838
f 834 791 824
f 834 824 837
f 792 823 824
f 792 824 791
f 822 823 792
f 822 792 793
f 794 818 822
f 794 822 793
f 843 796 797
f 843 808 810
f 843 810 796
f 808 844 807
f 803 767 804
f 844 803 806
f 844 806 807
f 767 832 748
f 874 848 849
f 874 849 873
f 871 874 873
f 871 873 872
f 849 939 872
f 849 872 873
f 852 875 940
f 853 876 875
f 853 875 852
f 850 877 876
f 850 876 853
f 851 878 877
f 851 877 850
f 845 879 878
f 845 878 851
f 846 880 879
f 846 879 845
f 847 881 880
f 847 880 846
f 874 881 847
f 874 847 848
f 882 881 874
f 882 874 871
f 870 883 882
f 870 882 871
f 884 883 870
f 884 870 869
f 885 884 869
f 885 869 868
f 886 885 868
f 886 868 867
f 887 886 867
f 887 867 866
f 888 887 866
f 888 866 855
f 889 888 855
f 889 855 854
f 856 875 912
f 856 912 857
f 876 911 875
f 877 910 911
f 877 911 876
f 878 909 910
f 878 910 877
f 879 908 909
f 879 909 878
f 880 907 908
f 880 908 879
f 890 907 880
f 890 880 881
f 883 890 881
f 883 881 882
f 891 906 907
f 891 907 890
f 892 905 906
f 892 906 891
f 884 891 890
f 884 890 883
f 885 892 891
f 885 891 884
f 886 893 892
f 886 892 885
f 894 893 886
f 894 886 887
f 895 894 887
f 895 887 888
f 896 895 888
f 896 888 889
f 896 889 854
f 896 854 863
f 897 896 863
f 897 863 864
f 898 897 864
f 898 864 865
f 941 898 865
f 941 865 943
f 904 905 892
f 904 892 893
f 903 904 893
f 903 893 894
f 902 903 894
f 902 894 895
f 901 902 895
f 901 895 896
f 900 901 896
f 900 896 897
f 899 900 897
f 899 897 898
f 942 899 898
f 942 898 941
f 912 913 858
f 912 858 857
f 911 914 913
f 911 913 912
f 910 952 911
f 909 916 952
f 909 952 910
f 908 917 916
f 908 916 909
f 906 917 908
f 906 908 907
f 905 951 917
f 905 917 906
f 858 913 921
f 858 921 859
f 914 920 921
f 914 921 913
f 915 919 920
f 915 920 914
f 916 918 919
f 916 919 915
f 917 951 916
f 920 923 922
f 920 922 921
f 919 924 923
f 919 923 920
f 918 925 924
f 918 924 919
f 922 860 859
f 922 859 921
f 927 924 925
f 927 925 926
f 928 923 924
f 928 924 927
f 929 922 923
f 929 923 928
f 929 861 860
f 929 860 922
f 925 918 904
f 925 904 903
f 926 925 903
f 926 903 902
f 934 935 938
f 934 938 862
f 929 934 933
f 929 933 861
f 928 935 934
f 928 934 929
f 936 935 928
f 936 928 927
f 930 936 927
f 930 927 926
f 936 937 938
f 936 938 935
f 930 931 937
f 930 937 936
f 862 938 950
f 862 950 944
f 937 949 950
f 937 950 938
f 931 948 949
f 931 949 937
f 931 932 947
f 931 947 948
f 945 946 947
f 945 947 932
f 942 945 932
f 942 932 899
f 900 899 932
f 900 932 931
f 930 901 900
f 930 900 931
f 902 901 930
f 902 930 926
f 951 905 904
f 951 904 918
f 951 918 916
f 916 915 952
f 911 912 875
f 952 915 914
f 952 914 911
f 875 856 940
f 737 738 846
f 737 846 845
f 738 739 847
f 738 847 846
f 739 740 848
f 739 848 847
f 740 741 849
f 740 849 848
f 741 831 939
f 741 939 849
f 742 743 851
f 742 851 850
f 743 737 845
f 743 845 851
f 832 744 852
f 832 852 940
f 744 745 853
f 744 853 852
f 745 742 850
f 745 850 853
f 758 747 855
f 758 855 866
f 760 759 867
f 760 867 868
f 761 760 868
f 761 868 869
f 762 761 869
f 762 869 870
f 763 762 870
f 763 870 871
f 764 763 871
f 764 871 872
f 831 764 872
f 831 872 939
f 759 758 866
f 759 866 867
f 833 834 942
f 833 942 941
f 835 833 941
f 835 941 943
f 836 754 862
f 836 862 944
f 837 838 946
f 837 946 945
f 838 839 947
f 838 947 946
f 839 840 948
f 839 948 947
f 840 841 949
f 840 949 948
f 841 842 950
f 841 950 949
f 842 836 944
f 842 944 950
f 834 837 945
f 834 945 942
f 747 746 854
f 747 854 855
f 746 755 863
f 746 863 854
f 755 756 864
f 755 864 863
f 756 757 865
f 756 865 864
f 757 835 943
f 757 943 865
f 748 832 940
f 748 940 856
f 749 748 856
f 749 856 857
f 750 749 857
f 750 857 858
f 751 750 858
f 751 858 859
f 752 751 859
f 752 859 860
f 753 752 860
f 753 860 861
f 825 753 861
f 825 861 933
f 754 826 934
f 754 934 862
f 826 825 933
f 826 933 934
f 982 981 957
f 982 957 956
f 979 980 981
f 979 981 982
f 957 981 980
f 957 980 1047
f 960 1048 983
f 961 960 983
f 961 983 984
f 958 961 984
f 958 984 985
f 959 958 985
f 959 985 986
f 953 959 986
f 953 986 987
f 954 953 987
f 954 987 988
f 955 954 988
f 955 988 989
f 982 956 955
f 982 955 989
f 990 979 982
f 990 982 989
f 978 979 990
f 978 990 991
f 992 977 978
f 992 978 991
f 993 976 977
f 993 977 992
f 994 975 976
f 994 976 993
f 995 974 975
f 995 975 994
f 996 963 974
f 996 974 995
f 997 962 963
f 997 963 996
f 964 965 1020
f 964 1020 983
f 984 983 1019
f 985 984 1019
f 985 1019 1018
f 986 985 1018
f 986 1018 1017
f 987 986 1017
f 987 1017 1016
f 988 987 1016
f 988 1016 1015
f 998 989 988
f 998 988 1015
f 991 990 989
f 991 989 998
f 999 998 1015
f 999 1015 1014
f 1000 999 1014
f 1000 1014 1013
f 992 991 998
f 992 998 999
f 993 992 999
f 993 999 1000
f 994 993 1000
f 994 1000 1001
f 1002 995 994
f 1002 994 1001
f 1003 996 995
f 1003 995 1002
f 1004 997 996
f 1004 996 1003
f 1004 971 962
f 1004 962 997
f 1005 972 971
f 1005 971 1004
f 1006 973 972
f 1006 972 1005
f 1049 1051 973
f 1049 973 1006
f 1012 1001 1000
f 1012 1000 1013
f 1011 1002 1001
f 1011 1001 1012
f 1010 1003 1002
f 1010 1002 1011
f 1009 1004 1003
f 1009 1003 1010
f 1008 1005 1004
f 1008 1004 1009
f 1007 1006 1005
f 1007 1005 1008
f 1050 1049 1006
f 1050 1006 1007
f 1020 965 966
f 1020 966 1021
f 1019 1020 1021
f 1019 1021 1022
f 1018 1019 1060
f 1017 1018 1060
f 1017 1060 1024
f 1016 1017 1024
f 1016 1024 1025
f 1014 1015 1016
f 1014 1016 1025
f 1013 1014 1025
f 1013 1025 1059
f 966 967 1029
f 966 1029 1021
f 1022 1021 1029
f 1022 1029 1028
f 1023 1022 1028
f 1023 1028 1027
f 1024 1023 1027
f 1024 1027 1026
f 1025 1024 1059
f 1028 1029 1030
f 1028 1030 1031
f 1027 1028 1031
f 1027 1031 1032
f 1026 1027 1032
f 1026 1032 1033
f 1030 1029 967
f 1030 967 968
f 1035 1034 1033
f 1035 1033 1032
f 1036 1035 1032
f 1036 1032 1031
f 1037 1036 1031
f 1037 1031 1030
f 1037 1030 968
f 1037 968 969
f 1033 1011 1012
f 1033 1012 1026
f 1034 1010 1011
f 1034 1011 1033
f 1042 970 1046
f 1042 1046 1043
f 1037 969 1041
f 1037 1041 1042
f 1036 1037 1042
f 1036 1042 1043
f 1044 1035 1036
f 1044 1036 1043
f 1038 1034 1035
f 1038 1035 1044
f 1044 1043 1046
f 1044 1046 1045
f 1038 1044 1045
f 1038 1045 1039
f 970 1052 1058
f 970 1058 1046
f 1045 1046 1058
f 1045 1058 1057
f 1039 1045 1057
f 1039 1057 1056
f 1039 1056 1055
f 1039 1055 1040
f 1053 1040 1055
f 1053 1055 1054
f 1050 1007 1040
f 1050 1040 1053
f 1008 1039 1040
f 1008 1040 1007
f 1038 1039 1008
f 1038 1008 1009
f 1010 1034 1038
f 1010 1038 1009
f 1059 1012 1013
f 1059 1024 1026
f 1059 1026 1012
f 1024 1060 1023
f 1019 983 1020
f 1060 1019 1022
f 1060 1022 1023
f 983 1048 964
f 1090 1064 1065
f 1090 1065 1089
f 1087 1090 1089
f 1087 1089 1088
f 1065 1155 1088
f 1065 1088 1089
f 1068 1091 1156
f 1069 1092 1091
f 1069 1091 1068
f 1066 1093 1092
f 1066 1092 1069
f 1067 1094 1093
f 1067 1093 1066
f 1061 1095 1094
f 1061 1094 1067
f 1062 1096 1095
f 1062 1095 1061
f 1063 1097 1096
f 1063 1096 1062
f 1090 1097 1063
f 1090 1063 1064
f 1098 1097 1090
f 1098 1090 1087
f 1086 1099 1098
f 1086 1098 1087
f 1100 1099 1086
f 1100 1086 1085
f 1101 1100 1085
f 1101 1085 1084
f 1102 1101 1084
f 1102 1084 1083
f 1103 1102 1083
f 1103 1083 1082
f 1104 1103 1082
f 1104 1082 1071
f 1105 1104 1071
f 1105 1071 1070
f 1072 1091 1128
f 1072 1128 1073
f 1092 1127 1091
f 1093 1126 1127
f 1093 1127 1092
f 1094 1125 1126
f 1094 1126 1093
f 1095 1124 1125
f 1095 1125 1094
f 1096 1123 1124
f 1096 1124 1095
f 1106 1123 1096
f 1106 1096 1097
f 1099 1106 1097
f 1099 1097 1098
f 1107 1122 1123
f 1107 1123 1106
f 1108 1121 1122
f 1108 1122 1107
f 1100 1107 1106
f 1100 1106 1099
f 1101 1108 1107
f 1101 1107 1100
f 1102 1109 1108
f 1102 1108 1101
f 1110 1109 1102
f 1110 1102 1103
f 1111 1110 1103
f 1111 1103 1104
f 1112 1111 1104
f 1112 1104 1105
f 1112 1105 1070
f 1112 1070 1079
f 1113 1112 1079
f 1113 1079 1080
f 1114 1113 1080
f 1114 1080 1081
f 1157 1114 1081
f 1157 1081 1159
f 1120 1121 1108
f 1120 1108 1109
f 1119 1120 1109
f 1119 1109 1110
f 1118 1119 1110
f 1118 1110 1111
f 1117 1118 1111
f 1117 1111 1112
f 1116 1117 1112
f 1116 1112 1113
f 1115 1116 1113
f 1115 1113 1114
f 1158 1115 1114
f 1158 1114 1157
f 1128 1129 1074
f 1128 1074 1073
f 1127 1130 1129
f 1127 1129 1128
f 1126 1168 1127
f 1125 1132 1168
f 1125 1168 1126
f 1124 1133 1132
f 1124 1132 1125
f 1122 1133 1124
f 1122 1124 1123
f 1121 1167 1133
f 1121 1133 1122
f 1074 1129 1137
f 1074 1137 1075
f 1130 1136 1137
f 1130 1137 1129
f 1131 1135 1136
f 1131 1136 1130
f 1132 1134 1135
f 1132 1135 1131
f 1133 1167 1132
f 1136 1139 1138
f 1136 1138 1137
f 1135 1140 1139
f 1135 1139 1136
f 1134 1141 1140
f 1134 1140 1135
f 1138 1076 1075
f 1138 1075 1137
f 1143 1140 1141
f 1143 1141 1142
f 1144 1139 1140
f 1144 1140 1143
f 1145 1138 1139
f 1145 1139 1144
f 1145 1077 1076
f 1145 1076 1138
f 1141 1134 1120
f 1141 1120 1119
f 1142 1141 1119
f 1142 1119 1118
f 1150 1151 1154
f 1150 1154 1078
f 1145 1150 1149
f 1145 1149 1077
f 1144 1151 1150
f 1144 1150 1145
f 1152 1151 1144
f 1152 1144 1143
f 1146 1152 1143
f 1146 1143 1142
f 1152 1153 1154
f 1152 1154 1151
f 1146 1147 1153
f 1146 1153 1152
f 1078 1154 1166
f 1078 1166 1160
f 1153 1165 1166
f 1153 1166 1154
f 1147 1164 1165
f 1147 1165 1153
f 1147 1148 1163
f 1147 1163 1164
f 1161 1162 1163
f 1161 1163 1148
f 1158 1161 1148
f 1158 1148 1115
f 1116 1115 1148
f 1116 1148 1147
f 1146 1117 1116
f 1146 1116 1147
f 1118 1117 1146
f 1118 1146 1142
f 1167 1121 1120
f 1167 1120 1134
f 1167 1134 1132
f 1132 1131 1168
f 1127 1128 1091
f 1168 1131 1130
f 1168 1130 1127
f 1091 1072 1156
f 953 954 1062
f 953 1062 1061
f 954 955 1063
f 954 1063 1062
f 955 956 1064
f 955 1064 1063
f 956 957 1065
f 956 1065 1064
f 957 1047 1155
f 957 1155 1065
f 958 959 1067
f 958 1067 1066
f 959 953 1061
f 959 1061 1067
f 1048 960 1068
f 1048 1068 1156
f 960 961 1069
f 960 1069 1068
f 961 958 1066
f 961 1066 1069
f 974 963 1071
f 974 1071 1082
f 976 975 1083
f 976 1083 1084
f 977 976 1084
f 977 1084 1085
f 978 977 1085
f 978 1085 1086
f 979 978 1086
f 979 1086 1087
f 980 979 1087
f 980 1087 1088
f 1047 980 1088
f 1047 1088 1155
f 975 974 1082
f 975 1082 1083
f 1049 1050 1158
f 1049 1158 1157
f 1051 1049 1157
f 1051 1157 1159
f 1052 970 1078
f 1052 1078 1160
f 1053 1054 1162
f 1053 1162 1161
f 1054 1055 1163
f 1054 1163 1162
f 1055 1056 1164
f 1055 1164 1163
f 1056 1057 1165
f 1056 1165 1164
f 1057 1058 1166
f 1057 1166 1165
f 1058 1052 1160
f 1058 1160 1166
f 1050 1053 1161
f 1050 1161 1158
f 963 962 1070
f 963 1070 1071
f 962 971 1079
f 962 1079 1070
f 971 972 1080
f 971 1080 1079
f 972 973 1081
f 972 1081 1080
f 973 1051 1159
f 973 1159 1081
f 964 1048 1156
f 964 1156 1072
f 965 964 1072
f 965 1072 1073
f 966 965 1073
f 966 1073 1074
f 967 966 1074
f 967 1074 1075
f 968 967 1075
f 968 1075 1076
f 969 968 1076
f 969 1076 1077
f 1041 969 1077
f 1041 1077 1149
f 970 1042 1150
f 970 1150 1078
f 1042 1041 1149
f 1042 1149 1150
f 1275 1269 1266
f 1281 1266 1269
f 1277 1280 1279
f 1279 1280 1278
f 1256 1281 1269
f 1266 1280 1263
f 1281 1280 1266
f 1278 1281 1256
f 1278 1280 1281
f 1263 1280 1277
f 1279 1278 1236
f 1265 1263 1277
f 1253 1265 1277
f 1252 1277 1279
f 1236 1252 1279
f 1236 1278 1256
f 1277 1252 1253
f 1253 1252 1250
f 1250 1252 1251
f 1242 1252 1236
f 1225 1288 1224
f 1223 1222 1268
f 1255 1268 1222
f 1214 1255 1222
f 1214 1222 1213
f 1275 1271 1269
f 1266 1264 1275
f 1264 1274 1276
f 1264 1276 1275
f 1264 1262 1274
f 1275 1270 1271
f 1274 1273 1276
f 1276 1273 1270
f 1270 1275 1276
f 1262 1259 1274
f 1274 1259 1273
f 1257 1273 1259
f 1270 1273 1272
f 1273 1257 1272
f 1257 1219 1272
f 1217 1272 1211
f 1217 1270 1272
f 1219 1211 1272
f 1269 1271 1224
f 1225 1271 1270
f 1224 1271 1225
f 1218 1225 1270
f 1270 1217 1218
f 1256 1269 1267
f 1269 1224 1267
f 1267 1268 1256
f 1241 1256 1268
f 1241 1268 1255
f 1223 1268 1267
f 1267 1224 1223
f 1215 1254 1214
f 1214 1254 1255
f 1215 1214 1206
f 1263 1264 1266
f 1265 1260 1263
f 1249 1260 1265
f 1249 1265 1253
f 1263 1262 1264
f 1263 1261 1262
f 1263 1260 1261
f 1262 1261 1259
f 1249 1248 1260
f 1261 1258 1259
f 1260 1258 1261
f 1260 1248 1258
f 1248 1244 1212
f 1257 1259 1258
f 1212 1258 1248
f 1210 1258 1212
f 1203 1212 1244
f 1258 1210 1257
f 1219 1257 1210
f 1236 1256 1241
f 1241 1255 1254
f 1254 1207 1241
f 1241 1207 1233
f 1207 1254 1215
f 1215 1205 1207
f 1233 1207 1202
f 1250 1249 1253
f 1252 1242 1251
f 1245 1249 1250
f 1250 1251 1247
f 1242 1246 1251
f 1247 1251 1246
f 1240 1246 1242
f 1247 1245 1250
f 1239 1247 1246
f 1248 1245 1244
f 1248 1249 1245
f 1247 1243 1245
f 1239 1243 1247
f 1240 1239 1246
f 1245 1243 1244
f 1204 1244 1243
f 1204 1203 1244
f 1243 1239 1204
f 1238 1242 1236
f 1238 1240 1242
f 1233 1236 1241
f 1192 1202 1207
f 1229 1231 1286
f 1230 1229 1238
f 1240 1287 1239
f 1239 1287 1204
f 1230 1290 1229
f 1237 1238 1235
f 1235 1238 1236
f 1237 1230 1238
f 1228 1237 1235
f 1226 1237 1228
f 1230 1226 1201
f 1230 1237 1226
f 1227 1228 1234
f 1233 1234 1236
f 1234 1235 1236
f 1235 1234 1228
f 1232 1234 1233
f 1200 1234 1232
f 1200 1227 1234
f 1233 1202 1232
f 1202 1190 1232
f 1232 1190 1200
f 1230 1201 1290
f 1228 1227 1226
f 1227 1189 1226
f 1227 1200 1189
f 1201 1226 1189
f 1218 1288 1225
f 1221 1220 1222
f 1221 1222 1223
f 1223 1224 1221
f 1222 1220 1213
f 1199 1213 1220
f 1198 1213 1199
f 1199 1283 1198
f 1217 1211 1216
f 1211 1219 1210
f 1217 1216 1218
f 1216 1211 1208
f 1205 1215 1206
f 1206 1214 1213
f 1198 1206 1213
f 1206 1198 1197
f 1206 1197 1196
f 1212 1209 1210
f 1203 1209 1212
f 1210 1208 1211
f 1210 1209 1208
f 1205 1192 1207
f 1196 1205 1206
f 1192 1205 1193
f 1193 1205 1196
f 1202 1192 1190
f 1190 1192 1183
f 1181 1200 1190
f 1200 1181 1189
f 1283 1284 1198
f 1282 1194 1197
f 1283 1195 1284
f 1286 1240 1238
f 1286 1238 1229
f 1287 1286 1231
f 1204 1287 1231
f 1187 1188 1195
f 1195 1282 1284
f 1194 1196 1197
f 1195 1194 1282
f 1194 1193 1196
f 1194 1195 1188
f 1193 1194 1188
f 1188 1185 1193
f 1185 1188 1186
f 1185 1179 1193
f 1182 1190 1183
f 1193 1179 1191
f 1191 1192 1193
f 1183 1192 1191
f 1191 1179 1178
f 1191 1178 1183
f 1173 1181 1182
f 1190 1182 1181
f 1181 1289 1189
f 1282 1197 1198
f 1240 1286 1287
f 1282 1198 1284
f 1188 1187 1186
f 1186 1184 1185
f 1184 1186 1180
f 1186 1187 1285
f 1186 1285 1180
f 1179 1170 1177
f 1185 1184 1179
f 1180 1170 1184
f 1184 1170 1179
f 1182 1174 1173
f 1178 1182 1183
f 1174 1182 1176
f 1178 1176 1182
f 1178 1177 1176
f 1177 1175 1176
f 1181 1173 1289
f 1172 1174 1175
f 1175 1171 1172
f 1169 1174 1172
f 1177 1178 1179
f 1170 1175 1177
f 1174 1176 1175
f 1175 1170 1171
f 1173 1174 1169
f 1397 1391 1388
f 1403 1388 1391
f 1399 1402 1401
f 1401 1402 1400
f 1378 1403 1391
f 1388 1402 1385
f 1403 1402 1388
f 1400 1403 1378
f 1400 1402 1403
f 1385 1402 1399
f 1401 1400 1358
f 1387 1385 1399
f 1375 1387 1399
f 1374 1399 1401
f 1358 1374 1401
f 1358 1400 1378
f 1399 1374 1375
f 1375 1374 1372
f 1372 1374 1373
f 1364 1374 1358
f 1347 1410 1346
f 1345 1344 1390
f 1377 1390 1344
f 1336 1377 1344
f 1336 1344 1335
f 1397 1393 1391
f 1388 1386 1397
f 1386 1396 1398
f 1386 1398 1397
f 1386 1384 1396
f 1397 1392 1393
f 1396 1395 1398
f 1398 1395 1392
f 1392 1397 1398
f 1384 1381 1396
f 1396 1381 1395
f 1379 1395 1381
f 1392 1395 1394
f 1395 1379 1394
f 1379 1341 1394
f 1339 1394 1333
f 1339 1392 1394
f 1341 1333 1394
f 1391 1393 1346
f 1347 1393 1392
f 1346 1393 1347
f 1340 1347 1392
f 1392 1339 1340
f 1378 1391 1389
f 1391 1346 1389
f 1389 1390 1378
f 1363 1378 1390
f 1363 1390 1377
f 1345 1390 1389
f 1389 1346 1345
f 1337 1376 1336
f 1336 1376 1377
f 1337 1336 1328
f 1385 1386 1388
f 1387 1382 1385
f 1371 1382 1387
f 1371 1387 1375
f 1385 1384 1386
f 1385 1383 1384
f 1385 1382 1383
f 1384 1383 1381
f 1371 1370 1382
f 1383 1380 1381
f 1382 1380 1383
f 1382 1370 1380
f 1370 1366 1334
f 1379 1381 1380
f 1334 1380 1370
f 1332 1380 1334
f 1325 1334 1366
f 1380 1332 1379
f 1341 1379 1332
f 1358 1378 1363
f 1363 1377 1376
f 1376 1329 1363
f 1363 1329 1355
f 1329 1376 1337
f 1337 1327 1329
f 1355 1329 1324
f 1372 1371 1375
f 1374 1364 1373
f 1367 1371 1372
f 1372 1373 1369
f 1364 1368 1373
f 1369 1373 1368
f 1362 1368 1364
f 1369 1367 1372
f 1361 1369 1368
f 1370 1367 1366
f 1370 1371 1367
f 1369 1365 1367
f 1361 1365 1369
f 1362 1361 1368
f 1367 1365 1366
f 1326 1366 1365
f 1326 1325 1366
f 1365 1361 1326
f 1360 1364 1358
f 1360 1362 1364
f 1355 1358 1363
f 1314 1324 1329
f 1351 1353 1408
f 1352 1351 1360
f 1362 1409 1361
f 1361 1409 1326
f 1352 1412 1351
f 1359 1360 1357
f 1357 1360 1358
f 1359 1352 1360
f 1350 1359 1357
f 1348 1359 1350
f 1352 1348 1323
f 1352 1359 1348
f 1349 1350 1356
f 1355 1356 1358
f 1356 1357 1358
f 1357 1356 1350
f 1354 1356 1355
f 1322 1356 1354
f 1322 1349 1356
f 1355 1324 1354
f 1324 1312 1354
f 1354 1312 1322
f 1352 1323 1412
f 1350 1349 1348
f 1349 1311 1348
f 1349 1322 1311
f 1323 1348 1311
f 1340 1410 1347
f 1343 1342 1344
f 1343 1344 1345
f 1345 1346 1343
f 1344 1342 1335
f 1321 1335 1342
f 1320 1335 1321
f 1321 1405 1320
f 1339 1333 1338
f 1333 1341 1332
f 1339 1338 1340
f 1338 1333 1330
f 1327 1337 1328
f 1328 1336 1335
f 1320 1328 1335
f 1328 1320 1319
f 1328 1319 1318
f 1334 1331 1332
f 1325 1331 1334
f 1332 1330 1333
f 1332 1331 1330
f 1327 1314 1329
f 1318 1327 1328
f 1314 1327 1315
f 1315 1327 1318
f 1324 1314 1312
f 1312 1314 1305
f 1303 1322 1312
f 1322 1303 1311
f 1405 1406 1320
f 1404 1316 1319
f 1405 1317 1406
f 1408 1362 1360
f 1408 1360 1351
f 1409 1408 1353
f 1326 1409 1353
f 1309 1310 1317
f 1317 1404 1406
f 1316 1318 1319
f 1317 1316 1404
f 1316 1315 1318
f 1316 1317 1310
f 1315 1316 1310
f 1310 1307 1315
f 1307 1310 1308
f 1307 1301 1315
f 1304 1312 1305
f 1315 1301 1313
f 1313 1314 1315
f 1305 1314 1313
f 1313 1301 1300
f 1313 1300 1305
f 1295 1303 1304
f 1312 1304 1303
f 1303 1411 1311
f 1404 1319 1320
f 1362 1408 1409
f 1404 1320 1406
f 1310 1309 1308
f 1308 1306 1307
f 1306 1308 1302
f 1308 1309 1407
f 1308 1407 1302
f 1301 1292 1299
f 1307 1306 1301
f 1302 1292 1306
f 1306 1292 1301
f 1304 1296 1295
f 1300 1304 1305
f 1296 1304 1298
f 1300 1298 1304
f 1300 1299 1298
f 1299 1297 1298
f 1303 1295 1411
f 1294 1296 1297
f 1297 1293 1294
f 1291 1296 1294
f 1299 1300 1301
f 1292 1297 1299
f 1296 1298 1297
f 1297 1292 1293
f 1295 1296 1291
f 1413 1415 1414
f 1456 1441 1439
f 1437 1441 1431
f 1438 1437 1436
f 1437 1431 1436
f 1451 1450 1448
f 1448 1450 1449
f 1448 1449 1446
f 1449 1436 1446
f 1436 1449 1440
f 1431 1446 1436
f 1447 1448 1446
f 1447 1446 1430
f 1431 1430 1446
f 1454 1414 1453
f 1455 1456 1439
f 1453 1414 1421
f 1455 1439 1432
f 1458 1421 1422
f 1460 1462 1423
f 1426 1435 1425
f 1461 1430 1428
f 1432 1442 1455
f 1433 1442 1432
f 1463 1462 1459
f 1439 1435 1432
f 1463 1458 1422
f 1442 1433 1444
f 1439 1440 1435
f 1440 1425 1435
f 1431 1441 1443
f 1436 1440 1438
f 1437 1438 1441
f 1442 1456 1455
f 1441 1456 1443
f 1441 1438 1440
f 1441 1440 1439
f 1431 1443 1429
f 1443 1442 1444
f 1429 1443 1444
f 1429 1444 1424
f 1428 1431 1429
f 1430 1431 1428
f 1424 1428 1429
f 1424 1427 1428
f 1427 1424 1457
f 1427 1460 1423
f 1428 1427 1461
f 1427 1457 1460
f 1442 1443 1456
f 1463 1423 1462
f 1463 1459 1458
f 1417 1422 1421
f 1421 1414 1417
f 1420 1418 1419
f 1420 1415 1416
f 1419 1418 1414
f 1420 1419 1415
f 1419 1414 1415
f 1417 1414 1418
f 1426 1432 1435
f 1434 1426 1452
f 1426 1434 1445
f 1425 1452 1426
f 1464 1466 1465
f 1507 1492 1490
f 1488 1492 1482
f 1489 1488 1487
f 1488 1482 1487
f 1502 1501 1499
f 1499 1501 1500
f 1499 1500 1497
f 1500 1487 1497
f 1487 1500 1491
f 1482 1497 1487
f 1498 1499 1497
f 1498 1497 1481
f 1482 1481 1497
f 1505 1465 1504
f 1506 1507 1490
f 1504 1465 1472
f 1506 1490 1483
f 1509 1472 1473
f 1511 1513 1474
f 1477 1486 1476
f 1512 1481 1479
f 1483 1493 1506
f 1484 1493 1483
f 1514 1513 1510
f 1490 1486 1483
f 1514 1509 1473
f 1493 1484 1495
f 1490 1491 1486
f 1491 1476 1486
f 1482 1492 1494
f 1487 1491 1489
f 1488 1489 1492
f 1493 1507 1506
f 1492 1507 1494
f 1492 1489 1491
f 1492 1491 1490
f 1482 1494 1480
f 1494 1493 1495
f 1480 1494 1495
f 1480 1495 1475
f 1479 1482 1480
f 1481 1482 1479
f 1475 1479 1480
f 1475 1478 1479
f 1478 1475 1508
f 1478 1511 1474
f 1479 1478 1512
f 1478 1508 1511
f 1493 1494 1507
f 1514 1474 1513
f 1514 1510 1509
f 1468 1473 1472
f 1472 1465 1468
f 1471 1469 1470
f 1471 1466 1467
f 1470 1469 1465
f 1471 1470 1466
f 1470 1465 1466
f 1468 1465 1469
f 1477 1483 1486
f 1485 1477 1503
f 1477 1485 1496
f 1476 1503 1477
f 1559 1524 1522
f 1559 1565 1536
f 1565 1552 1530
f 1544 1527 1557
f 1548 1565 1559
f 1559 1536 1524
f 1527 1552 1548
f 1554 1558 1546
f 1561 1545 1559
f 1547 1557 1558
f 1549 1559 1545
f 1551 1555 1556
f 1551 1556 1544
f 1553 1550 1558
f 1550 1553 1581
f 1555 1547 1583
f 1555 1583 1579
f 1547 1550 1581
f 1547 1581 1580
f 1558 1545 1546
f 1548 1557 1527
f 1552 1527 1530
f 1552 1565 1548
f 1558 1549 1545
f 1544 1557 1551
f 1554 1553 1558
f 1550 1547 1558
f 1548 1549 1558
f 1547 1555 1551
f 1547 1551 1557
f 1548 1559 1549
f 1548 1558 1557
f 1575 1532 1535
f 1575 1531 1537
f 1574 1573 1534
f 1572 1571 1573
f 1569 1570 1576
f 1569 1520 1570
f 1567 1577 1515
f 1577 1567 1576
f 1573 1567 1517
f 1566 1567 1573
f 1566 1576 1567
f 1569 1576 1566
f 1573 1571 1566
f 1571 1569 1566
f 1565 1538 1536
f 1564 1535 1533
f 1562 1575 1563
f 1543 1575 1562
f 1572 1573 1574
f 1571 1572 1568
f 1574 1540 1572
f 1571 1568 1520
f 1572 1539 1568
f 1570 1539 1540
f 1561 1560 1521
f 1560 1559 1523
f 1560 1561 1559
f 1542 1541 1574
f 1564 1526 1529
f 1570 1528 1519
f 1516 1531 1534
f 1516 1534 1517
f 1515 1517 1567
f 1518 1561 1521
f 1570 1520 1568
f 1520 1569 1571
f 1529 1563 1575
f 1530 1564 1565
f 1531 1575 1574
f 1538 1565 1564
f 1531 1516 1578
f 1570 1540 1528
f 1570 1568 1539
f 1572 1540 1539
f 1574 1541 1540
f 1564 1575 1535
f 1575 1537 1532
f 1522 1523 1559
f 1530 1525 1564
f 1529 1575 1564
f 1531 1574 1534
f 1532 1537 1578
f 1538 1564 1533
f 1531 1578 1537
f 1534 1573 1517
f 1564 1525 1526
f 1543 1574 1575
f 1543 1542 1574
f 1580 1582 1547
f 1582 1583 1547
f 1628 1593 1591
f 1628 1634 1605
f 1634 1621 1599
f 1613 1596 1626
f 1617 1634 1628
f 1628 1605 1593
f 1596 1621 1617
f 1623 1627 1615
f 1630 1614 1628
f 1616 1626 1627
f 1618 1628 1614
f 1620 1624 1625
f 1620 1625 1613
f 1622 1619 1627
f 1619 1622 1650
f 1624 1616 1652
f 1624 1652 1648
f 1616 1619 1650
f 1616 1650 1649
f 1627 1614 1615
f 1617 1626 1596
f 1621 1596 1599
f 1621 1634 1617
f 1627 1618 1614
f 1613 1626 1620
f 1623 1622 1627
f 1619 1616 1627
f 1617 1618 1627
f 1616 1624 1620
f 1616 1620 1626
f 1617 1628 1618
f 1617 1627 1626
f 1644 1601 1604
f 1644 1600 1606
f 1643 1642 1603
f 1641 1640 1642
f 1638 1639 1645
f 1638 1589 1639
f 1636 1646 1584
f 1646 1636 1645
f 1642 1636 1586
f 1635 1636 1642
f 1635 1645 1636
f 1638 1645 1635
f 1642 1640 1635
f 1640 1638 1635
f 1634 1607 1605
f 1633 1604 1602
f 1631 1644 1632
f 1612 1644 1631
f 1641 1642 1643
f 1640 1641 1637
f 1643 1609 1641
f 1640 1637 1589
f 1641 1608 1637
f 1639 1608 1609
f 1630 1629 1590
f 1629 1628 1592
f 1629 1630 1628
f 1611 1610 1643
f 1633 1595 1598
f 1639 1597 1588
f 1585 1600 1603
f 1585 1603 1586
f 1584 1586 1636
f 1587 1630 1590
f 1639 1589 1637
f 1589 1638 1640
f 1598 1632 1644
f 1599 1633 1634
f 1600 1644 1643
f 1607 1634 1633
f 1600 1585 1647
f 1639 1609 1597
f 1639 1637 1608
f 1641 1609 1608
f 1643 1610 1609
f 1633 1644 1604
f 1644 1606 1601
f 1591 1592 1628
f 1599 1594 1633
f 1598 1644 1633
f 1600 1643 1603
f 1601 1606 1647
f 1607 1633 1602
f 1600 1647 1606
f 1603 1642 1586
f 1633 1594 1595
f 1612 1643 1644
f 1612 1611 1643
f 1649 1651 1616
f 1651 1652 1616
f 1698 1710 1711
f 1698 1711 1654
f 1654 1701 1653
f 1704 1702 1655
f 1703 1704 1655
f 1655 1656 1699
f 1700 1699 1656
f 1660 1710 1698
f 1655 1702 1661
f 1707 1709 1662
f 1708 1705 1667
f 1708 1666 1663
f 1705 1668 1667
f 1706 1707 1662
f 1677 1676 1678
f 1682 1683 1678
f 1677 1678 1679
f 1679 1678 1683
f 1668 1682 1681
f 1681 1666 1668
f 1683 1682 1668
f 1662 1709 1708
f 1672 1671 1669
f 1671 1664 1669
f 1663 1669 1664
f 1671 1665 1659
f 1664 1671 1659
f 1658 1664 1659
f 1666 1669 1663
f 1667 1668 1666
f 1666 1708 1667
f 1662 1708 1663
f 1660 1698 1659
f 1660 1659 1665
f 1663 1664 1658
f 1659 1654 1658
f 1656 1663 1658
f 1657 1663 1656
f 1662 1661 1706
f 1663 1657 1662
f 1661 1662 1657
f 1655 1661 1657
f 1654 1659 1698
f 1656 1658 1653
f 1653 1658 1654
f 1700 1656 1653
f 1653 1701 1700
f 1655 1657 1656
f 1655 1699 1703
f 1684 1666 1681
f 1666 1684 1669
f 1697 1660 1691
f 1694 1665 1671
f 1685 1673 1695
f 1674 1673 1693
f 1697 1687 1696
f 1681 1682 1678
f 1686 1684 1681
f 1670 1690 1693
f 1686 1672 1669
f 1676 1670 1685
f 1686 1671 1672
f 1690 1670 1688
f 1694 1686 1687
f 1690 1674 1693
f 1685 1695 1689
f 1681 1678 1676
f 1685 1689 1675
f 1686 1695 1687
f 1670 1693 1685
f 1686 1694 1671
f 1691 1660 1692
f 1670 1680 1688
f 1694 1692 1665
f 1687 1697 1692
f 1692 1660 1665
f 1674 1690 1688
f 1675 1689 1686
f 1696 1687 1695
f 1684 1686 1669
f 1670 1676 1677
f 1694 1687 1692
f 1686 1681 1675
f 1676 1685 1675
f 1697 1691 1692
f 1695 1686 1689
f 1696 1695 1673
f 1685 1693 1673
f 1681 1676 1675
f 1757 1769 1770
f 1757 1770 1713
f 1713 1760 1712
f 1763 1761 1714
f 1762 1763 1714
f 1714 1715 1758
f 1759 1758 1715
f 1719 1769 1757
f 1714 1761 1720
f 1766 1768 1721
f 1767 1764 1726
f 1767 1725 1722
f 1764 1727 1726
f 1765 1766 1721
f 1736 1735 1737
f 1741 1742 1737
f 1736 1737 1738
f 1738 1737 1742
f 1727 1741 1740
f 1740 1725 1727
f 1742 1741 1727
f 1721 1768 1767
f 1731 1730 1728
f 1730 1723 1728
f 1722 1728 1723
f 1730 1724 1718
f 1723 1730 1718
f 1717 1723 1718
f 1725 1728 1722
f 1726 1727 1725
f 1725 1767 1726
f 1721 1767 1722
f 1719 1757 1718
f 1719 1718 1724
f 1722 1723 1717
f 1718 1713 1717
f 1715 1722 1717
f 1716 1722 1715
f 1721 1720 1765
f 1722 1716 1721
f 1720 1721 1716
f 1714 1720 1716
f 1713 1718 1757
f 1715 1717 1712
f 1712 1717 1713
f 1759 1715 1712
f 1712 1760 1759
f 1714 1716 1715
f 1714 1758 1762
f 1743 1725 1740
f 1725 1743 1728
f 1756 1719 1750
f 1753 1724 1730
f 1744 1732 1754
f 1733 1732 1752
f 1756 1746 1755
f 1740 1741 1737
f 1745 1743 1740
f 1729 1749 1752
f 1745 1731 1728
f 1735 1729 1744
f 1745 1730 1731
f 1749 1729 1747
f 1753 1745 1746
f 1749 1733 1752
f 1744 1754 1748
f 1740 1737 1735
f 1744 1748 1734
f 1745 1754 1746
f 1729 1752 1744
f 1745 1753 1730
f 1750 1719 1751
f 1729 1739 1747
f 1753 1751 1724
f 1746 1756 1751
f 1751 1719 1724
f 1733 1749 1747
f 1734 1748 1745
f 1755 1746 1754
f 1743 1745 1728
f 1729 1735 1736
f 1753 1746 1751
f 1745 1740 1734
f 1735 1744 1734
f 1756 1750 1751
f 1754 1745 1748
f 1755 1754 1732
f 1744 1752 1732
f 1740 1735 1734
f 1801 1805 1800
f 1800 1799 1801
f 1803 1800 1804
f 1800 1805 1806
f 1800 1806 1804
f 1803 1798 1800
f 1798 1803 1802
f 1802 1797 1796
f 1798 1802 1796
f 1798 1794 1800
f 1800 1794 1799
f 1798 1796 1794
f 1793 1796 1797
f 1791 1795 1792
f 1799 1789 1801
f 1788 1793 1797
f 1787 1795 1791
f 1786 1787 1791
f 1791 1792 1790
f 1791 1790 1785
f 1789 1799 1784
f 1783 1794 1796
f 1783 1796 1793
f 1782 1793 1788
f 1788 1797 1787
f 1782 1788 1787
f 1782 1787 1786
f 1787 1797 1795
f 1786 1791 1781
f 1791 1785 1810
f 1791 1810 1781
f 1784 1780 1789
f 1784 1794 1783
f 1794 1784 1799
f 1782 1786 1779
f 1782 1779 1778
f 1779 1786 1781
f 1779 1781 1811
f 1784 1777 1780
f 1784 1776 1777
f 1784 1783 1775
f 1775 1783 1774
f 1774 1783 1793
f 1775 1774 1773
f 1784 1775 1776
f 1776 1775 1771
f 1771 1775 1773
f 1776 1771 1777
f 1774 1772 1773
f 1772 1774 1778
f 1774 1782 1778
f 1774 1793 1782
f 1808 1785 1790
f 1808 1807 1809
f 1808 1809 1785
f 1772 1812 1773
f 1771 1773 1812
f 1812 1813 1771
f 1771 1813 1777
f 1813 1814 1777
f 1777 1815 1780
f 1846 1850 1845
f 1845 1844 1846
f 1848 1845 1849
f 1845 1850 1851
f 1845 1851 1849
f 1848 1843 1845
f 1843 1848 1847
f 1847 1842 1841
f 1843 1847 1841
f 1843 1839 1845
f 1845 1839 1844
f 1843 1841 1839
f 1838 1841 1842
f 1836 1840 1837
f 1844 1834 1846
f 1833 1838 1842
f 1832 1840 1836
f 1831 1832 1836
f 1836 1837 1835
f 1836 1835 1830
f 1834 1844 1829
f 1828 1839 1841
f 1828 1841 1838
f 1827 1838 1833
f 1833 1842 1832
f 1827 1833 1832
f 1827 1832 1831
f 1832 1842 1840
f 1831 1836 1826
f 1836 1830 1855
f 1836 1855 1826
f 1829 1825 1834
f 1829 1839 1828
f 1839 1829 1844
f 1827 1831 1824
f 1827 1824 1823
f 1824 1831 1826
f 1824 1826 1856
f 1829 1822 1825
f 1829 1821 1822
f 1829 1828 1820
f 1820 1828 1819
f 1819 1828 1838
f 1820 1819 1818
f 1829 1820 1821
f 1821 1820 1816
f 1816 1820 1818
f 1821 1816 1822
f 1819 1817 1818
f 1817 1819 1823
f 1819 1827 1823
f 1819 1838 1827
f 1853 1830 1835
f 1853 1852 1854
f 1853 1854 1830
f 1817 1857 1818
f 1816 1818 1857
f 1857 1858 1816
f 1816 1858 1822
f 1858 1859 1822
f 1822 1860 1825
f 1869 1876 1875
f 1862 1893 1894
f 1893 1892 1894
f 1870 1899 1898
f 1863 1881 1884
f 1890 1873 1883
f 1885 1866 1871
f 1889 1866 1872
f 1896 1864 1894
f 1884 1892 1886
f 1877 1872 1880
f 1885 1865 1880
f 1893 1862 1886
f 1881 1868 1884
f 1864 1891 1873
f 1899 1870 1876
f 1866 1885 1880
f 1874 1887 1882
f 1875 1877 1888
f 1870 1879 1895
f 1881 1871 1866
f 1865 1897 1880
f 1879 1874 1895
f 1892 1884 1868
f 1874 1879 1887
f 1889 1868 1866
f 1883 1868 1889
f 1875 1888 1869
f 1899 1869 1898
f 1866 1880 1872
f 1870 1887 1879
f 1896 1892 1891
f 1868 1883 1891
f 1868 1891 1892
f 1863 1884 1886
f 1870 1861 1887
f 1883 1873 1891
f 1881 1866 1868
f 1881 1863 1871
f 1888 1877 1897
f 1892 1893 1886
f 1878 1873 1867
f 1864 1896 1891
f 1889 1890 1883
f 1897 1877 1880
f 1870 1898 1861
f 1873 1878 1864
f 1892 1896 1894
f 1869 1899 1876
f 1865 1885 1871
f 1888 1897 1865
f 1908 1915 1914
f 1901 1932 1933
f 1932 1931 1933
f 1909 1938 1937
f 1902 1920 1923
f 1929 1912 1922
f 1924 1905 1910
f 1928 1905 1911
f 1935 1903 1933
f 1923 1931 1925
f 1916 1911 1919
f 1924 1904 1919
f 1932 1901 1925
f 1920 1907 1923
f 1903 1930 1912
f 1938 1909 1915
f 1905 1924 1919
f 1913 1926 1921
f 1914 1916 1927
f 1909 1918 1934
f 1920 1910 1905
f 1904 1936 1919
f 1918 1913 1934
f 1931 1923 1907
f 1913 1918 1926
f 1928 1907 1905
f 1922 1907 1928
f 1914 1927 1908
f 1938 1908 1937
f 1905 1919 1911
f 1909 1926 1918
f 1935 1931 1930
f 1907 1922 1930
f 1907 1930 1931
f 1902 1923 1925
f 1909 1900 1926
f 1922 1912 1930
f 1920 1905 1907
f 1920 1902 1910
f 1927 1916 1936
f 1931 1932 1925
f 1917 1912 1906
f 1903 1935 1930
f 1928 1929 1922
f 1936 1916 1919
f 1909 1937 1900
f 1912 1917 1903
f 1931 1935 1933
f 1908 1938 1915
f 1904 1924 1910
f 1927 1936 1904
f 1953 1998 1995
f 1998 2007 1995
f 1995 1996 1952
f 1941 1991 1947
f 1940 1941 1947
f 1940 1947 1976
f 1944 1946 2007
f 1944 2007 2006
f 1946 1943 1996
f 1946 1996 1995
f 2004 1944 2006
f 1946 1995 2007
f 1945 1942 1960
f 1976 1947 1975
f 1947 1991 1975
f 1950 1948 1957
f 1950 1957 1999
f 1948 1949 1956
f 1948 1956 1957
f 1955 1983 1982
f 1954 1983 1955
f 1956 1958 1957
f 1958 1951 1959
f 1959 1952 1960
f 1951 1952 1959
f 1993 1953 1984
f 1984 2002 2001
f 1984 2001 1993
f 1985 2002 1984
f 1989 1987 1961
f 1990 1961 1987
f 1982 1986 1955
f 1990 1988 1962
f 1989 1955 1986
f 1990 1962 1961
f 1989 1961 1955
f 1962 1988 1963
f 2001 2002 1954
f 1973 1939 1976
f 1972 1991 2008
f 1992 1967 1969
f 1976 1975 1973
f 1975 1970 1973
f 1975 1972 1970
f 1960 1996 1943
f 1960 1943 1945
f 1975 1991 1972
f 1998 1994 1965
f 1994 2001 1954
f 2000 1999 1957
f 1964 2000 1957
f 1991 1941 2008
f 2001 2003 1993
f 2002 1997 1954
f 1998 2003 1994
f 1983 1997 1985
f 1993 2003 1998
f 1972 2005 1965
f 1967 1992 1994
f 1985 1997 2002
f 1994 2003 2001
f 1954 1997 1983
f 1973 1970 1966
f 1970 1972 1969
f 1969 1972 1965
f 2004 1965 2005
f 1971 1968 1962
f 1967 1966 1970
f 1969 1967 1970
f 1969 1965 1992
f 2004 2006 1965
f 2006 2007 1965
f 1961 1968 1955
f 1961 1962 1968
f 1972 2008 2005
f 1998 1965 2007
f 1955 1968 1966
f 1966 1954 1955
f 1967 1994 1954
f 1966 1967 1954
f 1993 1998 1953
f 1953 1995 1952
f 1952 1996 1960
f 1960 1942 1964
f 1957 1959 1964
f 1959 1960 1964
f 1957 1958 1959
f 1978 1968 1971
f 1979 1968 1978
f 1980 1939 1973
f 1974 1980 1973
f 1994 1992 1965
f 1966 1977 1973
f 1977 1974 1973
f 1974 1979 1978
f 1977 1966 1968
f 1981 1971 1962
f 1968 1979 1977
f 1979 1974 1977
f 1963 1981 1962
f 1950 2009 1948
f 1948 2009 1949
f 1974 1978 2010
f 2025 2070 2067
f 2070 2079 2067
f 2067 2068 2024
f 2013 2063 2019
f 2012 2013 2019
f 2012 2019 2048
f 2016 2018 2079
f 2016 2079 2078
f 2018 2015 2068
f 2018 2068 2067
f 2076 2016 2078
f 2018 2067 2079
f 2017 2014 2032
f 2048 2019 2047
f 2019 2063 2047
f 2022 2020 2029
f 2022 2029 2071
f 2020 2021 2028
f 2020 2028 2029
f 2027 2055 2054
f 2026 2055 2027
f 2028 2030 2029
f 2030 2023 2031
f 2031 2024 2032
f 2023 2024 2031
f 2065 2025 2056
f 2056 2074 2073
f 2056 2073 2065
f 2057 2074 2056
f 2061 2059 2033
f 2062 2033 2059
f 2054 2058 2027
f 2062 2060 2034
f 2061 2027 2058
f 2062 2034 2033
f 2061 2033 2027
f 2034 2060 2035
f 2073 2074 2026
f 2045 2011 2048
f 2044 2063 2080
f 2064 2039 2041
f 2048 2047 2045
f 2047 2042 2045
f 2047 2044 2042
f 2032 2068 2015
f 2032 2015 2017
f 2047 2063 2044
f 2070 2066 2037
f 2066 2073 2026
f 2072 2071 2029
f 2036 2072 2029
f 2063 2013 2080
f 2073 2075 2065
f 2074 2069 2026
f 2070 2075 2066
f 2055 2069 2057
f 2065 2075 2070
f 2044 2077 2037
f 2039 2064 2066
f 2057 2069 2074
f 2066 2075 2073
f 2026 2069 2055
f 2045 2042 2038
f 2042 2044 2041
f 2041 2044 2037
f 2076 2037 2077
f 2043 2040 2034
f 2039 2038 2042
f 2041 2039 2042
f 2041 2037 2064
f 2076 2078 2037
f 2078 2079 2037
f 2033 2040 2027
f 2033 2034 2040
f 2044 2080 2077
f 2070 2037 2079
f 2027 2040 2038
f 2038 2026 2027
f 2039 2066 2026
f 2038 2039 2026
f 2065 2070 2025
f 2025 2067 2024
f 2024 2068 2032
f 2032 2014 2036
f 2029 2031 2036
f 2031 2032 2036
f 2029 2030 2031
f 2050 2040 2043
f 2051 2040 2050
f 2052 2011 2045
f 2046 2052 2045
f 2066 2064 2037
f 2038 2049 2045
f 2049 2046 2045
f 2046 2051 2050
f 2049 2038 2040
f 2053 2043 2034
f 2040 2051 2049
f 2051 2046 2049
f 2035 2053 2034
f 2022 2081 2020
f 2020 2081 2021
f 2046 2050 2082
f 2090 2087 2086
f 2090 2086 2095
f 2091 2090 2095
f 2091 2095 2083
f 2092 2091 2083
f 2092 2083 2085
f 2093 2092 2085
f 2093 2085 2084
f 2094 2093 2084
f 2094 2084 2089
f 2089 2096 2088
f 2089 2088 2094
f 2104 2109 2100
f 2104 2100 2101
f 2105 2097 2109
f 2105 2109 2104
f 2106 2099 2097
f 2106 2097 2105
f 2107 2098 2099
f 2107 2099 2106
f 2108 2103 2098
f 2108 2098 2107
f 2103 2108 2102
f 2103 2102 2110
f 2087 2090 2104
f 2087 2104 2101
f 2090 2091 2105
f 2090 2105 2104
f 2091 2092 2106
f 2091 2106 2105
f 2092 2093 2107
f 2092 2107 2106
f 2093 2094 2108
f 2093 2108 2107
f 2088 2096 2110
f 2088 2110 2102
f 2096 2089 2103
f 2096 2103 2110
f 2095 2086 2100
f 2095 2100 2109
f 2086 2087 2101
f 2086 2101 2100
f 2089 2084 2098
f 2089 2098 2103
f 2084 2085 2099
f 2084 2099 2098
f 2094 2088 2102
f 2094 2102 2108
f 2085 2083 2097
f 2085 2097 2099
f 2083 2095 2109
f 2083 2109 2097
f 2118 2115 2114
f 2118 2114 2123
f 2119 2118 2123
f 2119 2123 2111
f 2120 2119 2111
f 2120 2111 2113
f 2121 2120 2113
f 2121 2113 2112
f 2122 2121 2112
f 2122 2112 2117
f 2117 2124 2116
f 2117 2116 2122
f 2132 2137 2128
f 2132 2128 2129
f 2133 2125 2137
f 2133 2137 2132
f 2134 2127 2125
f 2134 2125 2133
f 2135 2126 2127
f 2135 2127 2134
f 2136 2131 2126
f 2136 2126 2135
f 2131 2136 2130
f 2131 2130 2138
f 2115 2118 2132
f 2115 2132 2129
f 2118 2119 2133
f 2118 2133 2132
f 2119 2120 2134
f 2119 2134 2133
f 2120 2121 2135
f 2120 2135 2134
f 2121 2122 2136
f 2121 2136 2135
f 2116 2124 2138
f 2116 2138 2130
f 2124 2117 2131
f 2124 2131 2138
f 2123 2114 2128
f 2123 2128 2137
f 2114 2115 2129
f 2114 2129 2128
f 2117 2112 2126
f 2117 2126 2131
f 2112 2113 2127
f 2112 2127 2126
f 2122 2116 2130
f 2122 2130 2136
f 2113 2111 2125
f 2113 2125 2127
f 2111 2123 2137
f 2111 2137 2125
f 2168 2173 2165
f 2174 2177 2170
f 2175 2148 2153
f 2174 2140 2139
f 2180 2140 2174
f 2180 2174 2170
f 2175 2176 2148
f 2160 2142 2145
f 2147 2146 2153
f 2172 2177 2174
f 2149 2141 2150
f 2168 2172 2173
f 2144 2142 2151
f 2160 2143 2178
f 2148 2176 2149
f 2158 2150 2159
f 2150 2151 2160
f 2150 2141 2144
f 2150 2144 2151
f 2148 2149 2156
f 2150 2158 2156
f 2162 2154 2163
f 2164 2155 2157
f 2160 2159 2150
f 2160 2145 2143
f 2155 2148 2156
f 2157 2155 2156
f 2149 2150 2156
f 2153 2148 2154
f 2177 2172 2168
f 2151 2142 2160
f 2152 2147 2153
f 2162 2152 2153
f 2154 2162 2153
f 2152 2162 2161
f 2163 2154 2164
f 2164 2154 2155
f 2156 2158 2157
f 2158 2165 2157
f 2167 2168 2159
f 2159 2160 2167
f 2159 2165 2158
f 2165 2159 2168
f 2167 2160 2169
f 2160 2178 2169
f 2165 2173 2172
f 2148 2155 2154
f 2180 2170 2179
f 2178 2179 2170
f 2167 2169 2168
f 2170 2169 2178
f 2168 2169 2170
f 2170 2177 2168
f 2161 2162 2163
f 2166 2157 2165
f 2163 2164 2171
f 2166 2165 2172
f 2171 2164 2157
f 2171 2166 2172
f 2153 2146 2175
f 2166 2171 2157
f 2210 2215 2207
f 2216 2219 2212
f 2217 2190 2195
f 2216 2182 2181
f 2222 2182 2216
f 2222 2216 2212
f 2217 2218 2190
f 2202 2184 2187
f 2189 2188 2195
f 2214 2219 2216
f 2191 2183 2192
f 2210 2214 2215
f 2186 2184 2193
f 2202 2185 2220
f 2190 2218 2191
f 2200 2192 2201
f 2192 2193 2202
f 2192 2183 2186
f 2192 2186 2193
f 2190 2191 2198
f 2192 2200 2198
f 2204 2196 2205
f 2206 2197 2199
f 2202 2201 2192
f 2202 2187 2185
f 2197 2190 2198
f 2199 2197 2198
f 2191 2192 2198
f 2195 2190 2196
f 2219 2214 2210
f 2193 2184 2202
f 2194 2189 2195
f 2204 2194 2195
f 2196 2204 2195
f 2194 2204 2203
f 2205 2196 2206
f 2206 2196 2197
f 2198 2200 2199
f 2200 2207 2199
f 2209 2210 2201
f 2201 2202 2209
f 2201 2207 2200
f 2207 2201 2210
f 2209 2202 2211
f 2202 2220 2211
f 2207 2215 2214
f 2190 2197 2196
f 2222 2212 2221
f 2220 2221 2212
f 2209 2211 2210
f 2212 2211 2220
f 2210 2211 2212
f 2212 2219 2210
f 2203 2204 2205
f 2208 2199 2207
f 2205 2206 2213
f 2208 2207 2214
f 2213 2206 2199
f 2213 2208 2214
f 2195 2188 2217
f 2208 2213 2199
f 2232 2231 2239
f 2232 2239 2233
f 2231 2230 2238
f 2231 2238 2239
f 2223 2238 2230
f 2223 2230 2349
f 2233 2239 2241
f 2233 2241 2234
f 2240 2354 2355
f 2229 2240 2355
f 2229 2355 2223
f 2229 2228 2243
f 2229 2243 2240
f 2241 2354 2356
f 2234 2241 2356
f 2234 2356 2357
f 2234 2357 2235
f 2228 2247 2246
f 2228 2246 2243
f 2243 2246 2245
f 2243 2245 2242
f 2339 2338 2360
f 2339 2360 2359
f 2249 2250 2360
f 2249 2360 2237
f 2248 2249 2237
f 2248 2237 2236
f 2244 2248 2236
f 2244 2236 2358
f 2227 2247 2228
f 2226 2350 2247
f 2226 2247 2227
f 2254 2245 2246
f 2254 2246 2253
f 2248 2244 2245
f 2248 2245 2254
f 2252 2253 2246
f 2252 2246 2247
f 2252 2247 2350
f 2252 2350 2351
f 2260 2259 2252
f 2260 2252 2351
f 2253 2252 2259
f 2253 2259 2258
f 2254 2253 2258
f 2254 2258 2257
f 2248 2254 2257
f 2248 2257 2256
f 2249 2248 2256
f 2249 2256 2255
f 2250 2249 2255
f 2250 2255 2251
f 2265 2353 2332
f 2265 2332 2281
f 2281 2332 2334
f 2281 2334 2283
f 2271 2361 2359
f 2271 2359 2251
f 2272 2271 2251
f 2272 2251 2255
f 2273 2272 2255
f 2273 2255 2256
f 2274 2273 2256
f 2274 2256 2257
f 2276 2274 2257
f 2276 2257 2258
f 2275 2276 2260
f 2275 2260 2266
f 2266 2260 2351
f 2266 2351 2261
f 2267 2266 2261
f 2267 2261 2262
f 2268 2267 2262
f 2268 2262 2263
f 2269 2268 2263
f 2269 2263 2264
f 2270 2269 2264
f 2270 2264 2265
f 2276 2258 2259
f 2276 2259 2260
f 2277 2275 2266
f 2277 2266 2267
f 2278 2277 2267
f 2278 2267 2268
f 2279 2278 2268
f 2279 2268 2269
f 2280 2279 2269
f 2280 2269 2270
f 2282 2283 2334
f 2282 2334 2333
f 2341 2361 2271
f 2341 2271 2293
f 2342 2341 2293
f 2342 2293 2294
f 2343 2342 2294
f 2343 2294 2295
f 2344 2343 2295
f 2344 2295 2296
f 2345 2344 2296
f 2345 2296 2297
f 2346 2345 2297
f 2346 2297 2298
f 2347 2346 2298
f 2347 2298 2299
f 2348 2347 2299
f 2348 2299 2300
f 2293 2271 2272
f 2293 2272 2285
f 2294 2293 2285
f 2294 2285 2286
f 2295 2294 2286
f 2295 2286 2287
f 2296 2295 2287
f 2296 2287 2288
f 2297 2296 2288
f 2297 2288 2289
f 2298 2297 2289
f 2298 2289 2290
f 2299 2298 2290
f 2299 2290 2291
f 2300 2299 2291
f 2300 2291 2292
f 2273 2274 2316
f 2273 2316 2301
f 2302 2301 2316
f 2302 2316 2315
f 2303 2302 2315
f 2303 2315 2314
f 2304 2303 2314
f 2304 2314 2313
f 2305 2304 2313
f 2305 2313 2312
f 2306 2305 2312
f 2306 2312 2311
f 2307 2306 2311
f 2307 2311 2310
f 2308 2307 2310
f 2308 2310 2309
f 2285 2272 2273
f 2285 2273 2301
f 2286 2285 2301
f 2286 2301 2302
f 2287 2286 2302
f 2287 2302 2303
f 2288 2287 2303
f 2288 2303 2304
f 2289 2288 2304
f 2289 2304 2305
f 2290 2289 2305
f 2290 2305 2306
f 2291 2290 2306
f 2291 2306 2307
f 2292 2291 2307
f 2292 2307 2308
f 2276 2317 2316
f 2276 2316 2274
f 2315 2316 2317
f 2315 2317 2318
f 2314 2315 2318
f 2314 2318 2319
f 2313 2314 2319
f 2313 2319 2320
f 2312 2313 2320
f 2312 2320 2321
f 2311 2312 2321
f 2311 2321 2322
f 2318 2317 2276
f 2318 2276 2275
f 2319 2318 2275
f 2319 2275 2277
f 2320 2319 2277
f 2320 2277 2278
f 2321 2320 2278
f 2321 2278 2279
f 2322 2321 2279
f 2322 2279 2280
f 2265 2281 2325
f 2265 2325 2270
f 2280 2270 2325
f 2280 2325 2324
f 2322 2280 2324
f 2322 2324 2323
f 2311 2322 2323
f 2311 2323 2310
f 2326 2309 2310
f 2326 2310 2323
f 2327 2326 2323
f 2327 2323 2324
f 2325 2328 2327
f 2325 2327 2324
f 2330 2328 2325
f 2330 2325 2329
f 2283 2329 2325
f 2283 2325 2281
f 2283 2282 2330
f 2283 2330 2329
f 2333 2334 2337
f 2333 2337 2336
f 2332 2353 2331
f 2332 2331 2335
f 2334 2332 2335
f 2334 2335 2337
f 2336 2337 2284
f 2336 2284 2352
f 2335 2331 2224
f 2335 2224 2225
f 2337 2335 2225
f 2337 2225 2284
f 2244 2358 2357
f 2244 2357 2242
f 2244 2242 2245
f 2355 2354 2241
f 2355 2241 2239
f 2355 2239 2238
f 2223 2355 2238
f 2356 2354 2240
f 2356 2240 2243
f 2356 2243 2242
f 2357 2358 2235
f 2357 2356 2242
f 2358 2236 2235
f 2359 2360 2250
f 2359 2250 2251
f 2237 2360 2338
f 2361 2341 2340
f 2359 2361 2340
f 2359 2340 2339
f 2371 2372 2378
f 2371 2378 2370
f 2370 2378 2377
f 2370 2377 2369
f 2362 2488 2369
f 2362 2369 2377
f 2372 2373 2380
f 2372 2380 2378
f 2379 2494 2493
f 2368 2362 2494
f 2368 2494 2379
f 2368 2379 2382
f 2368 2382 2367
f 2380 2495 2493
f 2373 2374 2496
f 2373 2496 2495
f 2373 2495 2380
f 2367 2382 2385
f 2367 2385 2386
f 2382 2381 2384
f 2382 2384 2385
f 2478 2498 2499
f 2478 2499 2477
f 2388 2376 2499
f 2388 2499 2389
f 2387 2375 2376
f 2387 2376 2388
f 2383 2497 2375
f 2383 2375 2387
f 2366 2367 2386
f 2365 2366 2386
f 2365 2386 2489
f 2393 2392 2385
f 2393 2385 2384
f 2387 2393 2384
f 2387 2384 2383
f 2391 2386 2385
f 2391 2385 2392
f 2391 2490 2489
f 2391 2489 2386
f 2399 2490 2391
f 2399 2391 2398
f 2392 2397 2398
f 2392 2398 2391
f 2393 2396 2397
f 2393 2397 2392
f 2387 2395 2396
f 2387 2396 2393
f 2388 2394 2395
f 2388 2395 2387
f 2389 2390 2394
f 2389 2394 2388
f 2404 2420 2471
f 2404 2471 2492
f 2420 2422 2473
f 2420 2473 2471
f 2410 2390 2498
f 2410 2498 2500
f 2411 2394 2390
f 2411 2390 2410
f 2412 2395 2394
f 2412 2394 2411
f 2413 2396 2395
f 2413 2395 2412
f 2415 2397 2396
f 2415 2396 2413
f 2414 2405 2399
f 2414 2399 2415
f 2405 2400 2490
f 2405 2490 2399
f 2406 2401 2400
f 2406 2400 2405
f 2407 2402 2401
f 2407 2401 2406
f 2408 2403 2402
f 2408 2402 2407
f 2409 2404 2403
f 2409 2403 2408
f 2415 2399 2398
f 2415 2398 2397
f 2416 2406 2405
f 2416 2405 2414
f 2417 2407 2406
f 2417 2406 2416
f 2418 2408 2407
f 2418 2407 2417
f 2419 2409 2408
f 2419 2408 2418
f 2421 2472 2473
f 2421 2473 2422
f 2480 2432 2410
f 2480 2410 2500
f 2481 2433 2432
f 2481 2432 2480
f 2482 2434 2433
f 2482 2433 2481
f 2483 2435 2434
f 2483 2434 2482
f 2484 2436 2435
f 2484 2435 2483
f 2485 2437 2436
f 2485 2436 2484
f 2486 2438 2437
f 2486 2437 2485
f 2487 2439 2438
f 2487 2438 2486
f 2432 2424 2411
f 2432 2411 2410
f 2433 2425 2424
f 2433 2424 2432
f 2434 2426 2425
f 2434 2425 2433
f 2435 2427 2426
f 2435 2426 2434
f 2436 2428 2427
f 2436 2427 2435
f 2437 2429 2428
f 2437 2428 2436
f 2438 2430 2429
f 2438 2429 2437
f 2439 2431 2430
f 2439 2430 2438
f 2412 2440 2455
f 2412 2455 2413
f 2441 2454 2455
f 2441 2455 2440
f 2442 2453 2454
f 2442 2454 2441
f 2443 2452 2453
f 2443 2453 2442
f 2444 2451 2452
f 2444 2452 2443
f 2445 2450 2451
f 2445 2451 2444
f 2446 2449 2450
f 2446 2450 2445
f 2447 2448 2449
f 2447 2449 2446
f 2424 2440 2412
f 2424 2412 2411
f 2425 2441 2440
f 2425 2440 2424
f 2426 2442 2441
f 2426 2441 2425
f 2427 2443 2442
f 2427 2442 2426
f 2428 2444 2443
f 2428 2443 2427
f 2429 2445 2444
f 2429 2444 2428
f 2430 2446 2445
f 2430 2445 2429
f 2431 2447 2446
f 2431 2446 2430
f 2415 2413 2455
f 2415 2455 2456
f 2454 2457 2456
f 2454 2456 2455
f 2453 2458 2457
f 2453 2457 2454
f 2452 2459 2458
f 2452 2458 2453
f 2451 2460 2459
f 2451 2459 2452
f 2450 2461 2460
f 2450 2460 2451
f 2457 2414 2415
f 2457 2415 2456
f 2458 2416 2414
f 2458 2414 2457
f 2459 2417 2416
f 2459 2416 2458
f 2460 2418 2417
f 2460 2417 2459
f 2461 2419 2418
f 2461 2418 2460
f 2404 2409 2464
f 2404 2464 2420
f 2419 2463 2464
f 2419 2464 2409
f 2461 2462 2463
f 2461 2463 2419
f 2450 2449 2462
f 2450 2462 2461
f 2465 2462 2449
f 2465 2449 2448
f 2466 2463 2462
f 2466 2462 2465
f 2464 2463 2466
f 2464 2466 2467
f 2469 2468 2464
f 2469 2464 2467
f 2422 2420 2464
f 2422 2464 2468
f 2422 2468 2469
f 2422 2469 2421
f 2472 2475 2476
f 2472 2476 2473
f 2471 2474 2470
f 2471 2470 2492
f 2473 2476 2474
f 2473 2474 2471
f 2475 2491 2423
f 2475 2423 2476
f 2474 2364 2363
f 2474 2363 2470
f 2476 2423 2364
f 2476 2364 2474
f 2383 2384 2381
f 2383 2381 2496
f 2383 2496 2497
f 2494 2377 2378
f 2494 2378 2380
f 2494 2380 2493
f 2362 2377 2494
f 2495 2381 2382
f 2495 2382 2379
f 2495 2379 2493
f 2496 2374 2497
f 2496 2381 2495
f 2497 2374 2375
f 2498 2390 2389
f 2498 2389 2499
f 2376 2477 2499
f 2500 2479 2480
f 2498 2478 2479
f 2498 2479 2500
f 2223 2349 2488
f 2223 2488 2362
f 2338 2339 2478
f 2338 2478 2477
f 2350 2226 2365
f 2350 2365 2489
f 2351 2350 2489
f 2351 2489 2490
f 2339 2340 2479
f 2339 2479 2478
f 2336 2352 2491
f 2336 2491 2475
f 2340 2341 2480
f 2340 2480 2479
f 2341 2342 2481
f 2341 2481 2480
f 2342 2343 2482
f 2342 2482 2481
f 2343 2344 2483
f 2343 2483 2482
f 2344 2345 2484
f 2344 2484 2483
f 2345 2346 2485
f 2345 2485 2484
f 2346 2347 2486
f 2346 2486 2485
f 2347 2348 2487
f 2347 2487 2486
f 2348 2300 2439
f 2348 2439 2487
f 2300 2292 2431
f 2300 2431 2439
f 2308 2309 2448
f 2308 2448 2447
f 2292 2308 2447
f 2292 2447 2431
f 2309 2326 2465
f 2309 2465 2448
f 2326 2327 2466
f 2326 2466 2465
f 2328 2330 2469
f 2328 2469 2467
f 2327 2328 2467
f 2327 2467 2466
f 2330 2282 2421
f 2330 2421 2469
f 2353 2265 2404
f 2353 2404 2492
f 2282 2333 2472
f 2282 2472 2421
f 2333 2336 2475
f 2333 2475 2472
f 2226 2227 2366
f 2226 2366 2365
f 2225 2224 2363
f 2225 2363 2364
f 2224 2331 2470
f 2224 2470 2363
f 2284 2225 2364
f 2284 2364 2423
f 2349 2230 2369
f 2349 2369 2488
f 2229 2223 2362
f 2229 2362 2368
f 2228 2229 2368
f 2228 2368 2367
f 2227 2228 2367
f 2227 2367 2366
f 2230 2231 2370
f 2230 2370 2369
f 2231 2232 2371
f 2231 2371 2370
f 2232 2233 2372
f 2232 2372 2371
f 2233 2234 2373
f 2233 2373 2372
f 2234 2235 2374
f 2234 2374 2373
f 2235 2236 2375
f 2235 2375 2374
f 2237 2338 2477
f 2237 2477 2376
f 2236 2237 2376
f 2236 2376 2375
f 2261 2351 2490
f 2261 2490 2400
f 2262 2261 2400
f 2262 2400 2401
f 2263 2262 2401
f 2263 2401 2402
f 2264 2263 2402
f 2264 2402 2403
f 2265 2264 2403
f 2265 2403 2404
f 2352 2284 2423
f 2352 2423 2491
f 2331 2353 2492
f 2331 2492 2470
f 2510 2509 2517
f 2510 2517 2511
f 2509 2508 2516
f 2509 2516 2517
f 2501 2516 2508
f 2501 2508 2627
f 2511 2517 2519
f 2511 2519 2512
f 2518 2632 2633
f 2507 2518 2633
f 2507 2633 2501
f 2507 2506 2521
f 2507 2521 2518
f 2519 2632 2634
f 2512 2519 2634
f 2512 2634 2635
f 2512 2635 2513
f 2506 2525 2524
f 2506 2524 2521
f 2521 2524 2523
f 2521 2523 2520
f 2617 2616 2638
f 2617 2638 2637
f 2527 2528 2638
f 2527 2638 2515
f 2526 2527 2515
f 2526 2515 2514
f 2522 2526 2514
f 2522 2514 2636
f 2505 2525 2506
f 2504 2628 2525
f 2504 2525 2505
f 2532 2523 2524
f 2532 2524 2531
f 2526 2522 2523
f 2526 2523 2532
f 2530 2531 2524
f 2530 2524 2525
f 2530 2525 2628
f 2530 2628 2629
f 2538 2537 2530
f 2538 2530 2629
f 2531 2530 2537
f 2531 2537 2536
f 2532 2531 2536
f 2532 2536 2535
f 2526 2532 2535
f 2526 2535 2534
f 2527 2526 2534
f 2527 2534 2533
f 2528 2527 2533
f 2528 2533 2529
f 2543 2631 2610
f 2543 2610 2559
f 2559 2610 2612
f 2559 2612 2561
f 2549 2639 2637
f 2549 2637 2529
f 2550 2549 2529
f 2550 2529 2533
f 2551 2550 2533
f 2551 2533 2534
f 2552 2551 2534
f 2552 2534 2535
f 2554 2552 2535
f 2554 2535 2536
f 2553 2554 2538
f 2553 2538 2544
f 2544 2538 2629
f 2544 2629 2539
f 2545 2544 2539
f 2545 2539 2540
f 2546 2545 2540
f 2546 2540 2541
f 2547 2546 2541
f 2547 2541 2542
f 2548 2547 2542
f 2548 2542 2543
f 2554 2536 2537
f 2554 2537 2538
f 2555 2553 2544
f 2555 2544 2545
f 2556 2555 2545
f 2556 2545 2546
f 2557 2556 2546
f 2557 2546 2547
f 2558 2557 2547
f 2558 2547 2548
f 2560 2561 2612
f 2560 2612 2611
f 2619 2639 2549
f 2619 2549 2571
f 2620 2619 2571
f 2620 2571 2572
f 2621 2620 2572
f 2621 2572 2573
f 2622 2621 2573
f 2622 2573 2574
f 2623 2622 2574
f 2623 2574 2575
f 2624 2623 2575
f 2624 2575 2576
f 2625 2624 2576
f 2625 2576 2577
f 2626 2625 2577
f 2626 2577 2578
f 2571 2549 2550
f 2571 2550 2563
f 2572 2571 2563
f 2572 2563 2564
f 2573 2572 2564
f 2573 2564 2565
f 2574 2573 2565
f 2574 2565 2566
f 2575 2574 2566
f 2575 2566 2567
f 2576 2575 2567
f 2576 2567 2568
f 2577 2576 2568
f 2577 2568 2569
f 2578 2577 2569
f 2578 2569 2570
f 2551 2552 2594
f 2551 2594 2579
f 2580 2579 2594
f 2580 2594 2593
f 2581 2580 2593
f 2581 2593 2592
f 2582 2581 2592
f 2582 2592 2591
f 2583 2582 2591
f 2583 2591 2590
f 2584 2583 2590
f 2584 2590 2589
f 2585 2584 2589
f 2585 2589 2588
f 2586 2585 2588
f 2586 2588 2587
f 2563 2550 2551
f 2563 2551 2579
f 2564 2563 2579
f 2564 2579 2580
f 2565 2564 2580
f 2565 2580 2581
f 2566 2565 2581
f 2566 2581 2582
f 2567 2566 2582
f 2567 2582 2583
f 2568 2567 2583
f 2568 2583 2584
f 2569 2568 2584
f 2569 2584 2585
f 2570 2569 2585
f 2570 2585 2586
f 2554 2595 2594
f 2554 2594 2552
f 2593 2594 2595
f 2593 2595 2596
f 2592 2593 2596
f 2592 2596 2597
f 2591 2592 2597
f 2591 2597 2598
f 2590 2591 2598
f 2590 2598 2599
f 2589 2590 2599
f 2589 2599 2600
f 2596 2595 2554
f 2596 2554 2553
f 2597 2596 2553
f 2597 2553 2555
f 2598 2597 2555
f 2598 2555 2556
f 2599 2598 2556
f 2599 2556 2557
f 2600 2599 2557
f 2600 2557 2558
f 2543 2559 2603
f 2543 2603 2548
f 2558 2548 2603
f 2558 2603 2602
f 2600 2558 2602
f 2600 2602 2601
f 2589 2600 2601
f 2589 2601 2588
f 2604 2587 2588
f 2604 2588 2601
f 2605 2604 2601
f 2605 2601 2602
f 2603 2606 2605
f 2603 2605 2602
f 2608 2606 2603
f 2608 2603 2607
f 2561 2607 2603
f 2561 2603 2559
f 2561 2560 2608
f 2561 2608 2607
f 2611 2612 2615
f 2611 2615 2614
f 2610 2631 2609
f 2610 2609 2613
f 2612 2610 2613
f 2612 2613 2615
f 2614 2615 2562
f 2614 2562 2630
f 2613 2609 2502
f 2613 2502 2503
f 2615 2613 2503
f 2615 2503 2562
f 2522 2636 2635
f 2522 2635 2520
f 2522 2520 2523
f 2633 2632 2519
f 2633 2519 2517
f 2633 2517 2516
f 2501 2633 2516
f 2634 2632 2518
f 2634 2518 2521
f 2634 2521 2520
f 2635 2636 2513
f 2635 2634 2520
f 2636 2514 2513
f 2637 2638 2528
f 2637 2528 2529
f 2515 2638 2616
f 2639 2619 2618
f 2637 2639 2618
f 2637 2618 2617
f 2649 2650 2656
f 2649 2656 2648
f 2648 2656 2655
f 2648 2655 2647
f 2640 2766 2647
f 2640 2647 2655
f 2650 2651 2658
f 2650 2658 2656
f 2657 2772 2771
f 2646 2640 2772
f 2646 2772 2657
f 2646 2657 2660
f 2646 2660 2645
f 2658 2773 2771
f 2651 2652 2774
f 2651 2774 2773
f 2651 2773 2658
f 2645 2660 2663
f 2645 2663 2664
f 2660 2659 2662
f 2660 2662 2663
f 2756 2776 2777
f 2756 2777 2755
f 2666 2654 2777
f 2666 2777 2667
f 2665 2653 2654
f 2665 2654 2666
f 2661 2775 2653
f 2661 2653 2665
f 2644 2645 2664
f 2643 2644 2664
f 2643 2664 2767
f 2671 2670 2663
f 2671 2663 2662
f 2665 2671 2662
f 2665 2662 2661
f 2669 2664 2663
f 2669 2663 2670
f 2669 2768 2767
f 2669 2767 2664
f 2677 2768 2669
f 2677 2669 2676
f 2670 2675 2676
f 2670 2676 2669
f 2671 2674 2675
f 2671 2675 2670
f 2665 2673 2674
f 2665 2674 2671
f 2666 2672 2673
f 2666 2673 2665
f 2667 2668 2672
f 2667 2672 2666
f 2682 2698 2749
f 2682 2749 2770
f 2698 2700 2751
f 2698 2751 2749
f 2688 2668 2776
f 2688 2776 2778
f 2689 2672 2668
f 2689 2668 2688
f 2690 2673 2672
f 2690 2672 2689
f 2691 2674 2673
f 2691 2673 2690
f 2693 2675 2674
f 2693 2674 2691
f 2692 2683 2677
f 2692 2677 2693
f 2683 2678 2768
f 2683 2768 2677
f 2684 2679 2678
f 2684 2678 2683
f 2685 2680 2679
f 2685 2679 2684
f 2686 2681 2680
f 2686 2680 2685
f 2687 2682 2681
f 2687 2681 2686
f 2693 2677 2676
f 2693 2676 2675
f 2694 2684 2683
f 2694 2683 2692
f 2695 2685 2684
f 2695 2684 2694
f 2696 2686 2685
f 2696 2685 2695
f 2697 2687 2686
f 2697 2686 2696
f 2699 2750 2751
f 2699 2751 2700
f 2758 2710 2688
f 2758 2688 2778
f 2759 2711 2710
f 2759 2710 2758
f 2760 2712 2711
f 2760 2711 2759
f 2761 2713 2712
f 2761 2712 2760
f 2762 2714 2713
f 2762 2713 2761
f 2763 2715 2714
f 2763 2714 2762
f 2764 2716 2715
f 2764 2715 2763
f 2765 2717 2716
f 2765 2716 2764
f 2710 2702 2689
f 2710 2689 2688
f 2711 2703 2702
f 2711 2702 2710
f 2712 2704 2703
f 2712 2703 2711
f 2713 2705 2704
f 2713 2704 2712
f 2714 2706 2705
f 2714 2705 2713
f 2715 2707 2706
f 2715 2706 2714
f 2716 2708 2707
f 2716 2707 2715
f 2717 2709 2708
f 2717 2708 2716
f 2690 2718 2733
f 2690 2733 2691
f 2719 2732 2733
f 2719 2733 2718
f 2720 2731 2732
f 2720 2732 2719
f 2721 2730 2731
f 2721 2731 2720
f 2722 2729 2730
f 2722 2730 2721
f 2723 2728 2729
f 2723 2729 2722
f 2724 2727 2728
f 2724 2728 2723
f 2725 2726 2727
f 2725 2727 2724
f 2702 2718 2690
f 2702 2690 2689
f 2703 2719 2718
f 2703 2718 2702
f 2704 2720 2719
f 2704 2719 2703
f 2705 2721 2720
f 2705 2720 2704
f 2706 2722 2721
f 2706 2721 2705
f 2707 2723 2722
f 2707 2722 2706
f 2708 2724 2723
f 2708 2723 2707
f 2709 2725 2724
f 2709 2724 2708
f 2693 2691 2733
f 2693 2733 2734
f 2732 2735 2734
f 2732 2734 2733
f 2731 2736 2735
f 2731 2735 2732
f 2730 2737 2736
f 2730 2736 2731
f 2729 2738 2737
f 2729 2737 2730
f 2728 2739 2738
f 2728 2738 2729
f 2735 2692 2693
f 2735 2693 2734
f 2736 2694 2692
f 2736 2692 2735
f 2737 2695 2694
f 2737 2694 2736
f 2738 2696 2695
f 2738 2695 2737
f 2739 2697 2696
f 2739 2696 2738
f 2682 2687 2742
f 2682 2742 2698
f 2697 2741 2742
f 2697 2742 2687
f 2739 2740 2741
f 2739 2741 2697
f 2728 2727 2740
f 2728 2740 2739
f 2743 2740 2727
f 2743 2727 2726
f 2744 2741 2740
f 2744 2740 2743
f 2742 2741 2744
f 2742 2744 2745
f 2747 2746 2742
f 2747 2742 2745
f 2700 2698 2742
f 2700 2742 2746
f 2700 2746 2747
f 2700 2747 2699
f 2750 2753 2754
f 2750 2754 2751
f 2749 2752 2748
f 2749 2748 2770
f 2751 2754 2752
f 2751 2752 2749
f 2753 2769 2701
f 2753 2701 2754
f 2752 2642 2641
f 2752 2641 2748
f 2754 2701 2642
f 2754 2642 2752
f 2661 2662 2659
f 2661 2659 2774
f 2661 2774 2775
f 2772 2655 2656
f 2772 2656 2658
f 2772 2658 2771
f 2640 2655 2772
f 2773 2659 2660
f 2773 2660 2657
f 2773 2657 2771
f 2774 2652 2775
f 2774 2659 2773
f 2775 2652 2653
f 2776 2668 2667
f 2776 2667 2777
f 2654 2755 2777
f 2778 2757 2758
f 2776 2756 2757
f 2776 2757 2778
f 2501 2627 2766
f 2501 2766 2640
f 2616 2617 2756
f 2616 2756 2755
f 2628 2504 2643
f 2628 2643 2767
f 2629 2628 2767
f 2629 2767 2768
f 2617 2618 2757
f 2617 2757 2756
f 2614 2630 2769
f 2614 2769 2753
f 2618 2619 2758
f 2618 2758 2757
f 2619 2620 2759
f 2619 2759 2758
f 2620 2621 2760
f 2620 2760 2759
f 2621 2622 2761
f 2621 2761 2760
f 2622 2623 2762
f 2622 2762 2761
f 2623 2624 2763
f 2623 2763 2762
f 2624 2625 2764
f 2624 2764 2763
f 2625 2626 2765
f 2625 2765 2764
f 2626 2578 2717
f 2626 2717 2765
f 2578 2570 2709
f 2578 2709 2717
f 2586 2587 2726
f 2586 2726 2725
f 2570 2586 2725
f 2570 2725 2709
f 2587 2604 2743
f 2587 2743 2726
f 2604 2605 2744
f 2604 2744 2743
f 2606 2608 2747
f 2606 2747 2745
f 2605 2606 2745
f 2605 2745 2744
f 2608 2560 2699
f 2608 2699 2747
f 2631 2543 2682
f 2631 2682 2770
f 2560 2611 2750
f 2560 2750 2699
f 2611 2614 2753
f 2611 2753 2750
f 2504 2505 2644
f 2504 2644 2643
f 2503 2502 2641
f 2503 2641 2642
f 2502 2609 2748
f 2502 2748 2641
f 2562 2503 2642
f 2562 2642 2701
f 2627 2508 2647
f 2627 2647 2766
f 2507 2501 2640
f 2507 2640 2646
f 2506 2507 2646
f 2506 2646 2645
f 2505 2506 2645
f 2505 2645 2644
f 2508 2509 2648
f 2508 2648 2647
f 2509 2510 2649
f 2509 2649 2648
f 2510 2511 2650
f 2510 2650 2649
f 2511 2512 2651
f 2511 2651 2650
f 2512 2513 2652
f 2512 2652 2651
f 2513 2514 2653
f 2513 2653 2652
f 2515 2616 2755
f 2515 2755 2654
f 2514 2515 2654
f 2514 2654 2653
f 2539 2629 2768
f 2539 2768 2678
f 2540 2539 2678
f 2540 2678 2679
f 2541 2540 2679
f 2541 2679 2680
f 2542 2541 2680
f 2542 2680 2681
f 2543 2542 2681
f 2543 2681 2682
f 2630 2562 2701
f 2630 2701 2769
f 2609 2631 2770
f 2609 2770 2748
f 2824 2825 2830
f 2799 2910 2822
f 2877 2798 2875
f 2799 2826 2876
f 2838 2849 2801
f 2847 2819 2842
f 2798 2877 2878
f 2822 2910 2785
f 2835 2832 2818
f 2825 2860 2850
f 2819 2847 3059
f 2819 3059 3057
f 2819 2843 2842
f 2860 2798 2878
f 2829 2845 3062
f 2828 2850 2852
f 2820 2833 2839
f 2877 2822 2785
f 2849 2828 2852
f 2832 2835 2831
f 2831 2843 2834
f 2825 2824 2821
f 2828 2849 2830
f 2845 2829 2800
f 2843 2831 2835
f 2826 2799 2822
f 2860 2827 2837
f 2827 2860 2825
f 2824 2838 2821
f 2798 2860 2875
f 2838 2830 2849
f 2850 2828 2830
f 2833 2829 2839
f 2833 2823 2829
f 2843 2819 3057
f 2843 3057 3055
f 2850 2830 2825
f 2823 2800 2829
f 2835 2818 2836
f 2822 2877 2826
f 2910 2799 2876
f 2844 2827 2825
f 2827 2844 2837
f 2875 2860 2837
f 2821 2844 2825
f 2838 2824 2830
f 2875 2826 2877
f 2886 2883 2919
f 2866 2883 2886
f 2882 2865 2884
f 2866 2882 2883
f 2865 2882 2866
f 2884 2864 2863
f 2884 2865 2864
f 2863 2879 2884
f 2878 2880 2862
f 2879 2861 2880
f 2862 2880 2861
f 2860 2862 2861
f 2862 2860 2878
f 2872 2868 2859
f 2868 2858 2859
f 2872 2859 2869
f 2868 2872 2871
f 2868 2871 2903
f 2858 2868 2867
f 2893 2857 2867
f 2856 2855 2854
f 2864 2854 2863
f 2854 2864 2856
f 2863 2861 2879
f 2863 2854 2853
f 2861 2863 2853
f 2853 2852 2861
f 2854 2851 2853
f 2853 2851 2852
f 2850 2861 2852
f 2864 2865 2866
f 2861 2850 2860
f 2859 3067 2869
f 2867 2857 2858
f 2914 2797 2809
f 2856 2848 2802
f 2847 2856 2846
f 2846 2856 2864
f 2855 2851 2854
f 2855 2852 2851
f 2845 2852 2855
f 2845 2849 2852
f 2781 2780 2966
f 2847 2842 2848
f 2841 2802 2848
f 2848 2840 2841
f 2841 3061 3062
f 2841 3062 2845
f 3049 2839 3061
f 2856 2847 2848
f 2855 2803 2845
f 2779 2987 2982
f 2780 2971 2966
f 2937 2938 2988
f 2781 2966 2925
f 2779 2982 3024
f 2987 2937 2988
f 2781 2925 2808
f 2843 2835 2842
f 2835 2836 2842
f 2782 2921 2920
f 2785 2783 2881
f 2817 2804 2864
f 2864 2866 2792
f 2840 2848 2842
f 2918 2881 2784
f 2917 2918 2786
f 2783 2784 2881
f 2785 2881 2877
f 2787 2786 2918
f 2788 2913 2959
f 2791 2993 2992
f 2986 2791 2992
f 2959 3008 2789
f 2808 2926 2781
f 2812 2811 2896
f 2810 2812 2894
f 2841 2803 2802
f 2876 2795 2911
f 2911 2795 2793
f 2912 2796 2794
f 2800 2801 2849
f 2845 2800 2849
f 2845 2803 2841
f 2802 2803 2855
f 2802 2855 2856
f 2926 2806 2807
f 2817 2864 2805
f 2817 2805 3053
f 2864 2792 2805
f 2804 2846 2864
f 2808 2806 2926
f 2808 2925 2809
f 2807 2928 2927
f 2812 2896 2894
f 2811 2903 2896
f 2810 2894 2892
f 2810 2892 3066
f 2903 2813 2902
f 2813 2908 2902
f 2814 2899 2904
f 2815 2814 2904
f 2975 2816 2977
f 2816 2969 2977
f 2976 2929 3024
f 2893 2867 2903
f 2893 2903 2811
f 2903 2901 2896
f 2988 2995 2989
f 2988 2989 2987
f 2986 2984 2985
f 2992 2990 2986
f 2990 2984 2986
f 2984 2990 2983
f 2982 2989 3042
f 2987 2989 2982
f 2868 2903 2867
f 3028 3036 2980
f 2870 2815 2906
f 2873 2907 2908
f 2873 2906 2907
f 2871 2813 2903
f 2871 2908 2813
f 2902 2908 2909
f 2912 2915 2911
f 2980 2985 2984
f 2980 2984 2981
f 3028 2980 2981
f 2983 2981 2984
f 3035 2982 3042
f 2869 2874 2872
f 2873 2870 2906
f 2873 2908 2874
f 3028 2981 3029
f 2981 2979 3029
f 3035 3024 2982
f 3024 2978 2779
f 3029 2979 2977
f 3026 3018 3025
f 3024 3025 3018
f 3018 2976 3024
f 2977 2979 2975
f 3021 2974 3014
f 2977 3021 3029
f 3021 2977 2974
f 2977 2973 2974
f 3014 3009 3016
f 3017 3020 2972
f 3017 2971 3018
f 3013 2972 3020
f 2970 2972 3010
f 3013 3010 2972
f 2974 2973 3014
f 3017 2972 2971
f 3014 2973 3009
f 2969 2968 2973
f 2970 3010 2967
f 2971 2972 2970
f 2970 2966 2971
f 2965 2970 2964
f 3010 3012 2967
f 3012 3008 2967
f 2963 3009 2973
f 2964 2970 2967
f 2962 2973 2968
f 3009 2961 3008
f 3008 2961 2790
f 3009 2963 2961
f 2963 2960 2961
f 2963 2973 2962
f 2964 2967 2959
f 2959 2967 3008
f 3008 2790 2789
f 2959 2789 2788
f 2958 2957 2956
f 2957 2955 2956
f 2958 2956 2954
f 2954 2956 2953
f 2955 2957 2952
f 2955 2952 2951
f 2950 2949 2954
f 2954 2953 2950
f 2949 2950 2948
f 2872 2874 2908
f 2872 2908 2871
f 2956 2955 2947
f 2876 2911 2910
f 2951 2946 2955
f 2947 2955 2945
f 2955 2946 2945
f 2947 2953 2956
f 2951 2944 2946
f 2943 2944 2942
f 2947 3007 3005
f 3005 2953 2947
f 3004 2953 3005
f 2950 2953 3004
f 3002 2950 3004
f 3000 2948 2950
f 2911 2793 2912
f 2912 2793 2796
f 2912 2794 2914
f 2914 2794 2797
f 2914 2809 2925
f 2879 2880 2917
f 2881 2878 2877
f 2881 2880 2878
f 2884 2879 2917
f 2881 2918 2880
f 2882 2884 2916
f 2917 2880 2918
f 2917 2885 2884
f 2883 2882 2916
f 2916 2919 2883
f 2884 2885 2916
f 2885 2917 2920
f 2885 2920 2916
f 2922 2886 2919
f 2887 2886 2922
f 2919 2916 2921
f 2923 2887 2922
f 2968 2887 2923
f 2947 2945 3007
f 3007 2945 2946
f 2946 2941 3007
f 2940 2946 2944
f 2940 2941 2946
f 2943 2940 2944
f 2943 2941 2940
f 3007 2999 3006
f 2941 2991 2999
f 2941 2939 2991
f 3007 2941 2999
f 2988 2938 2994
f 3002 3000 2950
f 2994 2996 2988
f 2936 2938 2937
f 2935 2990 2991
f 2935 2934 2990
f 2939 2935 2991
f 2939 2933 2935
f 2936 2937 2932
f 2932 2937 2987
f 2932 2930 2936
f 2990 2934 2983
f 2888 2938 2936
f 2978 2987 2779
f 2978 2932 2987
f 2931 2932 2978
f 2932 2931 2930
f 2931 2978 2929
f 3024 2929 2978
f 2929 2928 2931
f 2930 2931 2928
f 2996 2995 2988
f 2929 2976 2927
f 2926 2927 2976
f 2927 2928 2929
f 2938 2888 2889
f 2888 2892 2889
f 2894 2889 2892
f 2889 2994 2938
f 2976 3018 2926
f 2971 2926 3018
f 2926 2807 2927
f 2969 2973 2977
f 2971 2780 2926
f 2966 2970 2965
f 2926 2780 2781
f 2925 2966 2965
f 2963 2924 2960
f 2963 2923 2924
f 2963 2962 2923
f 2968 2923 2962
f 2923 2922 2924
f 2933 2939 2943
f 2915 2913 2911
f 2922 2919 2924
f 2919 2921 2924
f 2918 2784 2787
f 2917 2782 2920
f 2917 2786 2782
f 2916 2920 2921
f 2965 2964 2915
f 2941 2943 2939
f 2894 3000 2994
f 2914 2965 2915
f 2894 2994 2889
f 2925 2965 2914
f 2959 2915 2964
f 2913 2915 2959
f 2914 2915 2912
f 2909 2908 2907
f 2907 2906 2905
f 2905 2906 2904
f 2906 2815 2904
f 2909 2958 2954
f 2958 2909 2907
f 2903 2902 2901
f 2958 2905 2957
f 2958 2907 2905
f 2904 2952 2905
f 2900 2952 2904
f 2900 2904 2899
f 2949 2909 2954
f 2909 2949 2902
f 2902 2949 2901
f 2952 2957 2905
f 2899 2898 2900
f 2901 2949 2948
f 2901 2948 2897
f 2896 2901 2897
f 2900 2951 2952
f 2942 2951 2900
f 2900 2898 2895
f 2894 2897 2948
f 2896 2897 2894
f 2893 2811 2812
f 2942 2944 2951
f 2895 2942 2900
f 2948 3000 2894
f 2893 2812 2810
f 2891 2943 2942
f 2933 2943 2891
f 2890 2942 2895
f 2891 2942 2890
f 3020 3026 3027
f 3040 3043 3044
f 3039 3044 3048
f 3045 3039 3048
f 3041 3039 3045
f 3045 3046 3038
f 3045 3038 3042
f 3038 3035 3042
f 3046 3034 3038
f 3046 3033 3034
f 3033 3032 3034
f 2995 3041 2989
f 3037 3032 3033
f 3034 3031 3038
f 3036 3030 3037
f 3029 3030 3036
f 3028 3029 3036
f 3031 3035 3038
f 3027 3026 3031
f 3031 3026 3035
f 3035 3026 3025
f 3035 3025 3024
f 3031 3034 3027
f 3034 3032 3027
f 3030 3023 3037
f 3032 3037 3023
f 3032 3023 3022
f 2997 3041 2995
f 3030 3021 3023
f 3030 3029 3021
f 3039 3041 2997
f 3042 3041 3045
f 3027 3019 3020
f 3018 3026 3017
f 3017 3026 3020
f 3032 3022 3027
f 3027 3022 3019
f 3023 3016 3022
f 3022 3016 3019
f 3016 3015 3019
f 3019 3015 3020
f 3021 3014 3023
f 3014 3016 3023
f 3020 3015 3013
f 3013 3015 3012
f 3011 3015 3016
f 3011 3012 3015
f 3013 3012 3010
f 3009 3011 3016
f 3009 3008 3011
f 3011 3008 3012
f 3007 3006 3005
f 3004 3003 3002
f 3001 3005 3006
f 3002 3003 3000
f 3006 2999 2998
f 3003 3039 2997
f 3000 3003 2996
f 2996 3003 2997
f 2996 2997 2995
f 2994 3000 2996
f 3004 3044 3039
f 3040 3044 3001
f 2998 3040 3001
f 3041 3042 2989
f 3044 3004 3005
f 3001 3006 2998
f 3005 3001 3044
f 3003 3004 3039
f 2998 2993 3040
f 2993 2998 2999
f 2999 2992 2993
f 2991 2992 2999
f 2991 2990 2992
f 3047 3044 3043
f 3048 3044 3047
f 3048 3046 3045
f 3048 3047 3046
f 3050 2842 3051
f 3051 2842 2836
f 3049 2840 3052
f 3050 3052 2840
f 3050 2840 2842
f 3049 2841 2840
f 2804 3058 2846
f 3056 2834 2843
f 3058 3054 2847
f 3058 2847 2846
f 3055 3056 2843
f 3054 3059 2847
f 3061 2841 3049
f 3060 2801 2800
f 2829 3062 2839
f 3062 3061 2839
f 2823 3060 2800
f 2870 3063 2815
f 3064 3063 2870
f 3065 3064 2870
f 3065 2870 2873
f 3065 2873 2874
f 3113 3114 3119
f 3088 3199 3111
f 3166 3087 3164
f 3088 3115 3165
f 3127 3138 3090
f 3136 3108 3131
f 3087 3166 3167
f 3111 3199 3074
f 3124 3121 3107
f 3114 3149 3139
f 3108 3136 3348
f 3108 3348 3346
f 3108 3132 3131
f 3149 3087 3167
f 3118 3134 3351
f 3117 3139 3141
f 3109 3122 3128
f 3166 3111 3074
f 3138 3117 3141
f 3121 3124 3120
f 3120 3132 3123
f 3114 3113 3110
f 3117 3138 3119
f 3134 3118 3089
f 3132 3120 3124
f 3115 3088 3111
f 3149 3116 3126
f 3116 3149 3114
f 3113 3127 3110
f 3087 3149 3164
f 3127 3119 3138
f 3139 3117 3119
f 3122 3118 3128
f 3122 3112 3118
f 3132 3108 3346
f 3132 3346 3344
f 3139 3119 3114
f 3112 3089 3118
f 3124 3107 3125
f 3111 3166 3115
f 3199 3088 3165
f 3133 3116 3114
f 3116 3133 3126
f 3164 3149 3126
f 3110 3133 3114
f 3127 3113 3119
f 3164 3115 3166
f 3175 3172 3208
f 3155 3172 3175
f 3171 3154 3173
f 3155 3171 3172
f 3154 3171 3155
f 3173 3153 3152
f 3173 3154 3153
f 3152 3168 3173
f 3167 3169 3151
f 3168 3150 3169
f 3151 3169 3150
f 3149 3151 3150
f 3151 3149 3167
f 3161 3157 3148
f 3157 3147 3148
f 3161 3148 3158
f 3157 3161 3160
f 3157 3160 3192
f 3147 3157 3156
f 3182 3146 3156
f 3145 3144 3143
f 3153 3143 3152
f 3143 3153 3145
f 3152 3150 3168
f 3152 3143 3142
f 3150 3152 3142
f 3142 3141 3150
f 3143 3140 3142
f 3142 3140 3141
f 3139 3150 3141
f 3153 3154 3155
f 3150 3139 3149
f 3148 3356 3158
f 3156 3146 3147
f 3203 3086 3098
f 3145 3137 3091
f 3136 3145 3135
f 3135 3145 3153
f 3144 3140 3143
f 3144 3141 3140
f 3134 3141 3144
f 3134 3138 3141
f 3070 3069 3255
f 3136 3131 3137
f 3130 3091 3137
f 3137 3129 3130
f 3130 3350 3351
f 3130 3351 3134
f 3338 3128 3350
f 3145 3136 3137
f 3144 3092 3134
f 3068 3276 3271
f 3069 3260 3255
f 3226 3227 3277
f 3070 3255 3214
f 3068 3271 3313
f 3276 3226 3277
f 3070 3214 3097
f 3132 3124 3131
f 3124 3125 3131
f 3071 3210 3209
f 3074 3072 3170
f 3106 3093 3153
f 3153 3155 3081
f 3129 3137 3131
f 3207 3170 3073
f 3206 3207 3075
f 3072 3073 3170
f 3074 3170 3166
f 3076 3075 3207
f 3077 3202 3248
f 3080 3282 3281
f 3275 3080 3281
f 3248 3297 3078
f 3097 3215 3070
f 3101 3100 3185
f 3099 3101 3183
f 3130 3092 3091
f 3165 3084 3200
f 3200 3084 3082
f 3201 3085 3083
f 3089 3090 3138
f 3134 3089 3138
f 3134 3092 3130
f 3091 3092 3144
f 3091 3144 3145
f 3215 3095 3096
f 3106 3153 3094
f 3106 3094 3342
f 3153 3081 3094
f 3093 3135 3153
f 3097 3095 3215
f 3097 3214 3098
f 3096 3217 3216
f 3101 3185 3183
f 3100 3192 3185
f 3099 3183 3181
f 3099 3181 3355
f 3192 3102 3191
f 3102 3197 3191
f 3103 3188 3193
f 3104 3103 3193
f 3264 3105 3266
f 3105 3258 3266
f 3265 3218 3313
f 3182 3156 3192
f 3182 3192 3100
f 3192 3190 3185
f 3277 3284 3278
f 3277 3278 3276
f 3275 3273 3274
f 3281 3279 3275
f 3279 3273 3275
f 3273 3279 3272
f 3271 3278 3331
f 3276 3278 3271
f 3157 3192 3156
f 3317 3325 3269
f 3159 3104 3195
f 3162 3196 3197
f 3162 3195 3196
f 3160 3102 3192
f 3160 3197 3102
f 3191 3197 3198
f 3201 3204 3200
f 3269 3274 3273
f 3269 3273 3270
f 3317 3269 3270
f 3272 3270 3273
f 3324 3271 3331
f 3158 3163 3161
f 3162 3159 3195
f 3162 3197 3163
f 3317 3270 3318
f 3270 3268 3318
f 3324 3313 3271
f 3313 3267 3068
f 3318 3268 3266
f 3315 3307 3314
f 3313 3314 3307
f 3307 3265 3313
f 3266 3268 3264
f 3310 3263 3303
f 3266 3310 3318
f 3310 3266 3263
f 3266 3262 3263
f 3303 3298 3305
f 3306 3309 3261
f 3306 3260 3307
f 3302 3261 3309
f 3259 3261 3299
f 3302 3299 3261
f 3263 3262 3303
f 3306 3261 3260
f 3303 3262 3298
f 3258 3257 3262
f 3259 3299 3256
f 3260 3261 3259
f 3259 3255 3260
f 3254 3259 3253
f 3299 3301 3256
f 3301 3297 3256
f 3252 3298 3262
f 3253 3259 3256
f 3251 3262 3257
f 3298 3250 3297
f 3297 3250 3079
f 3298 3252 3250
f 3252 3249 3250
f 3252 3262 3251
f 3253 3256 3248
f 3248 3256 3297
f 3297 3079 3078
f 3248 3078 3077
f 3247 3246 3245
f 3246 3244 3245
f 3247 3245 3243
f 3243 3245 3242
f 3244 3246 3241
f 3244 3241 3240
f 3239 3238 3243
f 3243 3242 3239
f 3238 3239 3237
f 3161 3163 3197
f 3161 3197 3160
f 3245 3244 3236
f 3165 3200 3199
f 3240 3235 3244
f 3236 3244 3234
f 3244 3235 3234
f 3236 3242 3245
f 3240 3233 3235
f 3232 3233 3231
f 3236 3296 3294
f 3294 3242 3236
f 3293 3242 3294
f 3239 3242 3293
f 3291 3239 3293
f 3289 3237 3239
f 3200 3082 3201
f 3201 3082 3085
f 3201 3083 3203
f 3203 3083 3086
f 3203 3098 3214
f 3168 3169 3206
f 3170 3167 3166
f 3170 3169 3167
f 3173 3168 3206
f 3170 3207 3169
f 3171 3173 3205
f 3206 3169 3207
f 3206 3174 3173
f 3172 3171 3205
f 3205 3208 3172
f 3173 3174 3205
f 3174 3206 3209
f 3174 3209 3205
f 3211 3175 3208
f 3176 3175 3211
f 3208 3205 3210
f 3212 3176 3211
f 3257 3176 3212
f 3236 3234 3296
f 3296 3234 3235
f 3235 3230 3296
f 3229 3235 3233
f 3229 3230 3235
f 3232 3229 3233
f 3232 3230 3229
f 3296 3288 3295
f 3230 3280 3288
f 3230 3228 3280
f 3296 3230 3288
f 3277 3227 3283
f 3291 3289 3239
f 3283 3285 3277
f 3225 3227 3226
f 3224 3279 3280
f 3224 3223 3279
f 3228 3224 3280
f 3228 3222 3224
f 3225 3226 3221
f 3221 3226 3276
f 3221 3219 3225
f 3279 3223 3272
f 3177 3227 3225
f 3267 3276 3068
f 3267 3221 3276
f 3220 3221 3267
f 3221 3220 3219
f 3220 3267 3218
f 3313 3218 3267
f 3218 3217 3220
f 3219 3220 3217
f 3285 3284 3277
f 3218 3265 3216
f 3215 3216 3265
f 3216 3217 3218
f 3227 3177 3178
f 3177 3181 3178
f 3183 3178 3181
f 3178 3283 3227
f 3265 3307 3215
f 3260 3215 3307
f 3215 3096 3216
f 3258 3262 3266
f 3260 3069 3215
f 3255 3259 3254
f 3215 3069 3070
f 3214 3255 3254
f 3252 3213 3249
f 3252 3212 3213
f 3252 3251 3212
f 3257 3212 3251
f 3212 3211 3213
f 3222 3228 3232
f 3204 3202 3200
f 3211 3208 3213
f 3208 3210 3213
f 3207 3073 3076
f 3206 3071 3209
f 3206 3075 3071
f 3205 3209 3210
f 3254 3253 3204
f 3230 3232 3228
f 3183 3289 3283
f 3203 3254 3204
f 3183 3283 3178
f 3214 3254 3203
f 3248 3204 3253
f 3202 3204 3248
f 3203 3204 3201
f 3198 3197 3196
f 3196 3195 3194
f 3194 3195 3193
f 3195 3104 3193
f 3198 3247 3243
f 3247 3198 3196
f 3192 3191 3190
f 3247 3194 3246
f 3247 3196 3194
f 3193 3241 3194
f 3189 3241 3193
f 3189 3193 3188
f 3238 3198 3243
f 3198 3238 3191
f 3191 3238 3190
f 3241 3246 3194
f 3188 3187 3189
f 3190 3238 3237
f 3190 3237 3186
f 3185 3190 3186
f 3189 3240 3241
f 3231 3240 3189
f 3189 3187 3184
f 3183 3186 3237
f 3185 3186 3183
f 3182 3100 3101
f 3231 3233 3240
f 3184 3231 3189
f 3237 3289 3183
f 3182 3101 3099
f 3180 3232 3231
f 3222 3232 3180
f 3179 3231 3184
f 3180 3231 3179
f 3309 3315 3316
f 3329 3332 3333
f 3328 3333 3337
f 3334 3328 3337
f 3330 3328 3334
f 3334 3335 3327
f 3334 3327 3331
f 3327 3324 3331
f 3335 3323 3327
f 3335 3322 3323
f 3322 3321 3323
f 3284 3330 3278
f 3326 3321 3322
f 3323 3320 3327
f 3325 3319 3326
f 3318 3319 3325
f 3317 3318 3325
f 3320 3324 3327
f 3316 3315 3320
f 3320 3315 3324
f 3324 3315 3314
f 3324 3314 3313
f 3320 3323 3316
f 3323 3321 3316
f 3319 3312 3326
f 3321 3326 3312
f 3321 3312 3311
f 3286 3330 3284
f 3319 3310 3312
f 3319 3318 3310
f 3328 3330 3286
f 3331 3330 3334
f 3316 3308 3309
f 3307 3315 3306
f 3306 3315 3309
f 3321 3311 3316
f 3316 3311 3308
f 3312 3305 3311
f 3311 3305 3308
f 3305 3304 3308
f 3308 3304 3309
f 3310 3303 3312
f 3303 3305 3312
f 3309 3304 3302
f 3302 3304 3301
f 3300 3304 3305
f 3300 3301 3304
f 3302 3301 3299
f 3298 3300 3305
f 3298 3297 3300
f 3300 3297 3301
f 3296 3295 3294
f 3293 3292 3291
f 3290 3294 3295
f 3291 3292 3289
f 3295 3288 3287
f 3292 3328 3286
f 3289 3292 3285
f 3285 3292 3286
f 3285 3286 3284
f 3283 3289 3285
f 3293 3333 3328
f 3329 3333 3290
f 3287 3329 3290
f 3330 3331 3278
f 3333 3293 3294
f 3290 3295 3287
f 3294 3290 3333
f 3292 3293 3328
f 3287 3282 3329
f 3282 3287 3288
f 3288 3281 3282
f 3280 3281 3288
f 3280 3279 3281
f 3336 3333 3332
f 3337 3333 3336
f 3337 3335 3334
f 3337 3336 3335
f 3339 3131 3340
f 3340 3131 3125
f 3338 3129 3341
f 3339 3341 3129
f 3339 3129 3131
f 3338 3130 3129
f 3093 3347 3135
f 3345 3123 3132
f 3347 3343 3136
f 3347 3136 3135
f 3344 3345 3132
f 3343 3348 3136
f 3350 3130 3338
f 3349 3090 3089
f 3118 3351 3128
f 3351 3350 3128
f 3112 3349 3089
f 3159 3352 3104
f 3353 3352 3159
f 3354 3353 3159
f 3354 3159 3162
f 3354 3162 3163
f 3388 3386 3377
f 3388 3377 3380
f 3378 3379 3369
f 3378 3369 3362
f 3381 3379 3373
f 3381 3373 3374
f 3382 3381 3374
f 3382 3374 3375
f 3383 3382 3375
f 3383 3375 3376
f 3364 3361 3362
f 3364 3362 3369
f 3365 3364 3369
f 3365 3369 3370
f 3366 3365 3370
f 3366 3370 3371
f 3367 3366 3371
f 3367 3371 3372
f 3368 3367 3372
f 3368 3372 3377
f 3390 3391 3361
f 3390 3361 3364
f 3365 3357 3390
f 3365 3390 3364
f 3366 3360 3357
f 3366 3357 3365
f 3367 3358 3360
f 3367 3360 3366
f 3368 3359 3358
f 3368 3358 3367
f 3384 3359 3368
f 3384 3368 3385
f 3380 3377 3372
f 3380 3372 3383
f 3389 3387 3383
f 3389 3383 3376
f 3372 3371 3382
f 3372 3382 3383
f 3371 3370 3381
f 3371 3381 3382
f 3370 3369 3379
f 3370 3379 3381
f 3363 3373 3379
f 3363 3379 3378
f 3387 3388 3380
f 3387 3380 3383
f 3386 3385 3368
f 3386 3368 3377
f 3423 3415 3412
f 3423 3412 3421
f 3413 3397 3404
f 3413 3404 3414
f 3416 3409 3408
f 3416 3408 3414
f 3417 3410 3409
f 3417 3409 3416
f 3418 3411 3410
f 3418 3410 3417
f 3399 3404 3397
f 3399 3397 3396
f 3400 3405 3404
f 3400 3404 3399
f 3401 3406 3405
f 3401 3405 3400
f 3402 3407 3406
f 3402 3406 3401
f 3403 3412 3407
f 3403 3407 3402
f 3425 3399 3396
f 3425 3396 3426
f 3400 3399 3425
f 3400 3425 3392
f 3401 3400 3392
f 3401 3392 3395
f 3402 3401 3395
f 3402 3395 3393
f 3403 3402 3393
f 3403 3393 3394
f 3419 3420 3403
f 3419 3403 3394
f 3415 3418 3407
f 3415 3407 3412
f 3424 3411 3418
f 3424 3418 3422
f 3407 3418 3417
f 3407 3417 3406
f 3406 3417 3416
f 3406 3416 3405
f 3405 3416 3414
f 3405 3414 3404
f 3398 3413 3414
f 3398 3414 3408
f 3422 3418 3415
f 3422 3415 3423
f 3421 3412 3403
f 3421 3403 3420
f 3357 3360 3395
f 3357 3395 3392
f 3360 3358 3393
f 3360 3393 3395
f 3358 3359 3394
f 3358 3394 3393
f 3359 3384 3419
f 3359 3419 3394
f 3390 3357 3392
f 3390 3392 3425
f 3361 3391 3426
f 3361 3426 3396
f 3362 3361 3396
f 3362 3396 3397
f 3363 3378 3413
f 3363 3413 3398
f 3385 3386 3421
f 3385 3421 3420
f 3388 3387 3422
f 3388 3422 3423
f 3373 3363 3398
f 3373 3398 3408
f 3374 3373 3408
f 3374 3408 3409
f 3375 3374 3409
f 3375 3409 3410
f 3376 3375 3410
f 3376 3410 3411
f 3387 3389 3424
f 3387 3424 3422
f 3389 3376 3411
f 3389 3411 3424
f 3384 3385 3420
f 3384 3420 3419
f 3378 3362 3397
f 3378 3397 3413
f 3386 3388 3423
f 3386 3423 3421
f 3391 3390 3425
f 3391 3425 3426
f 3458 3456 3447
f 3458 3447 3450
f 3448 3449 3439
f 3448 3439 3432
f 3451 3449 3443
f 3451 3443 3444
f 3452 3451 3444
f 3452 3444 3445
f 3453 3452 3445
f 3453 3445 3446
f 3434 3431 3432
f 3434 3432 3439
f 3435 3434 3439
f 3435 3439 3440
f 3436 3435 3440
f 3436 3440 3441
f 3437 3436 3441
f 3437 3441 3442
f 3438 3437 3442
f 3438 3442 3447
f 3460 3461 3431
f 3460 3431 3434
f 3435 3427 3460
f 3435 3460 3434
f 3436 3430 3427
f 3436 3427 3435
f 3437 3428 3430
f 3437 3430 3436
f 3438 3429 3428
f 3438 3428 3437
f 3454 3429 3438
f 3454 3438 3455
f 3450 3447 3442
f 3450 3442 3453
f 3459 3457 3453
f 3459 3453 3446
f 3442 3441 3452
f 3442 3452 3453
f 3441 3440 3451
f 3441 3451 3452
f 3440 3439 3449
f 3440 3449 3451
f 3433 3443 3449
f 3433 3449 3448
f 3457 3458 3450
f 3457 3450 3453
f 3456 3455 3438
f 3456 3438 3447
f 3493 3485 3482
f 3493 3482 3491
f 3483 3467 3474
f 3483 3474 3484
f 3486 3479 3478
f 3486 3478 3484
f 3487 3480 3479
f 3487 3479 3486
f 3488 3481 3480
f 3488 3480 3487
f 3469 3474 3467
f 3469 3467 3466
f 3470 3475 3474
f 3470 3474 3469
f 3471 3476 3475
f 3471 3475 3470
f 3472 3477 3476
f 3472 3476 3471
f 3473 3482 3477
f 3473 3477 3472
f 3495 3469 3466
f 3495 3466 3496
f 3470 3469 3495
f 3470 3495 3462
f 3471 3470 3462
f 3471 3462 3465
f 3472 3471 3465
f 3472 3465 3463
f 3473 3472 3463
f 3473 3463 3464
f 3489 3490 3473
f 3489 3473 3464
f 3485 3488 3477
f 3485 3477 3482
f 3494 3481 3488
f 3494 3488 3492
f 3477 3488 3487
f 3477 3487 3476
f 3476 3487 3486
f 3476 3486 3475
f 3475 3486 3484
f 3475 3484 3474
f 3468 3483 3484
f 3468 3484 3478
f 3492 3488 3485
f 3492 3485 3493
f 3491 3482 3473
f 3491 3473 3490
f 3427 3430 3465
f 3427 3465 3462
f 3430 3428 3463
f 3430 3463 3465
f 3428 3429 3464
f 3428 3464 3463
f 3429 3454 3489
f 3429 3489 3464
f 3460 3427 3462
f 3460 3462 3495
f 3431 3461 3496
f 3431 3496 3466
f 3432 3431 3466
f 3432 3466 3467
f 3433 3448 3483
f 3433 3483 3468
f 3455 3456 3491
f 3455 3491 3490
f 3458 3457 3492
f 3458 3492 3493
f 3443 3433 3468
f 3443 3468 3478
f 3444 3443 3478
f 3444 3478 3479
f 3445 3444 3479
f 3445 3479 3480
f 3446 3445 3480
f 3446 3480 3481
f 3457 3459 3494
f 3457 3494 3492
f 3459 3446 3481
f 3459 3481 3494
f 3454 3455 3490
f 3454 3490 3489
f 3448 3432 3467
f 3448 3467 3483
f 3456 3458 3493
f 3456 3493 3491
f 3461 3460 3495
f 3461 3495 3496
f 3499 3498 3522
f 3499 3521 3540
f 3498 3527 3522
f 3499 3522 3520
f 3513 3501 3516
f 3503 3500 3505
f 3500 3524 3506
f 3524 3535 3540
f 3538 3537 3536
f 3532 3533 3541
f 3534 3532 3541
f 3530 3537 3538
f 3537 3529 3536
f 3539 3536 3529
f 3528 3529 3537
f 3540 3529 3527
f 3539 3529 3540
f 3527 3529 3526
f 3526 3529 3525
f 3528 3525 3529
f 3527 3523 3522
f 3540 3527 3498
f 3524 3540 3521
f 3527 3526 3523
f 3540 3498 3499
f 3522 3523 3520
f 3521 3499 3520
f 3521 3520 3519
f 3524 3521 3519
f 3518 3517 3533
f 3532 3534 3516
f 3533 3532 3515
f 3517 3531 3533
f 3516 3534 3497
f 3516 3497 3514
f 3513 3516 3514
f 3530 3528 3537
f 3528 3530 3542
f 3528 3542 3512
f 3511 3526 3525
f 3525 3510 3509
f 3525 3509 3511
f 3528 3510 3525
f 3510 3518 3509
f 3528 3508 3510
f 3518 3510 3508
f 3512 3517 3508
f 3518 3508 3517
f 3512 3508 3528
f 3517 3512 3531
f 3511 3523 3526
f 3520 3523 3507
f 3507 3523 3511
f 3519 3506 3524
f 3520 3507 3506
f 3519 3520 3506
f 3507 3505 3506
f 3507 3511 3505
f 3505 3504 3503
f 3506 3505 3500
f 3511 3509 3502
f 3532 3502 3509
f 3511 3504 3505
f 3502 3504 3511
f 3502 3532 3504
f 3532 3501 3504
f 3509 3518 3515
f 3533 3515 3518
f 3509 3515 3532
f 3504 3501 3503
f 3516 3501 3532
f 3545 3544 3568
f 3545 3567 3586
f 3544 3573 3568
f 3545 3568 3566
f 3559 3547 3562
f 3549 3546 3551
f 3546 3570 3552
f 3570 3581 3586
f 3584 3583 3582
f 3578 3579 3587
f 3580 3578 3587
f 3576 3583 3584
f 3583 3575 3582
f 3585 3582 3575
f 3574 3575 3583
f 3586 3575 3573
f 3585 3575 3586
f 3573 3575 3572
f 3572 3575 3571
f 3574 3571 3575
f 3573 3569 3568
f 3586 3573 3544
f 3570 3586 3567
f 3573 3572 3569
f 3586 3544 3545
f 3568 3569 3566
f 3567 3545 3566
f 3567 3566 3565
f 3570 3567 3565
f 3564 3563 3579
f 3578 3580 3562
f 3579 3578 3561
f 3563 3577 3579
f 3562 3580 3543
f 3562 3543 3560
f 3559 3562 3560
f 3576 3574 3583
f 3574 3576 3588
f 3574 3588 3558
f 3557 3572 3571
f 3571 3556 3555
f 3571 3555 3557
f 3574 3556 3571
f 3556 3564 3555
f 3574 3554 3556
f 3564 3556 3554
f 3558 3563 3554
f 3564 3554 3563
f 3558 3554 3574
f 3563 3558 3577
f 3557 3569 3572
f 3566 3569 3553
f 3553 3569 3557
f 3565 3552 3570
f 3566 3553 3552
f 3565 3566 3552
f 3553 3551 3552
f 3553 3557 3551
f 3551 3550 3549
f 3552 3551 3546
f 3557 3555 3548
f 3578 3548 3555
f 3557 3550 3551
f 3548 3550 3557
f 3548 3578 3550
f 3578 3547 3550
f 3555 3564 3561
f 3579 3561 3564
f 3555 3561 3578
f 3550 3547 3549
f 3562 3547 3578
f 3609 3592 3597
f 3609 3597 3610
f 3593 3596 3595
f 3593 3595 3594
f 3609 3610 3596
f 3609 3596 3593
f 3604 3591 3592
f 3604 3592 3605
f 3618 3616 3591
f 3618 3591 3604
f 3615 3601 3589
f 3615 3589 3613
f 3619 3620 3624
f 3619 3624 3623
f 3606 3609 3593
f 3606 3593 3607
f 3605 3592 3609
f 3605 3609 3606
f 3589 3601 3602
f 3589 3602 3612
f 3612 3611 3600
f 3612 3600 3589
f 3613 3614 3599
f 3613 3599 3590
f 3616 3617 3598
f 3616 3598 3591
f 3619 3621 3611
f 3619 3611 3612
f 3593 3594 3608
f 3593 3608 3607
f 3591 3598 3597
f 3591 3597 3592
f 3589 3600 3614
f 3589 3614 3613
f 3603 3615 3613
f 3603 3613 3590
f 3590 3599 3617
f 3590 3617 3616
f 3603 3590 3616
f 3603 3616 3618
f 3623 3622 3621
f 3623 3621 3619
f 3612 3602 3620
f 3612 3620 3619
f 3645 3646 3633
f 3645 3633 3628
f 3629 3630 3631
f 3629 3631 3632
f 3645 3629 3632
f 3645 3632 3646
f 3640 3641 3628
f 3640 3628 3627
f 3654 3640 3627
f 3654 3627 3652
f 3651 3649 3625
f 3651 3625 3637
f 3655 3659 3660
f 3655 3660 3656
f 3642 3643 3629
f 3642 3629 3645
f 3641 3642 3645
f 3641 3645 3628
f 3625 3648 3638
f 3625 3638 3637
f 3648 3625 3636
f 3648 3636 3647
f 3649 3626 3635
f 3649 3635 3650
f 3652 3627 3634
f 3652 3634 3653
f 3655 3648 3647
f 3655 3647 3657
f 3629 3643 3644
f 3629 3644 3630
f 3627 3628 3633
f 3627 3633 3634
f 3625 3649 3650
f 3625 3650 3636
f 3639 3626 3649
f 3639 3649 3651
f 3626 3652 3653
f 3626 3653 3635
f 3639 3654 3652
f 3639 3652 3626
f 3659 3655 3657
f 3659 3657 3658
f 3648 3655 3656
f 3648 3656 3638
f 3594 3595 3631
f 3594 3631 3630
f 3595 3596 3632
f 3595 3632 3631
f 3596 3610 3646
f 3596 3646 3632
f 3597 3598 3634
f 3597 3634 3633
f 3598 3617 3653
f 3598 3653 3634
f 3599 3614 3650
f 3599 3650 3635
f 3600 3611 3647
f 3600 3647 3636
f 3622 3623 3659
f 3622 3659 3658
f 3623 3624 3660
f 3623 3660 3659
f 3602 3601 3637
f 3602 3637 3638
f 3618 3604 3640
f 3618 3640 3654
f 3604 3605 3641
f 3604 3641 3640
f 3605 3606 3642
f 3605 3642 3641
f 3606 3607 3643
f 3606 3643 3642
f 3607 3608 3644
f 3607 3644 3643
f 3610 3597 3633
f 3610 3633 3646
f 3620 3602 3638
f 3620 3638 3656
f 3608 3594 3630
f 3608 3630 3644
f 3611 3621 3657
f 3611 3657 3647
f 3615 3603 3639
f 3615 3639 3651
f 3614 3600 3636
f 3614 3636 3650
f 3601 3615 3651
f 3601 3651 3637
f 3617 3599 3635
f 3617 3635 3653
f 3603 3618 3654
f 3603 3654 3639
f 3624 3620 3656
f 3624 3656 3660
f 3621 3622 3658
f 3621 3658 3657
f 3681 3664 3669
f 3681 3669 3682
f 3665 3668 3667
f 3665 3667 3666
f 3681 3682 3668
f 3681 3668 3665
f 3676 3663 3664
f 3676 3664 3677
f 3690 3688 3663
f 3690 3663 3676
f 3687 3673 3661
f 3687 3661 3685
f 3691 3692 3696
f 3691 3696 3695
f 3678 3681 3665
f 3678 3665 3679
f 3677 3664 3681
f 3677 3681 3678
f 3661 3673 3674
f 3661 3674 3684
f 3684 3683 3672
f 3684 3672 3661
f 3685 3686 3671
f 3685 3671 3662
f 3688 3689 3670
f 3688 3670 3663
f 3691 3693 3683
f 3691 3683 3684
f 3665 3666 3680
f 3665 3680 3679
f 3663 3670 3669
f 3663 3669 3664
f 3661 3672 3686
f 3661 3686 3685
f 3675 3687 3685
f 3675 3685 3662
f 3662 3671 3689
f 3662 3689 3688
f 3675 3662 3688
f 3675 3688 3690
f 3695 3694 3693
f 3695 3693 3691
f 3684 3674 3692
f 3684 3692 3691
f 3717 3718 3705
f 3717 3705 3700
f 3701 3702 3703
f 3701 3703 3704
f 3717 3701 3704
f 3717 3704 3718
f 3712 3713 3700
f 3712 3700 3699
f 3726 3712 3699
f 3726 3699 3724
f 3723 3721 3697
f 3723 3697 3709
f 3727 3731 3732
f 3727 3732 3728
f 3714 3715 3701
f 3714 3701 3717
f 3713 3714 3717
f 3713 3717 3700
f 3697 3720 3710
f 3697 3710 3709
f 3720 3697 3708
f 3720 3708 3719
f 3721 3698 3707
f 3721 3707 3722
f 3724 3699 3706
f 3724 3706 3725
f 3727 3720 3719
f 3727 3719 3729
f 3701 3715 3716
f 3701 3716 3702
f 3699 3700 3705
f 3699 3705 3706
f 3697 3721 3722
f 3697 3722 3708
f 3711 3698 3721
f 3711 3721 3723
f 3698 3724 3725
f 3698 3725 3707
f 3711 3726 3724
f 3711 3724 3698
f 3731 3727 3729
f 3731 3729 3730
f 3720 3727 3728
f 3720 3728 3710
f 3666 3667 3703
f 3666 3703 3702
f 3667 3668 3704
f 3667 3704 3703
f 3668 3682 3718
f 3668 3718 3704
f 3669 3670 3706
f 3669 3706 3705
f 3670 3689 3725
f 3670 3725 3706
f 3671 3686 3722
f 3671 3722 3707
f 3672 3683 3719
f 3672 3719 3708
f 3694 3695 3731
f 3694 3731 3730
f 3695 3696 3732
f 3695 3732 3731
f 3674 3673 3709
f 3674 3709 3710
f 3690 3676 3712
f 3690 3712 3726
f 3676 3677 3713
f 3676 3713 3712
f 3677 3678 3714
f 3677 3714 3713
f 3678 3679 3715
f 3678 3715 3714
f 3679 3680 3716
f 3679 3716 3715
f 3682 3669 3705
f 3682 3705 3718
f 3692 3674 3710
f 3692 3710 3728
f 3680 3666 3702
f 3680 3702 3716
f 3683 3693 3729
f 3683 3729 3719
f 3687 3675 3711
f 3687 3711 3723
f 3686 3672 3708
f 3686 3708 3722
f 3673 3687 3723
f 3673 3723 3709
f 3689 3671 3707
f 3689 3707 3725
f 3675 3690 3726
f 3675 3726 3711
f 3696 3692 3728
f 3696 3728 3732
f 3693 3694 3730
f 3693 3730 3729
f 3782 3790 3775
f 3845 3842 3840
f 3844 3845 3840
f 3844 3839 3843
f 3838 3841 3843
f 3837 3841 3838
f 3836 3840 3842
f 3841 3851 3850
f 3835 3834 3833
f 3836 3832 3831
f 3844 3840 3830
f 3830 3840 3829
f 3844 3830 3839
f 3839 3830 3833
f 3833 3830 3829
f 3828 3833 3829
f 3829 3831 3828
f 3839 3827 3843
f 3827 3838 3843
f 3839 3834 3827
f 3834 3826 3827
f 3826 3825 3827
f 3838 3827 3825
f 3839 3833 3834
f 3829 3840 3836
f 3831 3829 3836
f 3824 3832 3836
f 3838 3825 3837
f 3841 3837 3823
f 3837 3825 3822
f 3822 3823 3837
f 3841 3823 3846
f 3841 3846 3849
f 3841 3849 3848
f 3841 3848 3851
f 3821 3820 3835
f 3828 3819 3835
f 3834 3835 3820
f 3835 3833 3828
f 3819 3821 3835
f 3828 3818 3819
f 3817 3819 3818
f 3817 3818 3816
f 3834 3820 3826
f 3821 3815 3820
f 3821 3819 3814
f 3821 3814 3815
f 3820 3813 3826
f 3813 3820 3812
f 3828 3831 3818
f 3818 3831 3832
f 3816 3818 3832
f 3811 3816 3832
f 3813 3825 3826
f 3825 3810 3822
f 3813 3810 3825
f 3809 3823 3822
f 3822 3808 3809
f 3810 3808 3822
f 3824 3811 3832
f 3824 3807 3811
f 3806 3823 3809
f 3817 3814 3819
f 3805 3817 3816
f 3817 3805 3814
f 3804 3812 3815
f 3815 3812 3820
f 3814 3804 3815
f 3814 3805 3804
f 3812 3803 3813
f 3802 3803 3812
f 3804 3802 3812
f 3801 3800 3803
f 3807 3799 3811
f 3810 3813 3803
f 3809 3808 3798
f 3808 3810 3803
f 3808 3803 3800
f 3797 3796 3824
f 3807 3824 3796
f 3809 3795 3806
f 3798 3795 3809
f 3805 3816 3794
f 3793 3804 3805
f 3811 3799 3816
f 3792 3794 3816
f 3794 3793 3805
f 3804 3791 3802
f 3802 3801 3803
f 3804 3793 3791
f 3801 3802 3791
f 3791 3790 3801
f 3800 3798 3808
f 3799 3807 3789
f 3795 3798 3788
f 3816 3799 3786
f 3816 3786 3792
f 3793 3790 3791
f 3793 3794 3785
f 3784 3793 3785
f 3783 3800 3801
f 3782 3801 3790
f 3801 3782 3783
f 3793 3784 3790
f 3799 3789 3786
f 3781 3780 3789
f 3786 3789 3780
f 3797 3779 3796
f 3796 3779 3781
f 3796 3789 3807
f 3789 3796 3781
f 3777 3788 3798
f 3788 3777 3778
f 3779 3797 3776
f 3792 3785 3794
f 3792 3772 3785
f 3784 3775 3790
f 3774 3775 3784
f 3775 3773 3782
f 3772 3774 3785
f 3785 3774 3784
f 3783 3782 3773
f 3783 3773 3771
f 3771 3777 3783
f 3800 3777 3798
f 3777 3800 3783
f 3770 3780 3781
f 3770 3781 3779
f 3780 3770 3769
f 3777 3858 3857
f 3777 3857 3778
f 3779 3776 3767
f 3766 3765 3787
f 3764 3774 3772
f 3792 3763 3772
f 3762 3774 3764
f 3772 3763 3764
f 3764 3761 3762
f 3762 3760 3774
f 3792 3786 3763
f 3762 3759 3760
f 3763 3758 3764
f 3761 3764 3758
f 3761 3759 3762
f 3757 3763 3786
f 3773 3756 3771
f 3774 3760 3775
f 3775 3760 3773
f 3760 3756 3773
f 3755 3756 3760
f 3771 3756 3768
f 3754 3780 3769
f 3777 3771 3858
f 3765 3753 3752
f 3770 3767 3769
f 3767 3770 3779
f 3754 3767 3751
f 3750 3754 3751
f 3754 3769 3767
f 3768 3765 3766
f 3765 3752 3787
f 3767 3860 3751
f 3749 3748 3747
f 3747 3748 3746
f 3745 3759 3761
f 3758 3763 3757
f 3745 3761 3744
f 3761 3758 3744
f 3758 3757 3743
f 3743 3744 3758
f 3745 3744 3749
f 3749 3747 3745
f 3745 3747 3759
f 3742 3749 3744
f 3744 3743 3742
f 3749 3742 3741
f 3748 3749 3741
f 3759 3740 3755
f 3755 3760 3759
f 3756 3755 3739
f 3740 3759 3738
f 3739 3755 3740
f 3747 3738 3759
f 3740 3738 3737
f 3737 3736 3740
f 3747 3737 3738
f 3746 3736 3737
f 3747 3746 3737
f 3739 3768 3756
f 3739 3735 3768
f 3734 3739 3740
f 3734 3735 3739
f 3735 3734 3859
f 3736 3734 3740
f 3736 3746 3734
f 3780 3757 3786
f 3780 3754 3757
f 3743 3757 3754
f 3750 3743 3754
f 3768 3735 3765
f 3735 3733 3765
f 3753 3765 3733
f 3743 3741 3742
f 3841 3852 3853
f 3841 3850 3852
f 3843 3853 3854
f 3844 3843 3854
f 3845 3844 3854
f 3766 3847 3768
f 3847 3778 3857
f 3853 3843 3841
f 3855 3824 3836
f 3856 3855 3836
f 3842 3856 3836
f 3857 3858 3768
f 3858 3771 3768
f 3857 3768 3847
f 3859 3733 3735
f 3776 3860 3767
f 3910 3918 3903
f 3973 3970 3968
f 3972 3973 3968
f 3972 3967 3971
f 3966 3969 3971
f 3965 3969 3966
f 3964 3968 3970
f 3969 3979 3978
f 3963 3962 3961
f 3964 3960 3959
f 3972 3968 3958
f 3958 3968 3957
f 3972 3958 3967
f 3967 3958 3961
f 3961 3958 3957
f 3956 3961 3957
f 3957 3959 3956
f 3967 3955 3971
f 3955 3966 3971
f 3967 3962 3955
f 3962 3954 3955
f 3954 3953 3955
f 3966 3955 3953
f 3967 3961 3962
f 3957 3968 3964
f 3959 3957 3964
f 3952 3960 3964
f 3966 3953 3965
f 3969 3965 3951
f 3965 3953 3950
f 3950 3951 3965
f 3969 3951 3974
f 3969 3974 3977
f 3969 3977 3976
f 3969 3976 3979
f 3949 3948 3963
f 3956 3947 3963
f 3962 3963 3948
f 3963 3961 3956
f 3947 3949 3963
f 3956 3946 3947
f 3945 3947 3946
f 3945 3946 3944
f 3962 3948 3954
f 3949 3943 3948
f 3949 3947 3942
f 3949 3942 3943
f 3948 3941 3954
f 3941 3948 3940
f 3956 3959 3946
f 3946 3959 3960
f 3944 3946 3960
f 3939 3944 3960
f 3941 3953 3954
f 3953 3938 3950
f 3941 3938 3953
f 3937 3951 3950
f 3950 3936 3937
f 3938 3936 3950
f 3952 3939 3960
f 3952 3935 3939
f 3934 3951 3937
f 3945 3942 3947
f 3933 3945 3944
f 3945 3933 3942
f 3932 3940 3943
f 3943 3940 3948
f 3942 3932 3943
f 3942 3933 3932
f 3940 3931 3941
f 3930 3931 3940
f 3932 3930 3940
f 3929 3928 3931
f 3935 3927 3939
f 3938 3941 3931
f 3937 3936 3926
f 3936 3938 3931
f 3936 3931 3928
f 3925 3924 3952
f 3935 3952 3924
f 3937 3923 3934
f 3926 3923 3937
f 3933 3944 3922
f 3921 3932 3933
f 3939 3927 3944
f 3920 3922 3944
f 3922 3921 3933
f 3932 3919 3930
f 3930 3929 3931
f 3932 3921 3919
f 3929 3930 3919
f 3919 3918 3929
f 3928 3926 3936
f 3927 3935 3917
f 3923 3926 3916
f 3944 3927 3914
f 3944 3914 3920
f 3921 3918 3919
f 3921 3922 3913
f 3912 3921 3913
f 3911 3928 3929
f 3910 3929 3918
f 3929 3910 3911
f 3921 3912 3918
f 3927 3917 3914
f 3909 3908 3917
f 3914 3917 3908
f 3925 3907 3924
f 3924 3907 3909
f 3924 3917 3935
f 3917 3924 3909
f 3905 3916 3926
f 3916 3905 3906
f 3907 3925 3904
f 3920 3913 3922
f 3920 3900 3913
f 3912 3903 3918
f 3902 3903 3912
f 3903 3901 3910
f 3900 3902 3913
f 3913 3902 3912
f 3911 3910 3901
f 3911 3901 3899
f 3899 3905 3911
f 3928 3905 3926
f 3905 3928 3911
f 3898 3908 3909
f 3898 3909 3907
f 3908 3898 3897
f 3905 3986 3985
f 3905 3985 3906
f 3907 3904 3895
f 3894 3893 3915
f 3892 3902 3900
f 3920 3891 3900
f 3890 3902 3892
f 3900 3891 3892
f 3892 3889 3890
f 3890 3888 3902
f 3920 3914 3891
f 3890 3887 3888
f 3891 3886 3892
f 3889 3892 3886
f 3889 3887 3890
f 3885 3891 3914
f 3901 3884 3899
f 3902 3888 3903
f 3903 3888 3901
f 3888 3884 3901
f 3883 3884 3888
f 3899 3884 3896
f 3882 3908 3897
f 3905 3899 3986
f 3893 3881 3880
f 3898 3895 3897
f 3895 3898 3907
f 3882 3895 3879
f 3878 3882 3879
f 3882 3897 3895
f 3896 3893 3894
f 3893 3880 3915
f 3895 3988 3879
f 3877 3876 3875
f 3875 3876 3874
f 3873 3887 3889
f 3886 3891 3885
f 3873 3889 3872
f 3889 3886 3872
f 3886 3885 3871
f 3871 3872 3886
f 3873 3872 3877
f 3877 3875 3873
f 3873 3875 3887
f 3870 3877 3872
f 3872 3871 3870
f 3877 3870 3869
f 3876 3877 3869
f 3887 3868 3883
f 3883 3888 3887
f 3884 3883 3867
f 3868 3887 3866
f 3867 3883 3868
f 3875 3866 3887
f 3868 3866 3865
f 3865 3864 3868
f 3875 3865 3866
f 3874 3864 3865
f 3875 3874 3865
f 3867 3896 3884
f 3867 3863 3896
f 3862 3867 3868
f 3862 3863 3867
f 3863 3862 3987
f 3864 3862 3868
f 3864 3874 3862
f 3908 3885 3914
f 3908 3882 3885
f 3871 3885 3882
f 3878 3871 3882
f 3896 3863 3893
f 3863 3861 3893
f 3881 3893 3861
f 3871 3869 3870
f 3969 3980 3981
f 3969 3978 3980
f 3971 3981 3982
f 3972 3971 3982
f 3973 3972 3982
f 3894 3975 3896
f 3975 3906 3985
f 3981 3971 3969
f 3983 3952 3964
f 3984 3983 3964
f 3970 3984 3964
f 3985 3986 3896
f 3986 3899 3896
f 3985 3896 3975
f 3987 3861 3863
f 3904 3988 3895
f 4013 4008 3999
f 4013 3999 4018
f 4009 4008 4000
f 4009 4000 4001
f 4010 4009 4001
f 4010 4001 4002
f 3989 4011 4018
f 3989 4018 3999
f 3990 3989 3999
f 3990 3999 3998
f 3991 3990 3998
f 3991 3998 3997
f 3992 3991 3997
f 3992 3997 3996
f 4007 3996 3997
f 4007 3997 4010
f 4015 4004 4000
f 4015 4000 4014
f 4005 4004 4017
f 4005 4017 4012
f 4006 4002 4001
f 4006 4001 4005
f 4003 4006 3993
f 4003 3993 3994
f 3995 4002 4006
f 3995 4006 4003
f 3993 4006 4005
f 3993 4005 4012
f 4001 4000 4004
f 4001 4004 4005
f 4016 4017 4004
f 4016 4004 4015
f 3995 4007 4010
f 3995 4010 4002
f 3997 3998 4009
f 3997 4009 4010
f 3998 3999 4008
f 3998 4008 4009
f 4014 4000 4008
f 4014 4008 4013
f 4043 4048 4029
f 4043 4029 4038
f 4039 4031 4030
f 4039 4030 4038
f 4040 4032 4031
f 4040 4031 4039
f 4019 4029 4048
f 4019 4048 4041
f 4020 4028 4029
f 4020 4029 4019
f 4021 4027 4028
f 4021 4028 4020
f 4022 4026 4027
f 4022 4027 4021
f 4037 4040 4027
f 4037 4027 4026
f 4045 4044 4030
f 4045 4030 4034
f 4035 4042 4047
f 4035 4047 4034
f 4036 4035 4031
f 4036 4031 4032
f 4033 4024 4023
f 4033 4023 4036
f 4025 4033 4036
f 4025 4036 4032
f 4023 4042 4035
f 4023 4035 4036
f 4031 4035 4034
f 4031 4034 4030
f 4046 4045 4034
f 4046 4034 4047
f 4025 4032 4040
f 4025 4040 4037
f 4027 4040 4039
f 4027 4039 4028
f 4028 4039 4038
f 4028 4038 4029
f 4044 4043 4038
f 4044 4038 4030
f 3994 3993 4023
f 3994 4023 4024
f 3993 4012 4042
f 3993 4042 4023
f 3995 4003 4033
f 3995 4033 4025
f 3996 4007 4037
f 3996 4037 4026
f 4014 4013 4043
f 4014 4043 4044
f 4016 4015 4045
f 4016 4045 4046
f 4017 4016 4046
f 4017 4046 4047
f 4012 4017 4047
f 4012 4047 4042
f 3992 3996 4026
f 3992 4026 4022
f 4003 3994 4024
f 4003 4024 4033
f 4015 4014 4044
f 4015 4044 4045
f 4007 3995 4025
f 4007 4025 4037
f 4013 4018 4048
f 4013 4048 4043
f 4018 4011 4041
f 4018 4041 4048
f 4011 3989 4019
f 4011 4019 4041
f 3989 3990 4020
f 3989 4020 4019
f 3990 3991 4021
f 3990 4021 4020
f 3991 3992 4022
f 3991 4022 4021
f 4073 4068 4059
f 4073 4059 4078
f 4069 4068 4060
f 4069 4060 4061
f 4070 4069 4061
f 4070 4061 4062
f 4049 4071 4078
f 4049 4078 4059
f 4050 4049 4059
f 4050 4059 4058
f 4051 4050 4058
f 4051 4058 4057
f 4052 4051 4057
f 4052 4057 4056
f 4067 4056 4057
f 4067 4057 4070
f 4075 4064 4060
f 4075 4060 4074
f 4065 4064 4077
f 4065 4077 4072
f 4066 4062 4061
f 4066 4061 4065
f 4063 4066 4053
f 4063 4053 4054
f 4055 4062 4066
f 4055 4066 4063
f 4053 4066 4065
f 4053 4065 4072
f 4061 4060 4064
f 4061 4064 4065
f 4076 4077 4064
f 4076 4064 4075
f 4055 4067 4070
f 4055 4070 4062
f 4057 4058 4069
f 4057 4069 4070
f 4058 4059 4068
f 4058 4068 4069
f 4074 4060 4068
f 4074 4068 4073
f 4103 4108 4089
f 4103 4089 4098
f 4099 4091 4090
f 4099 4090 4098
f 4100 4092 4091
f 4100 4091 4099
f 4079 4089 4108
f 4079 4108 4101
f 4080 4088 4089
f 4080 4089 4079
f 4081 4087 4088
f 4081 4088 4080
f 4082 4086 4087
f 4082 4087 4081
f 4097 4100 4087
f 4097 4087 4086
f 4105 4104 4090
f 4105 4090 4094
f 4095 4102 4107
f 4095 4107 4094
f 4096 4095 4091
f 4096 4091 4092
f 4093 4084 4083
f 4093 4083 4096
f 4085 4093 4096
f 4085 4096 4092
f 4083 4102 4095
f 4083 4095 4096
f 4091 4095 4094
f 4091 4094 4090
f 4106 4105 4094
f 4106 4094 4107
f 4085 4092 4100
f 4085 4100 4097
f 4087 4100 4099
f 4087 4099 4088
f 4088 4099 4098
f 4088 4098 4089
f 4104 4103 4098
f 4104 4098 4090
f 4054 4053 4083
f 4054 4083 4084
f 4053 4072 4102
f 4053 4102 4083
f 4055 4063 4093
f 4055 4093 4085
f 4056 4067 4097
f 4056 4097 4086
f 4074 4073 4103
f 4074 4103 4104
f 4076 4075 4105
f 4076 4105 4106
f 4077 4076 4106
f 4077 4106 4107
f 4072 4077 4107
f 4072 4107 4102
f 4052 4056 4086
f 4052 4086 4082
f 4063 4054 4084
f 4063 4084 4093
f 4075 4074 4104
f 4075 4104 4105
f 4067 4055 4085
f 4067 4085 4097
f 4073 4078 4108
f 4073 4108 4103
f 4078 4071 4101
f 4078 4101 4108
f 4071 4049 4079
f 4071 4079 4101
f 4049 4050 4080
f 4049 4080 4079
f 4050 4051 4081
f 4050 4081 4080
f 4051 4052 4082
f 4051 4082 4081
f 4116 4112 4110
f 4116 4110 4115
f 4110 4112 4111
f 4110 4111 4109
f 4134 4123 4124
f 4134 4124 4125
f 4135 4134 4125
f 4135 4125 4126
f 4136 4135 4126
f 4136 4126 4127
f 4137 4136 4127
f 4137 4127 4128
f 4138 4122 4123
f 4138 4123 4134
f 4139 4138 4134
f 4139 4134 4135
f 4140 4139 4135
f 4140 4135 4136
f 4141 4140 4136
f 4141 4136 4137
f 4142 4121 4122
f 4142 4122 4138
f 4143 4142 4138
f 4143 4138 4139
f 4144 4143 4139
f 4144 4139 4140
f 4145 4144 4140
f 4145 4140 4141
f 4146 4113 4121
f 4146 4121 4142
f 4147 4146 4142
f 4147 4142 4143
f 4148 4147 4143
f 4148 4143 4144
f 4149 4148 4144
f 4149 4144 4145
f 4114 4113 4146
f 4114 4146 4150
f 4151 4150 4146
f 4151 4146 4147
f 4152 4151 4147
f 4152 4147 4148
f 4153 4152 4148
f 4153 4148 4149
f 4116 4115 4114
f 4116 4114 4150
f 4117 4116 4150
f 4117 4150 4151
f 4118 4117 4151
f 4118 4151 4152
f 4119 4118 4152
f 4119 4152 4153
f 4155 4154 4129
f 4155 4129 4130
f 4156 4155 4130
f 4156 4130 4131
f 4157 4156 4131
f 4157 4131 4132
f 4158 4157 4132
f 4158 4132 4133
f 4153 4149 4158
f 4153 4158 4161
f 4149 4145 4157
f 4149 4157 4158
f 4145 4141 4156
f 4145 4156 4157
f 4141 4137 4155
f 4141 4155 4156
f 4137 4128 4154
f 4137 4154 4155
f 4120 4160 4161
f 4120 4161 4159
f 4161 4158 4133
f 4161 4133 4159
f 4161 4160 4119
f 4161 4119 4153
f 4169 4168 4163
f 4169 4163 4165
f 4163 4162 4164
f 4163 4164 4165
f 4187 4178 4177
f 4187 4177 4176
f 4188 4179 4178
f 4188 4178 4187
f 4189 4180 4179
f 4189 4179 4188
f 4190 4181 4180
f 4190 4180 4189
f 4191 4187 4176
f 4191 4176 4175
f 4192 4188 4187
f 4192 4187 4191
f 4193 4189 4188
f 4193 4188 4192
f 4194 4190 4189
f 4194 4189 4193
f 4195 4191 4175
f 4195 4175 4174
f 4196 4192 4191
f 4196 4191 4195
f 4197 4193 4192
f 4197 4192 4196
f 4198 4194 4193
f 4198 4193 4197
f 4199 4195 4174
f 4199 4174 4166
f 4200 4196 4195
f 4200 4195 4199
f 4201 4197 4196
f 4201 4196 4200
f 4202 4198 4197
f 4202 4197 4201
f 4167 4203 4199
f 4167 4199 4166
f 4204 4200 4199
f 4204 4199 4203
f 4205 4201 4200
f 4205 4200 4204
f 4206 4202 4201
f 4206 4201 4205
f 4169 4203 4167
f 4169 4167 4168
f 4170 4204 4203
f 4170 4203 4169
f 4171 4205 4204
f 4171 4204 4170
f 4172 4206 4205
f 4172 4205 4171
f 4208 4183 4182
f 4208 4182 4207
f 4209 4184 4183
f 4209 4183 4208
f 4210 4185 4184
f 4210 4184 4209
f 4211 4186 4185
f 4211 4185 4210
f 4206 4214 4211
f 4206 4211 4202
f 4202 4211 4210
f 4202 4210 4198
f 4198 4210 4209
f 4198 4209 4194
f 4194 4209 4208
f 4194 4208 4190
f 4190 4208 4207
f 4190 4207 4181
f 4173 4212 4214
f 4173 4214 4213
f 4214 4212 4186
f 4214 4186 4211
f 4214 4206 4172
f 4214 4172 4213
f 4112 4116 4169
f 4112 4169 4165
f 4115 4110 4163
f 4115 4163 4168
f 4110 4109 4162
f 4110 4162 4163
f 4109 4111 4164
f 4109 4164 4162
f 4111 4112 4165
f 4111 4165 4164
f 4116 4117 4170
f 4116 4170 4169
f 4117 4118 4171
f 4117 4171 4170
f 4118 4119 4172
f 4118 4172 4171
f 4120 4159 4212
f 4120 4212 4173
f 4125 4124 4177
f 4125 4177 4178
f 4126 4125 4178
f 4126 4178 4179
f 4127 4126 4179
f 4127 4179 4180
f 4128 4127 4180
f 4128 4180 4181
f 4129 4154 4207
f 4129 4207 4182
f 4130 4129 4182
f 4130 4182 4183
f 4131 4130 4183
f 4131 4183 4184
f 4132 4131 4184
f 4132 4184 4185
f 4133 4132 4185
f 4133 4185 4186
f 4154 4128 4181
f 4154 4181 4207
f 4160 4120 4173
f 4160 4173 4213
f 4159 4133 4186
f 4159 4186 4212
f 4119 4160 4213
f 4119 4213 4172
f 4113 4114 4167
f 4113 4167 4166
f 4114 4115 4168
f 4114 4168 4167
f 4122 4121 4174
f 4122 4174 4175
f 4121 4113 4166
f 4121 4166 4174
f 4123 4122 4175
f 4123 4175 4176
f 4124 4123 4176
f 4124 4176 4177
f 4222 4218 4216
f 4222 4216 4221
f 4216 4218 4217
f 4216 4217 4215
f 4240 4229 4230
f 4240 4230 4231
f 4241 4240 4231
f 4241 4231 4232
f 4242 4241 4232
f 4242 4232 4233
f 4243 4242 4233
f 4243 4233 4234
f 4244 4228 4229
f 4244 4229 4240
f 4245 4244 4240
f 4245 4240 4241
f 4246 4245 4241
f 4246 4241 4242
f 4247 4246 4242
f 4247 4242 4243
f 4248 4227 4228
f 4248 4228 4244
f 4249 4248 4244
f 4249 4244 4245
f 4250 4249 4245
f 4250 4245 4246
f 4251 4250 4246
f 4251 4246 4247
f 4252 4219 4227
f 4252 4227 4248
f 4253 4252 4248
f 4253 4248 4249
f 4254 4253 4249
f 4254 4249 4250
f 4255 4254 4250
f 4255 4250 4251
f 4220 4219 4252
f 4220 4252 4256
f 4257 4256 4252
f 4257 4252 4253
f 4258 4257 4253
f 4258 4253 4254
f 4259 4258 4254
f 4259 4254 4255
f 4222 4221 4220
f 4222 4220 4256
f 4223 4222 4256
f 4223 4256 4257
f 4224 4223 4257
f 4224 4257 4258
f 4225 4224 4258
f 4225 4258 4259
f 4261 4260 4235
f 4261 4235 4236
f 4262 4261 4236
f 4262 4236 4237
f 4263 4262 4237
f 4263 4237 4238
f 4264 4263 4238
f 4264 4238 4239
f 4259 4255 4264
f 4259 4264 4267
f 4255 4251 4263
f 4255 4263 4264
f 4251 4247 4262
f 4251 4262 4263
f 4247 4243 4261
f 4247 4261 4262
f 4243 4234 4260
f 4243 4260 4261
f 4226 4266 4267
f 4226 4267 4265
f 4267 4264 4239
f 4267 4239 4265
f 4267 4266 4225
f 4267 4225 4259
f 4275 4274 4269
f 4275 4269 4271
f 4269 4268 4270
f 4269 4270 4271
f 4293 4284 4283
f 4293 4283 4282
f 4294 4285 4284
f 4294 4284 4293
f 4295 4286 4285
f 4295 4285 4294
f 4296 4287 4286
f 4296 4286 4295
f 4297 4293 4282
f 4297 4282 4281
f 4298 4294 4293
f 4298 4293 4297
f 4299 4295 4294
f 4299 4294 4298
f 4300 4296 4295
f 4300 4295 4299
f 4301 4297 4281
f 4301 4281 4280
f 4302 4298 4297
f 4302 4297 4301
f 4303 4299 4298
f 4303 4298 4302
f 4304 4300 4299
f 4304 4299 4303
f 4305 4301 4280
f 4305 4280 4272
f 4306 4302 4301
f 4306 4301 4305
f 4307 4303 4302
f 4307 4302 4306
f 4308 4304 4303
f 4308 4303 4307
f 4273 4309 4305
f 4273 4305 4272
f 4310 4306 4305
f 4310 4305 4309
f 4311 4307 4306
f 4311 4306 4310
f 4312 4308 4307
f 4312 4307 4311
f 4275 4309 4273
f 4275 4273 4274
f 4276 4310 4309
f 4276 4309 4275
f 4277 4311 4310
f 4277 4310 4276
f 4278 4312 4311
f 4278 4311 4277
f 4314 4289 4288
f 4314 4288 4313
f 4315 4290 4289
f 4315 4289 4314
f 4316 4291 4290
f 4316 4290 4315
f 4317 4292 4291
f 4317 4291 4316
f 4312 4320 4317
f 4312 4317 4308
f 4308 4317 4316
f 4308 4316 4304
f 4304 4316 4315
f 4304 4315 4300
f 4300 4315 4314
f 4300 4314 4296
f 4296 4314 4313
f 4296 4313 4287
f 4279 4318 4320
f 4279 4320 4319
f 4320 4318 4292
f 4320 4292 4317
f 4320 4312 4278
f 4320 4278 4319
f 4218 4222 4275
f 4218 4275 4271
f 4221 4216 4269
f 4221 4269 4274
f 4216 4215 4268
f 4216 4268 4269
f 4215 4217 4270
f 4215 4270 4268
f 4217 4218 4271
f 4217 4271 4270
f 4222 4223 4276
f 4222 4276 4275
f 4223 4224 4277
f 4223 4277 4276
f 4224 4225 4278
f 4224 4278 4277
f 4226 4265 4318
f 4226 4318 4279
f 4231 4230 4283
f 4231 4283 4284
f 4232 4231 4284
f 4232 4284 4285
f 4233 4232 4285
f 4233 4285 4286
f 4234 4233 4286
f 4234 4286 4287
f 4235 4260 4313
f 4235 4313 4288
f 4236 4235 4288
f 4236 4288 4289
f 4237 4236 4289
f 4237 4289 4290
f 4238 4237 4290
f 4238 4290 4291
f 4239 4238 4291
f 4239 4291 4292
f 4260 4234 4287
f 4260 4287 4313
f 4266 4226 4279
f 4266 4279 4319
f 4265 4239 4292
f 4265 4292 4318
f 4225 4266 4319
f 4225 4319 4278
f 4219 4220 4273
f 4219 4273 4272
f 4220 4221 4274
f 4220 4274 4273
f 4228 4227 4280
f 4228 4280 4281
f 4227 4219 4272
f 4227 4272 4280
f 4229 4228 4281
f 4229 4281 4282
f 4230 4229 4282
f 4230 4282 4283
f 4334 4322 4321
f 4334 4321 4333
f 4322 4334 4332
f 4322 4332 4323
f 4328 4347 4346
f 4328 4346 4327
f 4329 4344 4347
f 4329 4347 4328
f 4330 4343 4344
f 4330 4344 4329
f 4336 4348 4343
f 4336 4343 4330
f 4341 4340 4332
f 4341 4332 4334
f 4326 4342 4339
f 4326 4339 4325
f 4339 4337 4333
f 4339 4333 4325
f 4337 4341 4334
f 4337 4334 4333
f 4343 4348 4340
f 4343 4340 4341
f 4346 4347 4339
f 4346 4339 4342
f 4347 4344 4337
f 4347 4337 4339
f 4344 4343 4341
f 4344 4341 4337
f 4323 4332 4335
f 4323 4335 4324
f 4335 4332 4340
f 4335 4340 4338
f 4338 4340 4348
f 4338 4348 4345
f 4336 4331 4345
f 4336 4345 4348
f 4362 4361 4349
f 4362 4349 4350
f 4350 4351 4360
f 4350 4360 4362
f 4356 4355 4374
f 4356 4374 4375
f 4357 4356 4375
f 4357 4375 4372
f 4358 4357 4372
f 4358 4372 4371
f 4364 4358 4371
f 4364 4371 4376
f 4369 4362 4360
f 4369 4360 4368
f 4354 4353 4367
f 4354 4367 4370
f 4367 4353 4361
f 4367 4361 4365
f 4365 4361 4362
f 4365 4362 4369
f 4371 4369 4368
f 4371 4368 4376
f 4374 4370 4367
f 4374 4367 4375
f 4375 4367 4365
f 4375 4365 4372
f 4372 4365 4369
f 4372 4369 4371
f 4351 4352 4363
f 4351 4363 4360
f 4363 4366 4368
f 4363 4368 4360
f 4366 4373 4376
f 4366 4376 4368
f 4364 4376 4373
f 4364 4373 4359
f 4321 4322 4350
f 4321 4350 4349
f 4322 4323 4351
f 4322 4351 4350
f 4326 4325 4353
f 4326 4353 4354
f 4327 4346 4374
f 4327 4374 4355
f 4328 4327 4355
f 4328 4355 4356
f 4329 4328 4356
f 4329 4356 4357
f 4330 4329 4357
f 4330 4357 4358
f 4331 4336 4364
f 4331 4364 4359
f 4325 4333 4361
f 4325 4361 4353
f 4333 4321 4349
f 4333 4349 4361
f 4324 4335 4363
f 4324 4363 4352
f 4336 4330 4358
f 4336 4358 4364
f 4342 4326 4354
f 4342 4354 4370
f 4346 4342 4370
f 4346 4370 4374
f 4323 4324 4352
f 4323 4352 4351
f 4335 4338 4366
f 4335 4366 4363
f 4338 4345 4373
f 4338 4373 4366
f 4345 4331 4359
f 4345 4359 4373
f 4390 4378 4377
f 4390 4377 4389
f 4378 4390 4388
f 4378 4388 4379
f 4384 4403 4402
f 4384 4402 4383
f 4385 4400 4403
f 4385 4403 4384
f 4386 4399 4400
f 4386 4400 4385
f 4392 4404 4399
f 4392 4399 4386
f 4397 4396 4388
f 4397 4388 4390
f 4382 4398 4395
f 4382 4395 4381
f 4395 4393 4389
f 4395 4389 4381
f 4393 4397 4390
f 4393 4390 4389
f 4399 4404 4396
f 4399 4396 4397
f 4402 4403 4395
f 4402 4395 4398
f 4403 4400 4393
f 4403 4393 4395
f 4400 4399 4397
f 4400 4397 4393
f 4379 4388 4391
f 4379 4391 4380
f 4391 4388 4396
f 4391 4396 4394
f 4394 4396 4404
f 4394 4404 4401
f 4392 4387 4401
f 4392 4401 4404
f 4418 4417 4405
f 4418 4405 4406
f 4406 4407 4416
f 4406 4416 4418
f 4412 4411 4430
f 4412 4430 4431
f 4413 4412 4431
f 4413 4431 4428
f 4414 4413 4428
f 4414 4428 4427
f 4420 4414 4427
f 4420 4427 4432
f 4425 4418 4416
f 4425 4416 4424
f 4410 4409 4423
f 4410 4423 4426
f 4423 4409 4417
f 4423 4417 4421
f 4421 4417 4418
f 4421 4418 4425
f 4427 4425 4424
f 4427 4424 4432
f 4430 4426 4423
f 4430 4423 4431
f 4431 4423 4421
f 4431 4421 4428
f 4428 4421 4425
f 4428 4425 4427
f 4407 4408 4419
f 4407 4419 4416
f 4419 4422 4424
f 4419 4424 4416
f 4422 4429 4432
f 4422 4432 4424
f 4420 4432 4429
f 4420 4429 4415
f 4377 4378 4406
f 4377 4406 4405
f 4378 4379 4407
f 4378 4407 4406
f 4382 4381 4409
f 4382 4409 4410
f 4383 4402 4430
f 4383 4430 4411
f 4384 4383 4411
f 4384 4411 4412
f 4385 4384 4412
f 4385 4412 4413
f 4386 4385 4413
f 4386 4413 4414
f 4387 4392 4420
f 4387 4420 4415
f 4381 4389 4417
f 4381 4417 4409
f 4389 4377 4405
f 4389 4405 4417
f 4380 4391 4419
f 4380 4419 4408
f 4392 4386 4414
f 4392 4414 4420
f 4398 4382 4410
f 4398 4410 4426
f 4402 4398 4426
f 4402 4426 4430
f 4379 4380 4408
f 4379 4408 4407
f 4391 4394 4422
f 4391 4422 4419
f 4394 4401 4429
f 4394 4429 4422
f 4401 4387 4415
f 4401 4415 4429
f 4502 4514 4513
f 4502 4513 4491
f 4530 4502 4491
f 4530 4491 4499
f 4492 4502 4530
f 4492 4530 4500
f 4515 4514 4502
f 4515 4502 4492
f 4516 4515 4492
f 4516 4492 4493
f 4507 4506 4495
f 4507 4495 4496
f 4519 4520 4508
f 4519 4508 4509
f 4520 4521 4507
f 4520 4507 4508
f 4521 4522 4506
f 4521 4506 4507
f 4522 4523 4517
f 4522 4517 4506
f 4523 4524 4516
f 4523 4516 4517
f 4524 4525 4515
f 4524 4515 4516
f 4525 4526 4514
f 4525 4514 4515
f 4526 4527 4513
f 4526 4513 4514
f 4527 4528 4512
f 4527 4512 4513
f 4528 4529 4511
f 4528 4511 4512
f 4510 4511 4529
f 4510 4529 4518
f 4509 4510 4518
f 4509 4518 4519
f 4510 4509 4498
f 4510 4498 4445
f 4511 4510 4445
f 4511 4445 4446
f 4512 4511 4446
f 4512 4446 4434
f 4491 4513 4512
f 4491 4512 4434
f 4499 4491 4434
f 4499 4434 4435
f 4490 4499 4435
f 4490 4435 4433
f 4530 4499 4490
f 4530 4490 4505
f 4500 4530 4505
f 4500 4505 4501
f 4504 4500 4501
f 4504 4501 4531
f 4542 4541 4537
f 4542 4537 4538
f 4545 4543 4541
f 4545 4541 4542
f 4546 4545 4542
f 4546 4542 4535
f 4535 4534 4503
f 4535 4503 4504
f 4538 4534 4535
f 4538 4535 4542
f 4487 4482 4485
f 4487 4485 4486
f 4534 4538 4487
f 4534 4487 4486
f 4503 4534 4486
f 4503 4486 4494
f 4500 4504 4503
f 4500 4503 4494
f 4493 4492 4500
f 4493 4500 4494
f 4517 4516 4493
f 4517 4493 4494
f 4495 4506 4517
f 4495 4517 4494
f 4485 4495 4494
f 4485 4494 4486
f 4484 4496 4495
f 4484 4495 4485
f 4482 4481 4484
f 4482 4484 4485
f 4481 4482 4479
f 4481 4479 4478
f 4480 4481 4478
f 4480 4478 4477
f 4480 4477 4471
f 4480 4471 4472
f 4483 4480 4472
f 4483 4472 4473
f 4484 4481 4480
f 4484 4480 4483
f 4496 4484 4483
f 4496 4483 4497
f 4508 4507 4496
f 4508 4496 4497
f 4498 4509 4508
f 4498 4508 4497
f 4473 4498 4497
f 4473 4497 4483
f 4444 4445 4498
f 4444 4498 4473
f 4472 4443 4444
f 4472 4444 4473
f 4471 4449 4443
f 4471 4443 4472
f 4470 4442 4449
f 4470 4449 4471
f 4457 4456 4459
f 4457 4459 4460
f 4465 4454 4467
f 4465 4467 4469
f 4454 4465 4464
f 4454 4464 4455
f 4456 4453 4454
f 4456 4454 4455
f 4452 4453 4456
f 4452 4456 4457
f 4468 4453 4452
f 4468 4452 4466
f 4467 4454 4453
f 4467 4453 4468
f 4467 4468 4439
f 4467 4439 4440
f 4469 4467 4440
f 4469 4440 4441
f 4470 4469 4441
f 4470 4441 4442
f 4474 4465 4469
f 4474 4469 4470
f 4477 4474 4470
f 4477 4470 4471
f 4475 4474 4477
f 4475 4477 4478
f 4464 4465 4474
f 4464 4474 4475
f 4476 4489 4532
f 4476 4532 4448
f 4475 4476 4448
f 4475 4448 4464
f 4479 4476 4475
f 4479 4475 4478
f 4488 4489 4476
f 4488 4476 4479
f 4487 4488 4479
f 4487 4479 4482
f 4537 4488 4487
f 4537 4487 4538
f 4533 4489 4488
f 4533 4488 4537
f 4541 4540 4533
f 4541 4533 4537
f 4544 4540 4541
f 4544 4541 4543
f 4564 4539 4540
f 4564 4540 4544
f 4539 4564 4563
f 4539 4563 4566
f 4533 4540 4539
f 4533 4539 4566
f 4532 4489 4533
f 4532 4533 4566
f 4563 4558 4532
f 4563 4532 4566
f 4547 4558 4563
f 4547 4563 4564
f 4548 4557 4558
f 4548 4558 4547
f 4556 4557 4548
f 4556 4548 4549
f 4557 4556 4561
f 4557 4561 4562
f 4532 4558 4557
f 4532 4557 4562
f 4448 4532 4562
f 4448 4562 4458
f 4455 4464 4448
f 4455 4448 4458
f 4459 4456 4455
f 4459 4455 4458
f 4561 4459 4458
f 4561 4458 4562
f 4447 4460 4459
f 4447 4459 4561
f 4556 4555 4447
f 4556 4447 4561
f 4550 4555 4556
f 4550 4556 4549
f 4554 4555 4550
f 4554 4550 4551
f 4447 4555 4554
f 4447 4554 4565
f 4460 4447 4565
f 4460 4565 4461
f 4452 4457 4460
f 4452 4460 4461
f 4461 4463 4462
f 4461 4462 4452
f 4565 4568 4463
f 4565 4463 4461
f 4560 4568 4565
f 4560 4565 4554
f 4560 4553 4567
f 4560 4567 4568
f 4552 4553 4560
f 4552 4560 4559
f 4579 4578 4553
f 4579 4553 4552
f 4583 4584 4578
f 4583 4578 4579
f 4573 4574 4584
f 4573 4584 4583
f 4575 4574 4573
f 4575 4573 4572
f 4577 4575 4572
f 4577 4572 4570
f 4575 4577 4576
f 4575 4576 4571
f 4574 4575 4571
f 4574 4571 4569
f 4584 4574 4569
f 4584 4569 4580
f 4580 4437 4582
f 4580 4582 4581
f 4578 4584 4580
f 4578 4580 4581
f 4567 4553 4578
f 4567 4578 4581
f 4450 4567 4581
f 4450 4581 4582
f 4463 4568 4567
f 4463 4567 4450
f 4451 4462 4463
f 4451 4463 4450
f 4582 4536 4451
f 4582 4451 4450
f 4536 4582 4437
f 4466 4438 4439
f 4466 4439 4468
f 4462 4451 4438
f 4462 4438 4466
f 4466 4452 4462
f 4436 4438 4451
f 4436 4451 4536
f 4551 4559 4560
f 4551 4560 4554
f 4654 4643 4665
f 4654 4665 4666
f 4682 4651 4643
f 4682 4643 4654
f 4644 4652 4682
f 4644 4682 4654
f 4667 4644 4654
f 4667 4654 4666
f 4668 4645 4644
f 4668 4644 4667
f 4659 4648 4647
f 4659 4647 4658
f 4671 4661 4660
f 4671 4660 4672
f 4672 4660 4659
f 4672 4659 4673
f 4673 4659 4658
f 4673 4658 4674
f 4674 4658 4669
f 4674 4669 4675
f 4675 4669 4668
f 4675 4668 4676
f 4676 4668 4667
f 4676 4667 4677
f 4677 4667 4666
f 4677 4666 4678
f 4678 4666 4665
f 4678 4665 4679
f 4679 4665 4664
f 4679 4664 4680
f 4680 4664 4663
f 4680 4663 4681
f 4662 4670 4681
f 4662 4681 4663
f 4661 4671 4670
f 4661 4670 4662
f 4662 4597 4650
f 4662 4650 4661
f 4663 4598 4597
f 4663 4597 4662
f 4664 4586 4598
f 4664 4598 4663
f 4643 4586 4664
f 4643 4664 4665
f 4651 4587 4586
f 4651 4586 4643
f 4642 4585 4587
f 4642 4587 4651
f 4682 4657 4642
f 4682 4642 4651
f 4652 4653 4657
f 4652 4657 4682
f 4656 4683 4653
f 4656 4653 4652
f 4694 4690 4689
f 4694 4689 4693
f 4697 4694 4693
f 4697 4693 4695
f 4698 4687 4694
f 4698 4694 4697
f 4687 4656 4655
f 4687 4655 4686
f 4690 4694 4687
f 4690 4687 4686
f 4639 4638 4637
f 4639 4637 4634
f 4686 4638 4639
f 4686 4639 4690
f 4655 4646 4638
f 4655 4638 4686
f 4652 4646 4655
f 4652 4655 4656
f 4645 4646 4652
f 4645 4652 4644
f 4669 4646 4645
f 4669 4645 4668
f 4647 4646 4669
f 4647 4669 4658
f 4637 4638 4646
f 4637 4646 4647
f 4636 4637 4647
f 4636 4647 4648
f 4634 4637 4636
f 4634 4636 4633
f 4633 4630 4631
f 4633 4631 4634
f 4632 4629 4630
f 4632 4630 4633
f 4632 4624 4623
f 4632 4623 4629
f 4635 4625 4624
f 4635 4624 4632
f 4636 4635 4632
f 4636 4632 4633
f 4648 4649 4635
f 4648 4635 4636
f 4660 4649 4648
f 4660 4648 4659
f 4650 4649 4660
f 4650 4660 4661
f 4625 4635 4649
f 4625 4649 4650
f 4596 4625 4650
f 4596 4650 4597
f 4624 4625 4596
f 4624 4596 4595
f 4623 4624 4595
f 4623 4595 4601
f 4622 4623 4601
f 4622 4601 4594
f 4609 4612 4611
f 4609 4611 4608
f 4617 4621 4619
f 4617 4619 4606
f 4606 4607 4616
f 4606 4616 4617
f 4608 4607 4606
f 4608 4606 4605
f 4604 4609 4608
f 4604 4608 4605
f 4620 4618 4604
f 4620 4604 4605
f 4619 4620 4605
f 4619 4605 4606
f 4619 4592 4591
f 4619 4591 4620
f 4621 4593 4592
f 4621 4592 4619
f 4622 4594 4593
f 4622 4593 4621
f 4626 4622 4621
f 4626 4621 4617
f 4629 4623 4622
f 4629 4622 4626
f 4627 4630 4629
f 4627 4629 4626
f 4616 4627 4626
f 4616 4626 4617
f 4628 4600 4684
f 4628 4684 4641
f 4627 4616 4600
f 4627 4600 4628
f 4631 4630 4627
f 4631 4627 4628
f 4640 4631 4628
f 4640 4628 4641
f 4639 4634 4631
f 4639 4631 4640
f 4689 4690 4639
f 4689 4639 4640
f 4685 4689 4640
f 4685 4640 4641
f 4693 4689 4685
f 4693 4685 4692
f 4696 4695 4693
f 4696 4693 4692
f 4716 4696 4692
f 4716 4692 4691
f 4691 4718 4715
f 4691 4715 4716
f 4685 4718 4691
f 4685 4691 4692
f 4684 4718 4685
f 4684 4685 4641
f 4715 4718 4684
f 4715 4684 4710
f 4699 4716 4715
f 4699 4715 4710
f 4700 4699 4710
f 4700 4710 4709
f 4708 4701 4700
f 4708 4700 4709
f 4709 4714 4713
f 4709 4713 4708
f 4684 4714 4709
f 4684 4709 4710
f 4600 4610 4714
f 4600 4714 4684
f 4607 4610 4600
f 4607 4600 4616
f 4611 4610 4607
f 4611 4607 4608
f 4713 4714 4610
f 4713 4610 4611
f 4599 4713 4611
f 4599 4611 4612
f 4708 4713 4599
f 4708 4599 4707
f 4702 4701 4708
f 4702 4708 4707
f 4706 4703 4702
f 4706 4702 4707
f 4599 4717 4706
f 4599 4706 4707
f 4612 4613 4717
f 4612 4717 4599
f 4604 4613 4612
f 4604 4612 4609
f 4613 4604 4614
f 4613 4614 4615
f 4717 4613 4615
f 4717 4615 4720
f 4712 4706 4717
f 4712 4717 4720
f 4712 4720 4719
f 4712 4719 4705
f 4704 4711 4712
f 4704 4712 4705
f 4731 4704 4705
f 4731 4705 4730
f 4735 4731 4730
f 4735 4730 4736
f 4725 4735 4736
f 4725 4736 4726
f 4727 4724 4725
f 4727 4725 4726
f 4729 4722 4724
f 4729 4724 4727
f 4727 4723 4728
f 4727 4728 4729
f 4726 4721 4723
f 4726 4723 4727
f 4736 4732 4721
f 4736 4721 4726
f 4732 4733 4734
f 4732 4734 4589
f 4730 4733 4732
f 4730 4732 4736
f 4719 4733 4730
f 4719 4730 4705
f 4602 4734 4733
f 4602 4733 4719
f 4615 4602 4719
f 4615 4719 4720
f 4603 4602 4615
f 4603 4615 4614
f 4734 4602 4603
f 4734 4603 4688
f 4688 4589 4734
f 4618 4620 4591
f 4618 4591 4590
f 4614 4618 4590
f 4614 4590 4603
f 4618 4614 4604
f 4588 4688 4603
f 4588 4603 4590
f 4703 4706 4712
f 4703 4712 4711
f 4436 4536 4688
f 4436 4688 4588
f 4490 4433 4585
f 4490 4585 4642
f 4535 4504 4656
f 4535 4656 4687
f 4504 4531 4683
f 4504 4683 4656
f 4519 4518 4670
f 4519 4670 4671
f 4520 4519 4671
f 4520 4671 4672
f 4521 4520 4672
f 4521 4672 4673
f 4522 4521 4673
f 4522 4673 4674
f 4523 4522 4674
f 4523 4674 4675
f 4524 4523 4675
f 4524 4675 4676
f 4525 4524 4676
f 4525 4676 4677
f 4526 4525 4677
f 4526 4677 4678
f 4527 4526 4678
f 4527 4678 4679
f 4528 4527 4679
f 4528 4679 4680
f 4529 4528 4680
f 4529 4680 4681
f 4518 4529 4681
f 4518 4681 4670
f 4501 4505 4657
f 4501 4657 4653
f 4505 4490 4642
f 4505 4642 4657
f 4531 4501 4653
f 4531 4653 4683
f 4433 4435 4587
f 4433 4587 4585
f 4435 4434 4586
f 4435 4586 4587
f 4434 4446 4598
f 4434 4598 4586
f 4438 4436 4588
f 4438 4588 4590
f 4439 4438 4590
f 4439 4590 4591
f 4440 4439 4591
f 4440 4591 4592
f 4441 4440 4592
f 4441 4592 4593
f 4442 4441 4593
f 4442 4593 4594
f 4449 4442 4594
f 4449 4594 4601
f 4444 4443 4595
f 4444 4595 4596
f 4443 4449 4601
f 4443 4601 4595
f 4445 4444 4596
f 4445 4596 4597
f 4446 4445 4597
f 4446 4597 4598
f 4544 4543 4695
f 4544 4695 4696
f 4543 4545 4697
f 4543 4697 4695
f 4545 4546 4698
f 4545 4698 4697
f 4547 4564 4716
f 4547 4716 4699
f 4548 4547 4699
f 4548 4699 4700
f 4549 4548 4700
f 4549 4700 4701
f 4550 4549 4701
f 4550 4701 4702
f 4551 4550 4702
f 4551 4702 4703
f 4552 4559 4711
f 4552 4711 4704
f 4559 4551 4703
f 4559 4703 4711
f 4580 4569 4721
f 4580 4721 4732
f 4569 4571 4723
f 4569 4723 4721
f 4571 4576 4728
f 4571 4728 4723
f 4570 4572 4724
f 4570 4724 4722
f 4577 4570 4722
f 4577 4722 4729
f 4573 4583 4735
f 4573 4735 4725
f 4576 4577 4729
f 4576 4729 4728
f 4572 4573 4725
f 4572 4725 4724
f 4564 4544 4696
f 4564 4696 4716
f 4546 4535 4687
f 4546 4687 4698
f 4579 4552 4704
f 4579 4704 4731
f 4437 4580 4732
f 4437 4732 4589
f 4536 4437 4589
f 4536 4589 4688
f 4583 4579 4731
f 4583 4731 4735
f 4806 4818 4817
f 4806 4817 4795
f 4834 4806 4795
f 4834 4795 4803
f 4796 4806 4834
f 4796 4834 4804
f 4819 4818 4806
f 4819 4806 4796
f 4820 4819 4796
f 4820 4796 4797
f 4811 4810 4799
f 4811 4799 4800
f 4823 4824 4812
f 4823 4812 4813
f 4824 4825 4811
f 4824 4811 4812
f 4825 4826 4810
f 4825 4810 4811
f 4826 4827 4821
f 4826 4821 4810
f 4827 4828 4820
f 4827 4820 4821
f 4828 4829 4819
f 4828 4819 4820
f 4829 4830 4818
f 4829 4818 4819
f 4830 4831 4817
f 4830 4817 4818
f 4831 4832 4816
f 4831 4816 4817
f 4832 4833 4815
f 4832 4815 4816
f 4814 4815 4833
f 4814 4833 4822
f 4813 4814 4822
f 4813 4822 4823
f 4814 4813 4802
f 4814 4802 4749
f 4815 4814 4749
f 4815 4749 4750
f 4816 4815 4750
f 4816 4750 4738
f 4795 4817 4816
f 4795 4816 4738
f 4803 4795 4738
f 4803 4738 4739
f 4794 4803 4739
f 4794 4739 4737
f 4834 4803 4794
f 4834 4794 4809
f 4804 4834 4809
f 4804 4809 4805
f 4808 4804 4805
f 4808 4805 4835
f 4846 4845 4841
f 4846 4841 4842
f 4849 4847 4845
f 4849 4845 4846
f 4850 4849 4846
f 4850 4846 4839
f 4839 4838 4807
f 4839 4807 4808
f 4842 4838 4839
f 4842 4839 4846
f 4791 4786 4789
f 4791 4789 4790
f 4838 4842 4791
f 4838 4791 4790
f 4807 4838 4790
f 4807 4790 4798
f 4804 4808 4807
f 4804 4807 4798
f 4797 4796 4804
f 4797 4804 4798
f 4821 4820 4797
f 4821 4797 4798
f 4799 4810 4821
f 4799 4821 4798
f 4789 4799 4798
f 4789 4798 4790
f 4788 4800 4799
f 4788 4799 4789
f 4786 4785 4788
f 4786 4788 4789
f 4785 4786 4783
f 4785 4783 4782
f 4784 4785 4782
f 4784 4782 4781
f 4784 4781 4775
f 4784 4775 4776
f 4787 4784 4776
f 4787 4776 4777
f 4788 4785 4784
f 4788 4784 4787
f 4800 4788 4787
f 4800 4787 4801
f 4812 4811 4800
f 4812 4800 4801
f 4802 4813 4812
f 4802 4812 4801
f 4777 4802 4801
f 4777 4801 4787
f 4748 4749 4802
f 4748 4802 4777
f 4776 4747 4748
f 4776 4748 4777
f 4775 4753 4747
f 4775 4747 4776
f 4774 4746 4753
f 4774 4753 4775
f 4761 4760 4763
f 4761 4763 4764
f 4769 4758 4771
f 4769 4771 4773
f 4758 4769 4768
f 4758 4768 4759
f 4760 4757 4758
f 4760 4758 4759
f 4756 4757 4760
f 4756 4760 4761
f 4772 4757 4756
f 4772 4756 4770
f 4771 4758 4757
f 4771 4757 4772
f 4771 4772 4743
f 4771 4743 4744
f 4773 4771 4744
f 4773 4744 4745
f 4774 4773 4745
f 4774 4745 4746
f 4778 4769 4773
f 4778 4773 4774
f 4781 4778 4774
f 4781 4774 4775
f 4779 4778 4781
f 4779 4781 4782
f 4768 4769 4778
f 4768 4778 4779
f 4780 4793 4836
f 4780 4836 4752
f 4779 4780 4752
f 4779 4752 4768
f 4783 4780 4779
f 4783 4779 4782
f 4792 4793 4780
f 4792 4780 4783
f 4791 4792 4783
f 4791 4783 4786
f 4841 4792 4791
f 4841 4791 4842
f 4837 4793 4792
f 4837 4792 4841
f 4845 4844 4837
f 4845 4837 4841
f 4848 4844 4845
f 4848 4845 4847
f 4868 4843 4844
f 4868 4844 4848
f 4843 4868 4867
f 4843 4867 4870
f 4837 4844 4843
f 4837 4843 4870
f 4836 4793 4837
f 4836 4837 4870
f 4867 4862 4836
f 4867 4836 4870
f 4851 4862 4867
f 4851 4867 4868
f 4852 4861 4862
f 4852 4862 4851
f 4860 4861 4852
f 4860 4852 4853
f 4861 4860 4865
f 4861 4865 4866
f 4836 4862 4861
f 4836 4861 4866
f 4752 4836 4866
f 4752 4866 4762
f 4759 4768 4752
f 4759 4752 4762
f 4763 4760 4759
f 4763 4759 4762
f 4865 4763 4762
f 4865 4762 4866
f 4751 4764 4763
f 4751 4763 4865
f 4860 4859 4751
f 4860 4751 4865
f 4854 4859 4860
f 4854 4860 4853
f 4858 4859 4854
f 4858 4854 4855
f 4751 4859 4858
f 4751 4858 4869
f 4764 4751 4869
f 4764 4869 4765
f 4756 4761 4764
f 4756 4764 4765
f 4765 4767 4766
f 4765 4766 4756
f 4869 4872 4767
f 4869 4767 4765
f 4864 4872 4869
f 4864 4869 4858
f 4864 4857 4871
f 4864 4871 4872
f 4856 4857 4864
f 4856 4864 4863
f 4883 4882 4857
f 4883 4857 4856
f 4887 4888 4882
f 4887 4882 4883
f 4877 4878 4888
f 4877 4888 4887
f 4879 4878 4877
f 4879 4877 4876
f 4881 4879 4876
f 4881 4876 4874
f 4879 4881 4880
f 4879 4880 4875
f 4878 4879 4875
f 4878 4875 4873
f 4888 4878 4873
f 4888 4873 4884
f 4884 4741 4886
f 4884 4886 4885
f 4882 4888 4884
f 4882 4884 4885
f 4871 4857 4882
f 4871 4882 4885
f 4754 4871 4885
f 4754 4885 4886
f 4767 4872 4871
f 4767 4871 4754
f 4755 4766 4767
f 4755 4767 4754
f 4886 4840 4755
f 4886 4755 4754
f 4840 4886 4741
f 4770 4742 4743
f 4770 4743 4772
f 4766 4755 4742
f 4766 4742 4770
f 4770 4756 4766
f 4740 4742 4755
f 4740 4755 4840
f 4855 4863 4864
f 4855 4864 4858
f 4958 4947 4969
f 4958 4969 4970
f 4986 4955 4947
f 4986 4947 4958
f 4948 4956 4986
f 4948 4986 4958
f 4971 4948 4958
f 4971 4958 4970
f 4972 4949 4948
f 4972 4948 4971
f 4963 4952 4951
f 4963 4951 4962
f 4975 4965 4964
f 4975 4964 4976
f 4976 4964 4963
f 4976 4963 4977
f 4977 4963 4962
f 4977 4962 4978
f 4978 4962 4973
f 4978 4973 4979
f 4979 4973 4972
f 4979 4972 4980
f 4980 4972 4971
f 4980 4971 4981
f 4981 4971 4970
f 4981 4970 4982
f 4982 4970 4969
f 4982 4969 4983
f 4983 4969 4968
f 4983 4968 4984
f 4984 4968 4967
f 4984 4967 4985
f 4966 4974 4985
f 4966 4985 4967
f 4965 4975 4974
f 4965 4974 4966
f 4966 4901 4954
f 4966 4954 4965
f 4967 4902 4901
f 4967 4901 4966
f 4968 4890 4902
f 4968 4902 4967
f 4947 4890 4968
f 4947 4968 4969
f 4955 4891 4890
f 4955 4890 4947
f 4946 4889 4891
f 4946 4891 4955
f 4986 4961 4946
f 4986 4946 4955
f 4956 4957 4961
f 4956 4961 4986
f 4960 4987 4957
f 4960 4957 4956
f 4998 4994 4993
f 4998 4993 4997
f 5001 4998 4997
f 5001 4997 4999
f 5002 4991 4998
f 5002 4998 5001
f 4991 4960 4959
f 4991 4959 4990
f 4994 4998 4991
f 4994 4991 4990
f 4943 4942 4941
f 4943 4941 4938
f 4990 4942 4943
f 4990 4943 4994
f 4959 4950 4942
f 4959 4942 4990
f 4956 4950 4959
f 4956 4959 4960
f 4949 4950 4956
f 4949 4956 4948
f 4973 4950 4949
f 4973 4949 4972
f 4951 4950 4973
f 4951 4973 4962
f 4941 4942 4950
f 4941 4950 4951
f 4940 4941 4951
f 4940 4951 4952
f 4938 4941 4940
f 4938 4940 4937
f 4937 4934 4935
f 4937 4935 4938
f 4936 4933 4934
f 4936 4934 4937
f 4936 4928 4927
f 4936 4927 4933
f 4939 4929 4928
f 4939 4928 4936
f 4940 4939 4936
f 4940 4936 4937
f 4952 4953 4939
f 4952 4939 4940
f 4964 4953 4952
f 4964 4952 4963
f 4954 4953 4964
f 4954 4964 4965
f 4929 4939 4953
f 4929 4953 4954
f 4900 4929 4954
f 4900 4954 4901
f 4928 4929 4900
f 4928 4900 4899
f 4927 4928 4899
f 4927 4899 4905
f 4926 4927 4905
f 4926 4905 4898
f 4913 4916 4915
f 4913 4915 4912
f 4921 4925 4923
f 4921 4923 4910
f 4910 4911 4920
f 4910 4920 4921
f 4912 4911 4910
f 4912 4910 4909
f 4908 4913 4912
f 4908 4912 4909
f 4924 4922 4908
f 4924 4908 4909
f 4923 4924 4909
f 4923 4909 4910
f 4923 4896 4895
f 4923 4895 4924
f 4925 4897 4896
f 4925 4896 4923
f 4926 4898 4897
f 4926 4897 4925
f 4930 4926 4925
f 4930 4925 4921
f 4933 4927 4926
f 4933 4926 4930
f 4931 4934 4933
f 4931 4933 4930
f 4920 4931 4930
f 4920 4930 4921
f 4932 4904 4988
f 4932 4988 4945
f 4931 4920 4904
f 4931 4904 4932
f 4935 4934 4931
f 4935 4931 4932
f 4944 4935 4932
f 4944 4932 4945
f 4943 4938 4935
f 4943 4935 4944
f 4993 4994 4943
f 4993 4943 4944
f 4989 4993 4944
f 4989 4944 4945
f 4997 4993 4989
f 4997 4989 4996
f 5000 4999 4997
f 5000 4997 4996
f 5020 5000 4996
f 5020 4996 4995
f 4995 5022 5019
f 4995 5019 5020
f 4989 5022 4995
f 4989 4995 4996
f 4988 5022 4989
f 4988 4989 4945
f 5019 5022 4988
f 5019 4988 5014
f 5003 5020 5019
f 5003 5019 5014
f 5004 5003 5014
f 5004 5014 5013
f 5012 5005 5004
f 5012 5004 5013
f 5013 5018 5017
f 5013 5017 5012
f 4988 5018 5013
f 4988 5013 5014
f 4904 4914 5018
f 4904 5018 4988
f 4911 4914 4904
f 4911 4904 4920
f 4915 4914 4911
f 4915 4911 4912
f 5017 5018 4914
f 5017 4914 4915
f 4903 5017 4915
f 4903 4915 4916
f 5012 5017 4903
f 5012 4903 5011
f 5006 5005 5012
f 5006 5012 5011
f 5010 5007 5006
f 5010 5006 5011
f 4903 5021 5010
f 4903 5010 5011
f 4916 4917 5021
f 4916 5021 4903
f 4908 4917 4916
f 4908 4916 4913
f 4917 4908 4918
f 4917 4918 4919
f 5021 4917 4919
f 5021 4919 5024
f 5016 5010 5021
f 5016 5021 5024
f 5016 5024 5023
f 5016 5023 5009
f 5008 5015 5016
f 5008 5016 5009
f 5035 5008 5009
f 5035 5009 5034
f 5039 5035 5034
f 5039 5034 5040
f 5029 5039 5040
f 5029 5040 5030
f 5031 5028 5029
f 5031 5029 5030
f 5033 5026 5028
f 5033 5028 5031
f 5031 5027 5032
f 5031 5032 5033
f 5030 5025 5027
f 5030 5027 5031
f 5040 5036 5025
f 5040 5025 5030
f 5036 5037 5038
f 5036 5038 4893
f 5034 5037 5036
f 5034 5036 5040
f 5023 5037 5034
f 5023 5034 5009
f 4906 5038 5037
f 4906 5037 5023
f 4919 4906 5023
f 4919 5023 5024
f 4907 4906 4919
f 4907 4919 4918
f 5038 4906 4907
f 5038 4907 4992
f 4992 4893 5038
f 4922 4924 4895
f 4922 4895 4894
f 4918 4922 4894
f 4918 4894 4907
f 4922 4918 4908
f 4892 4992 4907
f 4892 4907 4894
f 5007 5010 5016
f 5007 5016 5015
f 4740 4840 4992
f 4740 4992 4892
f 4794 4737 4889
f 4794 4889 4946
f 4839 4808 4960
f 4839 4960 4991
f 4808 4835 4987
f 4808 4987 4960
f 4823 4822 4974
f 4823 4974 4975
f 4824 4823 4975
f 4824 4975 4976
f 4825 4824 4976
f 4825 4976 4977
f 4826 4825 4977
f 4826 4977 4978
f 4827 4826 4978
f 4827 4978 4979
f 4828 4827 4979
f 4828 4979 4980
f 4829 4828 4980
f 4829 4980 4981
f 4830 4829 4981
f 4830 4981 4982
f 4831 4830 4982
f 4831 4982 4983
f 4832 4831 4983
f 4832 4983 4984
f 4833 4832 4984
f 4833 4984 4985
f 4822 4833 4985
f 4822 4985 4974
f 4805 4809 4961
f 4805 4961 4957
f 4809 4794 4946
f 4809 4946 4961
f 4835 4805 4957
f 4835 4957 4987
f 4737 4739 4891
f 4737 4891 4889
f 4739 4738 4890
f 4739 4890 4891
f 4738 4750 4902
f 4738 4902 4890
f 4742 4740 4892
f 4742 4892 4894
f 4743 4742 4894
f 4743 4894 4895
f 4744 4743 4895
f 4744 4895 4896
f 4745 4744 4896
f 4745 4896 4897
f 4746 4745 4897
f 4746 4897 4898
f 4753 4746 4898
f 4753 4898 4905
f 4748 4747 4899
f 4748 4899 4900
f 4747 4753 4905
f 4747 4905 4899
f 4749 4748 4900
f 4749 4900 4901
f 4750 4749 4901
f 4750 4901 4902
f 4848 4847 4999
f 4848 4999 5000
f 4847 4849 5001
f 4847 5001 4999
f 4849 4850 5002
f 4849 5002 5001
f 4851 4868 5020
f 4851 5020 5003
f 4852 4851 5003
f 4852 5003 5004
f 4853 4852 5004
f 4853 5004 5005
f 4854 4853 5005
f 4854 5005 5006
f 4855 4854 5006
f 4855 5006 5007
f 4856 4863 5015
f 4856 5015 5008
f 4863 4855 5007
f 4863 5007 5015
f 4884 4873 5025
f 4884 5025 5036
f 4873 4875 5027
f 4873 5027 5025
f 4875 4880 5032
f 4875 5032 5027
f 4874 4876 5028
f 4874 5028 5026
f 4881 4874 5026
f 4881 5026 5033
f 4877 4887 5039
f 4877 5039 5029
f 4880 4881 5033
f 4880 5033 5032
f 4876 4877 5029
f 4876 5029 5028
f 4868 4848 5000
f 4868 5000 5020
f 4850 4839 4991
f 4850 4991 5002
f 4883 4856 5008
f 4883 5008 5035
f 4741 4884 5036
f 4741 5036 4893
f 4840 4741 4893
f 4840 4893 4992
f 4887 4883 5035
f 4887 5035 5039
f 5056 5044 5064
f 5056 5064 5065
f 5057 5043 5044
f 5057 5044 5056
f 5058 5042 5043
f 5058 5043 5057
f 5059 5045 5042
f 5059 5042 5058
f 5060 5041 5045
f 5060 5045 5059
f 5061 5048 5041
f 5061 5041 5060
f 5062 5047 5048
f 5062 5048 5061
f 5055 5056 5065
f 5055 5065 5063
f 5054 5057 5056
f 5054 5056 5055
f 5053 5058 5057
f 5053 5057 5054
f 5052 5059 5058
f 5052 5058 5053
f 5051 5060 5059
f 5051 5059 5052
f 5050 5061 5060
f 5050 5060 5051
f 5049 5062 5061
f 5049 5061 5050
f 5049 5046 5047
f 5049 5047 5062
f 5081 5090 5089
f 5081 5089 5069
f 5082 5081 5069
f 5082 5069 5068
f 5083 5082 5068
f 5083 5068 5067
f 5084 5083 5067
f 5084 5067 5070
f 5085 5084 5070
f 5085 5070 5066
f 5086 5085 5066
f 5086 5066 5073
f 5087 5086 5073
f 5087 5073 5072
f 5080 5088 5090
f 5080 5090 5081
f 5079 5080 5081
f 5079 5081 5082
f 5078 5079 5082
f 5078 5082 5083
f 5077 5078 5083
f 5077 5083 5084
f 5076 5077 5084
f 5076 5084 5085
f 5075 5076 5085
f 5075 5085 5086
f 5074 5075 5086
f 5074 5086 5087
f 5074 5087 5072
f 5074 5072 5071
f 5042 5045 5070
f 5042 5070 5067
f 5043 5042 5067
f 5043 5067 5068
f 5044 5043 5068
f 5044 5068 5069
f 5064 5044 5069
f 5064 5069 5089
f 5045 5041 5066
f 5045 5066 5070
f 5047 5046 5071
f 5047 5071 5072
f 5048 5047 5072
f 5048 5072 5073
f 5041 5048 5073
f 5041 5073 5066
f 5046 5049 5074
f 5046 5074 5071
f 5050 5051 5076
f 5050 5076 5075
f 5051 5052 5077
f 5051 5077 5076
f 5052 5053 5078
f 5052 5078 5077
f 5053 5054 5079
f 5053 5079 5078
f 5054 5055 5080
f 5054 5080 5079
f 5063 5065 5090
f 5063 5090 5088
f 5055 5063 5088
f 5055 5088 5080
f 5065 5064 5089
f 5065 5089 5090
f 5049 5050 5075
f 5049 5075 5074
f 5106 5094 5114
f 5106 5114 5115
f 5107 5093 5094
f 5107 5094 5106
f 5108 5092 5093
f 5108 5093 5107
f 5109 5095 5092
f 5109 5092 5108
f 5110 5091 5095
f 5110 5095 5109
f 5111 5098 5091
f 5111 5091 5110
f 5112 5097 5098
f 5112 5098 5111
f 5105 5106 5115
f 5105 5115 5113
f 5104 5107 5106
f 5104 5106 5105
f 5103 5108 5107
f 5103 5107 5104
f 5102 5109 5108
f 5102 5108 5103
f 5101 5110 5109
f 5101 5109 5102
f 5100 5111 5110
f 5100 5110 5101
f 5099 5112 5111
f 5099 5111 5100
f 5099 5096 5097
f 5099 5097 5112
f 5131 5140 5139
f 5131 5139 5119
f 5132 5131 5119
f 5132 5119 5118
f 5133 5132 5118
f 5133 5118 5117
f 5134 5133 5117
f 5134 5117 5120
f 5135 5134 5120
f 5135 5120 5116
f 5136 5135 5116
f 5136 5116 5123
f 5137 5136 5123
f 5137 5123 5122
f 5130 5138 5140
f 5130 5140 5131
f 5129 5130 5131
f 5129 5131 5132
f 5128 5129 5132
f 5128 5132 5133
f 5127 5128 5133
f 5127 5133 5134
f 5126 5127 5134
f 5126 5134 5135
f 5125 5126 5135
f 5125 5135 5136
f 5124 5125 5136
f 5124 5136 5137
f 5124 5137 5122
f 5124 5122 5121
f 5092 5095 5120
f 5092 5120 5117
f 5093 5092 5117
f 5093 5117 5118
f 5094 5093 5118
f 5094 5118 5119
f 5114 5094 5119
f 5114 5119 5139
f 5095 5091 5116
f 5095 5116 5120
f 5097 5096 5121
f 5097 5121 5122
f 5098 5097 5122
f 5098 5122 5123
f 5091 5098 5123
f 5091 5123 5116
f 5096 5099 5124
f 5096 5124 5121
f 5100 5101 5126
f 5100 5126 5125
f 5101 5102 5127
f 5101 5127 5126
f 5102 5103 5128
f 5102 5128 5127
f 5103 5104 5129
f 5103 5129 5128
f 5104 5105 5130
f 5104 5130 5129
f 5113 5115 5140
f 5113 5140 5138
f 5105 5113 5138
f 5105 5138 5130
f 5115 5114 5139
f 5115 5139 5140
f 5099 5100 5125
f 5099 5125 5124
f 5160 5161 5165
f 5160 5165 5171
f 5172 5171 5165
f 5172 5165 5166
f 5173 5172 5166
f 5173 5166 5167
f 5174 5173 5167
f 5174 5167 5177
f 5175 5174 5177
f 5175 5177 5168
f 5176 5227 5226
f 5176 5226 5169
f 5178 5159 5160
f 5178 5160 5171
f 5179 5178 5171
f 5179 5171 5172
f 5180 5179 5172
f 5180 5172 5173
f 5181 5180 5173
f 5181 5173 5174
f 5182 5181 5174
f 5182 5174 5175
f 5183 5182 5227
f 5183 5227 5176
f 5184 5158 5159
f 5184 5159 5178
f 5185 5184 5178
f 5185 5178 5179
f 5186 5185 5179
f 5186 5179 5180
f 5187 5186 5180
f 5187 5180 5181
f 5188 5187 5181
f 5188 5181 5182
f 5189 5188 5224
f 5190 5157 5158
f 5190 5158 5184
f 5191 5190 5184
f 5191 5184 5185
f 5192 5191 5185
f 5192 5185 5186
f 5193 5192 5186
f 5193 5186 5187
f 5194 5193 5187
f 5194 5187 5188
f 5195 5194 5188
f 5195 5188 5189
f 5196 5156 5157
f 5196 5157 5190
f 5197 5196 5190
f 5197 5190 5191
f 5198 5197 5191
f 5198 5191 5192
f 5199 5198 5192
f 5199 5192 5193
f 5200 5199 5193
f 5200 5193 5194
f 5201 5200 5194
f 5201 5194 5195
f 5202 5155 5156
f 5202 5156 5196
f 5203 5202 5196
f 5203 5196 5197
f 5204 5203 5197
f 5204 5197 5198
f 5205 5204 5198
f 5205 5198 5199
f 5206 5205 5199
f 5206 5199 5200
f 5207 5206 5200
f 5207 5200 5201
f 5208 5154 5155
f 5208 5155 5202
f 5209 5208 5202
f 5209 5202 5203
f 5210 5209 5203
f 5210 5203 5204
f 5211 5210 5204
f 5211 5204 5205
f 5212 5211 5205
f 5212 5205 5206
f 5213 5212 5206
f 5213 5206 5207
f 5214 5147 5154
f 5214 5154 5208
f 5215 5214 5208
f 5215 5208 5209
f 5216 5215 5209
f 5216 5209 5210
f 5217 5216 5210
f 5217 5210 5211
f 5218 5217 5211
f 5218 5211 5212
f 5219 5218 5221
f 5148 5176 5169
f 5148 5169 5152
f 5183 5176 5148
f 5183 5148 5149
f 5150 5189 5224
f 5150 5224 5225
f 5195 5189 5150
f 5195 5150 5151
f 5201 5195 5151
f 5201 5151 5145
f 5207 5201 5145
f 5207 5145 5141
f 5213 5207 5141
f 5213 5141 5142
f 5219 5221 5142
f 5219 5142 5143
f 5170 5162 5223
f 5214 5215 5162
f 5214 5162 5220
f 5147 5214 5220
f 5147 5220 5146
f 5163 5170 5223
f 5163 5223 5222
f 5164 5163 5222
f 5164 5222 5218
f 5153 5164 5218
f 5153 5218 5219
f 5144 5153 5219
f 5144 5219 5143
f 5218 5222 5217
f 5221 5218 5212
f 5221 5212 5213
f 5142 5221 5213
f 5222 5223 5216
f 5222 5216 5217
f 5223 5162 5215
f 5223 5215 5216
f 5225 5224 5183
f 5225 5183 5149
f 5224 5188 5182
f 5224 5182 5183
f 5226 5227 5175
f 5226 5175 5168
f 5227 5182 5175
f 5247 5258 5252
f 5247 5252 5248
f 5259 5253 5252
f 5259 5252 5258
f 5260 5254 5253
f 5260 5253 5259
f 5261 5264 5254
f 5261 5254 5260
f 5262 5255 5264
f 5262 5264 5261
f 5263 5256 5313
f 5263 5313 5314
f 5265 5258 5247
f 5265 5247 5246
f 5266 5259 5258
f 5266 5258 5265
f 5267 5260 5259
f 5267 5259 5266
f 5268 5261 5260
f 5268 5260 5267
f 5269 5262 5261
f 5269 5261 5268
f 5270 5263 5314
f 5270 5314 5269
f 5271 5265 5246
f 5271 5246 5245
f 5272 5266 5265
f 5272 5265 5271
f 5273 5267 5266
f 5273 5266 5272
f 5274 5268 5267
f 5274 5267 5273
f 5275 5269 5268
f 5275 5268 5274
f 5276 5311 5275
f 5277 5271 5245
f 5277 5245 5244
f 5278 5272 5271
f 5278 5271 5277
f 5279 5273 5272
f 5279 5272 5278
f 5280 5274 5273
f 5280 5273 5279
f 5281 5275 5274
f 5281 5274 5280
f 5282 5276 5275
f 5282 5275 5281
f 5283 5277 5244
f 5283 5244 5243
f 5284 5278 5277
f 5284 5277 5283
f 5285 5279 5278
f 5285 5278 5284
f 5286 5280 5279
f 5286 5279 5285
f 5287 5281 5280
f 5287 5280 5286
f 5288 5282 5281
f 5288 5281 5287
f 5289 5283 5243
f 5289 5243 5242
f 5290 5284 5283
f 5290 5283 5289
f 5291 5285 5284
f 5291 5284 5290
f 5292 5286 5285
f 5292 5285 5291
f 5293 5287 5286
f 5293 5286 5292
f 5294 5288 5287
f 5294 5287 5293
f 5295 5289 5242
f 5295 5242 5241
f 5296 5290 5289
f 5296 5289 5295
f 5297 5291 5290
f 5297 5290 5296
f 5298 5292 5291
f 5298 5291 5297
f 5299 5293 5292
f 5299 5292 5298
f 5300 5294 5293
f 5300 5293 5299
f 5301 5295 5241
f 5301 5241 5234
f 5302 5296 5295
f 5302 5295 5301
f 5303 5297 5296
f 5303 5296 5302
f 5304 5298 5297
f 5304 5297 5303
f 5305 5299 5298
f 5305 5298 5304
f 5306 5308 5305
f 5235 5239 5256
f 5235 5256 5263
f 5270 5236 5235
f 5270 5235 5263
f 5237 5312 5311
f 5237 5311 5276
f 5282 5238 5237
f 5282 5237 5276
f 5288 5232 5238
f 5288 5238 5282
f 5294 5228 5232
f 5294 5232 5288
f 5300 5229 5228
f 5300 5228 5294
f 5306 5230 5229
f 5306 5229 5308
f 5257 5310 5249
f 5301 5307 5249
f 5301 5249 5302
f 5234 5233 5307
f 5234 5307 5301
f 5250 5309 5310
f 5250 5310 5257
f 5251 5305 5309
f 5251 5309 5250
f 5240 5306 5305
f 5240 5305 5251
f 5231 5230 5306
f 5231 5306 5240
f 5305 5304 5309
f 5308 5300 5299
f 5308 5299 5305
f 5229 5300 5308
f 5309 5304 5303
f 5309 5303 5310
f 5310 5303 5302
f 5310 5302 5249
f 5312 5236 5270
f 5312 5270 5311
f 5311 5270 5269
f 5311 5269 5275
f 5313 5255 5262
f 5313 5262 5314
f 5314 5262 5269
f 5165 5161 5248
f 5165 5248 5252
f 5166 5165 5252
f 5166 5252 5253
f 5167 5166 5253
f 5167 5253 5254
f 5168 5177 5264
f 5168 5264 5255
f 5169 5226 5313
f 5169 5313 5256
f 5177 5167 5254
f 5177 5254 5264
f 5152 5169 5256
f 5152 5256 5239
f 5147 5146 5233
f 5147 5233 5234
f 5154 5147 5234
f 5154 5234 5241
f 5155 5154 5241
f 5155 5241 5242
f 5156 5155 5242
f 5156 5242 5243
f 5157 5156 5243
f 5157 5243 5244
f 5158 5157 5244
f 5158 5244 5245
f 5159 5158 5245
f 5159 5245 5246
f 5160 5159 5246
f 5160 5246 5247
f 5161 5160 5247
f 5161 5247 5248
f 5142 5141 5228
f 5142 5228 5229
f 5141 5145 5232
f 5141 5232 5228
f 5143 5142 5229
f 5143 5229 5230
f 5144 5143 5230
f 5144 5230 5231
f 5153 5144 5231
f 5153 5231 5240
f 5145 5151 5238
f 5145 5238 5232
f 5149 5148 5235
f 5149 5235 5236
f 5148 5152 5239
f 5148 5239 5235
f 5150 5225 5312
f 5150 5312 5237
f 5151 5150 5237
f 5151 5237 5238
f 5164 5153 5240
f 5164 5240 5251
f 5220 5162 5249
f 5220 5249 5307
f 5146 5220 5307
f 5146 5307 5233
f 5162 5170 5257
f 5162 5257 5249
f 5170 5163 5250
f 5170 5250 5257
f 5163 5164 5251
f 5163 5251 5250
f 5225 5149 5236
f 5225 5236 5312
f 5226 5168 5255
f 5226 5255 5313
f 5334 5335 5339
f 5334 5339 5345
f 5346 5345 5339
f 5346 5339 5340
f 5347 5346 5340
f 5347 5340 5341
f 5348 5347 5341
f 5348 5341 5351
f 5349 5348 5351
f 5349 5351 5342
f 5350 5401 5400
f 5350 5400 5343
f 5352 5333 5334
f 5352 5334 5345
f 5353 5352 5345
f 5353 5345 5346
f 5354 5353 5346
f 5354 5346 5347
f 5355 5354 5347
f 5355 5347 5348
f 5356 5355 5348
f 5356 5348 5349
f 5357 5356 5401
f 5357 5401 5350
f 5358 5332 5333
f 5358 5333 5352
f 5359 5358 5352
f 5359 5352 5353
f 5360 5359 5353
f 5360 5353 5354
f 5361 5360 5354
f 5361 5354 5355
f 5362 5361 5355
f 5362 5355 5356
f 5363 5362 5398
f 5364 5331 5332
f 5364 5332 5358
f 5365 5364 5358
f 5365 5358 5359
f 5366 5365 5359
f 5366 5359 5360
f 5367 5366 5360
f 5367 5360 5361
f 5368 5367 5361
f 5368 5361 5362
f 5369 5368 5362
f 5369 5362 5363
f 5370 5330 5331
f 5370 5331 5364
f 5371 5370 5364
f 5371 5364 5365
f 5372 5371 5365
f 5372 5365 5366
f 5373 5372 5366
f 5373 5366 5367
f 5374 5373 5367
f 5374 5367 5368
f 5375 5374 5368
f 5375 5368 5369
f 5376 5329 5330
f 5376 5330 5370
f 5377 5376 5370
f 5377 5370 5371
f 5378 5377 5371
f 5378 5371 5372
f 5379 5378 5372
f 5379 5372 5373
f 5380 5379 5373
f 5380 5373 5374
f 5381 5380 5374
f 5381 5374 5375
f 5382 5328 5329
f 5382 5329 5376
f 5383 5382 5376
f 5383 5376 5377
f 5384 5383 5377
f 5384 5377 5378
f 5385 5384 5378
f 5385 5378 5379
f 5386 5385 5379
f 5386 5379 5380
f 5387 5386 5380
f 5387 5380 5381
f 5388 5321 5328
f 5388 5328 5382
f 5389 5388 5382
f 5389 5382 5383
f 5390 5389 5383
f 5390 5383 5384
f 5391 5390 5384
f 5391 5384 5385
f 5392 5391 5385
f 5392 5385 5386
f 5393 5392 5395
f 5322 5350 5343
f 5322 5343 5326
f 5357 5350 5322
f 5357 5322 5323
f 5324 5363 5398
f 5324 5398 5399
f 5369 5363 5324
f 5369 5324 5325
f 5375 5369 5325
f 5375 5325 5319
f 5381 5375 5319
f 5381 5319 5315
f 5387 5381 5315
f 5387 5315 5316
f 5393 5395 5316
f 5393 5316 5317
f 5344 5336 5397
f 5388 5389 5336
f 5388 5336 5394
f 5321 5388 5394
f 5321 5394 5320
f 5337 5344 5397
f 5337 5397 5396
f 5338 5337 5396
f 5338 5396 5392
f 5327 5338 5392
f 5327 5392 5393
f 5318 5327 5393
f 5318 5393 5317
f 5392 5396 5391
f 5395 5392 5386
f 5395 5386 5387
f 5316 5395 5387
f 5396 5397 5390
f 5396 5390 5391
f 5397 5336 5389
f 5397 5389 5390
f 5399 5398 5357
f 5399 5357 5323
f 5398 5362 5356
f 5398 5356 5357
f 5400 5401 5349
f 5400 5349 5342
f 5401 5356 5349
f 5421 5432 5426
f 5421 5426 5422
f 5433 5427 5426
f 5433 5426 5432
f 5434 5428 5427
f 5434 5427 5433
f 5435 5438 5428
f 5435 5428 5434
f 5436 5429 5438
f 5436 5438 5435
f 5437 5430 5487
f 5437 5487 5488
f 5439 5432 5421
f 5439 5421 5420
f 5440 5433 5432
f 5440 5432 5439
f 5441 5434 5433
f 5441 5433 5440
f 5442 5435 5434
f 5442 5434 5441
f 5443 5436 5435
f 5443 5435 5442
f 5444 5437 5488
f 5444 5488 5443
f 5445 5439 5420
f 5445 5420 5419
f 5446 5440 5439
f 5446 5439 5445
f 5447 5441 5440
f 5447 5440 5446
f 5448 5442 5441
f 5448 5441 5447
f 5449 5443 5442
f 5449 5442 5448
f 5450 5485 5449
f 5451 5445 5419
f 5451 5419 5418
f 5452 5446 5445
f 5452 5445 5451
f 5453 5447 5446
f 5453 5446 5452
f 5454 5448 5447
f 5454 5447 5453
f 5455 5449 5448
f 5455 5448 5454
f 5456 5450 5449
f 5456 5449 5455
f 5457 5451 5418
f 5457 5418 5417
f 5458 5452 5451
f 5458 5451 5457
f 5459 5453 5452
f 5459 5452 5458
f 5460 5454 5453
f 5460 5453 5459
f 5461 5455 5454
f 5461 5454 5460
f 5462 5456 5455
f 5462 5455 5461
f 5463 5457 5417
f 5463 5417 5416
f 5464 5458 5457
f 5464 5457 5463
f 5465 5459 5458
f 5465 5458 5464
f 5466 5460 5459
f 5466 5459 5465
f 5467 5461 5460
f 5467 5460 5466
f 5468 5462 5461
f 5468 5461 5467
f 5469 5463 5416
f 5469 5416 5415
f 5470 5464 5463
f 5470 5463 5469
f 5471 5465 5464
f 5471 5464 5470
f 5472 5466 5465
f 5472 5465 5471
f 5473 5467 5466
f 5473 5466 5472
f 5474 5468 5467
f 5474 5467 5473
f 5475 5469 5415
f 5475 5415 5408
f 5476 5470 5469
f 5476 5469 5475
f 5477 5471 5470
f 5477 5470 5476
f 5478 5472 5471
f 5478 5471 5477
f 5479 5473 5472
f 5479 5472 5478
f 5480 5482 5479
f 5409 5413 5430
f 5409 5430 5437
f 5444 5410 5409
f 5444 5409 5437
f 5411 5486 5485
f 5411 5485 5450
f 5456 5412 5411
f 5456 5411 5450
f 5462 5406 5412
f 5462 5412 5456
f 5468 5402 5406
f 5468 5406 5462
f 5474 5403 5402
f 5474 5402 5468
f 5480 5404 5403
f 5480 5403 5482
f 5431 5484 5423
f 5475 5481 5423
f 5475 5423 5476
f 5408 5407 5481
f 5408 5481 5475
f 5424 5483 5484
f 5424 5484 5431
f 5425 5479 5483
f 5425 5483 5424
f 5414 5480 5479
f 5414 5479 5425
f 5405 5404 5480
f 5405 5480 5414
f 5479 5478 5483
f 5482 5474 5473
f 5482 5473 5479
f 5403 5474 5482
f 5483 5478 5477
f 5483 5477 5484
f 5484 5477 5476
f 5484 5476 5423
f 5486 5410 5444
f 5486 5444 5485
f 5485 5444 5443
f 5485 5443 5449
f 5487 5429 5436
f 5487 5436 5488
f 5488 5436 5443
f 5339 5335 5422
f 5339 5422 5426
f 5340 5339 5426
f 5340 5426 5427
f 5341 5340 5427
f 5341 5427 5428
f 5342 5351 5438
f 5342 5438 5429
f 5343 5400 5487
f 5343 5487 5430
f 5351 5341 5428
f 5351 5428 5438
f 5326 5343 5430
f 5326 5430 5413
f 5321 5320 5407
f 5321 5407 5408
f 5328 5321 5408
f 5328 5408 5415
f 5329 5328 5415
f 5329 5415 5416
f 5330 5329 5416
f 5330 5416 5417
f 5331 5330 5417
f 5331 5417 5418
f 5332 5331 5418
f 5332 5418 5419
f 5333 5332 5419
f 5333 5419 5420
f 5334 5333 5420
f 5334 5420 5421
f 5335 5334 5421
f 5335 5421 5422
f 5316 5315 5402
f 5316 5402 5403
f 5315 5319 5406
f 5315 5406 5402
f 5317 5316 5403
f 5317 5403 5404
f 5318 5317 5404
f 5318 5404 5405
f 5327 5318 5405
f 5327 5405 5414
f 5319 5325 5412
f 5319 5412 5406
f 5323 5322 5409
f 5323 5409 5410
f 5322 5326 5413
f 5322 5413 5409
f 5324 5399 5486
f 5324 5486 5411
f 5325 5324 5411
f 5325 5411 5412
f 5338 5327 5414
f 5338 5414 5425
f 5394 5336 5423
f 5394 5423 5481
f 5320 5394 5481
f 5320 5481 5407
f 5336 5344 5431
f 5336 5431 5423
f 5344 5337 5424
f 5344 5424 5431
f 5337 5338 5425
f 5337 5425 5424
f 5399 5323 5410
f 5399 5410 5486
f 5400 5342 5429
f 5400 5429 5487
f 5529 5489 5526
f 5529 5526 5525
f 5496 5529 5525
f 5496 5525 5508
f 5546 5524 5510
f 5546 5510 5541
f 5563 5520 5521
f 5563 5521 5562
f 5521 5516 5513
f 5521 5513 5512
f 5542 5528 5524
f 5542 5524 5546
f 5570 5571 5523
f 5570 5523 5511
f 5520 5515 5516
f 5520 5516 5521
f 5562 5521 5512
f 5562 5512 5561
f 5563 5560 5503
f 5563 5503 5520
f 5542 5545 5502
f 5542 5502 5528
f 5569 5501 5489
f 5569 5489 5572
f 5543 5544 5527
f 5543 5527 5536
f 5501 5500 5526
f 5501 5526 5489
f 5527 5511 5523
f 5527 5523 5536
f 5574 5572 5489
f 5574 5489 5529
f 5520 5503 5504
f 5520 5504 5515
f 5514 5513 5516
f 5514 5516 5522
f 5505 5534 5515
f 5505 5515 5504
f 5534 5522 5516
f 5534 5516 5515
f 5530 5534 5505
f 5530 5505 5506
f 5531 5522 5534
f 5531 5534 5530
f 5531 5533 5514
f 5531 5514 5522
f 5531 5532 5535
f 5531 5535 5533
f 5568 5574 5529
f 5568 5529 5496
f 5564 5558 5490
f 5564 5490 5537
f 5538 5499 5498
f 5538 5498 5539
f 5517 5518 5499
f 5517 5499 5538
f 5568 5496 5523
f 5568 5523 5571
f 5508 5536 5523
f 5508 5523 5496
f 5541 5543 5536
f 5541 5536 5508
f 5561 5564 5537
f 5561 5537 5510
f 5513 5538 5539
f 5513 5539 5512
f 5514 5517 5538
f 5514 5538 5513
f 5510 5537 5543
f 5510 5543 5541
f 5537 5490 5544
f 5537 5544 5543
f 5526 5500 5545
f 5526 5545 5542
f 5526 5542 5546
f 5526 5546 5525
f 5525 5546 5541
f 5525 5541 5508
f 5512 5539 5564
f 5512 5564 5561
f 5539 5498 5558
f 5539 5558 5564
f 5528 5502 5560
f 5528 5560 5563
f 5524 5562 5561
f 5524 5561 5510
f 5528 5563 5562
f 5528 5562 5524
f 5633 5632 5549
f 5633 5549 5565
f 5550 5549 5632
f 5550 5632 5557
f 5551 5550 5557
f 5551 5557 5556
f 5552 5551 5556
f 5552 5556 5555
f 5566 5552 5555
f 5566 5555 5567
f 5553 5566 5567
f 5553 5567 5554
f 5642 5568 5571
f 5642 5571 5637
f 5642 5641 5574
f 5642 5574 5568
f 5641 5640 5572
f 5641 5572 5574
f 5639 5569 5572
f 5639 5572 5640
f 5636 5637 5571
f 5636 5571 5570
f 5636 5570 5566
f 5636 5566 5553
f 5511 5552 5566
f 5511 5566 5570
f 5551 5552 5511
f 5551 5511 5527
f 5544 5550 5551
f 5544 5551 5527
f 5549 5550 5544
f 5549 5544 5490
f 5558 5565 5549
f 5558 5549 5490
f 5498 5548 5565
f 5498 5565 5558
f 5499 5547 5548
f 5499 5548 5498
f 5518 5519 5547
f 5518 5547 5499
f 5519 5631 5635
f 5519 5635 5547
f 5634 5548 5547
f 5634 5547 5635
f 5633 5565 5548
f 5633 5548 5634
f 5553 5554 5580
f 5553 5580 5575
f 5553 5575 5643
f 5553 5643 5657
f 5575 5580 5579
f 5575 5579 5576
f 5644 5643 5575
f 5644 5575 5576
f 5645 5644 5576
f 5645 5576 5577
f 5576 5579 5650
f 5576 5650 5577
f 5649 5578 5577
f 5649 5577 5650
f 5646 5645 5577
f 5646 5577 5578
f 5573 5638 5648
f 5573 5648 5581
f 5582 5509 5573
f 5582 5573 5581
f 5583 5497 5509
f 5583 5509 5582
f 5584 5540 5497
f 5584 5497 5583
f 5585 5495 5540
f 5585 5540 5584
f 5586 5559 5495
f 5586 5495 5585
f 5587 5494 5559
f 5587 5559 5586
f 5588 5493 5494
f 5588 5494 5587
f 5589 5507 5493
f 5589 5493 5588
f 5590 5492 5507
f 5590 5507 5589
f 5591 5491 5492
f 5591 5492 5590
f 5611 5592 5578
f 5611 5578 5612
f 5578 5592 5647
f 5578 5647 5646
f 5647 5592 5581
f 5647 5581 5648
f 5611 5582 5581
f 5611 5581 5592
f 5593 5583 5582
f 5593 5582 5611
f 5594 5584 5583
f 5594 5583 5593
f 5595 5585 5584
f 5595 5584 5594
f 5596 5586 5585
f 5596 5585 5595
f 5597 5587 5586
f 5597 5586 5596
f 5598 5588 5587
f 5598 5587 5597
f 5599 5589 5588
f 5599 5588 5598
f 5600 5590 5589
f 5600 5589 5599
f 5601 5591 5590
f 5601 5590 5600
f 5600 5599 5604
f 5600 5604 5603
f 5598 5605 5604
f 5598 5604 5599
f 5597 5606 5605
f 5597 5605 5598
f 5596 5607 5606
f 5596 5606 5597
f 5595 5608 5607
f 5595 5607 5596
f 5594 5609 5608
f 5594 5608 5595
f 5593 5610 5609
f 5593 5609 5594
f 5612 5610 5593
f 5612 5593 5611
f 5617 5624 5623
f 5617 5623 5618
f 5616 5625 5624
f 5616 5624 5617
f 5606 5607 5617
f 5606 5617 5618
f 5619 5605 5606
f 5619 5606 5618
f 5620 5604 5605
f 5620 5605 5619
f 5608 5616 5617
f 5608 5617 5607
f 5608 5609 5615
f 5608 5615 5616
f 5610 5614 5615
f 5610 5615 5609
f 5612 5613 5614
f 5612 5614 5610
f 5578 5649 5613
f 5578 5613 5612
f 5649 5651 5628
f 5649 5628 5613
f 5627 5614 5613
f 5627 5613 5628
f 5626 5615 5614
f 5626 5614 5627
f 5625 5616 5615
f 5625 5615 5626
f 5627 5628 5651
f 5627 5651 5652
f 5627 5629 5655
f 5627 5655 5626
f 5656 5625 5626
f 5656 5626 5655
f 5654 5655 5629
f 5654 5629 5653
f 5652 5653 5629
f 5652 5629 5627
f 5630 5619 5618
f 5630 5618 5623
f 5603 5604 5620
f 5603 5620 5621
f 5602 5601 5600
f 5602 5600 5603
f 5622 5602 5603
f 5622 5603 5621
f 5657 5636 5553
f 5698 5694 5695
f 5698 5695 5658
f 5665 5677 5694
f 5665 5694 5698
f 5715 5710 5679
f 5715 5679 5693
f 5732 5731 5690
f 5732 5690 5689
f 5690 5681 5682
f 5690 5682 5685
f 5711 5715 5693
f 5711 5693 5697
f 5739 5680 5692
f 5739 5692 5740
f 5689 5690 5685
f 5689 5685 5684
f 5731 5730 5681
f 5731 5681 5690
f 5732 5689 5672
f 5732 5672 5729
f 5711 5697 5671
f 5711 5671 5714
f 5738 5741 5658
f 5738 5658 5670
f 5712 5705 5696
f 5712 5696 5713
f 5670 5658 5695
f 5670 5695 5669
f 5696 5705 5692
f 5696 5692 5680
f 5743 5698 5658
f 5743 5658 5741
f 5689 5684 5673
f 5689 5673 5672
f 5683 5691 5685
f 5683 5685 5682
f 5674 5673 5684
f 5674 5684 5703
f 5703 5684 5685
f 5703 5685 5691
f 5699 5675 5674
f 5699 5674 5703
f 5700 5699 5703
f 5700 5703 5691
f 5700 5691 5683
f 5700 5683 5702
f 5700 5702 5704
f 5700 5704 5701
f 5737 5665 5698
f 5737 5698 5743
f 5733 5706 5659
f 5733 5659 5727
f 5707 5708 5667
f 5707 5667 5668
f 5686 5707 5668
f 5686 5668 5687
f 5737 5740 5692
f 5737 5692 5665
f 5677 5665 5692
f 5677 5692 5705
f 5710 5677 5705
f 5710 5705 5712
f 5730 5679 5706
f 5730 5706 5733
f 5682 5681 5708
f 5682 5708 5707
f 5683 5682 5707
f 5683 5707 5686
f 5679 5710 5712
f 5679 5712 5706
f 5706 5712 5713
f 5706 5713 5659
f 5695 5711 5714
f 5695 5714 5669
f 5695 5694 5715
f 5695 5715 5711
f 5694 5677 5710
f 5694 5710 5715
f 5681 5730 5733
f 5681 5733 5708
f 5708 5733 5727
f 5708 5727 5667
f 5697 5732 5729
f 5697 5729 5671
f 5693 5679 5730
f 5693 5730 5731
f 5697 5693 5731
f 5697 5731 5732
f 5802 5734 5718
f 5802 5718 5801
f 5719 5726 5801
f 5719 5801 5718
f 5720 5725 5726
f 5720 5726 5719
f 5721 5724 5725
f 5721 5725 5720
f 5735 5736 5724
f 5735 5724 5721
f 5722 5723 5736
f 5722 5736 5735
f 5811 5806 5740
f 5811 5740 5737
f 5811 5737 5743
f 5811 5743 5810
f 5810 5743 5741
f 5810 5741 5809
f 5808 5809 5741
f 5808 5741 5738
f 5805 5739 5740
f 5805 5740 5806
f 5805 5722 5735
f 5805 5735 5739
f 5680 5739 5735
f 5680 5735 5721
f 5720 5696 5680
f 5720 5680 5721
f 5713 5696 5720
f 5713 5720 5719
f 5718 5659 5713
f 5718 5713 5719
f 5727 5659 5718
f 5727 5718 5734
f 5667 5727 5734
f 5667 5734 5717
f 5668 5667 5717
f 5668 5717 5716
f 5687 5668 5716
f 5687 5716 5688
f 5688 5716 5804
f 5688 5804 5800
f 5803 5804 5716
f 5803 5716 5717
f 5802 5803 5717
f 5802 5717 5734
f 5722 5744 5749
f 5722 5749 5723
f 5722 5826 5812
f 5722 5812 5744
f 5744 5745 5748
f 5744 5748 5749
f 5813 5745 5744
f 5813 5744 5812
f 5814 5746 5745
f 5814 5745 5813
f 5745 5746 5819
f 5745 5819 5748
f 5818 5819 5746
f 5818 5746 5747
f 5815 5747 5746
f 5815 5746 5814
f 5742 5750 5817
f 5742 5817 5807
f 5751 5750 5742
f 5751 5742 5678
f 5752 5751 5678
f 5752 5678 5666
f 5753 5752 5666
f 5753 5666 5709
f 5754 5753 5709
f 5754 5709 5664
f 5755 5754 5664
f 5755 5664 5728
f 5756 5755 5728
f 5756 5728 5663
f 5757 5756 5663
f 5757 5663 5662
f 5758 5757 5662
f 5758 5662 5676
f 5759 5758 5676
f 5759 5676 5661
f 5760 5759 5661
f 5760 5661 5660
f 5780 5781 5747
f 5780 5747 5761
f 5747 5815 5816
f 5747 5816 5761
f 5816 5817 5750
f 5816 5750 5761
f 5780 5761 5750
f 5780 5750 5751
f 5762 5780 5751
f 5762 5751 5752
f 5763 5762 5752
f 5763 5752 5753
f 5764 5763 5753
f 5764 5753 5754
f 5765 5764 5754
f 5765 5754 5755
f 5766 5765 5755
f 5766 5755 5756
f 5767 5766 5756
f 5767 5756 5757
f 5768 5767 5757
f 5768 5757 5758
f 5769 5768 5758
f 5769 5758 5759
f 5770 5769 5759
f 5770 5759 5760
f 5769 5772 5773
f 5769 5773 5768
f 5767 5768 5773
f 5767 5773 5774
f 5766 5767 5774
f 5766 5774 5775
f 5765 5766 5775
f 5765 5775 5776
f 5764 5765 5776
f 5764 5776 5777
f 5763 5764 5777
f 5763 5777 5778
f 5762 5763 5778
f 5762 5778 5779
f 5781 5780 5762
f 5781 5762 5779
f 5786 5787 5792
f 5786 5792 5793
f 5785 5786 5793
f 5785 5793 5794
f 5775 5787 5786
f 5775 5786 5776
f 5788 5787 5775
f 5788 5775 5774
f 5789 5788 5774
f 5789 5774 5773
f 5777 5776 5786
f 5777 5786 5785
f 5777 5785 5784
f 5777 5784 5778
f 5779 5778 5784
f 5779 5784 5783
f 5781 5779 5783
f 5781 5783 5782
f 5747 5781 5782
f 5747 5782 5818
f 5818 5782 5797
f 5818 5797 5820
f 5796 5797 5782
f 5796 5782 5783
f 5795 5796 5783
f 5795 5783 5784
f 5794 5795 5784
f 5794 5784 5785
f 5796 5821 5820
f 5796 5820 5797
f 5796 5795 5824
f 5796 5824 5798
f 5825 5824 5795
f 5825 5795 5794
f 5823 5822 5798
f 5823 5798 5824
f 5821 5796 5798
f 5821 5798 5822
f 5799 5792 5787
f 5799 5787 5788
f 5772 5790 5789
f 5772 5789 5773
f 5771 5772 5769
f 5771 5769 5770
f 5791 5790 5772
f 5791 5772 5771
f 5826 5722 5805
f 5492 5491 5660
f 5492 5660 5661
f 5507 5492 5661
f 5507 5661 5676
f 5494 5493 5662
f 5494 5662 5663
f 5559 5494 5663
f 5559 5663 5728
f 5540 5495 5664
f 5540 5664 5709
f 5509 5497 5666
f 5509 5666 5678
f 5637 5636 5805
f 5637 5805 5806
f 5500 5501 5670
f 5500 5670 5669
f 5503 5560 5729
f 5503 5729 5672
f 5504 5503 5672
f 5504 5672 5673
f 5505 5504 5673
f 5505 5673 5674
f 5506 5505 5674
f 5506 5674 5675
f 5493 5507 5676
f 5493 5676 5662
f 5514 5533 5702
f 5514 5702 5683
f 5501 5569 5738
f 5501 5738 5670
f 5639 5640 5809
f 5639 5809 5808
f 5641 5642 5811
f 5641 5811 5810
f 5517 5514 5683
f 5517 5683 5686
f 5631 5519 5688
f 5631 5688 5800
f 5530 5506 5675
f 5530 5675 5699
f 5531 5530 5699
f 5531 5699 5700
f 5532 5531 5700
f 5532 5700 5701
f 5533 5535 5704
f 5533 5704 5702
f 5519 5518 5687
f 5519 5687 5688
f 5518 5517 5686
f 5518 5686 5687
f 5535 5532 5701
f 5535 5701 5704
f 5573 5509 5678
f 5573 5678 5742
f 5640 5641 5810
f 5640 5810 5809
f 5502 5545 5714
f 5502 5714 5671
f 5642 5637 5806
f 5642 5806 5811
f 5497 5540 5709
f 5497 5709 5666
f 5545 5500 5669
f 5545 5669 5714
f 5567 5555 5724
f 5567 5724 5736
f 5555 5556 5725
f 5555 5725 5724
f 5556 5557 5726
f 5556 5726 5725
f 5557 5632 5801
f 5557 5801 5726
f 5495 5559 5728
f 5495 5728 5664
f 5560 5502 5671
f 5560 5671 5729
f 5632 5633 5802
f 5632 5802 5801
f 5554 5567 5736
f 5554 5736 5723
f 5569 5639 5808
f 5569 5808 5738
f 5638 5573 5742
f 5638 5742 5807
f 5633 5634 5803
f 5633 5803 5802
f 5634 5635 5804
f 5634 5804 5803
f 5635 5631 5800
f 5635 5800 5804
f 5657 5643 5812
f 5657 5812 5826
f 5643 5644 5813
f 5643 5813 5812
f 5644 5645 5814
f 5644 5814 5813
f 5645 5646 5815
f 5645 5815 5814
f 5647 5648 5817
f 5647 5817 5816
f 5649 5650 5819
f 5649 5819 5818
f 5650 5579 5748
f 5650 5748 5819
f 5579 5580 5749
f 5579 5749 5748
f 5580 5554 5723
f 5580 5723 5749
f 5648 5638 5807
f 5648 5807 5817
f 5491 5591 5760
f 5491 5760 5660
f 5646 5647 5816
f 5646 5816 5815
f 5601 5602 5771
f 5601 5771 5770
f 5591 5601 5770
f 5591 5770 5760
f 5620 5619 5788
f 5620 5788 5789
f 5621 5620 5789
f 5621 5789 5790
f 5622 5621 5790
f 5622 5790 5791
f 5623 5624 5793
f 5623 5793 5792
f 5624 5625 5794
f 5624 5794 5793
f 5602 5622 5791
f 5602 5791 5771
f 5652 5651 5820
f 5652 5820 5821
f 5653 5652 5821
f 5653 5821 5822
f 5654 5653 5822
f 5654 5822 5823
f 5655 5654 5823
f 5655 5823 5824
f 5651 5649 5818
f 5651 5818 5820
f 5656 5655 5824
f 5656 5824 5825
f 5625 5656 5825
f 5625 5825 5794
f 5630 5623 5792
f 5630 5792 5799
f 5619 5630 5799
f 5619 5799 5788
f 5636 5657 5826
f 5636 5826 5805
f 5867 5827 5864
f 5867 5864 5863
f 5834 5867 5863
f 5834 5863 5846
f 5884 5862 5848
f 5884 5848 5879
f 5901 5858 5859
f 5901 5859 5900
f 5859 5854 5851
f 5859 5851 5850
f 5880 5866 5862
f 5880 5862 5884
f 5908 5909 5861
f 5908 5861 5849
f 5858 5853 5854
f 5858 5854 5859
f 5900 5859 5850
f 5900 5850 5899
f 5901 5898 5841
f 5901 5841 5858
f 5880 5883 5840
f 5880 5840 5866
f 5907 5839 5827
f 5907 5827 5910
f 5881 5882 5865
f 5881 5865 5874
f 5839 5838 5864
f 5839 5864 5827
f 5865 5849 5861
f 5865 5861 5874
f 5912 5910 5827
f 5912 5827 5867
f 5858 5841 5842
f 5858 5842 5853
f 5852 5851 5854
f 5852 5854 5860
f 5843 5872 5853
f 5843 5853 5842
f 5872 5860 5854
f 5872 5854 5853
f 5868 5872 5843
f 5868 5843 5844
f 5869 5860 5872
f 5869 5872 5868
f 5869 5871 5852
f 5869 5852 5860
f 5869 5870 5873
f 5869 5873 5871
f 5906 5912 5867
f 5906 5867 5834
f 5902 5896 5828
f 5902 5828 5875
f 5876 5837 5836
f 5876 5836 5877
f 5855 5856 5837
f 5855 5837 5876
f 5906 5834 5861
f 5906 5861 5909
f 5846 5874 5861
f 5846 5861 5834
f 5879 5881 5874
f 5879 5874 5846
f 5899 5902 5875
f 5899 5875 5848
f 5851 5876 5877
f 5851 5877 5850
f 5852 5855 5876
f 5852 5876 5851
f 5848 5875 5881
f 5848 5881 5879
f 5875 5828 5882
f 5875 5882 5881
f 5864 5838 5883
f 5864 5883 5880
f 5864 5880 5884
f 5864 5884 5863
f 5863 5884 5879
f 5863 5879 5846
f 5850 5877 5902
f 5850 5902 5899
f 5877 5836 5896
f 5877 5896 5902
f 5866 5840 5898
f 5866 5898 5901
f 5862 5900 5899
f 5862 5899 5848
f 5866 5901 5900
f 5866 5900 5862
f 5971 5970 5887
f 5971 5887 5903
f 5888 5887 5970
f 5888 5970 5895
f 5889 5888 5895
f 5889 5895 5894
f 5890 5889 5894
f 5890 5894 5893
f 5904 5890 5893
f 5904 5893 5905
f 5891 5904 5905
f 5891 5905 5892
f 5980 5906 5909
f 5980 5909 5975
f 5980 5979 5912
f 5980 5912 5906
f 5979 5978 5910
f 5979 5910 5912
f 5977 5907 5910
f 5977 5910 5978
f 5974 5975 5909
f 5974 5909 5908
f 5974 5908 5904
f 5974 5904 5891
f 5849 5890 5904
f 5849 5904 5908
f 5889 5890 5849
f 5889 5849 5865
f 5882 5888 5889
f 5882 5889 5865
f 5887 5888 5882
f 5887 5882 5828
f 5896 5903 5887
f 5896 5887 5828
f 5836 5886 5903
f 5836 5903 5896
f 5837 5885 5886
f 5837 5886 5836
f 5856 5857 5885
f 5856 5885 5837
f 5857 5969 5973
f 5857 5973 5885
f 5972 5886 5885
f 5972 5885 5973
f 5971 5903 5886
f 5971 5886 5972
f 5891 5892 5918
f 5891 5918 5913
f 5891 5913 5981
f 5891 5981 5995
f 5913 5918 5917
f 5913 5917 5914
f 5982 5981 5913
f 5982 5913 5914
f 5983 5982 5914
f 5983 5914 5915
f 5914 5917 5988
f 5914 5988 5915
f 5987 5916 5915
f 5987 5915 5988
f 5984 5983 5915
f 5984 5915 5916
f 5911 5976 5986
f 5911 5986 5919
f 5920 5847 5911
f 5920 5911 5919
f 5921 5835 5847
f 5921 5847 5920
f 5922 5878 5835
f 5922 5835 5921
f 5923 5833 5878
f 5923 5878 5922
f 5924 5897 5833
f 5924 5833 5923
f 5925 5832 5897
f 5925 5897 5924
f 5926 5831 5832
f 5926 5832 5925
f 5927 5845 5831
f 5927 5831 5926
f 5928 5830 5845
f 5928 5845 5927
f 5929 5829 5830
f 5929 5830 5928
f 5949 5930 5916
f 5949 5916 5950
f 5916 5930 5985
f 5916 5985 5984
f 5985 5930 5919
f 5985 5919 5986
f 5949 5920 5919
f 5949 5919 5930
f 5931 5921 5920
f 5931 5920 5949
f 5932 5922 5921
f 5932 5921 5931
f 5933 5923 5922
f 5933 5922 5932
f 5934 5924 5923
f 5934 5923 5933
f 5935 5925 5924
f 5935 5924 5934
f 5936 5926 5925
f 5936 5925 5935
f 5937 5927 5926
f 5937 5926 5936
f 5938 5928 5927
f 5938 5927 5937
f 5939 5929 5928
f 5939 5928 5938
f 5938 5937 5942
f 5938 5942 5941
f 5936 5943 5942
f 5936 5942 5937
f 5935 5944 5943
f 5935 5943 5936
f 5934 5945 5944
f 5934 5944 5935
f 5933 5946 5945
f 5933 5945 5934
f 5932 5947 5946
f 5932 5946 5933
f 5931 5948 5947
f 5931 5947 5932
f 5950 5948 5931
f 5950 5931 5949
f 5955 5962 5961
f 5955 5961 5956
f 5954 5963 5962
f 5954 5962 5955
f 5944 5945 5955
f 5944 5955 5956
f 5957 5943 5944
f 5957 5944 5956
f 5958 5942 5943
f 5958 5943 5957
f 5946 5954 5955
f 5946 5955 5945
f 5946 5947 5953
f 5946 5953 5954
f 5948 5952 5953
f 5948 5953 5947
f 5950 5951 5952
f 5950 5952 5948
f 5916 5987 5951
f 5916 5951 5950
f 5987 5989 5966
f 5987 5966 5951
f 5965 5952 5951
f 5965 5951 5966
f 5964 5953 5952
f 5964 5952 5965
f 5963 5954 5953
f 5963 5953 5964
f 5965 5966 5989
f 5965 5989 5990
f 5965 5967 5993
f 5965 5993 5964
f 5994 5963 5964
f 5994 5964 5993
f 5992 5993 5967
f 5992 5967 5991
f 5990 5991 5967
f 5990 5967 5965
f 5968 5957 5956
f 5968 5956 5961
f 5941 5942 5958
f 5941 5958 5959
f 5940 5939 5938
f 5940 5938 5941
f 5960 5940 5941
f 5960 5941 5959
f 5995 5974 5891
f 6036 6032 6033
f 6036 6033 5996
f 6003 6015 6032
f 6003 6032 6036
f 6053 6048 6017
f 6053 6017 6031
f 6070 6069 6028
f 6070 6028 6027
f 6028 6019 6020
f 6028 6020 6023
f 6049 6053 6031
f 6049 6031 6035
f 6077 6018 6030
f 6077 6030 6078
f 6027 6028 6023
f 6027 6023 6022
f 6069 6068 6019
f 6069 6019 6028
f 6070 6027 6010
f 6070 6010 6067
f 6049 6035 6009
f 6049 6009 6052
f 6076 6079 5996
f 6076 5996 6008
f 6050 6043 6034
f 6050 6034 6051
f 6008 5996 6033
f 6008 6033 6007
f 6034 6043 6030
f 6034 6030 6018
f 6081 6036 5996
f 6081 5996 6079
f 6027 6022 6011
f 6027 6011 6010
f 6021 6029 6023
f 6021 6023 6020
f 6012 6011 6022
f 6012 6022 6041
f 6041 6022 6023
f 6041 6023 6029
f 6037 6013 6012
f 6037 6012 6041
f 6038 6037 6041
f 6038 6041 6029
f 6038 6029 6021
f 6038 6021 6040
f 6038 6040 6042
f 6038 6042 6039
f 6075 6003 6036
f 6075 6036 6081
f 6071 6044 5997
f 6071 5997 6065
f 6045 6046 6005
f 6045 6005 6006
f 6024 6045 6006
f 6024 6006 6025
f 6075 6078 6030
f 6075 6030 6003
f 6015 6003 6030
f 6015 6030 6043
f 6048 6015 6043
f 6048 6043 6050
f 6068 6017 6044
f 6068 6044 6071
f 6020 6019 6046
f 6020 6046 6045
f 6021 6020 6045
f 6021 6045 6024
f 6017 6048 6050
f 6017 6050 6044
f 6044 6050 6051
f 6044 6051 5997
f 6033 6049 6052
f 6033 6052 6007
f 6033 6032 6053
f 6033 6053 6049
f 6032 6015 6048
f 6032 6048 6053
f 6019 6068 6071
f 6019 6071 6046
f 6046 6071 6065
f 6046 6065 6005
f 6035 6070 6067
f 6035 6067 6009
f 6031 6017 6068
f 6031 6068 6069
f 6035 6031 6069
f 6035 6069 6070
f 6140 6072 6056
f 6140 6056 6139
f 6057 6064 6139
f 6057 6139 6056
f 6058 6063 6064
f 6058 6064 6057
f 6059 6062 6063
f 6059 6063 6058
f 6073 6074 6062
f 6073 6062 6059
f 6060 6061 6074
f 6060 6074 6073
f 6149 6144 6078
f 6149 6078 6075
f 6149 6075 6081
f 6149 6081 6148
f 6148 6081 6079
f 6148 6079 6147
f 6146 6147 6079
f 6146 6079 6076
f 6143 6077 6078
f 6143 6078 6144
f 6143 6060 6073
f 6143 6073 6077
f 6018 6077 6073
f 6018 6073 6059
f 6058 6034 6018
f 6058 6018 6059
f 6051 6034 6058
f 6051 6058 6057
f 6056 5997 6051
f 6056 6051 6057
f 6065 5997 6056
f 6065 6056 6072
f 6005 6065 6072
f 6005 6072 6055
f 6006 6005 6055
f 6006 6055 6054
f 6025 6006 6054
f 6025 6054 6026
f 6026 6054 6142
f 6026 6142 6138
f 6141 6142 6054
f 6141 6054 6055
f 6140 6141 6055
f 6140 6055 6072
f 6060 6082 6087
f 6060 6087 6061
f 6060 6164 6150
f 6060 6150 6082
f 6082 6083 6086
f 6082 6086 6087
f 6151 6083 6082
f 6151 6082 6150
f 6152 6084 6083
f 6152 6083 6151
f 6083 6084 6157
f 6083 6157 6086
f 6156 6157 6084
f 6156 6084 6085
f 6153 6085 6084
f 6153 6084 6152
f 6080 6088 6155
f 6080 6155 6145
f 6089 6088 6080
f 6089 6080 6016
f 6090 6089 6016
f 6090 6016 6004
f 6091 6090 6004
f 6091 6004 6047
f 6092 6091 6047
f 6092 6047 6002
f 6093 6092 6002
f 6093 6002 6066
f 6094 6093 6066
f 6094 6066 6001
f 6095 6094 6001
f 6095 6001 6000
f 6096 6095 6000
f 6096 6000 6014
f 6097 6096 6014
f 6097 6014 5999
f 6098 6097 5999
f 6098 5999 5998
f 6118 6119 6085
f 6118 6085 6099
f 6085 6153 6154
f 6085 6154 6099
f 6154 6155 6088
f 6154 6088 6099
f 6118 6099 6088
f 6118 6088 6089
f 6100 6118 6089
f 6100 6089 6090
f 6101 6100 6090
f 6101 6090 6091
f 6102 6101 6091
f 6102 6091 6092
f 6103 6102 6092
f 6103 6092 6093
f 6104 6103 6093
f 6104 6093 6094
f 6105 6104 6094
f 6105 6094 6095
f 6106 6105 6095
f 6106 6095 6096
f 6107 6106 6096
f 6107 6096 6097
f 6108 6107 6097
f 6108 6097 6098
f 6107 6110 6111
f 6107 6111 6106
f 6105 6106 6111
f 6105 6111 6112
f 6104 6105 6112
f 6104 6112 6113
f 6103 6104 6113
f 6103 6113 6114
f 6102 6103 6114
f 6102 6114 6115
f 6101 6102 6115
f 6101 6115 6116
f 6100 6101 6116
f 6100 6116 6117
f 6119 6118 6100
f 6119 6100 6117
f 6124 6125 6130
f 6124 6130 6131
f 6123 6124 6131
f 6123 6131 6132
f 6113 6125 6124
f 6113 6124 6114
f 6126 6125 6113
f 6126 6113 6112
f 6127 6126 6112
f 6127 6112 6111
f 6115 6114 6124
f 6115 6124 6123
f 6115 6123 6122
f 6115 6122 6116
f 6117 6116 6122
f 6117 6122 6121
f 6119 6117 6121
f 6119 6121 6120
f 6085 6119 6120
f 6085 6120 6156
f 6156 6120 6135
f 6156 6135 6158
f 6134 6135 6120
f 6134 6120 6121
f 6133 6134 6121
f 6133 6121 6122
f 6132 6133 6122
f 6132 6122 6123
f 6134 6159 6158
f 6134 6158 6135
f 6134 6133 6162
f 6134 6162 6136
f 6163 6162 6133
f 6163 6133 6132
f 6161 6160 6136
f 6161 6136 6162
f 6159 6134 6136
f 6159 6136 6160
f 6137 6130 6125
f 6137 6125 6126
f 6110 6128 6127
f 6110 6127 6111
f 6109 6110 6107
f 6109 6107 6108
f 6129 6128 6110
f 6129 6110 6109
f 6164 6060 6143
f 5830 5829 5998
f 5830 5998 5999
f 5845 5830 5999
f 5845 5999 6014
f 5832 5831 6000
f 5832 6000 6001
f 5897 5832 6001
f 5897 6001 6066
f 5878 5833 6002
f 5878 6002 6047
f 5847 5835 6004
f 5847 6004 6016
f 5975 5974 6143
f 5975 6143 6144
f 5838 5839 6008
f 5838 6008 6007
f 5841 5898 6067
f 5841 6067 6010
f 5842 5841 6010
f 5842 6010 6011
f 5843 5842 6011
f 5843 6011 6012
f 5844 5843 6012
f 5844 6012 6013
f 5831 5845 6014
f 5831 6014 6000
f 5852 5871 6040
f 5852 6040 6021
f 5839 5907 6076
f 5839 6076 6008
f 5977 5978 6147
f 5977 6147 6146
f 5979 5980 6149
f 5979 6149 6148
f 5855 5852 6021
f 5855 6021 6024
f 5969 5857 6026
f 5969 6026 6138
f 5868 5844 6013
f 5868 6013 6037
f 5869 5868 6037
f 5869 6037 6038
f 5870 5869 6038
f 5870 6038 6039
f 5871 5873 6042
f 5871 6042 6040
f 5857 5856 6025
f 5857 6025 6026
f 5856 5855 6024
f 5856 6024 6025
f 5873 5870 6039
f 5873 6039 6042
f 5911 5847 6016
f 5911 6016 6080
f 5978 5979 6148
f 5978 6148 6147
f 5840 5883 6052
f 5840 6052 6009
f 5980 5975 6144
f 5980 6144 6149
f 5835 5878 6047
f 5835 6047 6004
f 5883 5838 6007
f 5883 6007 6052
f 5905 5893 6062
f 5905 6062 6074
f 5893 5894 6063
f 5893 6063 6062
f 5894 5895 6064
f 5894 6064 6063
f 5895 5970 6139
f 5895 6139 6064
f 5833 5897 6066
f 5833 6066 6002
f 5898 5840 6009
f 5898 6009 6067
f 5970 5971 6140
f 5970 6140 6139
f 5892 5905 6074
f 5892 6074 6061
f 5907 5977 6146
f 5907 6146 6076
f 5976 5911 6080
f 5976 6080 6145
f 5971 5972 6141
f 5971 6141 6140
f 5972 5973 6142
f 5972 6142 6141
f 5973 5969 6138
f 5973 6138 6142
f 5995 5981 6150
f 5995 6150 6164
f 5981 5982 6151
f 5981 6151 6150
f 5982 5983 6152
f 5982 6152 6151
f 5983 5984 6153
f 5983 6153 6152
f 5985 5986 6155
f 5985 6155 6154
f 5987 5988 6157
f 5987 6157 6156
f 5988 5917 6086
f 5988 6086 6157
f 5917 5918 6087
f 5917 6087 6086
f 5918 5892 6061
f 5918 6061 6087
f 5986 5976 6145
f 5986 6145 6155
f 5829 5929 6098
f 5829 6098 5998
f 5984 5985 6154
f 5984 6154 6153
f 5939 5940 6109
f 5939 6109 6108
f 5929 5939 6108
f 5929 6108 6098
f 5958 5957 6126
f 5958 6126 6127
f 5959 5958 6127
f 5959 6127 6128
f 5960 5959 6128
f 5960 6128 6129
f 5961 5962 6131
f 5961 6131 6130
f 5962 5963 6132
f 5962 6132 6131
f 5940 5960 6129
f 5940 6129 6109
f 5990 5989 6158
f 5990 6158 6159
f 5991 5990 6159
f 5991 6159 6160
f 5992 5991 6160
f 5992 6160 6161
f 5993 5992 6161
f 5993 6161 6162
f 5989 5987 6156
f 5989 6156 6158
f 5994 5993 6162
f 5994 6162 6163
f 5963 5994 6163
f 5963 6163 6132
f 5968 5961 6130
f 5968 6130 6137
f 5957 5968 6137
f 5957 6137 6126
f 5974 5995 6164
f 5974 6164 6143
f 6304 6303 6218
f 6304 6218 6222
f 6219 6223 6222
f 6219 6222 6218
f 6264 6265 6223
f 6264 6223 6219
f 6221 6225 6224
f 6221 6224 6220
f 6274 6273 6225
f 6274 6225 6221
f 6298 6303 6179
f 6298 6179 6178
f 6199 6219 6218
f 6199 6218 6198
f 6259 6264 6219
f 6259 6219 6199
f 6201 6221 6220
f 6201 6220 6200
f 6282 6274 6221
f 6282 6221 6201
f 6302 6298 6178
f 6302 6178 6177
f 6215 6199 6198
f 6215 6198 6214
f 6263 6259 6199
f 6263 6199 6215
f 6217 6201 6200
f 6217 6200 6216
f 6281 6282 6201
f 6281 6201 6217
f 6301 6302 6177
f 6301 6177 6176
f 6211 6215 6214
f 6211 6214 6210
f 6262 6263 6215
f 6262 6215 6211
f 6213 6217 6216
f 6213 6216 6212
f 6280 6281 6217
f 6280 6217 6213
f 6299 6301 6176
f 6299 6176 6175
f 6203 6211 6210
f 6203 6210 6202
f 6260 6262 6211
f 6260 6211 6203
f 6205 6213 6212
f 6205 6212 6204
f 6276 6280 6213
f 6276 6213 6205
f 6300 6299 6175
f 6300 6175 6174
f 6207 6203 6202
f 6207 6202 6206
f 6261 6260 6203
f 6261 6203 6207
f 6209 6205 6204
f 6209 6204 6208
f 6275 6276 6205
f 6275 6205 6209
f 6291 6295 6169
f 6291 6169 6168
f 6184 6192 6191
f 6184 6191 6183
f 6253 6257 6192
f 6253 6192 6184
f 6308 6291 6168
f 6308 6168 6237
f 6239 6184 6183
f 6239 6183 6238
f 6269 6253 6184
f 6269 6184 6239
f 6295 6292 6170
f 6295 6170 6169
f 6192 6186 6185
f 6192 6185 6191
f 6257 6254 6186
f 6257 6186 6192
f 6292 6294 6171
f 6292 6171 6170
f 6186 6190 6189
f 6186 6189 6185
f 6254 6256 6190
f 6254 6190 6186
f 6294 6293 6172
f 6294 6172 6171
f 6190 6188 6187
f 6190 6187 6189
f 6256 6255 6188
f 6256 6188 6190
f 6310 6305 6173
f 6310 6173 6248
f 6250 6227 6226
f 6250 6226 6249
f 6271 6266 6227
f 6271 6227 6250
f 6309 6300 6174
f 6309 6174 6242
f 6244 6207 6206
f 6244 6206 6243
f 6270 6261 6207
f 6270 6207 6244
f 6246 6209 6208
f 6246 6208 6245
f 6247 6275 6209
f 6247 6209 6246
f 6297 6296 6167
f 6297 6167 6166
f 6196 6194 6193
f 6196 6193 6197
f 6258 6272 6194
f 6258 6194 6196
f 6307 6297 6166
f 6307 6166 6233
f 6235 6196 6197
f 6235 6197 6234
f 6268 6258 6196
f 6268 6196 6235
f 6306 6304 6222
f 6306 6222 6230
f 6223 6231 6230
f 6223 6230 6222
f 6265 6267 6231
f 6265 6231 6223
f 6290 6165 6229
f 6290 6229 6306
f 6231 6182 6181
f 6231 6181 6230
f 6267 6252 6182
f 6267 6182 6231
f 6225 6278 6232
f 6225 6232 6224
f 6273 6278 6225
f 6252 6268 6235
f 6252 6235 6182
f 6182 6235 6234
f 6182 6234 6181
f 6290 6307 6233
f 6290 6233 6165
f 6272 6269 6239
f 6272 6239 6194
f 6194 6239 6238
f 6194 6238 6193
f 6296 6308 6237
f 6296 6237 6167
f 6279 6277 6232
f 6279 6232 6278
f 6228 6247 6246
f 6228 6246 6284
f 6284 6246 6245
f 6284 6245 6283
f 6266 6270 6244
f 6266 6244 6227
f 6227 6244 6243
f 6227 6243 6226
f 6305 6309 6242
f 6305 6242 6173
f 6255 6271 6250
f 6255 6250 6188
f 6188 6250 6249
f 6188 6249 6187
f 6293 6310 6248
f 6293 6248 6172
f 6289 6251 6271
f 6289 6271 6255
f 6283 6245 6270
f 6283 6270 6266
f 6241 6240 6269
f 6241 6269 6272
f 6277 6236 6268
f 6277 6268 6252
f 6232 6277 6252
f 6232 6252 6267
f 6224 6232 6267
f 6224 6267 6265
f 6236 6195 6258
f 6236 6258 6268
f 6195 6241 6272
f 6195 6272 6258
f 6245 6208 6261
f 6245 6261 6270
f 6251 6283 6266
f 6251 6266 6271
f 6288 6289 6255
f 6288 6255 6256
f 6287 6288 6256
f 6287 6256 6254
f 6285 6287 6254
f 6285 6254 6257
f 6240 6286 6253
f 6240 6253 6269
f 6286 6285 6257
f 6286 6257 6253
f 6208 6204 6260
f 6208 6260 6261
f 6204 6212 6262
f 6204 6262 6260
f 6212 6216 6263
f 6212 6263 6262
f 6216 6200 6259
f 6216 6259 6263
f 6200 6220 6264
f 6200 6264 6259
f 6220 6224 6265
f 6220 6265 6264
f 6187 6249 6310
f 6187 6310 6293
f 6226 6243 6309
f 6226 6309 6305
f 6193 6238 6308
f 6193 6308 6296
f 6181 6234 6307
f 6181 6307 6290
f 6181 6290 6306
f 6181 6306 6230
f 6229 6180 6304
f 6229 6304 6306
f 6234 6197 6297
f 6234 6297 6307
f 6197 6193 6296
f 6197 6296 6297
f 6243 6206 6300
f 6243 6300 6309
f 6249 6226 6305
f 6249 6305 6310
f 6189 6187 6293
f 6189 6293 6294
f 6185 6189 6294
f 6185 6294 6292
f 6191 6185 6292
f 6191 6292 6295
f 6238 6183 6291
f 6238 6291 6308
f 6183 6191 6295
f 6183 6295 6291
f 6206 6202 6299
f 6206 6299 6300
f 6202 6210 6301
f 6202 6301 6299
f 6210 6214 6302
f 6210 6302 6301
f 6214 6198 6298
f 6214 6298 6302
f 6198 6218 6303
f 6198 6303 6298
f 6180 6179 6303
f 6180 6303 6304
f 6450 6368 6364
f 6450 6364 6449
f 6365 6364 6368
f 6365 6368 6369
f 6410 6365 6369
f 6410 6369 6411
f 6367 6366 6370
f 6367 6370 6371
f 6420 6367 6371
f 6420 6371 6419
f 6444 6324 6325
f 6444 6325 6449
f 6345 6344 6364
f 6345 6364 6365
f 6405 6345 6365
f 6405 6365 6410
f 6347 6346 6366
f 6347 6366 6367
f 6428 6347 6367
f 6428 6367 6420
f 6448 6323 6324
f 6448 6324 6444
f 6361 6360 6344
f 6361 6344 6345
f 6409 6361 6345
f 6409 6345 6405
f 6363 6362 6346
f 6363 6346 6347
f 6427 6363 6347
f 6427 6347 6428
f 6447 6322 6323
f 6447 6323 6448
f 6357 6356 6360
f 6357 6360 6361
f 6408 6357 6361
f 6408 6361 6409
f 6359 6358 6362
f 6359 6362 6363
f 6426 6359 6363
f 6426 6363 6427
f 6445 6321 6322
f 6445 6322 6447
f 6349 6348 6356
f 6349 6356 6357
f 6406 6349 6357
f 6406 6357 6408
f 6351 6350 6358
f 6351 6358 6359
f 6422 6351 6359
f 6422 6359 6426
f 6446 6320 6321
f 6446 6321 6445
f 6353 6352 6348
f 6353 6348 6349
f 6407 6353 6349
f 6407 6349 6406
f 6355 6354 6350
f 6355 6350 6351
f 6421 6355 6351
f 6421 6351 6422
f 6437 6314 6315
f 6437 6315 6441
f 6330 6329 6337
f 6330 6337 6338
f 6399 6330 6338
f 6399 6338 6403
f 6454 6383 6314
f 6454 6314 6437
f 6385 6384 6329
f 6385 6329 6330
f 6415 6385 6330
f 6415 6330 6399
f 6441 6315 6316
f 6441 6316 6438
f 6338 6337 6331
f 6338 6331 6332
f 6403 6338 6332
f 6403 6332 6400
f 6438 6316 6317
f 6438 6317 6440
f 6332 6331 6335
f 6332 6335 6336
f 6400 6332 6336
f 6400 6336 6402
f 6440 6317 6318
f 6440 6318 6439
f 6336 6335 6333
f 6336 6333 6334
f 6402 6336 6334
f 6402 6334 6401
f 6456 6394 6319
f 6456 6319 6451
f 6396 6395 6372
f 6396 6372 6373
f 6417 6396 6373
f 6417 6373 6412
f 6455 6388 6320
f 6455 6320 6446
f 6390 6389 6352
f 6390 6352 6353
f 6416 6390 6353
f 6416 6353 6407
f 6392 6391 6354
f 6392 6354 6355
f 6393 6392 6355
f 6393 6355 6421
f 6443 6312 6313
f 6443 6313 6442
f 6342 6343 6339
f 6342 6339 6340
f 6404 6342 6340
f 6404 6340 6418
f 6453 6379 6312
f 6453 6312 6443
f 6381 6380 6343
f 6381 6343 6342
f 6414 6381 6342
f 6414 6342 6404
f 6452 6376 6368
f 6452 6368 6450
f 6369 6368 6376
f 6369 6376 6377
f 6411 6369 6377
f 6411 6377 6413
f 6436 6452 6375
f 6436 6375 6311
f 6377 6376 6327
f 6377 6327 6328
f 6413 6377 6328
f 6413 6328 6398
f 6371 6370 6378
f 6371 6378 6424
f 6419 6371 6424
f 6398 6328 6381
f 6398 6381 6414
f 6328 6327 6380
f 6328 6380 6381
f 6436 6311 6379
f 6436 6379 6453
f 6418 6340 6385
f 6418 6385 6415
f 6340 6339 6384
f 6340 6384 6385
f 6442 6313 6383
f 6442 6383 6454
f 6425 6424 6378
f 6425 6378 6423
f 6374 6430 6392
f 6374 6392 6393
f 6430 6429 6391
f 6430 6391 6392
f 6412 6373 6390
f 6412 6390 6416
f 6373 6372 6389
f 6373 6389 6390
f 6451 6319 6388
f 6451 6388 6455
f 6401 6334 6396
f 6401 6396 6417
f 6334 6333 6395
f 6334 6395 6396
f 6439 6318 6394
f 6439 6394 6456
f 6435 6401 6417
f 6435 6417 6397
f 6429 6412 6416
f 6429 6416 6391
f 6387 6418 6415
f 6387 6415 6386
f 6423 6398 6414
f 6423 6414 6382
f 6378 6413 6398
f 6378 6398 6423
f 6370 6411 6413
f 6370 6413 6378
f 6382 6414 6404
f 6382 6404 6341
f 6341 6404 6418
f 6341 6418 6387
f 6391 6416 6407
f 6391 6407 6354
f 6397 6417 6412
f 6397 6412 6429
f 6434 6402 6401
f 6434 6401 6435
f 6433 6400 6402
f 6433 6402 6434
f 6431 6403 6400
f 6431 6400 6433
f 6386 6415 6399
f 6386 6399 6432
f 6432 6399 6403
f 6432 6403 6431
f 6354 6407 6406
f 6354 6406 6350
f 6350 6406 6408
f 6350 6408 6358
f 6358 6408 6409
f 6358 6409 6362
f 6362 6409 6405
f 6362 6405 6346
f 6346 6405 6410
f 6346 6410 6366
f 6366 6410 6411
f 6366 6411 6370
f 6333 6439 6456
f 6333 6456 6395
f 6372 6451 6455
f 6372 6455 6389
f 6339 6442 6454
f 6339 6454 6384
f 6327 6436 6453
f 6327 6453 6380
f 6327 6376 6452
f 6327 6452 6436
f 6375 6452 6450
f 6375 6450 6326
f 6380 6453 6443
f 6380 6443 6343
f 6343 6443 6442
f 6343 6442 6339
f 6389 6455 6446
f 6389 6446 6352
f 6395 6456 6451
f 6395 6451 6372
f 6335 6440 6439
f 6335 6439 6333
f 6331 6438 6440
f 6331 6440 6335
f 6337 6441 6438
f 6337 6438 6331
f 6384 6454 6437
f 6384 6437 6329
f 6329 6437 6441
f 6329 6441 6337
f 6352 6446 6445
f 6352 6445 6348
f 6348 6445 6447
f 6348 6447 6356
f 6356 6447 6448
f 6356 6448 6360
f 6360 6448 6444
f 6360 6444 6344
f 6344 6444 6449
f 6344 6449 6364
f 6326 6450 6449
f 6326 6449 6325
f 6233 6166 6312
f 6233 6312 6379
f 6166 6167 6313
f 6166 6313 6312
f 6237 6168 6314
f 6237 6314 6383
f 6168 6169 6315
f 6168 6315 6314
f 6169 6170 6316
f 6169 6316 6315
f 6170 6171 6317
f 6170 6317 6316
f 6171 6172 6318
f 6171 6318 6317
f 6248 6173 6319
f 6248 6319 6394
f 6242 6174 6320
f 6242 6320 6388
f 6174 6175 6321
f 6174 6321 6320
f 6175 6176 6322
f 6175 6322 6321
f 6176 6177 6323
f 6176 6323 6322
f 6177 6178 6324
f 6177 6324 6323
f 6178 6179 6325
f 6178 6325 6324
f 6179 6180 6326
f 6179 6326 6325
f 6180 6229 6375
f 6180 6375 6326
f 6284 6283 6429
f 6284 6429 6430
f 6228 6284 6430
f 6228 6430 6374
f 6273 6274 6420
f 6273 6420 6419
f 6274 6282 6428
f 6274 6428 6420
f 6282 6281 6427
f 6282 6427 6428
f 6281 6280 6426
f 6281 6426 6427
f 6280 6276 6422
f 6280 6422 6426
f 6276 6275 6421
f 6276 6421 6422
f 6247 6228 6374
f 6247 6374 6393
f 6229 6165 6311
f 6229 6311 6375
f 6279 6278 6424
f 6279 6424 6425
f 6278 6273 6419
f 6278 6419 6424
f 6165 6233 6379
f 6165 6379 6311
f 6167 6237 6383
f 6167 6383 6313
f 6277 6279 6425
f 6277 6425 6423
f 6173 6242 6388
f 6173 6388 6319
f 6275 6247 6393
f 6275 6393 6421
f 6172 6248 6394
f 6172 6394 6318
f 6236 6277 6423
f 6236 6423 6382
f 6283 6251 6397
f 6283 6397 6429
f 6251 6289 6435
f 6251 6435 6397
f 6285 6286 6432
f 6285 6432 6431
f 6287 6285 6431
f 6287 6431 6433
f 6286 6240 6386
f 6286 6386 6432
f 6288 6287 6433
f 6288 6433 6434
f 6289 6288 6434
f 6289 6434 6435
f 6195 6236 6382
f 6195 6382 6341
f 6241 6195 6341
f 6241 6341 6387
f 6240 6241 6387
f 6240 6387 6386
f 6596 6595 6510
f 6596 6510 6514
f 6511 6515 6514
f 6511 6514 6510
f 6556 6557 6515
f 6556 6515 6511
f 6513 6517 6516
f 6513 6516 6512
f 6566 6565 6517
f 6566 6517 6513
f 6590 6595 6471
f 6590 6471 6470
f 6491 6511 6510
f 6491 6510 6490
f 6551 6556 6511
f 6551 6511 6491
f 6493 6513 6512
f 6493 6512 6492
f 6574 6566 6513
f 6574 6513 6493
f 6594 6590 6470
f 6594 6470 6469
f 6507 6491 6490
f 6507 6490 6506
f 6555 6551 6491
f 6555 6491 6507
f 6509 6493 6492
f 6509 6492 6508
f 6573 6574 6493
f 6573 6493 6509
f 6593 6594 6469
f 6593 6469 6468
f 6503 6507 6506
f 6503 6506 6502
f 6554 6555 6507
f 6554 6507 6503
f 6505 6509 6508
f 6505 6508 6504
f 6572 6573 6509
f 6572 6509 6505
f 6591 6593 6468
f 6591 6468 6467
f 6495 6503 6502
f 6495 6502 6494
f 6552 6554 6503
f 6552 6503 6495
f 6497 6505 6504
f 6497 6504 6496
f 6568 6572 6505
f 6568 6505 6497
f 6592 6591 6467
f 6592 6467 6466
f 6499 6495 6494
f 6499 6494 6498
f 6553 6552 6495
f 6553 6495 6499
f 6501 6497 6496
f 6501 6496 6500
f 6567 6568 6497
f 6567 6497 6501
f 6583 6587 6461
f 6583 6461 6460
f 6476 6484 6483
f 6476 6483 6475
f 6545 6549 6484
f 6545 6484 6476
f 6600 6583 6460
f 6600 6460 6529
f 6531 6476 6475
f 6531 6475 6530
f 6561 6545 6476
f 6561 6476 6531
f 6587 6584 6462
f 6587 6462 6461
f 6484 6478 6477
f 6484 6477 6483
f 6549 6546 6478
f 6549 6478 6484
f 6584 6586 6463
f 6584 6463 6462
f 6478 6482 6481
f 6478 6481 6477
f 6546 6548 6482
f 6546 6482 6478
f 6586 6585 6464
f 6586 6464 6463
f 6482 6480 6479
f 6482 6479 6481
f 6548 6547 6480
f 6548 6480 6482
f 6602 6597 6465
f 6602 6465 6540
f 6542 6519 6518
f 6542 6518 6541
f 6563 6558 6519
f 6563 6519 6542
f 6601 6592 6466
f 6601 6466 6534
f 6536 6499 6498
f 6536 6498 6535
f 6562 6553 6499
f 6562 6499 6536
f 6538 6501 6500
f 6538 6500 6537
f 6539 6567 6501
f 6539 6501 6538
f 6589 6588 6459
f 6589 6459 6458
f 6488 6486 6485
f 6488 6485 6489
f 6550 6564 6486
f 6550 6486 6488
f 6599 6589 6458
f 6599 6458 6525
f 6527 6488 6489
f 6527 6489 6526
f 6560 6550 6488
f 6560 6488 6527
f 6598 6596 6514
f 6598 6514 6522
f 6515 6523 6522
f 6515 6522 6514
f 6557 6559 6523
f 6557 6523 6515
f 6582 6457 6521
f 6582 6521 6598
f 6523 6474 6473
f 6523 6473 6522
f 6559 6544 6474
f 6559 6474 6523
f 6517 6570 6524
f 6517 6524 6516
f 6565 6570 6517
f 6544 6560 6527
f 6544 6527 6474
f 6474 6527 6526
f 6474 6526 6473
f 6582 6599 6525
f 6582 6525 6457
f 6564 6561 6531
f 6564 6531 6486
f 6486 6531 6530
f 6486 6530 6485
f 6588 6600 6529
f 6588 6529 6459
f 6571 6569 6524
f 6571 6524 6570
f 6520 6539 6538
f 6520 6538 6576
f 6576 6538 6537
f 6576 6537 6575
f 6558 6562 6536
f 6558 6536 6519
f 6519 6536 6535
f 6519 6535 6518
f 6597 6601 6534
f 6597 6534 6465
f 6547 6563 6542
f 6547 6542 6480
f 6480 6542 6541
f 6480 6541 6479
f 6585 6602 6540
f 6585 6540 6464
f 6581 6543 6563
f 6581 6563 6547
f 6575 6537 6562
f 6575 6562 6558
f 6533 6532 6561
f 6533 6561 6564
f 6569 6528 6560
f 6569 6560 6544
f 6524 6569 6544
f 6524 6544 6559
f 6516 6524 6559
f 6516 6559 6557
f 6528 6487 6550
f 6528 6550 6560
f 6487 6533 6564
f 6487 6564 6550
f 6537 6500 6553
f 6537 6553 6562
f 6543 6575 6558
f 6543 6558 6563
f 6580 6581 6547
f 6580 6547 6548
f 6579 6580 6548
f 6579 6548 6546
f 6577 6579 6546
f 6577 6546 6549
f 6532 6578 6545
f 6532 6545 6561
f 6578 6577 6549
f 6578 6549 6545
f 6500 6496 6552
f 6500 6552 6553
f 6496 6504 6554
f 6496 6554 6552
f 6504 6508 6555
f 6504 6555 6554
f 6508 6492 6551
f 6508 6551 6555
f 6492 6512 6556
f 6492 6556 6551
f 6512 6516 6557
f 6512 6557 6556
f 6479 6541 6602
f 6479 6602 6585
f 6518 6535 6601
f 6518 6601 6597
f 6485 6530 6600
f 6485 6600 6588
f 6473 6526 6599
f 6473 6599 6582
f 6473 6582 6598
f 6473 6598 6522
f 6521 6472 6596
f 6521 6596 6598
f 6526 6489 6589
f 6526 6589 6599
f 6489 6485 6588
f 6489 6588 6589
f 6535 6498 6592
f 6535 6592 6601
f 6541 6518 6597
f 6541 6597 6602
f 6481 6479 6585
f 6481 6585 6586
f 6477 6481 6586
f 6477 6586 6584
f 6483 6477 6584
f 6483 6584 6587
f 6530 6475 6583
f 6530 6583 6600
f 6475 6483 6587
f 6475 6587 6583
f 6498 6494 6591
f 6498 6591 6592
f 6494 6502 6593
f 6494 6593 6591
f 6502 6506 6594
f 6502 6594 6593
f 6506 6490 6590
f 6506 6590 6594
f 6490 6510 6595
f 6490 6595 6590
f 6472 6471 6595
f 6472 6595 6596
f 6742 6660 6656
f 6742 6656 6741
f 6657 6656 6660
f 6657 6660 6661
f 6702 6657 6661
f 6702 6661 6703
f 6659 6658 6662
f 6659 6662 6663
f 6712 6659 6663
f 6712 6663 6711
f 6736 6616 6617
f 6736 6617 6741
f 6637 6636 6656
f 6637 6656 6657
f 6697 6637 6657
f 6697 6657 6702
f 6639 6638 6658
f 6639 6658 6659
f 6720 6639 6659
f 6720 6659 6712
f 6740 6615 6616
f 6740 6616 6736
f 6653 6652 6636
f 6653 6636 6637
f 6701 6653 6637
f 6701 6637 6697
f 6655 6654 6638
f 6655 6638 6639
f 6719 6655 6639
f 6719 6639 6720
f 6739 6614 6615
f 6739 6615 6740
f 6649 6648 6652
f 6649 6652 6653
f 6700 6649 6653
f 6700 6653 6701
f 6651 6650 6654
f 6651 6654 6655
f 6718 6651 6655
f 6718 6655 6719
f 6737 6613 6614
f 6737 6614 6739
f 6641 6640 6648
f 6641 6648 6649
f 6698 6641 6649
f 6698 6649 6700
f 6643 6642 6650
f 6643 6650 6651
f 6714 6643 6651
f 6714 6651 6718
f 6738 6612 6613
f 6738 6613 6737
f 6645 6644 6640
f 6645 6640 6641
f 6699 6645 6641
f 6699 6641 6698
f 6647 6646 6642
f 6647 6642 6643
f 6713 6647 6643
f 6713 6643 6714
f 6729 6606 6607
f 6729 6607 6733
f 6622 6621 6629
f 6622 6629 6630
f 6691 6622 6630
f 6691 6630 6695
f 6746 6675 6606
f 6746 6606 6729
f 6677 6676 6621
f 6677 6621 6622
f 6707 6677 6622
f 6707 6622 6691
f 6733 6607 6608
f 6733 6608 6730
f 6630 6629 6623
f 6630 6623 6624
f 6695 6630 6624
f 6695 6624 6692
f 6730 6608 6609
f 6730 6609 6732
f 6624 6623 6627
f 6624 6627 6628
f 6692 6624 6628
f 6692 6628 6694
f 6732 6609 6610
f 6732 6610 6731
f 6628 6627 6625
f 6628 6625 6626
f 6694 6628 6626
f 6694 6626 6693
f 6748 6686 6611
f 6748 6611 6743
f 6688 6687 6664
f 6688 6664 6665
f 6709 6688 6665
f 6709 6665 6704
f 6747 6680 6612
f 6747 6612 6738
f 6682 6681 6644
f 6682 6644 6645
f 6708 6682 6645
f 6708 6645 6699
f 6684 6683 6646
f 6684 6646 6647
f 6685 6684 6647
f 6685 6647 6713
f 6735 6604 6605
f 6735 6605 6734
f 6634 6635 6631
f 6634 6631 6632
f 6696 6634 6632
f 6696 6632 6710
f 6745 6671 6604
f 6745 6604 6735
f 6673 6672 6635
f 6673 6635 6634
f 6706 6673 6634
f 6706 6634 6696
f 6744 6668 6660
f 6744 6660 6742
f 6661 6660 6668
f 6661 6668 6669
f 6703 6661 6669
f 6703 6669 6705
f 6728 6744 6667
f 6728 6667 6603
f 6669 6668 6619
f 6669 6619 6620
f 6705 6669 6620
f 6705 6620 6690
f 6663 6662 6670
f 6663 6670 6716
f 6711 6663 6716
f 6690 6620 6673
f 6690 6673 6706
f 6620 6619 6672
f 6620 6672 6673
f 6728 6603 6671
f 6728 6671 6745
f 6710 6632 6677
f 6710 6677 6707
f 6632 6631 6676
f 6632 6676 6677
f 6734 6605 6675
f 6734 6675 6746
f 6717 6716 6670
f 6717 6670 6715
f 6666 6722 6684
f 6666 6684 6685
f 6722 6721 6683
f 6722 6683 6684
f 6704 6665 6682
f 6704 6682 6708
f 6665 6664 6681
f 6665 6681 6682
f 6743 6611 6680
f 6743 6680 6747
f 6693 6626 6688
f 6693 6688 6709
f 6626 6625 6687
f 6626 6687 6688
f 6731 6610 6686
f 6731 6686 6748
f 6727 6693 6709
f 6727 6709 6689
f 6721 6704 6708
f 6721 6708 6683
f 6679 6710 6707
f 6679 6707 6678
f 6715 6690 6706
f 6715 6706 6674
f 6670 6705 6690
f 6670 6690 6715
f 6662 6703 6705
f 6662 6705 6670
f 6674 6706 6696
f 6674 6696 6633
f 6633 6696 6710
f 6633 6710 6679
f 6683 6708 6699
f 6683 6699 6646
f 6689 6709 6704
f 6689 6704 6721
f 6726 6694 6693
f 6726 6693 6727
f 6725 6692 6694
f 6725 6694 6726
f 6723 6695 6692
f 6723 6692 6725
f 6678 6707 6691
f 6678 6691 6724
f 6724 6691 6695
f 6724 6695 6723
f 6646 6699 6698
f 6646 6698 6642
f 6642 6698 6700
f 6642 6700 6650
f 6650 6700 6701
f 6650 6701 6654
f 6654 6701 6697
f 6654 6697 6638
f 6638 6697 6702
f 6638 6702 6658
f 6658 6702 6703
f 6658 6703 6662
f 6625 6731 6748
f 6625 6748 6687
f 6664 6743 6747
f 6664 6747 6681
f 6631 6734 6746
f 6631 6746 6676
f 6619 6728 6745
f 6619 6745 6672
f 6619 6668 6744
f 6619 6744 6728
f 6667 6744 6742
f 6667 6742 6618
f 6672 6745 6735
f 6672 6735 6635
f 6635 6735 6734
f 6635 6734 6631
f 6681 6747 6738
f 6681 6738 6644
f 6687 6748 6743
f 6687 6743 6664
f 6627 6732 6731
f 6627 6731 6625
f 6623 6730 6732
f 6623 6732 6627
f 6629 6733 6730
f 6629 6730 6623
f 6676 6746 6729
f 6676 6729 6621
f 6621 6729 6733
f 6621 6733 6629
f 6644 6738 6737
f 6644 6737 6640
f 6640 6737 6739
f 6640 6739 6648
f 6648 6739 6740
f 6648 6740 6652
f 6652 6740 6736
f 6652 6736 6636
f 6636 6736 6741
f 6636 6741 6656
f 6618 6742 6741
f 6618 6741 6617
f 6525 6458 6604
f 6525 6604 6671
f 6458 6459 6605
f 6458 6605 6604
f 6529 6460 6606
f 6529 6606 6675
f 6460 6461 6607
f 6460 6607 6606
f 6461 6462 6608
f 6461 6608 6607
f 6462 6463 6609
f 6462 6609 6608
f 6463 6464 6610
f 6463 6610 6609
f 6540 6465 6611
f 6540 6611 6686
f 6534 6466 6612
f 6534 6612 6680
f 6466 6467 6613
f 6466 6613 6612
f 6467 6468 6614
f 6467 6614 6613
f 6468 6469 6615
f 6468 6615 6614
f 6469 6470 6616
f 6469 6616 6615
f 6470 6471 6617
f 6470 6617 6616
f 6471 6472 6618
f 6471 6618 6617
f 6472 6521 6667
f 6472 6667 6618
f 6576 6575 6721
f 6576 6721 6722
f 6520 6576 6722
f 6520 6722 6666
f 6565 6566 6712
f 6565 6712 6711
f 6566 6574 6720
f 6566 6720 6712
f 6574 6573 6719
f 6574 6719 6720
f 6573 6572 6718
f 6573 6718 6719
f 6572 6568 6714
f 6572 6714 6718
f 6568 6567 6713
f 6568 6713 6714
f 6539 6520 6666
f 6539 6666 6685
f 6521 6457 6603
f 6521 6603 6667
f 6571 6570 6716
f 6571 6716 6717
f 6570 6565 6711
f 6570 6711 6716
f 6457 6525 6671
f 6457 6671 6603
f 6459 6529 6675
f 6459 6675 6605
f 6569 6571 6717
f 6569 6717 6715
f 6465 6534 6680
f 6465 6680 6611
f 6567 6539 6685
f 6567 6685 6713
f 6464 6540 6686
f 6464 6686 6610
f 6528 6569 6715
f 6528 6715 6674
f 6575 6543 6689
f 6575 6689 6721
f 6543 6581 6727
f 6543 6727 6689
f 6577 6578 6724
f 6577 6724 6723
f 6579 6577 6723
f 6579 6723 6725
f 6578 6532 6678
f 6578 6678 6724
f 6580 6579 6725
f 6580 6725 6726
f 6581 6580 6726
f 6581 6726 6727
f 6487 6528 6674
f 6487 6674 6633
f 6533 6487 6633
f 6533 6633 6679
f 6532 6533 6679
f 6532 6679 6678
f 6760 6761 6762
f 6760 6762 6770
f 6852 6778 6786
f 6852 6786 6853
f 6785 6786 6778
f 6785 6778 6777
f 6784 6785 6777
f 6784 6777 6776
f 6783 6784 6776
f 6783 6776 6775
f 6775 6753 6752
f 6775 6752 6774
f 6781 6782 6774
f 6781 6774 6773
f 6780 6781 6773
f 6780 6773 6772
f 6779 6780 6772
f 6779 6772 6771
f 6762 6779 6771
f 6762 6771 6770
f 6757 6756 6778
f 6757 6778 6852
f 6777 6778 6756
f 6777 6756 6755
f 6776 6777 6755
f 6776 6755 6754
f 6775 6776 6754
f 6775 6754 6753
f 6773 6774 6752
f 6773 6752 6758
f 6772 6773 6758
f 6772 6758 6751
f 6771 6772 6751
f 6771 6751 6750
f 6770 6771 6750
f 6770 6750 6759
f 6760 6770 6759
f 6760 6759 6749
f 6780 6779 6800
f 6780 6800 6801
f 6802 6801 6800
f 6802 6800 6799
f 6799 6800 6763
f 6799 6763 6764
f 6804 6803 6798
f 6804 6798 6797
f 6805 6804 6797
f 6805 6797 6796
f 6806 6805 6796
f 6806 6796 6795
f 6787 6781 6780
f 6787 6780 6801
f 6788 6787 6801
f 6788 6801 6802
f 6803 6802 6799
f 6803 6799 6798
f 6790 6789 6803
f 6790 6803 6804
f 6791 6790 6804
f 6791 6804 6805
f 6792 6791 6805
f 6792 6805 6806
f 6798 6799 6764
f 6798 6764 6765
f 6797 6798 6765
f 6797 6765 6766
f 6796 6797 6766
f 6796 6766 6767
f 6795 6796 6767
f 6795 6767 6768
f 6768 6769 6794
f 6768 6794 6795
f 6806 6795 6811
f 6806 6811 6810
f 6807 6808 6866
f 6807 6866 6868
f 6792 6806 6808
f 6792 6808 6807
f 6811 6809 6863
f 6811 6863 6867
f 6811 6795 6794
f 6811 6794 6809
f 6806 6810 6862
f 6806 6862 6865
f 6810 6811 6867
f 6810 6867 6862
f 6839 6838 6846
f 6839 6846 6850
f 6845 6872 6837
f 6845 6837 6838
f 6847 6846 6849
f 6847 6849 6848
f 6829 6830 6831
f 6829 6831 6832
f 6835 6782 6781
f 6835 6781 6787
f 6830 6835 6787
f 6830 6787 6788
f 6831 6830 6788
f 6831 6788 6789
f 6817 6784 6783
f 6817 6783 6869
f 6817 6869 6874
f 6817 6874 6818
f 6849 6815 6816
f 6849 6816 6848
f 6874 6869 6836
f 6874 6836 6829
f 6834 6831 6789
f 6834 6789 6790
f 6783 6782 6835
f 6783 6835 6836
f 6783 6775 6774
f 6783 6774 6782
f 6818 6874 6875
f 6818 6875 6819
f 6827 6817 6818
f 6827 6818 6823
f 6828 6827 6823
f 6828 6823 6824
f 6785 6784 6817
f 6785 6817 6827
f 6786 6785 6827
f 6786 6827 6828
f 6826 6825 6824
f 6826 6824 6823
f 6826 6823 6818
f 6826 6818 6819
f 6826 6819 6820
f 6826 6820 6821
f 6825 6826 6821
f 6825 6821 6822
f 6812 6822 6821
f 6812 6821 6813
f 6854 6853 6786
f 6854 6786 6828
f 6855 6854 6828
f 6855 6828 6824
f 6856 6855 6824
f 6856 6824 6825
f 6857 6856 6825
f 6857 6825 6822
f 6858 6857 6822
f 6858 6822 6812
f 6843 6842 6860
f 6843 6860 6859
f 6859 6858 6812
f 6859 6812 6843
f 6820 6870 6813
f 6820 6813 6821
f 6861 6860 6842
f 6861 6842 6841
f 6842 6843 6844
f 6842 6844 6845
f 6840 6871 6845
f 6839 6840 6845
f 6839 6845 6838
f 6814 6820 6833
f 6814 6833 6815
f 6849 6846 6838
f 6849 6838 6837
f 6849 6837 6814
f 6849 6814 6815
f 6834 6833 6832
f 6834 6832 6831
f 6816 6834 6790
f 6816 6790 6791
f 6848 6816 6791
f 6848 6791 6792
f 6847 6848 6792
f 6847 6792 6807
f 6851 6850 6846
f 6851 6846 6847
f 6851 6847 6807
f 6851 6807 6793
f 6865 6866 6808
f 6865 6808 6806
f 6793 6807 6868
f 6793 6868 6864
f 6816 6815 6833
f 6816 6833 6834
f 6869 6783 6836
f 6800 6873 6762
f 6800 6762 6763
f 6870 6820 6814
f 6843 6812 6813
f 6843 6813 6844
f 6813 6870 6872
f 6813 6872 6844
f 6845 6871 6841
f 6845 6841 6842
f 6872 6845 6844
f 6870 6814 6837
f 6870 6837 6872
f 6789 6788 6802
f 6789 6802 6803
f 6762 6800 6779
f 6820 6875 6832
f 6820 6832 6833
f 6829 6836 6835
f 6829 6835 6830
f 6875 6874 6829
f 6875 6829 6832
f 6875 6820 6819
f 6887 6897 6889
f 6887 6889 6888
f 6979 6980 6913
f 6979 6913 6905
f 6912 6904 6905
f 6912 6905 6913
f 6911 6903 6904
f 6911 6904 6912
f 6910 6902 6903
f 6910 6903 6911
f 6902 6901 6879
f 6902 6879 6880
f 6908 6900 6901
f 6908 6901 6909
f 6907 6899 6900
f 6907 6900 6908
f 6906 6898 6899
f 6906 6899 6907
f 6889 6897 6898
f 6889 6898 6906
f 6884 6979 6905
f 6884 6905 6883
f 6904 6882 6883
f 6904 6883 6905
f 6903 6881 6882
f 6903 6882 6904
f 6902 6880 6881
f 6902 6881 6903
f 6900 6885 6879
f 6900 6879 6901
f 6899 6878 6885
f 6899 6885 6900
f 6898 6877 6878
f 6898 6878 6899
f 6897 6886 6877
f 6897 6877 6898
f 6887 6876 6886
f 6887 6886 6897
f 6907 6928 6927
f 6907 6927 6906
f 6929 6926 6927
f 6929 6927 6928
f 6926 6891 6890
f 6926 6890 6927
f 6931 6924 6925
f 6931 6925 6930
f 6932 6923 6924
f 6932 6924 6931
f 6933 6922 6923
f 6933 6923 6932
f 6914 6928 6907
f 6914 6907 6908
f 6915 6929 6928
f 6915 6928 6914
f 6930 6925 6926
f 6930 6926 6929
f 6917 6931 6930
f 6917 6930 6916
f 6918 6932 6931
f 6918 6931 6917
f 6919 6933 6932
f 6919 6932 6918
f 6925 6892 6891
f 6925 6891 6926
f 6924 6893 6892
f 6924 6892 6925
f 6923 6894 6893
f 6923 6893 6924
f 6922 6895 6894
f 6922 6894 6923
f 6895 6922 6921
f 6895 6921 6896
f 6933 6937 6938
f 6933 6938 6922
f 6934 6995 6993
f 6934 6993 6935
f 6919 6934 6935
f 6919 6935 6933
f 6938 6994 6990
f 6938 6990 6936
f 6938 6936 6921
f 6938 6921 6922
f 6933 6992 6989
f 6933 6989 6937
f 6937 6989 6994
f 6937 6994 6938
f 6966 6977 6973
f 6966 6973 6965
f 6972 6965 6964
f 6972 6964 6999
f 6974 6975 6976
f 6974 6976 6973
f 6956 6959 6958
f 6956 6958 6957
f 6962 6914 6908
f 6962 6908 6909
f 6957 6915 6914
f 6957 6914 6962
f 6958 6916 6915
f 6958 6915 6957
f 6944 6996 6910
f 6944 6910 6911
f 6944 6945 7001
f 6944 7001 6996
f 6976 6975 6943
f 6976 6943 6942
f 7001 6956 6963
f 7001 6963 6996
f 6961 6917 6916
f 6961 6916 6958
f 6910 6963 6962
f 6910 6962 6909
f 6910 6909 6901
f 6910 6901 6902
f 6945 6946 7002
f 6945 7002 7001
f 6954 6950 6945
f 6954 6945 6944
f 6955 6951 6950
f 6955 6950 6954
f 6912 6954 6944
f 6912 6944 6911
f 6913 6955 6954
f 6913 6954 6912
f 6953 6950 6951
f 6953 6951 6952
f 6953 6946 6945
f 6953 6945 6950
f 6953 6948 6947
f 6953 6947 6946
f 6952 6949 6948
f 6952 6948 6953
f 6939 6940 6948
f 6939 6948 6949
f 6981 6955 6913
f 6981 6913 6980
f 6982 6951 6955
f 6982 6955 6981
f 6983 6952 6951
f 6983 6951 6982
f 6984 6949 6952
f 6984 6952 6983
f 6985 6939 6949
f 6985 6949 6984
f 6970 6986 6987
f 6970 6987 6969
f 6986 6970 6939
f 6986 6939 6985
f 6947 6948 6940
f 6947 6940 6997
f 6988 6968 6969
f 6988 6969 6987
f 6969 6972 6971
f 6969 6971 6970
f 6967 6972 6998
f 6966 6965 6972
f 6966 6972 6967
f 6941 6942 6960
f 6941 6960 6947
f 6976 6964 6965
f 6976 6965 6973
f 6976 6942 6941
f 6976 6941 6964
f 6961 6958 6959
f 6961 6959 6960
f 6943 6918 6917
f 6943 6917 6961
f 6975 6919 6918
f 6975 6918 6943
f 6974 6934 6919
f 6974 6919 6975
f 6978 6974 6973
f 6978 6973 6977
f 6978 6920 6934
f 6978 6934 6974
f 6992 6933 6935
f 6992 6935 6993
f 6920 6991 6995
f 6920 6995 6934
f 6943 6961 6960
f 6943 6960 6942
f 6996 6963 6910
f 6927 6890 6889
f 6997 6941 6947
f 6970 6971 6940
f 6970 6940 6939
f 6940 6971 6999
f 6940 6999 6997
f 6972 6969 6968
f 6972 6968 6998
f 6999 6971 6972
f 6997 6999 6964
f 6997 6964 6941
f 6916 6930 6929
f 6916 6929 6915
f 6889 6906 6927
f 6889 6927 7000
f 6947 6960 6959
f 6947 6959 7002
f 6956 6957 6962
f 6956 6962 6963
f 7002 6959 6956
f 7002 6956 7001
f 7002 6946 6947
f 6852 6853 6980
f 6852 6980 6979
f 6757 6852 6979
f 6757 6979 6884
f 6809 6794 6921
f 6809 6921 6936
f 6794 6769 6896
f 6794 6896 6921
f 6863 6809 6936
f 6863 6936 6990
f 6853 6854 6981
f 6853 6981 6980
f 6854 6855 6982
f 6854 6982 6981
f 6855 6856 6983
f 6855 6983 6982
f 6856 6857 6984
f 6856 6984 6983
f 6857 6858 6985
f 6857 6985 6984
f 6858 6859 6986
f 6858 6986 6985
f 6859 6860 6987
f 6859 6987 6986
f 6860 6861 6988
f 6860 6988 6987
f 6840 6839 6966
f 6840 6966 6967
f 6841 6871 6998
f 6841 6998 6968
f 6850 6851 6978
f 6850 6978 6977
f 6839 6850 6977
f 6839 6977 6966
f 6861 6841 6968
f 6861 6968 6988
f 6851 6793 6920
f 6851 6920 6978
f 6759 6750 6877
f 6759 6877 6886
f 6749 6759 6886
f 6749 6886 6876
f 6750 6751 6878
f 6750 6878 6877
f 6751 6758 6885
f 6751 6885 6878
f 6758 6752 6879
f 6758 6879 6885
f 6752 6753 6880
f 6752 6880 6879
f 6753 6754 6881
f 6753 6881 6880
f 6754 6755 6882
f 6754 6882 6881
f 6755 6756 6883
f 6755 6883 6882
f 6756 6757 6884
f 6756 6884 6883
f 6760 6749 6876
f 6760 6876 6887
f 6761 6760 6887
f 6761 6887 6888
f 6762 6761 6888
f 6762 6888 6889
f 6763 6762 6889
f 6763 6889 6890
f 6764 6763 6890
f 6764 6890 6891
f 6765 6764 6891
f 6765 6891 6892
f 6766 6765 6892
f 6766 6892 6893
f 6767 6766 6893
f 6767 6893 6894
f 6768 6767 6894
f 6768 6894 6895
f 6769 6768 6895
f 6769 6895 6896
f 6793 6864 6991
f 6793 6991 6920
f 6866 6865 6992
f 6866 6992 6993
f 6862 6867 6994
f 6862 6994 6989
f 6867 6863 6990
f 6867 6990 6994
f 6864 6868 6995
f 6864 6995 6991
f 6868 6866 6993
f 6868 6993 6995
f 6865 6862 6989
f 6865 6989 6992
f 6871 6840 6967
f 6871 6967 6998
f 7014 7015 7016
f 7014 7016 7024
f 7106 7032 7040
f 7106 7040 7107
f 7039 7040 7032
f 7039 7032 7031
f 7038 7039 7031
f 7038 7031 7030
f 7037 7038 7030
f 7037 7030 7029
f 7029 7007 7006
f 7029 7006 7028
f 7035 7036 7028
f 7035 7028 7027
f 7034 7035 7027
f 7034 7027 7026
f 7033 7034 7026
f 7033 7026 7025
f 7016 7033 7025
f 7016 7025 7024
f 7011 7010 7032
f 7011 7032 7106
f 7031 7032 7010
f 7031 7010 7009
f 7030 7031 7009
f 7030 7009 7008
f 7029 7030 7008
f 7029 7008 7007
f 7027 7028 7006
f 7027 7006 7012
f 7026 7027 7012
f 7026 7012 7005
f 7025 7026 7005
f 7025 7005 7004
f 7024 7025 7004
f 7024 7004 7013
f 7014 7024 7013
f 7014 7013 7003
f 7034 7033 7054
f 7034 7054 7055
f 7056 7055 7054
f 7056 7054 7053
f 7053 7054 7017
f 7053 7017 7018
f 7058 7057 7052
f 7058 7052 7051
f 7059 7058 7051
f 7059 7051 7050
f 7060 7059 7050
f 7060 7050 7049
f 7041 7035 7034
f 7041 7034 7055
f 7042 7041 7055
f 7042 7055 7056
f 7057 7056 7053
f 7057 7053 7052
f 7044 7043 7057
f 7044 7057 7058
f 7045 7044 7058
f 7045 7058 7059
f 7046 7045 7059
f 7046 7059 7060
f 7052 7053 7018
f 7052 7018 7019
f 7051 7052 7019
f 7051 7019 7020
f 7050 7051 7020
f 7050 7020 7021
f 7049 7050 7021
f 7049 7021 7022
f 7022 7023 7048
f 7022 7048 7049
f 7060 7049 7065
f 7060 7065 7064
f 7061 7062 7120
f 7061 7120 7122
f 7046 7060 7062
f 7046 7062 7061
f 7065 7063 7117
f 7065 7117 7121
f 7065 7049 7048
f 7065 7048 7063
f 7060 7064 7116
f 7060 7116 7119
f 7064 7065 7121
f 7064 7121 7116
f 7093 7092 7100
f 7093 7100 7104
f 7099 7126 7091
f 7099 7091 7092
f 7101 7100 7103
f 7101 7103 7102
f 7083 7084 7085
f 7083 7085 7086
f 7089 7036 7035
f 7089 7035 7041
f 7084 7089 7041
f 7084 7041 7042
f 7085 7084 7042
f 7085 7042 7043
f 7071 7038 7037
f 7071 7037 7123
f 7071 7123 7128
f 7071 7128 7072
f 7103 7069 7070
f 7103 7070 7102
f 7128 7123 7090
f 7128 7090 7083
f 7088 7085 7043
f 7088 7043 7044
f 7037 7036 7089
f 7037 7089 7090
f 7037 7029 7028
f 7037 7028 7036
f 7072 7128 7129
f 7072 7129 7073
f 7081 7071 7072
f 7081 7072 7077
f 7082 7081 7077
f 7082 7077 7078
f 7039 7038 7071
f 7039 7071 7081
f 7040 7039 7081
f 7040 7081 7082
f 7080 7079 7078
f 7080 7078 7077
f 7080 7077 7072
f 7080 7072 7073
f 7080 7073 7074
f 7080 7074 7075
f 7079 7080 7075
f 7079 7075 7076
f 7066 7076 7075
f 7066 7075 7067
f 7108 7107 7040
f 7108 7040 7082
f 7109 7108 7082
f 7109 7082 7078
f 7110 7109 7078
f 7110 7078 7079
f 7111 7110 7079
f 7111 7079 7076
f 7112 7111 7076
f 7112 7076 7066
f 7097 7096 7114
f 7097 7114 7113
f 7113 7112 7066
f 7113 7066 7097
f 7074 7124 7067
f 7074 7067 7075
f 7115 7114 7096
f 7115 7096 7095
f 7096 7097 7098
f 7096 7098 7099
f 7094 7125 7099
f 7093 7094 7099
f 7093 7099 7092
f 7068 7074 7087
f 7068 7087 7069
f 7103 7100 7092
f 7103 7092 7091
f 7103 7091 7068
f 7103 7068 7069
f 7088 7087 7086
f 7088 7086 7085
f 7070 7088 7044
f 7070 7044 7045
f 7102 7070 7045
f 7102 7045 7046
f 7101 7102 7046
f 7101 7046 7061
f 7105 7104 7100
f 7105 7100 7101
f 7105 7101 7061
f 7105 7061 7047
f 7119 7120 7062
f 7119 7062 7060
f 7047 7061 7122
f 7047 7122 7118
f 7070 7069 7087
f 7070 7087 7088
f 7123 7037 7090
f 7054 7127 7016
f 7054 7016 7017
f 7124 7074 7068
f 7097 7066 7067
f 7097 7067 7098
f 7067 7124 7126
f 7067 7126 7098
f 7099 7125 7095
f 7099 7095 7096
f 7126 7099 7098
f 7124 7068 7091
f 7124 7091 7126
f 7043 7042 7056
f 7043 7056 7057
f 7016 7054 7033
f 7074 7129 7086
f 7074 7086 7087
f 7083 7090 7089
f 7083 7089 7084
f 7129 7128 7083
f 7129 7083 7086
f 7129 7074 7073
f 7141 7151 7143
f 7141 7143 7142
f 7233 7234 7167
f 7233 7167 7159
f 7166 7158 7159
f 7166 7159 7167
f 7165 7157 7158
f 7165 7158 7166
f 7164 7156 7157
f 7164 7157 7165
f 7156 7155 7133
f 7156 7133 7134
f 7162 7154 7155
f 7162 7155 7163
f 7161 7153 7154
f 7161 7154 7162
f 7160 7152 7153
f 7160 7153 7161
f 7143 7151 7152
f 7143 7152 7160
f 7138 7233 7159
f 7138 7159 7137
f 7158 7136 7137
f 7158 7137 7159
f 7157 7135 7136
f 7157 7136 7158
f 7156 7134 7135
f 7156 7135 7157
f 7154 7139 7133
f 7154 7133 7155
f 7153 7132 7139
f 7153 7139 7154
f 7152 7131 7132
f 7152 7132 7153
f 7151 7140 7131
f 7151 7131 7152
f 7141 7130 7140
f 7141 7140 7151
f 7161 7182 7181
f 7161 7181 7160
f 7183 7180 7181
f 7183 7181 7182
f 7180 7145 7144
f 7180 7144 7181
f 7185 7178 7179
f 7185 7179 7184
f 7186 7177 7178
f 7186 7178 7185
f 7187 7176 7177
f 7187 7177 7186
f 7168 7182 7161
f 7168 7161 7162
f 7169 7183 7182
f 7169 7182 7168
f 7184 7179 7180
f 7184 7180 7183
f 7171 7185 7184
f 7171 7184 7170
f 7172 7186 7185
f 7172 7185 7171
f 7173 7187 7186
f 7173 7186 7172
f 7179 7146 7145
f 7179 7145 7180
f 7178 7147 7146
f 7178 7146 7179
f 7177 7148 7147
f 7177 7147 7178
f 7176 7149 7148
f 7176 7148 7177
f 7149 7176 7175
f 7149 7175 7150
f 7187 7191 7192
f 7187 7192 7176
f 7188 7249 7247
f 7188 7247 7189
f 7173 7188 7189
f 7173 7189 7187
f 7192 7248 7244
f 7192 7244 7190
f 7192 7190 7175
f 7192 7175 7176
f 7187 7246 7243
f 7187 7243 7191
f 7191 7243 7248
f 7191 7248 7192
f 7220 7231 7227
f 7220 7227 7219
f 7226 7219 7218
f 7226 7218 7253
f 7228 7229 7230
f 7228 7230 7227
f 7210 7213 7212
f 7210 7212 7211
f 7216 7168 7162
f 7216 7162 7163
f 7211 7169 7168
f 7211 7168 7216
f 7212 7170 7169
f 7212 7169 7211
f 7198 7250 7164
f 7198 7164 7165
f 7198 7199 7255
f 7198 7255 7250
f 7230 7229 7197
f 7230 7197 7196
f 7255 7210 7217
f 7255 7217 7250
f 7215 7171 7170
f 7215 7170 7212
f 7164 7217 7216
f 7164 7216 7163
f 7164 7163 7155
f 7164 7155 7156
f 7199 7200 7256
f 7199 7256 7255
f 7208 7204 7199
f 7208 7199 7198
f 7209 7205 7204
f 7209 7204 7208
f 7166 7208 7198
f 7166 7198 7165
f 7167 7209 7208
f 7167 7208 7166
f 7207 7204 7205
f 7207 7205 7206
f 7207 7200 7199
f 7207 7199 7204
f 7207 7202 7201
f 7207 7201 7200
f 7206 7203 7202
f 7206 7202 7207
f 7193 7194 7202
f 7193 7202 7203
f 7235 7209 7167
f 7235 7167 7234
f 7236 7205 7209
f 7236 7209 7235
f 7237 7206 7205
f 7237 7205 7236
f 7238 7203 7206
f 7238 7206 7237
f 7239 7193 7203
f 7239 7203 7238
f 7224 7240 7241
f 7224 7241 7223
f 7240 7224 7193
f 7240 7193 7239
f 7201 7202 7194
f 7201 7194 7251
f 7242 7222 7223
f 7242 7223 7241
f 7223 7226 7225
f 7223 7225 7224
f 7221 7226 7252
f 7220 7219 7226
f 7220 7226 7221
f 7195 7196 7214
f 7195 7214 7201
f 7230 7218 7219
f 7230 7219 7227
f 7230 7196 7195
f 7230 7195 7218
f 7215 7212 7213
f 7215 7213 7214
f 7197 7172 7171
f 7197 7171 7215
f 7229 7173 7172
f 7229 7172 7197
f 7228 7188 7173
f 7228 7173 7229
f 7232 7228 7227
f 7232 7227 7231
f 7232 7174 7188
f 7232 7188 7228
f 7246 7187 7189
f 7246 7189 7247
f 7174 7245 7249
f 7174 7249 7188
f 7197 7215 7214
f 7197 7214 7196
f 7250 7217 7164
f 7181 7144 7143
f 7251 7195 7201
f 7224 7225 7194
f 7224 7194 7193
f 7194 7225 7253
f 7194 7253 7251
f 7226 7223 7222
f 7226 7222 7252
f 7253 7225 7226
f 7251 7253 7218
f 7251 7218 7195
f 7170 7184 7183
f 7170 7183 7169
f 7143 7160 7181
f 7143 7181 7254
f 7201 7214 7213
f 7201 7213 7256
f 7210 7211 7216
f 7210 7216 7217
f 7256 7213 7210
f 7256 7210 7255
f 7256 7200 7201
f 7106 7107 7234
f 7106 7234 7233
f 7011 7106 7233
f 7011 7233 7138
f 7063 7048 7175
f 7063 7175 7190
f 7048 7023 7150
f 7048 7150 7175
f 7117 7063 7190
f 7117 7190 7244
f 7107 7108 7235
f 7107 7235 7234
f 7108 7109 7236
f 7108 7236 7235
f 7109 7110 7237
f 7109 7237 7236
f 7110 7111 7238
f 7110 7238 7237
f 7111 7112 7239
f 7111 7239 7238
f 7112 7113 7240
f 7112 7240 7239
f 7113 7114 7241
f 7113 7241 7240
f 7114 7115 7242
f 7114 7242 7241
f 7094 7093 7220
f 7094 7220 7221
f 7095 7125 7252
f 7095 7252 7222
f 7104 7105 7232
f 7104 7232 7231
f 7093 7104 7231
f 7093 7231 7220
f 7115 7095 7222
f 7115 7222 7242
f 7105 7047 7174
f 7105 7174 7232
f 7013 7004 7131
f 7013 7131 7140
f 7003 7013 7140
f 7003 7140 7130
f 7004 7005 7132
f 7004 7132 7131
f 7005 7012 7139
f 7005 7139 7132
f 7012 7006 7133
f 7012 7133 7139
f 7006 7007 7134
f 7006 7134 7133
f 7007 7008 7135
f 7007 7135 7134
f 7008 7009 7136
f 7008 7136 7135
f 7009 7010 7137
f 7009 7137 7136
f 7010 7011 7138
f 7010 7138 7137
f 7014 7003 7130
f 7014 7130 7141
f 7015 7014 7141
f 7015 7141 7142
f 7016 7015 7142
f 7016 7142 7143
f 7017 7016 7143
f 7017 7143 7144
f 7018 7017 7144
f 7018 7144 7145
f 7019 7018 7145
f 7019 7145 7146
f 7020 7019 7146
f 7020 7146 7147
f 7021 7020 7147
f 7021 7147 7148
f 7022 7021 7148
f 7022 7148 7149
f 7023 7022 7149
f 7023 7149 7150
f 7047 7118 7245
f 7047 7245 7174
f 7120 7119 7246
f 7120 7246 7247
f 7116 7121 7248
f 7116 7248 7243
f 7121 7117 7244
f 7121 7244 7248
f 7118 7122 7249
f 7118 7249 7245
f 7122 7120 7247
f 7122 7247 7249
f 7119 7116 7243
f 7119 7243 7246
f 7125 7094 7221
f 7125 7221 7252
f 7257 7263 7277
f 7257 7277 7307
f 7308 7307 7277
f 7308 7277 7276
f 7309 7308 7276
f 7309 7276 7275
f 7310 7309 7275
f 7310 7275 7274
f 7311 7310 7274
f 7311 7274 7273
f 7312 7311 7273
f 7312 7273 7272
f 7313 7314 7315
f 7313 7315 7271
f 7277 7263 7262
f 7277 7262 7264
f 7276 7277 7264
f 7276 7264 7265
f 7275 7276 7265
f 7275 7265 7266
f 7274 7275 7266
f 7274 7266 7267
f 7273 7274 7267
f 7273 7267 7268
f 7272 7273 7268
f 7272 7268 7269
f 7271 7272 7269
f 7271 7269 7270
f 7264 7278 7285
f 7264 7285 7265
f 7284 7285 7278
f 7284 7278 7279
f 7283 7284 7279
f 7283 7279 7280
f 7282 7283 7280
f 7282 7280 7281
f 7278 7264 7262
f 7278 7262 7261
f 7279 7278 7261
f 7279 7261 7260
f 7280 7279 7260
f 7280 7260 7259
f 7281 7280 7259
f 7281 7259 7258
f 7265 7285 7289
f 7265 7289 7266
f 7288 7289 7285
f 7288 7285 7284
f 7287 7288 7284
f 7287 7284 7283
f 7286 7287 7283
f 7286 7283 7282
f 7288 7287 7300
f 7288 7300 7290
f 7291 7290 7300
f 7291 7300 7299
f 7292 7291 7299
f 7292 7299 7298
f 7293 7292 7298
f 7293 7298 7297
f 7300 7287 7286
f 7300 7286 7294
f 7296 7297 7298
f 7296 7298 7299
f 7300 7294 7301
f 7300 7301 7299
f 7302 7301 7294
f 7302 7294 7295
f 7301 7302 7296
f 7301 7296 7299
f 7266 7289 7306
f 7266 7306 7267
f 7268 7267 7306
f 7268 7306 7305
f 7269 7268 7305
f 7269 7305 7304
f 7270 7269 7304
f 7270 7304 7303
f 7306 7289 7288
f 7306 7288 7290
f 7305 7306 7290
f 7305 7290 7291
f 7304 7305 7291
f 7304 7291 7292
f 7303 7304 7292
f 7303 7292 7293
f 7271 7315 7312
f 7271 7312 7272
f 7316 7366 7336
f 7316 7336 7322
f 7367 7335 7336
f 7367 7336 7366
f 7368 7334 7335
f 7368 7335 7367
f 7369 7333 7334
f 7369 7334 7368
f 7370 7332 7333
f 7370 7333 7369
f 7371 7331 7332
f 7371 7332 7370
f 7372 7330 7374
f 7372 7374 7373
f 7336 7323 7321
f 7336 7321 7322
f 7335 7324 7323
f 7335 7323 7336
f 7334 7325 7324
f 7334 7324 7335
f 7333 7326 7325
f 7333 7325 7334
f 7332 7327 7326
f 7332 7326 7333
f 7331 7328 7327
f 7331 7327 7332
f 7330 7329 7328
f 7330 7328 7331
f 7323 7324 7344
f 7323 7344 7337
f 7343 7338 7337
f 7343 7337 7344
f 7342 7339 7338
f 7342 7338 7343
f 7341 7340 7339
f 7341 7339 7342
f 7337 7320 7321
f 7337 7321 7323
f 7338 7319 7320
f 7338 7320 7337
f 7339 7318 7319
f 7339 7319 7338
f 7340 7317 7318
f 7340 7318 7339
f 7324 7325 7348
f 7324 7348 7344
f 7347 7343 7344
f 7347 7344 7348
f 7346 7342 7343
f 7346 7343 7347
f 7345 7341 7342
f 7345 7342 7346
f 7347 7349 7359
f 7347 7359 7346
f 7350 7358 7359
f 7350 7359 7349
f 7351 7357 7358
f 7351 7358 7350
f 7352 7356 7357
f 7352 7357 7351
f 7359 7353 7345
f 7359 7345 7346
f 7355 7358 7357
f 7355 7357 7356
f 7359 7358 7360
f 7359 7360 7353
f 7361 7354 7353
f 7361 7353 7360
f 7360 7358 7355
f 7360 7355 7361
f 7325 7326 7365
f 7325 7365 7348
f 7327 7364 7365
f 7327 7365 7326
f 7328 7363 7364
f 7328 7364 7327
f 7329 7362 7363
f 7329 7363 7328
f 7365 7349 7347
f 7365 7347 7348
f 7364 7350 7349
f 7364 7349 7365
f 7363 7351 7350
f 7363 7350 7364
f 7362 7352 7351
f 7362 7351 7363
f 7330 7331 7371
f 7330 7371 7374
f 7258 7259 7318
f 7258 7318 7317
f 7259 7260 7319
f 7259 7319 7318
f 7260 7261 7320
f 7260 7320 7319
f 7261 7262 7321
f 7261 7321 7320
f 7262 7263 7322
f 7262 7322 7321
f 7263 7257 7316
f 7263 7316 7322
f 7257 7307 7366
f 7257 7366 7316
f 7307 7308 7367
f 7307 7367 7366
f 7309 7310 7369
f 7309 7369 7368
f 7310 7311 7370
f 7310 7370 7369
f 7311 7312 7371
f 7311 7371 7370
f 7314 7313 7372
f 7314 7372 7373
f 7308 7309 7368
f 7308 7368 7367
f 7271 7270 7329
f 7271 7329 7330
f 7313 7271 7330
f 7313 7330 7372
f 7282 7281 7340
f 7282 7340 7341
f 7281 7258 7317
f 7281 7317 7340
f 7286 7282 7341
f 7286 7341 7345
f 7294 7286 7345
f 7294 7345 7353
f 7295 7294 7353
f 7295 7353 7354
f 7296 7302 7361
f 7296 7361 7355
f 7297 7296 7355
f 7297 7355 7356
f 7293 7297 7356
f 7293 7356 7352
f 7302 7295 7354
f 7302 7354 7361
f 7303 7293 7352
f 7303 7352 7362
f 7270 7303 7362
f 7270 7362 7329
f 7312 7315 7374
f 7312 7374 7371
f 7315 7314 7373
f 7315 7373 7374
f 7375 7381 7395
f 7375 7395 7425
f 7426 7425 7395
f 7426 7395 7394
f 7427 7426 7394
f 7427 7394 7393
f 7428 7427 7393
f 7428 7393 7392
f 7429 7428 7392
f 7429 7392 7391
f 7430 7429 7391
f 7430 7391 7390
f 7431 7432 7433
f 7431 7433 7389
f 7395 7381 7380
f 7395 7380 7382
f 7394 7395 7382
f 7394 7382 7383
f 7393 7394 7383
f 7393 7383 7384
f 7392 7393 7384
f 7392 7384 7385
f 7391 7392 7385
f 7391 7385 7386
f 7390 7391 7386
f 7390 7386 7387
f 7389 7390 7387
f 7389 7387 7388
f 7382 7396 7403
f 7382 7403 7383
f 7402 7403 7396
f 7402 7396 7397
f 7401 7402 7397
f 7401 7397 7398
f 7400 7401 7398
f 7400 7398 7399
f 7396 7382 7380
f 7396 7380 7379
f 7397 7396 7379
f 7397 7379 7378
f 7398 7397 7378
f 7398 7378 7377
f 7399 7398 7377
f 7399 7377 7376
f 7383 7403 7407
f 7383 7407 7384
f 7406 7407 7403
f 7406 7403 7402
f 7405 7406 7402
f 7405 7402 7401
f 7404 7405 7401
f 7404 7401 7400
f 7406 7405 7418
f 7406 7418 7408
f 7409 7408 7418
f 7409 7418 7417
f 7410 7409 7417
f 7410 7417 7416
f 7411 7410 7416
f 7411 7416 7415
f 7418 7405 7404
f 7418 7404 7412
f 7414 7415 7416
f 7414 7416 7417
f 7418 7412 7419
f 7418 7419 7417
f 7420 7419 7412
f 7420 7412 7413
f 7419 7420 7414
f 7419 7414 7417
f 7384 7407 7424
f 7384 7424 7385
f 7386 7385 7424
f 7386 7424 7423
f 7387 7386 7423
f 7387 7423 7422
f 7388 7387 7422
f 7388 7422 7421
f 7424 7407 7406
f 7424 7406 7408
f 7423 7424 7408
f 7423 7408 7409
f 7422 7423 7409
f 7422 7409 7410
f 7421 7422 7410
f 7421 7410 7411
f 7389 7433 7430
f 7389 7430 7390
f 7434 7484 7454
f 7434 7454 7440
f 7485 7453 7454
f 7485 7454 7484
f 7486 7452 7453
f 7486 7453 7485
f 7487 7451 7452
f 7487 7452 7486
f 7488 7450 7451
f 7488 7451 7487
f 7489 7449 7450
f 7489 7450 7488
f 7490 7448 7492
f 7490 7492 7491
f 7454 7441 7439
f 7454 7439 7440
f 7453 7442 7441
f 7453 7441 7454
f 7452 7443 7442
f 7452 7442 7453
f 7451 7444 7443
f 7451 7443 7452
f 7450 7445 7444
f 7450 7444 7451
f 7449 7446 7445
f 7449 7445 7450
f 7448 7447 7446
f 7448 7446 7449
f 7441 7442 7462
f 7441 7462 7455
f 7461 7456 7455
f 7461 7455 7462
f 7460 7457 7456
f 7460 7456 7461
f 7459 7458 7457
f 7459 7457 7460
f 7455 7438 7439
f 7455 7439 7441
f 7456 7437 7438
f 7456 7438 7455
f 7457 7436 7437
f 7457 7437 7456
f 7458 7435 7436
f 7458 7436 7457
f 7442 7443 7466
f 7442 7466 7462
f 7465 7461 7462
f 7465 7462 7466
f 7464 7460 7461
f 7464 7461 7465
f 7463 7459 7460
f 7463 7460 7464
f 7465 7467 7477
f 7465 7477 7464
f 7468 7476 7477
f 7468 7477 7467
f 7469 7475 7476
f 7469 7476 7468
f 7470 7474 7475
f 7470 7475 7469
f 7477 7471 7463
f 7477 7463 7464
f 7473 7476 7475
f 7473 7475 7474
f 7477 7476 7478
f 7477 7478 7471
f 7479 7472 7471
f 7479 7471 7478
f 7478 7476 7473
f 7478 7473 7479
f 7443 7444 7483
f 7443 7483 7466
f 7445 7482 7483
f 7445 7483 7444
f 7446 7481 7482
f 7446 7482 7445
f 7447 7480 7481
f 7447 7481 7446
f 7483 7467 7465
f 7483 7465 7466
f 7482 7468 7467
f 7482 7467 7483
f 7481 7469 7468
f 7481 7468 7482
f 7480 7470 7469
f 7480 7469 7481
f 7448 7449 7489
f 7448 7489 7492
f 7376 7377 7436
f 7376 7436 7435
f 7377 7378 7437
f 7377 7437 7436
f 7378 7379 7438
f 7378 7438 7437
f 7379 7380 7439
f 7379 7439 7438
f 7380 7381 7440
f 7380 7440 7439
f 7381 7375 7434
f 7381 7434 7440
f 7375 7425 7484
f 7375 7484 7434
f 7425 7426 7485
f 7425 7485 7484
f 7427 7428 7487
f 7427 7487 7486
f 7428 7429 7488
f 7428 7488 7487
f 7429 7430 7489
f 7429 7489 7488
f 7432 7431 7490
f 7432 7490 7491
f 7426 7427 7486
f 7426 7486 7485
f 7389 7388 7447
f 7389 7447 7448
f 7431 7389 7448
f 7431 7448 7490
f 7400 7399 7458
f 7400 7458 7459
f 7399 7376 7435
f 7399 7435 7458
f 7404 7400 7459
f 7404 7459 7463
f 7412 7404 7463
f 7412 7463 7471
f 7413 7412 7471
f 7413 7471 7472
f 7414 7420 7479
f 7414 7479 7473
f 7415 7414 7473
f 7415 7473 7474
f 7411 7415 7474
f 7411 7474 7470
f 7420 7413 7472
f 7420 7472 7479
f 7421 7411 7470
f 7421 7470 7480
f 7388 7421 7480
f 7388 7480 7447
f 7430 7433 7492
f 7430 7492 7489
f 7433 7432 7491
f 7433 7491 7492
f 7506 7505 7493
f 7506 7493 7498
f 7502 7493 7505
f 7502 7505 7507
f 7493 7502 7501
f 7493 7501 7494
f 7500 7495 7494
f 7500 7494 7501
f 7494 7497 7498
f 7494 7498 7493
f 7495 7496 7497
f 7495 7497 7494
f 7503 7495 7500
f 7503 7500 7499
f 7504 7496 7495
f 7504 7495 7503
f 7521 7513 7508
f 7521 7508 7520
f 7517 7522 7520
f 7517 7520 7508
f 7508 7509 7516
f 7508 7516 7517
f 7515 7516 7509
f 7515 7509 7510
f 7509 7508 7513
f 7509 7513 7512
f 7510 7509 7512
f 7510 7512 7511
f 7518 7514 7515
f 7518 7515 7510
f 7519 7518 7510
f 7519 7510 7511
f 7503 7499 7514
f 7503 7514 7518
f 7499 7500 7515
f 7499 7515 7514
f 7505 7506 7521
f 7505 7521 7520
f 7507 7505 7520
f 7507 7520 7522
f 7497 7496 7511
f 7497 7511 7512
f 7498 7497 7512
f 7498 7512 7513
f 7506 7498 7513
f 7506 7513 7521
f 7502 7507 7522
f 7502 7522 7517
f 7504 7503 7518
f 7504 7518 7519
f 7501 7502 7517
f 7501 7517 7516
f 7500 7501 7516
f 7500 7516 7515
f 7496 7504 7519
f 7496 7519 7511
f 7536 7535 7523
f 7536 7523 7528
f 7532 7523 7535
f 7532 7535 7537
f 7523 7532 7531
f 7523 7531 7524
f 7530 7525 7524
f 7530 7524 7531
f 7524 7527 7528
f 7524 7528 7523
f 7525 7526 7527
f 7525 7527 7524
f 7533 7525 7530
f 7533 7530 7529
f 7534 7526 7525
f 7534 7525 7533
f 7551 7543 7538
f 7551 7538 7550
f 7547 7552 7550
f 7547 7550 7538
f 7538 7539 7546
f 7538 7546 7547
f 7545 7546 7539
f 7545 7539 7540
f 7539 7538 7543
f 7539 7543 7542
f 7540 7539 7542
f 7540 7542 7541
f 7548 7544 7545
f 7548 7545 7540
f 7549 7548 7540
f 7549 7540 7541
f 7533 7529 7544
f 7533 7544 7548
f 7529 7530 7545
f 7529 7545 7544
f 7535 7536 7551
f 7535 7551 7550
f 7537 7535 7550
f 7537 7550 7552
f 7527 7526 7541
f 7527 7541 7542
f 7528 7527 7542
f 7528 7542 7543
f 7536 7528 7543
f 7536 7543 7551
f 7532 7537 7552
f 7532 7552 7547
f 7534 7533 7548
f 7534 7548 7549
f 7531 7532 7547
f 7531 7547 7546
f 7530 7531 7546
f 7530 7546 7545
f 7526 7534 7549
f 7526 7549 7541
f 7578 7576 7568
f 7578 7568 7567
f 7583 7562 7563
f 7567 7568 7588
f 7567 7588 7582
f 7584 7556 7555
f 7560 7559 7558
f 7561 7560 7558
f 7555 7592 7594
f 7555 7594 7553
f 7556 7557 7554
f 7557 7591 7554
f 7557 7559 7587
f 7557 7587 7591
f 7556 7554 7555
f 7555 7554 7592
f 7558 7559 7557
f 7561 7562 7560
f 7561 7563 7562
f 7566 7579 7564
f 7565 7566 7577
f 7565 7577 7574
f 7553 7584 7555
f 7564 7582 7577
f 7564 7577 7566
f 7565 7574 7593
f 7569 7586 7580
f 7569 7580 7568
f 7570 7569 7568
f 7568 7580 7588
f 7568 7576 7570
f 7572 7575 7590
f 7571 7569 7570
f 7598 7585 7571
f 7598 7571 7597
f 7589 7575 7572
f 7589 7572 7596
f 7582 7564 7567
f 7585 7586 7569
f 7585 7569 7571
f 7594 7565 7593
f 7594 7593 7553
f 7581 7578 7567
f 7579 7581 7567
f 7579 7567 7564
f 7573 7596 7572
f 7595 7573 7572
f 7572 7598 7597
f 7572 7597 7595
f 7572 7590 7585
f 7572 7585 7598
f 7597 7571 7599
f 7570 7599 7571
f 7625 7614 7615
f 7625 7615 7623
f 7630 7610 7609
f 7614 7629 7635
f 7614 7635 7615
f 7631 7602 7603
f 7607 7605 7606
f 7608 7605 7607
f 7602 7600 7641
f 7602 7641 7639
f 7603 7601 7604
f 7604 7601 7638
f 7604 7638 7634
f 7604 7634 7606
f 7603 7602 7601
f 7602 7639 7601
f 7605 7604 7606
f 7608 7607 7609
f 7608 7609 7610
f 7613 7611 7626
f 7612 7621 7624
f 7612 7624 7613
f 7600 7602 7631
f 7611 7613 7624
f 7611 7624 7629
f 7612 7640 7621
f 7616 7615 7627
f 7616 7627 7633
f 7617 7615 7616
f 7615 7635 7627
f 7615 7617 7623
f 7619 7637 7622
f 7618 7617 7616
f 7645 7618 7632
f 7645 7644 7618
f 7636 7643 7619
f 7636 7619 7622
f 7629 7614 7611
f 7632 7618 7616
f 7632 7616 7633
f 7641 7600 7640
f 7641 7640 7612
f 7628 7614 7625
f 7626 7611 7614
f 7626 7614 7628
f 7620 7619 7643
f 7642 7619 7620
f 7619 7642 7644
f 7619 7644 7645
f 7619 7645 7632
f 7619 7632 7637
f 7644 7646 7618
f 7617 7618 7646
f 7559 7560 7607
f 7559 7607 7606
f 7561 7558 7605
f 7561 7605 7608
f 7563 7561 7608
f 7563 7608 7610
f 7557 7556 7603
f 7557 7603 7604
f 7558 7557 7604
f 7558 7604 7605
f 7560 7562 7609
f 7560 7609 7607
f 7562 7583 7630
f 7562 7630 7609
f 7573 7595 7642
f 7573 7642 7620
f 7566 7565 7612
f 7566 7612 7613
f 7595 7597 7644
f 7595 7644 7642
f 7596 7573 7620
f 7596 7620 7643
f 7589 7596 7643
f 7589 7643 7636
f 7581 7579 7626
f 7581 7626 7628
f 7578 7581 7628
f 7578 7628 7625
f 7570 7576 7623
f 7570 7623 7617
f 7579 7566 7613
f 7579 7613 7626
f 7576 7578 7625
f 7576 7625 7623
f 7590 7575 7622
f 7590 7622 7637
f 7585 7590 7637
f 7585 7637 7632
f 7583 7563 7610
f 7583 7610 7630
f 7556 7584 7631
f 7556 7631 7603
f 7584 7553 7600
f 7584 7600 7631
f 7594 7592 7639
f 7594 7639 7641
f 7591 7587 7634
f 7591 7634 7638
f 7592 7554 7601
f 7592 7601 7639
f 7554 7591 7638
f 7554 7638 7601
f 7582 7588 7635
f 7582 7635 7629
f 7587 7559 7606
f 7587 7606 7634
f 7565 7594 7641
f 7565 7641 7612
f 7593 7574 7621
f 7593 7621 7640
f 7553 7593 7640
f 7553 7640 7600
f 7574 7577 7624
f 7574 7624 7621
f 7577 7582 7629
f 7577 7629 7624
f 7575 7589 7636
f 7575 7636 7622
f 7580 7586 7633
f 7580 7633 7627
f 7586 7585 7632
f 7586 7632 7633
f 7588 7580 7627
f 7588 7627 7635
f 7597 7599 7646
f 7597 7646 7644
f 7599 7570 7617
f 7599 7617 7646
f 7672 7670 7662
f 7672 7662 7661
f 7677 7656 7657
f 7661 7662 7682
f 7661 7682 7676
f 7678 7650 7649
f 7654 7653 7652
f 7655 7654 7652
f 7649 7686 7688
f 7649 7688 7647
f 7650 7651 7648
f 7651 7685 7648
f 7651 7653 7681
f 7651 7681 7685
f 7650 7648 7649
f 7649 7648 7686
f 7652 7653 7651
f 7655 7656 7654
f 7655 7657 7656
f 7660 7673 7658
f 7659 7660 7671
f 7659 7671 7668
f 7647 7678 7649
f 7658 7676 7671
f 7658 7671 7660
f 7659 7668 7687
f 7663 7680 7674
f 7663 7674 7662
f 7664 7663 7662
f 7662 7674 7682
f 7662 7670 7664
f 7666 7669 7684
f 7665 7663 7664
f 7692 7679 7665
f 7692 7665 7691
f 7683 7669 7666
f 7683 7666 7690
f 7676 7658 7661
f 7679 7680 7663
f 7679 7663 7665
f 7688 7659 7687
f 7688 7687 7647
f 7675 7672 7661
f 7673 7675 7661
f 7673 7661 7658
f 7667 7690 7666
f 7689 7667 7666
f 7666 7692 7691
f 7666 7691 7689
f 7666 7684 7679
f 7666 7679 7692
f 7691 7665 7693
f 7664 7693 7665
f 7719 7708 7709
f 7719 7709 7717
f 7724 7704 7703
f 7708 7723 7729
f 7708 7729 7709
f 7725 7696 7697
f 7701 7699 7700
f 7702 7699 7701
f 7696 7694 7735
f 7696 7735 7733
f 7697 7695 7698
f 7698 7695 7732
f 7698 7732 7728
f 7698 7728 7700
f 7697 7696 7695
f 7696 7733 7695
f 7699 7698 7700
f 7702 7701 7703
f 7702 7703 7704
f 7707 7705 7720
f 7706 7715 7718
f 7706 7718 7707
f 7694 7696 7725
f 7705 7707 7718
f 7705 7718 7723
f 7706 7734 7715
f 7710 7709 7721
f 7710 7721 7727
f 7711 7709 7710
f 7709 7729 7721
f 7709 7711 7717
f 7713 7731 7716
f 7712 7711 7710
f 7739 7712 7726
f 7739 7738 7712
f 7730 7737 7713
f 7730 7713 7716
f 7723 7708 7705
f 7726 7712 7710
f 7726 7710 7727
f 7735 7694 7734
f 7735 7734 7706
f 7722 7708 7719
f 7720 7705 7708
f 7720 7708 7722
f 7714 7713 7737
f 7736 7713 7714
f 7713 7736 7738
f 7713 7738 7739
f 7713 7739 7726
f 7713 7726 7731
f 7738 7740 7712
f 7711 7712 7740
f 7653 7654 7701
f 7653 7701 7700
f 7655 7652 7699
f 7655 7699 7702
f 7657 7655 7702
f 7657 7702 7704
f 7651 7650 7697
f 7651 7697 7698
f 7652 7651 7698
f 7652 7698 7699
f 7654 7656 7703
f 7654 7703 7701
f 7656 7677 7724
f 7656 7724 7703
f 7667 7689 7736
f 7667 7736 7714
f 7660 7659 7706
f 7660 7706 7707
f 7689 7691 7738
f 7689 7738 7736
f 7690 7667 7714
f 7690 7714 7737
f 7683 7690 7737
f 7683 7737 7730
f 7675 7673 7720
f 7675 7720 7722
f 7672 7675 7722
f 7672 7722 7719
f 7664 7670 7717
f 7664 7717 7711
f 7673 7660 7707
f 7673 7707 7720
f 7670 7672 7719
f 7670 7719 7717
f 7684 7669 7716
f 7684 7716 7731
f 7679 7684 7731
f 7679 7731 7726
f 7677 7657 7704
f 7677 7704 7724
f 7650 7678 7725
f 7650 7725 7697
f 7678 7647 7694
f 7678 7694 7725
f 7688 7686 7733
f 7688 7733 7735
f 7685 7681 7728
f 7685 7728 7732
f 7686 7648 7695
f 7686 7695 7733
f 7648 7685 7732
f 7648 7732 7695
f 7676 7682 7729
f 7676 7729 7723
f 7681 7653 7700
f 7681 7700 7728
f 7659 7688 7735
f 7659 7735 7706
f 7687 7668 7715
f 7687 7715 7734
f 7647 7687 7734
f 7647 7734 7694
f 7668 7671 7718
f 7668 7718 7715
f 7671 7676 7723
f 7671 7723 7718
f 7669 7683 7730
f 7669 7730 7716
f 7674 7680 7727
f 7674 7727 7721
f 7680 7679 7726
f 7680 7726 7727
f 7682 7674 7721
f 7682 7721 7729
f 7691 7693 7740
f 7691 7740 7738
f 7693 7664 7711
f 7693 7711 7740
f 7744 7746 7747
f 7746 7745 7748
f 7746 7748 7747
f 7744 7747 7777
f 7747 7749 7777
f 7743 7771 7786
f 7743 7786 7770
f 7742 7770 7741
f 7747 7748 7750
f 7741 7777 7749
f 7742 7743 7770
f 7741 7749 7742
f 7742 7749 7747
f 7742 7751 7743
f 7747 7751 7742
f 7743 7779 7771
f 7743 7751 7779
f 7751 7752 7779
f 7744 7787 7746
f 7787 7745 7746
f 7753 7783 7745
f 7787 7753 7745
f 7779 7752 7784
f 7750 7751 7747
f 7778 7744 7776
f 7775 7744 7778
f 7776 7744 7777
f 7776 7777 7767
f 7775 7783 7753
f 7775 7787 7744
f 7775 7753 7787
f 7773 7772 7771
f 7773 7762 7761
f 7761 7772 7773
f 7772 7761 7782
f 7772 7760 7771
f 7772 7782 7760
f 7771 7760 7759
f 7769 7770 7759
f 7769 7741 7770
f 7769 7759 7758
f 7768 7741 7769
f 7769 7758 7756
f 7756 7758 7755
f 7741 7768 7766
f 7766 7768 7765
f 7768 7764 7765
f 7764 7768 7754
f 7768 7769 7756
f 7766 7767 7777
f 7768 7756 7754
f 7766 7777 7741
f 7767 7766 7763
f 7763 7766 7765
f 7765 7764 7763
f 7773 7780 7762
f 7771 7779 7773
f 7773 7779 7780
f 7781 7762 7780
f 7770 7786 7759
f 7760 7757 7759
f 7758 7759 7757
f 7755 7758 7757
f 7755 7754 7756
f 7783 7775 7774
f 7785 7781 7780
f 7784 7785 7780
f 7786 7771 7759
f 7784 7780 7779
f 7791 7793 7794
f 7793 7792 7795
f 7793 7795 7794
f 7791 7794 7824
f 7794 7796 7824
f 7790 7818 7833
f 7790 7833 7817
f 7789 7817 7788
f 7794 7795 7797
f 7788 7824 7796
f 7789 7790 7817
f 7788 7796 7789
f 7789 7796 7794
f 7789 7798 7790
f 7794 7798 7789
f 7790 7826 7818
f 7790 7798 7826
f 7798 7799 7826
f 7791 7834 7793
f 7834 7792 7793
f 7800 7830 7792
f 7834 7800 7792
f 7826 7799 7831
f 7797 7798 7794
f 7825 7791 7823
f 7822 7791 7825
f 7823 7791 7824
f 7823 7824 7814
f 7822 7830 7800
f 7822 7834 7791
f 7822 7800 7834
f 7820 7819 7818
f 7820 7809 7808
f 7808 7819 7820
f 7819 7808 7829
f 7819 7807 7818
f 7819 7829 7807
f 7818 7807 7806
f 7816 7817 7806
f 7816 7788 7817
f 7816 7806 7805
f 7815 7788 7816
f 7816 7805 7803
f 7803 7805 7802
f 7788 7815 7813
f 7813 7815 7812
f 7815 7811 7812
f 7811 7815 7801
f 7815 7816 7803
f 7813 7814 7824
f 7815 7803 7801
f 7813 7824 7788
f 7814 7813 7810
f 7810 7813 7812
f 7812 7811 7810
f 7820 7827 7809
f 7818 7826 7820
f 7820 7826 7827
f 7828 7809 7827
f 7817 7833 7806
f 7807 7804 7806
f 7805 7806 7804
f 7802 7805 7804
f 7802 7801 7803
f 7830 7822 7821
f 7832 7828 7827
f 7831 7832 7827
f 7833 7818 7806
f 7831 7827 7826
f 7872 7858 7857
f 7872 7857 7871
f 7865 7857 7858
f 7865 7858 7866
f 7894 7856 7859
f 7894 7859 7896
f 7890 7855 7860
f 7890 7860 7891
f 7853 7854 7861
f 7853 7861 7862
f 7852 7853 7862
f 7852 7862 7863
f 7871 7857 7846
f 7871 7846 7870
f 7864 7846 7857
f 7864 7857 7865
f 7895 7847 7856
f 7895 7856 7894
f 7889 7848 7855
f 7889 7855 7890
f 7850 7849 7854
f 7850 7854 7853
f 7851 7850 7853
f 7851 7853 7852
f 7934 7870 7846
f 7934 7846 7933
f 7932 7933 7846
f 7932 7846 7864
f 7930 7931 7847
f 7930 7847 7895
f 7928 7929 7848
f 7928 7848 7889
f 7926 7927 7849
f 7926 7849 7850
f 7925 7926 7850
f 7925 7850 7851
f 7923 7924 7925
f 7923 7925 7851
f 7922 7923 7851
f 7922 7851 7852
f 7921 7922 7852
f 7921 7852 7863
f 7839 7841 7935
f 7839 7935 7840
f 7838 7842 7841
f 7838 7841 7839
f 7843 7842 7838
f 7843 7838 7837
f 7836 7844 7843
f 7836 7843 7837
f 7835 7941 7844
f 7835 7844 7836
f 7914 7845 7835
f 7914 7835 7913
f 7936 7932 7864
f 7936 7864 7899
f 7899 7864 7865
f 7899 7865 7901
f 7901 7865 7866
f 7901 7866 7900
f 7929 7937 7867
f 7929 7867 7848
f 7848 7867 7868
f 7848 7868 7855
f 7855 7868 7869
f 7855 7869 7860
f 7935 7841 7870
f 7935 7870 7934
f 7842 7871 7870
f 7842 7870 7841
f 7843 7872 7871
f 7843 7871 7842
f 7843 7844 7876
f 7843 7876 7872
f 7845 7875 7940
f 7845 7940 7941
f 7914 7915 7875
f 7914 7875 7845
f 7876 7873 7858
f 7876 7858 7872
f 7875 7874 7942
f 7875 7942 7940
f 7915 7916 7874
f 7915 7874 7875
f 7910 7882 7938
f 7910 7938 7939
f 7862 7861 7938
f 7862 7938 7882
f 7891 7860 7880
f 7891 7880 7892
f 7879 7880 7860
f 7879 7860 7869
f 7897 7879 7869
f 7897 7869 7896
f 7902 7878 7859
f 7902 7859 7900
f 7866 7858 7873
f 7866 7873 7877
f 7918 7885 7903
f 7918 7903 7917
f 7897 7878 7885
f 7897 7885 7898
f 7880 7879 7886
f 7880 7886 7887
f 7892 7880 7887
f 7892 7887 7893
f 7874 7884 7943
f 7874 7943 7942
f 7910 7939 7909
f 7907 7908 7888
f 7907 7888 7893
f 7905 7906 7887
f 7905 7887 7886
f 7904 7905 7886
f 7904 7886 7898
f 7874 7916 7919
f 7874 7919 7884
f 7863 7862 7882
f 7863 7882 7883
f 7883 7882 7910
f 7883 7910 7911
f 7920 7921 7863
f 7920 7863 7883
f 7912 7920 7883
f 7912 7883 7911
f 7906 7907 7893
f 7906 7893 7887
f 7881 7892 7893
f 7881 7893 7888
f 7861 7891 7892
f 7861 7892 7881
f 7927 7928 7889
f 7927 7889 7849
f 7849 7889 7890
f 7849 7890 7854
f 7854 7890 7891
f 7854 7891 7861
f 7918 7904 7898
f 7918 7898 7885
f 7879 7897 7898
f 7879 7898 7886
f 7878 7897 7896
f 7878 7896 7859
f 7937 7930 7895
f 7937 7895 7867
f 7867 7895 7894
f 7867 7894 7868
f 7868 7894 7896
f 7868 7896 7869
f 7885 7878 7944
f 7885 7944 7903
f 7877 7902 7900
f 7877 7900 7866
f 7856 7901 7900
f 7856 7900 7859
f 7847 7899 7901
f 7847 7901 7856
f 7931 7936 7899
f 7931 7899 7847
f 7938 7861 7881
f 7909 7939 7888
f 7909 7888 7908
f 7939 7938 7881
f 7939 7881 7888
f 7903 7884 7919
f 7903 7919 7917
f 7941 7835 7845
f 7941 7940 7876
f 7941 7876 7844
f 7942 7943 7877
f 7942 7877 7873
f 7940 7942 7873
f 7940 7873 7876
f 7903 7944 7943
f 7903 7943 7884
f 7944 7902 7877
f 7944 7877 7943
f 7944 7878 7902
f 7982 7981 7967
f 7982 7967 7968
f 7975 7976 7968
f 7975 7968 7967
f 8004 8006 7969
f 8004 7969 7966
f 8000 8001 7970
f 8000 7970 7965
f 7963 7972 7971
f 7963 7971 7964
f 7962 7973 7972
f 7962 7972 7963
f 7981 7980 7956
f 7981 7956 7967
f 7974 7975 7967
f 7974 7967 7956
f 8005 8004 7966
f 8005 7966 7957
f 7999 8000 7965
f 7999 7965 7958
f 7960 7963 7964
f 7960 7964 7959
f 7961 7962 7963
f 7961 7963 7960
f 8044 8043 7956
f 8044 7956 7980
f 8042 7974 7956
f 8042 7956 8043
f 8040 8005 7957
f 8040 7957 8041
f 8038 7999 7958
f 8038 7958 8039
f 8036 7960 7959
f 8036 7959 8037
f 8035 7961 7960
f 8035 7960 8036
f 8033 7961 8035
f 8033 8035 8034
f 8032 7962 7961
f 8032 7961 8033
f 8031 7973 7962
f 8031 7962 8032
f 7949 7950 8045
f 7949 8045 7951
f 7948 7949 7951
f 7948 7951 7952
f 7953 7947 7948
f 7953 7948 7952
f 7946 7947 7953
f 7946 7953 7954
f 7945 7946 7954
f 7945 7954 8051
f 8024 8023 7945
f 8024 7945 7955
f 8046 8009 7974
f 8046 7974 8042
f 8009 8011 7975
f 8009 7975 7974
f 8011 8010 7976
f 8011 7976 7975
f 8039 7958 7977
f 8039 7977 8047
f 7958 7965 7978
f 7958 7978 7977
f 7965 7970 7979
f 7965 7979 7978
f 8045 8044 7980
f 8045 7980 7951
f 7952 7951 7980
f 7952 7980 7981
f 7953 7952 7981
f 7953 7981 7982
f 7953 7982 7986
f 7953 7986 7954
f 7955 8051 8050
f 7955 8050 7985
f 8024 7955 7985
f 8024 7985 8025
f 7986 7982 7968
f 7986 7968 7983
f 7985 8050 8052
f 7985 8052 7984
f 8025 7985 7984
f 8025 7984 8026
f 8020 8049 8048
f 8020 8048 7992
f 7972 7992 8048
f 7972 8048 7971
f 8001 8002 7990
f 8001 7990 7970
f 7989 7979 7970
f 7989 7970 7990
f 8007 8006 7979
f 8007 7979 7989
f 8012 8010 7969
f 8012 7969 7988
f 7976 7987 7983
f 7976 7983 7968
f 8028 8027 8013
f 8028 8013 7995
f 8007 8008 7995
f 8007 7995 7988
f 7990 7997 7996
f 7990 7996 7989
f 8002 8003 7997
f 8002 7997 7990
f 7984 8052 8053
f 7984 8053 7994
f 8020 8019 8049
f 8017 8003 7998
f 8017 7998 8018
f 8015 7996 7997
f 8015 7997 8016
f 8014 8008 7996
f 8014 7996 8015
f 7984 7994 8029
f 7984 8029 8026
f 7973 7993 7992
f 7973 7992 7972
f 7993 8021 8020
f 7993 8020 7992
f 8030 7993 7973
f 8030 7973 8031
f 8022 8021 7993
f 8022 7993 8030
f 8016 7997 8003
f 8016 8003 8017
f 7991 7998 8003
f 7991 8003 8002
f 7971 7991 8002
f 7971 8002 8001
f 8037 7959 7999
f 8037 7999 8038
f 7959 7964 8000
f 7959 8000 7999
f 7964 7971 8001
f 7964 8001 8000
f 8028 7995 8008
f 8028 8008 8014
f 7989 7996 8008
f 7989 8008 8007
f 7988 7969 8006
f 7988 8006 8007
f 8047 7977 8005
f 8047 8005 8040
f 7977 7978 8004
f 7977 8004 8005
f 7978 7979 8006
f 7978 8006 8004
f 7995 8013 8054
f 7995 8054 7988
f 7987 7976 8010
f 7987 8010 8012
f 7966 7969 8010
f 7966 8010 8011
f 7957 7966 8011
f 7957 8011 8009
f 8041 7957 8009
f 8041 8009 8046
f 8048 7991 7971
f 8019 8018 7998
f 8019 7998 8049
f 8049 7998 7991
f 8049 7991 8048
f 8013 8027 8029
f 8013 8029 7994
f 8051 7955 7945
f 8051 7954 7986
f 8051 7986 8050
f 8052 7983 7987
f 8052 7987 8053
f 8050 7986 7983
f 8050 7983 8052
f 8013 7994 8053
f 8013 8053 8054
f 8054 8053 7987
f 8054 7987 8012
f 8054 8012 7988
f 7914 7913 8023
f 7914 8023 8024
f 7915 7914 8024
f 7915 8024 8025
f 7916 7915 8025
f 7916 8025 8026
f 7918 7917 8027
f 7918 8027 8028
f 7905 7904 8014
f 7905 8014 8015
f 7906 7905 8015
f 7906 8015 8016
f 7908 7907 8017
f 7908 8017 8018
f 7909 7908 8018
f 7909 8018 8019
f 7910 7909 8019
f 7910 8019 8020
f 7911 7910 8020
f 7911 8020 8021
f 7912 7911 8021
f 7912 8021 8022
f 7920 7912 8022
f 7920 8022 8030
f 7921 7920 8030
f 7921 8030 8031
f 7922 7921 8031
f 7922 8031 8032
f 7923 7922 8032
f 7923 8032 8033
f 7924 7923 8033
f 7924 8033 8034
f 7925 7924 8034
f 7925 8034 8035
f 7926 7925 8035
f 7926 8035 8036
f 7927 7926 8036
f 7927 8036 8037
f 7929 7928 8038
f 7929 8038 8039
f 7931 7930 8040
f 7931 8040 8041
f 7933 7932 8042
f 7933 8042 8043
f 7935 7934 8044
f 7935 8044 8045
f 7840 7935 8045
f 7840 8045 7950
f 7932 7936 8046
f 7932 8046 8042
f 7937 7929 8039
f 7937 8039 8047
f 7934 7933 8043
f 7934 8043 8044
f 7919 7916 8026
f 7919 8026 8029
f 7907 7906 8016
f 7907 8016 8017
f 7928 7927 8037
f 7928 8037 8038
f 7904 7918 8028
f 7904 8028 8014
f 7930 7937 8047
f 7930 8047 8040
f 7917 7919 8029
f 7917 8029 8027
f 7936 7931 8041
f 7936 8041 8046
f 7913 7835 7945
f 7913 7945 8023
f 7835 7836 7946
f 7835 7946 7945
f 7836 7837 7947
f 7836 7947 7946
f 7837 7838 7948
f 7837 7948 7947
f 7838 7839 7949
f 7838 7949 7948
f 7839 7840 7950
f 7839 7950 7949
f 8092 8078 8077
f 8092 8077 8091
f 8085 8077 8078
f 8085 8078 8086
f 8114 8076 8079
f 8114 8079 8116
f 8110 8075 8080
f 8110 8080 8111
f 8073 8074 8081
f 8073 8081 8082
f 8072 8073 8082
f 8072 8082 8083
f 8091 8077 8066
f 8091 8066 8090
f 8084 8066 8077
f 8084 8077 8085
f 8115 8067 8076
f 8115 8076 8114
f 8109 8068 8075
f 8109 8075 8110
f 8070 8069 8074
f 8070 8074 8073
f 8071 8070 8073
f 8071 8073 8072
f 8154 8090 8066
f 8154 8066 8153
f 8152 8153 8066
f 8152 8066 8084
f 8150 8151 8067
f 8150 8067 8115
f 8148 8149 8068
f 8148 8068 8109
f 8146 8147 8069
f 8146 8069 8070
f 8145 8146 8070
f 8145 8070 8071
f 8143 8144 8145
f 8143 8145 8071
f 8142 8143 8071
f 8142 8071 8072
f 8141 8142 8072
f 8141 8072 8083
f 8059 8061 8155
f 8059 8155 8060
f 8058 8062 8061
f 8058 8061 8059
f 8063 8062 8058
f 8063 8058 8057
f 8056 8064 8063
f 8056 8063 8057
f 8055 8161 8064
f 8055 8064 8056
f 8134 8065 8055
f 8134 8055 8133
f 8156 8152 8084
f 8156 8084 8119
f 8119 8084 8085
f 8119 8085 8121
f 8121 8085 8086
f 8121 8086 8120
f 8149 8157 8087
f 8149 8087 8068
f 8068 8087 8088
f 8068 8088 8075
f 8075 8088 8089
f 8075 8089 8080
f 8155 8061 8090
f 8155 8090 8154
f 8062 8091 8090
f 8062 8090 8061
f 8063 8092 8091
f 8063 8091 8062
f 8063 8064 8096
f 8063 8096 8092
f 8065 8095 8160
f 8065 8160 8161
f 8134 8135 8095
f 8134 8095 8065
f 8096 8093 8078
f 8096 8078 8092
f 8095 8094 8162
f 8095 8162 8160
f 8135 8136 8094
f 8135 8094 8095
f 8130 8102 8158
f 8130 8158 8159
f 8082 8081 8158
f 8082 8158 8102
f 8111 8080 8100
f 8111 8100 8112
f 8099 8100 8080
f 8099 8080 8089
f 8117 8099 8089
f 8117 8089 8116
f 8122 8098 8079
f 8122 8079 8120
f 8086 8078 8093
f 8086 8093 8097
f 8138 8105 8123
f 8138 8123 8137
f 8117 8098 8105
f 8117 8105 8118
f 8100 8099 8106
f 8100 8106 8107
f 8112 8100 8107
f 8112 8107 8113
f 8094 8104 8163
f 8094 8163 8162
f 8130 8159 8129
f 8127 8128 8108
f 8127 8108 8113
f 8125 8126 8107
f 8125 8107 8106
f 8124 8125 8106
f 8124 8106 8118
f 8094 8136 8139
f 8094 8139 8104
f 8083 8082 8102
f 8083 8102 8103
f 8103 8102 8130
f 8103 8130 8131
f 8140 8141 8083
f 8140 8083 8103
f 8132 8140 8103
f 8132 8103 8131
f 8126 8127 8113
f 8126 8113 8107
f 8101 8112 8113
f 8101 8113 8108
f 8081 8111 8112
f 8081 8112 8101
f 8147 8148 8109
f 8147 8109 8069
f 8069 8109 8110
f 8069 8110 8074
f 8074 8110 8111
f 8074 8111 8081
f 8138 8124 8118
f 8138 8118 8105
f 8099 8117 8118
f 8099 8118 8106
f 8098 8117 8116
f 8098 8116 8079
f 8157 8150 8115
f 8157 8115 8087
f 8087 8115 8114
f 8087 8114 8088
f 8088 8114 8116
f 8088 8116 8089
f 8105 8098 8164
f 8105 8164 8123
f 8097 8122 8120
f 8097 8120 8086
f 8076 8121 8120
f 8076 8120 8079
f 8067 8119 8121
f 8067 8121 8076
f 8151 8156 8119
f 8151 8119 8067
f 8158 8081 8101
f 8129 8159 8108
f 8129 8108 8128
f 8159 8158 8101
f 8159 8101 8108
f 8123 8104 8139
f 8123 8139 8137
f 8161 8055 8065
f 8161 8160 8096
f 8161 8096 8064
f 8162 8163 8097
f 8162 8097 8093
f 8160 8162 8093
f 8160 8093 8096
f 8123 8164 8163
f 8123 8163 8104
f 8164 8122 8097
f 8164 8097 8163
f 8164 8098 8122
f 8202 8201 8187
f 8202 8187 8188
f 8195 8196 8188
f 8195 8188 8187
f 8224 8226 8189
f 8224 8189 8186
f 8220 8221 8190
f 8220 8190 8185
f 8183 8192 8191
f 8183 8191 8184
f 8182 8193 8192
f 8182 8192 8183
f 8201 8200 8176
f 8201 8176 8187
f 8194 8195 8187
f 8194 8187 8176
f 8225 8224 8186
f 8225 8186 8177
f 8219 8220 8185
f 8219 8185 8178
f 8180 8183 8184
f 8180 8184 8179
f 8181 8182 8183
f 8181 8183 8180
f 8264 8263 8176
f 8264 8176 8200
f 8262 8194 8176
f 8262 8176 8263
f 8260 8225 8177
f 8260 8177 8261
f 8258 8219 8178
f 8258 8178 8259
f 8256 8180 8179
f 8256 8179 8257
f 8255 8181 8180
f 8255 8180 8256
f 8253 8181 8255
f 8253 8255 8254
f 8252 8182 8181
f 8252 8181 8253
f 8251 8193 8182
f 8251 8182 8252
f 8169 8170 8265
f 8169 8265 8171
f 8168 8169 8171
f 8168 8171 8172
f 8173 8167 8168
f 8173 8168 8172
f 8166 8167 8173
f 8166 8173 8174
f 8165 8166 8174
f 8165 8174 8271
f 8244 8243 8165
f 8244 8165 8175
f 8266 8229 8194
f 8266 8194 8262
f 8229 8231 8195
f 8229 8195 8194
f 8231 8230 8196
f 8231 8196 8195
f 8259 8178 8197
f 8259 8197 8267
f 8178 8185 8198
f 8178 8198 8197
f 8185 8190 8199
f 8185 8199 8198
f 8265 8264 8200
f 8265 8200 8171
f 8172 8171 8200
f 8172 8200 8201
f 8173 8172 8201
f 8173 8201 8202
f 8173 8202 8206
f 8173 8206 8174
f 8175 8271 8270
f 8175 8270 8205
f 8244 8175 8205
f 8244 8205 8245
f 8206 8202 8188
f 8206 8188 8203
f 8205 8270 8272
f 8205 8272 8204
f 8245 8205 8204
f 8245 8204 8246
f 8240 8269 8268
f 8240 8268 8212
f 8192 8212 8268
f 8192 8268 8191
f 8221 8222 8210
f 8221 8210 8190
f 8209 8199 8190
f 8209 8190 8210
f 8227 8226 8199
f 8227 8199 8209
f 8232 8230 8189
f 8232 8189 8208
f 8196 8207 8203
f 8196 8203 8188
f 8248 8247 8233
f 8248 8233 8215
f 8227 8228 8215
f 8227 8215 8208
f 8210 8217 8216
f 8210 8216 8209
f 8222 8223 8217
f 8222 8217 8210
f 8204 8272 8273
f 8204 8273 8214
f 8240 8239 8269
f 8237 8223 8218
f 8237 8218 8238
f 8235 8216 8217
f 8235 8217 8236
f 8234 8228 8216
f 8234 8216 8235
f 8204 8214 8249
f 8204 8249 8246
f 8193 8213 8212
f 8193 8212 8192
f 8213 8241 8240
f 8213 8240 8212
f 8250 8213 8193
f 8250 8193 8251
f 8242 8241 8213
f 8242 8213 8250
f 8236 8217 8223
f 8236 8223 8237
f 8211 8218 8223
f 8211 8223 8222
f 8191 8211 8222
f 8191 8222 8221
f 8257 8179 8219
f 8257 8219 8258
f 8179 8184 8220
f 8179 8220 8219
f 8184 8191 8221
f 8184 8221 8220
f 8248 8215 8228
f 8248 8228 8234
f 8209 8216 8228
f 8209 8228 8227
f 8208 8189 8226
f 8208 8226 8227
f 8267 8197 8225
f 8267 8225 8260
f 8197 8198 8224
f 8197 8224 8225
f 8198 8199 8226
f 8198 8226 8224
f 8215 8233 8274
f 8215 8274 8208
f 8207 8196 8230
f 8207 8230 8232
f 8186 8189 8230
f 8186 8230 8231
f 8177 8186 8231
f 8177 8231 8229
f 8261 8177 8229
f 8261 8229 8266
f 8268 8211 8191
f 8239 8238 8218
f 8239 8218 8269
f 8269 8218 8211
f 8269 8211 8268
f 8233 8247 8249
f 8233 8249 8214
f 8271 8175 8165
f 8271 8174 8206
f 8271 8206 8270
f 8272 8203 8207
f 8272 8207 8273
f 8270 8206 8203
f 8270 8203 8272
f 8233 8214 8273
f 8233 8273 8274
f 8274 8273 8207
f 8274 8207 8232
f 8274 8232 8208
f 8134 8133 8243
f 8134 8243 8244
f 8135 8134 8244
f 8135 8244 8245
f 8136 8135 8245
f 8136 8245 8246
f 8138 8137 8247
f 8138 8247 8248
f 8125 8124 8234
f 8125 8234 8235
f 8126 8125 8235
f 8126 8235 8236
f 8128 8127 8237
f 8128 8237 8238
f 8129 8128 8238
f 8129 8238 8239
f 8130 8129 8239
f 8130 8239 8240
f 8131 8130 8240
f 8131 8240 8241
f 8132 8131 8241
f 8132 8241 8242
f 8140 8132 8242
f 8140 8242 8250
f 8141 8140 8250
f 8141 8250 8251
f 8142 8141 8251
f 8142 8251 8252
f 8143 8142 8252
f 8143 8252 8253
f 8144 8143 8253
f 8144 8253 8254
f 8145 8144 8254
f 8145 8254 8255
f 8146 8145 8255
f 8146 8255 8256
f 8147 8146 8256
f 8147 8256 8257
f 8149 8148 8258
f 8149 8258 8259
f 8151 8150 8260
f 8151 8260 8261
f 8153 8152 8262
f 8153 8262 8263
f 8155 8154 8264
f 8155 8264 8265
f 8060 8155 8265
f 8060 8265 8170
f 8152 8156 8266
f 8152 8266 8262
f 8157 8149 8259
f 8157 8259 8267
f 8154 8153 8263
f 8154 8263 8264
f 8139 8136 8246
f 8139 8246 8249
f 8127 8126 8236
f 8127 8236 8237
f 8148 8147 8257
f 8148 8257 8258
f 8124 8138 8248
f 8124 8248 8234
f 8150 8157 8267
f 8150 8267 8260
f 8137 8139 8249
f 8137 8249 8247
f 8156 8151 8261
f 8156 8261 8266
f 8133 8055 8165
f 8133 8165 8243
f 8055 8056 8166
f 8055 8166 8165
f 8056 8057 8167
f 8056 8167 8166
f 8057 8058 8168
f 8057 8168 8167
f 8058 8059 8169
f 8058 8169 8168
f 8059 8060 8170
f 8059 8170 8169
f 8291 8323 8294
f 8315 8290 8283
f 8295 8282 8280
f 8282 8295 8322
f 8281 8315 8283
f 8282 8315 8280
f 8291 8294 8276
f 8278 8283 8276
f 8315 8282 8291
f 8290 8276 8283
f 8290 8315 8291
f 8276 8290 8291
f 8301 8281 8283
f 8283 8278 8301
f 8278 8275 8301
f 8317 8278 8276
f 8318 8317 8316
f 8317 8276 8316
f 8302 8275 8317
f 8276 8294 8277
f 8293 8277 8294
f 8288 8279 8289
f 8279 8314 8289
f 8314 8313 8312
f 8311 8310 8318
f 8309 8308 8310
f 8309 8310 8311
f 8311 8313 8309
f 8314 8309 8313
f 8307 8317 8310
f 8307 8310 8306
f 8312 8313 8305
f 8304 8312 8305
f 8310 8317 8318
f 8311 8318 8303
f 8313 8311 8303
f 8302 8317 8307
f 8301 8275 8302
f 8316 8300 8318
f 8299 8298 8300
f 8300 8316 8299
f 8298 8305 8303
f 8303 8300 8298
f 8303 8305 8313
f 8297 8304 8305
f 8300 8303 8318
f 8317 8275 8278
f 8299 8316 8293
f 8316 8277 8293
f 8297 8305 8298
f 8296 8297 8298
f 8298 8299 8296
f 8299 8293 8296
f 8316 8276 8277
f 8308 8306 8310
f 8312 8289 8314
f 8312 8304 8287
f 8288 8289 8312
f 8288 8312 8286
f 8312 8287 8286
f 8307 8306 8302
f 8302 8285 8301
f 8287 8304 8284
f 8323 8295 8292
f 8306 8285 8302
f 8319 8296 8293
f 8319 8293 8294
f 8320 8308 8309
f 8320 8309 8314
f 8291 8322 8323
f 8322 8291 8282
f 8324 8294 8323
f 8323 8322 8295
f 8292 8321 8324
f 8324 8323 8292
f 8324 8321 8294
f 8341 8373 8344
f 8365 8340 8333
f 8345 8332 8330
f 8332 8345 8372
f 8331 8365 8333
f 8332 8365 8330
f 8341 8344 8326
f 8328 8333 8326
f 8365 8332 8341
f 8340 8326 8333
f 8340 8365 8341
f 8326 8340 8341
f 8351 8331 8333
f 8333 8328 8351
f 8328 8325 8351
f 8367 8328 8326
f 8368 8367 8366
f 8367 8326 8366
f 8352 8325 8367
f 8326 8344 8327
f 8343 8327 8344
f 8338 8329 8339
f 8329 8364 8339
f 8364 8363 8362
f 8361 8360 8368
f 8359 8358 8360
f 8359 8360 8361
f 8361 8363 8359
f 8364 8359 8363
f 8357 8367 8360
f 8357 8360 8356
f 8362 8363 8355
f 8354 8362 8355
f 8360 8367 8368
f 8361 8368 8353
f 8363 8361 8353
f 8352 8367 8357
f 8351 8325 8352
f 8366 8350 8368
f 8349 8348 8350
f 8350 8366 8349
f 8348 8355 8353
f 8353 8350 8348
f 8353 8355 8363
f 8347 8354 8355
f 8350 8353 8368
f 8367 8325 8328
f 8349 8366 8343
f 8366 8327 8343
f 8347 8355 8348
f 8346 8347 8348
f 8348 8349 8346
f 8349 8343 8346
f 8366 8326 8327
f 8358 8356 8360
f 8362 8339 8364
f 8362 8354 8337
f 8338 8339 8362
f 8338 8362 8336
f 8362 8337 8336
f 8357 8356 8352
f 8352 8335 8351
f 8337 8354 8334
f 8373 8345 8342
f 8356 8335 8352
f 8369 8346 8343
f 8369 8343 8344
f 8370 8358 8359
f 8370 8359 8364
f 8341 8372 8373
f 8372 8341 8332
f 8374 8344 8373
f 8373 8372 8345
f 8342 8371 8374
f 8374 8373 8342
f 8374 8371 8344
f 8377 8414 8409
f 8380 8398 8397
f 8399 8380 8382
f 8378 8400 8396
f 8399 8398 8380
f 8399 8382 8381
f 8405 8400 8378
f 8411 8400 8408
f 8399 8381 8401
f 8396 8411 8404
f 8413 8414 8386
f 8405 8408 8400
f 8411 8396 8400
f 8406 8412 8415
f 8402 8401 8381
f 8413 8409 8414
f 8406 8402 8381
f 8414 8377 8412
f 8399 8401 8398
f 8380 8397 8379
f 8389 8407 8395
f 8383 8390 8391
f 8383 8389 8395
f 8385 8386 8384
f 8385 8375 8413
f 8383 8388 8393
f 8383 8395 8410
f 8410 8414 8412
f 8392 8410 8394
f 8392 8381 8387
f 8396 8390 8403
f 8410 8395 8384
f 8394 8406 8381
f 8385 8376 8375
f 8390 8383 8403
f 8383 8387 8382
f 8388 8383 8382
f 8387 8381 8382
f 8387 8383 8410
f 8390 8396 8391
f 8391 8404 8407
f 8388 8380 8393
f 8385 8413 8386
f 8381 8392 8394
f 8380 8388 8382
f 8404 8391 8396
f 8406 8394 8412
f 8410 8386 8414
f 8410 8392 8387
f 8403 8378 8396
f 8394 8410 8412
f 8378 8403 8379
f 8383 8393 8403
f 8407 8389 8391
f 8393 8379 8403
f 8410 8384 8386
f 8379 8393 8380
f 8389 8383 8391
f 8418 8455 8450
f 8421 8439 8438
f 8440 8421 8423
f 8419 8441 8437
f 8440 8439 8421
f 8440 8423 8422
f 8446 8441 8419
f 8452 8441 8449
f 8440 8422 8442
f 8437 8452 8445
f 8454 8455 8427
f 8446 8449 8441
f 8452 8437 8441
f 8447 8453 8456
f 8443 8442 8422
f 8454 8450 8455
f 8447 8443 8422
f 8455 8418 8453
f 8440 8442 8439
f 8421 8438 8420
f 8430 8448 8436
f 8424 8431 8432
f 8424 8430 8436
f 8426 8427 8425
f 8426 8416 8454
f 8424 8429 8434
f 8424 8436 8451
f 8451 8455 8453
f 8433 8451 8435
f 8433 8422 8428
f 8437 8431 8444
f 8451 8436 8425
f 8435 8447 8422
f 8426 8417 8416
f 8431 8424 8444
f 8424 8428 8423
f 8429 8424 8423
f 8428 8422 8423
f 8428 8424 8451
f 8431 8437 8432
f 8432 8445 8448
f 8429 8421 8434
f 8426 8454 8427
f 8422 8433 8435
f 8421 8429 8423
f 8445 8432 8437
f 8447 8435 8453
f 8451 8427 8455
f 8451 8433 8428
f 8444 8419 8437
f 8435 8451 8453
f 8419 8444 8420
f 8424 8434 8444
f 8448 8430 8432
f 8434 8420 8444
f 8451 8425 8427
f 8420 8434 8421
f 8430 8424 8432
f 8462 8461 8460
f 8462 8460 8459
f 8462 8459 8457
f 8462 8457 8458
f 8468 8465 8466
f 8468 8466 8467
f 8468 8464 8463
f 8468 8463 8465
f 8458 8457 8463
f 8458 8463 8464
f 8457 8459 8465
f 8457 8465 8463
f 8459 8460 8466
f 8459 8466 8465
f 8460 8461 8467
f 8460 8467 8466
f 8461 8462 8468
f 8461 8468 8467
f 8462 8458 8464
f 8462 8464 8468
f 8474 8473 8472
f 8474 8472 8471
f 8474 8471 8469
f 8474 8469 8470
f 8480 8477 8478
f 8480 8478 8479
f 8480 8476 8475
f 8480 8475 8477
f 8470 8469 8475
f 8470 8475 8476
f 8469 8471 8477
f 8469 8477 8475
f 8471 8472 8478
f 8471 8478 8477
f 8472 8473 8479
f 8472 8479 8478
f 8473 8474 8480
f 8473 8480 8479
f 8474 8470 8476
f 8474 8476 8480
f 8486 8524 8525
f 8486 8525 8522
f 8481 8485 8493
f 8481 8493 8482
f 8492 8484 8482
f 8492 8482 8493
f 8491 8483 8484
f 8491 8484 8492
f 8492 8489 8490
f 8492 8490 8491
f 8493 8488 8489
f 8493 8489 8492
f 8485 8487 8488
f 8485 8488 8493
f 8485 8524 8486
f 8485 8486 8487
f 8481 8526 8524
f 8481 8524 8485
f 8498 8505 8496
f 8498 8496 8497
f 8495 8504 8503
f 8495 8503 8494
f 8500 8501 8504
f 8500 8504 8505
f 8502 8503 8504
f 8502 8504 8501
f 8522 8523 8503
f 8522 8503 8502
f 8488 8501 8500
f 8488 8500 8489
f 8487 8502 8501
f 8487 8501 8488
f 8486 8522 8502
f 8486 8502 8487
f 8499 8490 8489
f 8499 8489 8500
f 8505 8498 8499
f 8505 8499 8500
f 8496 8505 8504
f 8496 8504 8495
f 8517 8513 8515
f 8517 8515 8519
f 8494 8527 8528
f 8494 8528 8516
f 8529 8515 8516
f 8529 8516 8528
f 8516 8514 8495
f 8516 8495 8494
f 8515 8513 8514
f 8515 8514 8516
f 8514 8518 8534
f 8513 8517 8518
f 8513 8518 8514
f 8518 8512 8497
f 8518 8497 8534
f 8517 8511 8512
f 8517 8512 8518
f 8519 8510 8511
f 8519 8511 8517
f 8510 8519 8520
f 8510 8520 8509
f 8521 8508 8509
f 8521 8509 8520
f 8506 8507 8508
f 8506 8508 8521
f 8530 8519 8515
f 8530 8515 8529
f 8531 8520 8519
f 8531 8519 8530
f 8532 8521 8520
f 8532 8520 8531
f 8533 8506 8521
f 8533 8521 8532
f 8527 8494 8503
f 8527 8503 8523
f 8534 8497 8496
f 8534 8496 8495
f 8534 8495 8514
f 8540 8576 8579
f 8540 8579 8578
f 8535 8536 8547
f 8535 8547 8539
f 8546 8547 8536
f 8546 8536 8538
f 8545 8546 8538
f 8545 8538 8537
f 8546 8545 8544
f 8546 8544 8543
f 8547 8546 8543
f 8547 8543 8542
f 8539 8547 8542
f 8539 8542 8541
f 8539 8541 8540
f 8539 8540 8578
f 8535 8539 8578
f 8535 8578 8580
f 8552 8551 8550
f 8552 8550 8559
f 8549 8548 8557
f 8549 8557 8558
f 8554 8559 8558
f 8554 8558 8555
f 8556 8555 8558
f 8556 8558 8557
f 8576 8556 8557
f 8576 8557 8577
f 8542 8543 8554
f 8542 8554 8555
f 8541 8542 8555
f 8541 8555 8556
f 8540 8541 8556
f 8540 8556 8576
f 8553 8554 8543
f 8553 8543 8544
f 8559 8554 8553
f 8559 8553 8552
f 8550 8549 8558
f 8550 8558 8559
f 8571 8573 8569
f 8571 8569 8567
f 8548 8570 8582
f 8548 8582 8581
f 8583 8582 8570
f 8583 8570 8569
f 8570 8548 8549
f 8570 8549 8568
f 8569 8570 8568
f 8569 8568 8567
f 8568 8588 8572
f 8567 8568 8572
f 8567 8572 8571
f 8572 8588 8551
f 8572 8551 8566
f 8571 8572 8566
f 8571 8566 8565
f 8573 8571 8565
f 8573 8565 8564
f 8564 8563 8574
f 8564 8574 8573
f 8575 8574 8563
f 8575 8563 8562
f 8560 8575 8562
f 8560 8562 8561
f 8584 8583 8569
f 8584 8569 8573
f 8585 8584 8573
f 8585 8573 8574
f 8586 8585 8574
f 8586 8574 8575
f 8587 8586 8575
f 8587 8575 8560
f 8581 8577 8557
f 8581 8557 8548
f 8588 8550 8551
f 8588 8568 8549
f 8588 8549 8550
f 8525 8524 8578
f 8525 8578 8579
f 8526 8481 8535
f 8526 8535 8580
f 8481 8482 8536
f 8481 8536 8535
f 8484 8483 8537
f 8484 8537 8538
f 8482 8484 8538
f 8482 8538 8536
f 8522 8525 8579
f 8522 8579 8576
f 8523 8522 8576
f 8523 8576 8577
f 8527 8523 8577
f 8527 8577 8581
f 8524 8526 8580
f 8524 8580 8578
f 8491 8490 8544
f 8491 8544 8545
f 8483 8491 8545
f 8483 8545 8537
f 8498 8497 8551
f 8498 8551 8552
f 8499 8498 8552
f 8499 8552 8553
f 8490 8499 8553
f 8490 8553 8544
f 8528 8527 8581
f 8528 8581 8582
f 8529 8528 8582
f 8529 8582 8583
f 8530 8529 8583
f 8530 8583 8584
f 8531 8530 8584
f 8531 8584 8585
f 8532 8531 8585
f 8532 8585 8586
f 8533 8532 8586
f 8533 8586 8587
f 8506 8533 8587
f 8506 8587 8560
f 8507 8506 8560
f 8507 8560 8561
f 8508 8507 8561
f 8508 8561 8562
f 8509 8508 8562
f 8509 8562 8563
f 8510 8509 8563
f 8510 8563 8564
f 8511 8510 8564
f 8511 8564 8565
f 8512 8511 8565
f 8512 8565 8566
f 8497 8512 8566
f 8497 8566 8551
f 8594 8632 8633
f 8594 8633 8630
f 8589 8593 8601
f 8589 8601 8590
f 8600 8592 8590
f 8600 8590 8601
f 8599 8591 8592
f 8599 8592 8600
f 8600 8597 8598
f 8600 8598 8599
f 8601 8596 8597
f 8601 8597 8600
f 8593 8595 8596
f 8593 8596 8601
f 8593 8632 8594
f 8593 8594 8595
f 8589 8634 8632
f 8589 8632 8593
f 8606 8613 8604
f 8606 8604 8605
f 8603 8612 8611
f 8603 8611 8602
f 8608 8609 8612
f 8608 8612 8613
f 8610 8611 8612
f 8610 8612 8609
f 8630 8631 8611
f 8630 8611 8610
f 8596 8609 8608
f 8596 8608 8597
f 8595 8610 8609
f 8595 8609 8596
f 8594 8630 8610
f 8594 8610 8595
f 8607 8598 8597
f 8607 8597 8608
f 8613 8606 8607
f 8613 8607 8608
f 8604 8613 8612
f 8604 8612 8603
f 8625 8621 8623
f 8625 8623 8627
f 8602 8635 8636
f 8602 8636 8624
f 8637 8623 8624
f 8637 8624 8636
f 8624 8622 8603
f 8624 8603 8602
f 8623 8621 8622
f 8623 8622 8624
f 8622 8626 8642
f 8621 8625 8626
f 8621 8626 8622
f 8626 8620 8605
f 8626 8605 8642
f 8625 8619 8620
f 8625 8620 8626
f 8627 8618 8619
f 8627 8619 8625
f 8618 8627 8628
f 8618 8628 8617
f 8629 8616 8617
f 8629 8617 8628
f 8614 8615 8616
f 8614 8616 8629
f 8638 8627 8623
f 8638 8623 8637
f 8639 8628 8627
f 8639 8627 8638
f 8640 8629 8628
f 8640 8628 8639
f 8641 8614 8629
f 8641 8629 8640
f 8635 8602 8611
f 8635 8611 8631
f 8642 8605 8604
f 8642 8604 8603
f 8642 8603 8622
f 8648 8684 8687
f 8648 8687 8686
f 8643 8644 8655
f 8643 8655 8647
f 8654 8655 8644
f 8654 8644 8646
f 8653 8654 8646
f 8653 8646 8645
f 8654 8653 8652
f 8654 8652 8651
f 8655 8654 8651
f 8655 8651 8650
f 8647 8655 8650
f 8647 8650 8649
f 8647 8649 8648
f 8647 8648 8686
f 8643 8647 8686
f 8643 8686 8688
f 8660 8659 8658
f 8660 8658 8667
f 8657 8656 8665
f 8657 8665 8666
f 8662 8667 8666
f 8662 8666 8663
f 8664 8663 8666
f 8664 8666 8665
f 8684 8664 8665
f 8684 8665 8685
f 8650 8651 8662
f 8650 8662 8663
f 8649 8650 8663
f 8649 8663 8664
f 8648 8649 8664
f 8648 8664 8684
f 8661 8662 8651
f 8661 8651 8652
f 8667 8662 8661
f 8667 8661 8660
f 8658 8657 8666
f 8658 8666 8667
f 8679 8681 8677
f 8679 8677 8675
f 8656 8678 8690
f 8656 8690 8689
f 8691 8690 8678
f 8691 8678 8677
f 8678 8656 8657
f 8678 8657 8676
f 8677 8678 8676
f 8677 8676 8675
f 8676 8696 8680
f 8675 8676 8680
f 8675 8680 8679
f 8680 8696 8659
f 8680 8659 8674
f 8679 8680 8674
f 8679 8674 8673
f 8681 8679 8673
f 8681 8673 8672
f 8672 8671 8682
f 8672 8682 8681
f 8683 8682 8671
f 8683 8671 8670
f 8668 8683 8670
f 8668 8670 8669
f 8692 8691 8677
f 8692 8677 8681
f 8693 8692 8681
f 8693 8681 8682
f 8694 8693 8682
f 8694 8682 8683
f 8695 8694 8683
f 8695 8683 8668
f 8689 8685 8665
f 8689 8665 8656
f 8696 8658 8659
f 8696 8676 8657
f 8696 8657 8658
f 8633 8632 8686
f 8633 8686 8687
f 8634 8589 8643
f 8634 8643 8688
f 8589 8590 8644
f 8589 8644 8643
f 8592 8591 8645
f 8592 8645 8646
f 8590 8592 8646
f 8590 8646 8644
f 8630 8633 8687
f 8630 8687 8684
f 8631 8630 8684
f 8631 8684 8685
f 8635 8631 8685
f 8635 8685 8689
f 8632 8634 8688
f 8632 8688 8686
f 8599 8598 8652
f 8599 8652 8653
f 8591 8599 8653
f 8591 8653 8645
f 8606 8605 8659
f 8606 8659 8660
f 8607 8606 8660
f 8607 8660 8661
f 8598 8607 8661
f 8598 8661 8652
f 8636 8635 8689
f 8636 8689 8690
f 8637 8636 8690
f 8637 8690 8691
f 8638 8637 8691
f 8638 8691 8692
f 8639 8638 8692
f 8639 8692 8693
f 8640 8639 8693
f 8640 8693 8694
f 8641 8640 8694
f 8641 8694 8695
f 8614 8641 8695
f 8614 8695 8668
f 8615 8614 8668
f 8615 8668 8669
f 8616 8615 8669
f 8616 8669 8670
f 8617 8616 8670
f 8617 8670 8671
f 8618 8617 8671
f 8618 8671 8672
f 8619 8618 8672
f 8619 8672 8673
f 8620 8619 8673
f 8620 8673 8674
f 8605 8620 8674
f 8605 8674 8659
