# Z-Anatomy (CC BY-SA 4.0, BodyParts3D), head layer 'mandible'
# millimeters, Blender frame: z up, -y front; recentered on the (full) skull's bbox center
o mandible
v 16.443 -79.559 -76.355
v 15.169 -77.970 -79.050
v 15.286 -79.999 -81.053
v 16.173 -82.127 -77.748
v 16.237 -79.444 -75.483
v 16.778 -81.247 -74.853
v 16.306 -80.937 -74.368
v 15.440 -79.964 -74.998
v 16.331 -82.825 -75.458
v 15.565 -84.187 -75.022
v 16.579 -81.638 -74.426
v 15.774 -82.348 -73.929
v 14.928 -81.659 -73.962
v 15.411 -83.146 -73.442
v 15.493 -84.046 -74.085
v 14.750 -78.727 -84.998
v 14.480 -81.709 -82.523
v 15.034 -77.682 -77.156
v 13.305 -75.441 -81.627
v 15.237 -78.633 -76.093
v 14.720 -83.882 -78.517
v 14.055 -85.341 -76.798
v 14.687 -82.484 -73.276
v 14.493 -85.272 -74.832
v 14.541 -84.685 -73.539
v 14.917 -77.792 -82.637
v 14.124 -77.858 -87.449
v 13.743 -75.669 -82.664
v 13.749 -77.069 -77.541
v 12.438 -75.751 -78.583
v 14.432 -79.649 -75.914
v 13.555 -84.279 -79.435
v 13.842 -85.484 -76.232
v 13.862 -82.509 -73.298
v 14.036 -83.230 -72.991
v 13.918 -84.845 -73.567
v 12.883 -71.367 -98.413
v 12.841 -72.579 -98.377
v 13.763 -72.967 -95.520
v 13.562 -72.367 -95.407
v 12.405 -70.495 -98.609
v 13.318 -74.378 -95.828
v 12.935 -71.545 -96.069
v 13.798 -73.987 -95.256
v 14.073 -75.610 -90.875
v 13.119 -73.847 -90.275
v 14.203 -76.577 -87.205
v 13.430 -75.188 -85.166
v 12.650 -82.348 -83.269
v 13.573 -82.296 -82.937
v 12.541 -80.314 -75.992
v 12.866 -83.099 -74.096
v 12.535 -85.271 -75.122
v 13.022 -84.337 -73.815
v 12.208 -70.698 -99.025
v 12.229 -71.994 -98.989
v 12.293 -73.424 -97.947
v 12.687 -73.299 -91.255
v 12.626 -76.323 -92.800
v 13.159 -78.707 -87.824
v 12.599 -74.130 -87.234
v 12.258 -74.866 -82.103
v 12.323 -84.833 -78.867
v 12.313 -76.085 -78.044
v 12.041 -77.850 -77.333
v 11.991 -84.792 -74.720
v 11.685 -70.572 -99.230
v 11.844 -70.399 -97.785
v 11.377 -70.298 -98.783
v 11.270 -70.779 -99.054
v 11.435 -71.356 -99.077
v 11.254 -70.879 -96.594
v 11.834 -73.560 -97.470
v 10.799 -72.319 -97.257
v 11.757 -72.753 -92.441
v 10.750 -77.213 -90.662
v 11.154 -73.752 -89.749
v 11.076 -79.650 -86.703
v 11.458 -75.471 -79.506
v 11.292 -82.000 -75.736
v 11.021 -83.110 -81.326
v 11.400 -84.423 -77.900
v 11.032 -83.792 -76.427
v 11.742 -83.778 -74.297
v 11.478 -83.926 -74.581
v 10.725 -71.415 -96.482
v 10.285 -74.313 -92.953
v 10.848 -73.169 -93.012
v 10.183 -75.063 -92.722
v 10.798 -75.990 -79.342
v 10.520 -76.803 -78.743
v 10.159 -82.146 -81.010
v 10.144 -80.211 -77.986
v 9.435 -75.527 -87.127
v 9.457 -77.408 -88.732
v 9.534 -79.623 -83.860
v 9.528 -77.080 -83.387
v 9.464 -79.669 -80.406
v 9.619 -80.853 -80.217
v 9.131 -76.702 -88.675
v 9.025 -76.212 -87.924
v 9.386 -78.521 -84.589
v -16.339 -79.559 -76.355
v -15.065 -77.970 -79.050
v -15.182 -79.999 -81.053
v -16.069 -82.127 -77.748
v -16.133 -79.444 -75.483
v -16.674 -81.247 -74.853
v -16.202 -80.937 -74.368
v -15.336 -79.964 -74.998
v -16.227 -82.825 -75.458
v -15.461 -84.187 -75.022
v -16.475 -81.638 -74.426
v -15.670 -82.348 -73.929
v -14.824 -81.659 -73.962
v -15.307 -83.146 -73.442
v -15.389 -84.046 -74.085
v -14.646 -78.727 -84.998
v -14.376 -81.709 -82.523
v -14.930 -77.682 -77.156
v -13.201 -75.441 -81.627
v -15.133 -78.633 -76.093
v -14.616 -83.882 -78.517
v -13.951 -85.341 -76.798
v -14.583 -82.484 -73.276
v -14.389 -85.272 -74.832
v -14.437 -84.685 -73.539
v -14.813 -77.792 -82.637
v -14.020 -77.858 -87.449
v -13.639 -75.669 -82.664
v -13.645 -77.069 -77.541
v -12.334 -75.751 -78.583
v -14.328 -79.649 -75.914
v -13.451 -84.279 -79.435
v -13.738 -85.484 -76.232
v -13.758 -82.509 -73.298
v -13.932 -83.230 -72.991
v -13.814 -84.845 -73.567
v -12.779 -71.367 -98.413
v -12.737 -72.579 -98.377
v -13.659 -72.967 -95.520
v -13.458 -72.367 -95.407
v -12.301 -70.495 -98.609
v -13.214 -74.378 -95.828
v -12.831 -71.545 -96.069
v -13.694 -73.987 -95.256
v -13.969 -75.610 -90.875
v -13.015 -73.847 -90.275
v -14.099 -76.577 -87.205
v -13.326 -75.188 -85.166
v -12.546 -82.348 -83.269
v -13.469 -82.296 -82.937
v -12.437 -80.314 -75.992
v -12.762 -83.099 -74.096
v -12.431 -85.271 -75.122
v -12.918 -84.337 -73.815
v -12.104 -70.698 -99.025
v -12.125 -71.994 -98.989
v -12.189 -73.424 -97.947
v -12.583 -73.299 -91.255
v -12.522 -76.323 -92.800
v -13.055 -78.707 -87.824
v -12.495 -74.130 -87.234
v -12.154 -74.866 -82.103
v -12.219 -84.833 -78.867
v -12.209 -76.085 -78.044
v -11.937 -77.850 -77.333
v -11.887 -84.792 -74.720
v -11.581 -70.572 -99.230
v -11.740 -70.399 -97.785
v -11.273 -70.298 -98.783
v -11.166 -70.779 -99.054
v -11.331 -71.356 -99.077
v -11.150 -70.879 -96.594
v -11.730 -73.560 -97.470
v -10.695 -72.319 -97.257
v -11.653 -72.753 -92.441
v -10.646 -77.213 -90.662
v -11.050 -73.752 -89.749
v -10.972 -79.650 -86.703
v -11.354 -75.471 -79.506
v -11.188 -82.000 -75.736
v -10.917 -83.110 -81.326
v -11.296 -84.423 -77.900
v -10.928 -83.792 -76.427
v -11.638 -83.778 -74.297
v -11.374 -83.926 -74.581
v -10.621 -71.415 -96.482
v -10.181 -74.313 -92.953
v -10.744 -73.169 -93.012
v -10.079 -75.063 -92.722
v -10.694 -75.990 -79.342
v -10.416 -76.803 -78.743
v -10.055 -82.146 -81.010
v -10.040 -80.211 -77.986
v -9.331 -75.527 -87.127
v -9.353 -77.408 -88.732
v -9.430 -79.623 -83.860
v -9.424 -77.080 -83.387
v -9.360 -79.669 -80.406
v -9.515 -80.853 -80.217
v -9.027 -76.702 -88.675
v -8.921 -76.212 -87.924
v -9.282 -78.521 -84.589
v 28.447 -54.323 -78.756
v 28.131 -53.756 -81.766
v 28.972 -55.678 -78.650
v 27.980 -54.981 -82.855
v 28.817 -56.773 -78.763
v 27.802 -51.602 -86.197
v 27.924 -52.210 -86.345
v 27.865 -51.731 -84.989
v 28.279 -52.604 -85.618
v 27.898 -53.212 -85.840
v 27.657 -52.376 -83.280
v 27.697 -55.505 -82.820
v 27.318 -53.202 -78.644
v 28.090 -54.751 -75.791
v 27.324 -58.082 -80.066
v 28.264 -58.223 -78.543
v 28.401 -56.725 -75.629
v 28.123 -58.803 -75.677
v 27.863 -57.523 -74.243
v 26.937 -56.367 -73.558
v 27.955 -59.936 -76.288
v 28.164 -59.842 -72.994
v 27.836 -61.095 -72.349
v 27.922 -58.409 -71.620
v 27.822 -60.071 -71.070
v 27.297 -63.006 -74.677
v 27.494 -51.689 -86.464
v 27.224 -51.436 -85.973
v 26.521 -51.661 -85.818
v 27.388 -52.138 -86.522
v 26.603 -52.276 -82.506
v 26.147 -51.852 -84.196
v 26.864 -55.316 -83.976
v 25.149 -54.765 -84.411
v 26.761 -57.872 -80.605
v 27.298 -58.904 -79.917
v 27.095 -54.280 -75.103
v 27.375 -60.860 -79.462
v 27.221 -62.251 -77.847
v 26.722 -63.226 -76.660
v 27.053 -63.356 -73.347
v 27.088 -62.167 -71.913
v 25.776 -57.873 -68.795
v 26.586 -59.604 -68.905
v 26.836 -60.996 -69.664
v 25.566 -52.567 -85.363
v 25.405 -57.753 -80.573
v 25.992 -59.383 -81.418
v 26.038 -60.231 -81.658
v 25.155 -60.111 -83.015
v 26.092 -62.255 -80.170
v 24.230 -53.065 -75.360
v 24.823 -63.592 -79.013
v 25.466 -54.665 -73.528
v 26.363 -63.220 -78.018
v 25.960 -64.748 -73.350
v 25.717 -64.214 -71.189
v 25.735 -58.975 -68.377
v 25.618 -62.604 -70.218
v 24.034 -54.334 -83.656
v 24.199 -52.579 -81.978
v 25.071 -56.598 -82.549
v 23.684 -52.522 -79.866
v 25.215 -59.026 -83.393
v 24.213 -57.160 -80.581
v 25.075 -58.339 -81.434
v 26.030 -64.300 -75.214
v 25.562 -55.023 -70.982
v 25.489 -55.772 -68.901
v 24.585 -65.413 -73.721
v 25.200 -56.770 -68.172
v 24.847 -58.176 -68.403
v 24.478 -62.102 -69.157
v 24.653 -55.865 -86.715
v 24.965 -56.588 -87.053
v 24.099 -55.594 -86.769
v 24.813 -57.808 -86.255
v 24.534 -56.683 -87.484
v 24.044 -58.238 -86.441
v 24.160 -53.273 -83.270
v 24.012 -57.222 -83.938
v 24.865 -58.250 -83.641
v 24.106 -57.803 -82.069
v 22.820 -60.697 -83.516
v 23.860 -53.858 -73.742
v 22.128 -63.448 -79.121
v 24.558 -54.462 -70.331
v 23.044 -64.506 -75.427
v 24.748 -55.339 -68.658
v 24.440 -55.798 -68.263
v 23.146 -66.127 -71.088
v 24.729 -63.368 -69.577
v 24.582 -64.730 -70.347
v 23.944 -63.141 -69.395
v 23.384 -55.923 -86.332
v 22.582 -56.714 -84.371
v 23.022 -56.631 -87.018
v 23.751 -56.274 -87.415
v 23.259 -57.064 -87.195
v 22.943 -56.931 -83.710
v 22.329 -54.182 -81.500
v 22.776 -55.192 -82.377
v 23.241 -56.795 -80.271
v 23.648 -57.496 -80.855
v 22.471 -53.097 -75.618
v 23.125 -54.129 -69.879
v 23.409 -55.518 -68.470
v 23.173 -65.729 -73.630
v 24.184 -61.761 -69.194
v 22.691 -65.672 -70.260
v 22.371 -57.967 -85.912
v 20.454 -54.181 -77.507
v 21.190 -54.142 -79.227
v 21.933 -56.109 -80.297
v 21.384 -57.161 -81.473
v 22.585 -53.528 -74.350
v 21.826 -63.635 -77.504
v 19.102 -64.481 -73.991
v 22.427 -55.462 -68.522
v 21.006 -62.125 -70.746
v 22.156 -66.186 -70.946
v 21.668 -58.026 -84.917
v 21.219 -60.679 -83.021
v 21.150 -57.385 -82.947
v 21.237 -55.109 -79.806
v 22.038 -56.554 -80.217
v 21.139 -53.846 -74.479
v 20.352 -53.736 -71.563
v 19.113 -63.078 -75.448
v 21.242 -55.551 -69.003
v 22.383 -59.022 -69.988
v 21.147 -58.034 -69.494
v 21.556 -59.646 -70.940
v 22.114 -66.083 -72.326
v 19.478 -58.896 -81.237
v 20.324 -57.157 -80.580
v 20.005 -62.448 -79.068
v 20.529 -54.106 -70.558
v 20.377 -65.377 -72.651
v 20.762 -65.246 -70.646
v 20.444 -56.348 -79.599
v 19.570 -56.802 -78.611
v 19.668 -61.698 -79.867
v 19.847 -55.021 -75.110
v 19.362 -54.280 -72.906
v 19.363 -62.250 -76.737
v 20.099 -56.105 -68.437
v 19.157 -57.771 -68.365
v 19.693 -58.862 -69.786
v 19.609 -61.435 -70.434
v 19.835 -64.183 -70.759
v 18.811 -59.079 -79.092
v 18.471 -58.884 -76.065
v 19.361 -56.193 -75.719
v 19.035 -61.516 -78.340
v 18.803 -54.850 -70.754
v 18.806 -55.981 -69.029
v 18.170 -64.614 -72.600
v 18.948 -56.908 -68.299
v 19.545 -59.973 -70.359
v 18.308 -62.804 -69.484
v 19.798 -64.980 -71.022
v 18.581 -59.455 -77.041
v 18.754 -60.740 -76.798
v 18.442 -54.941 -72.059
v 17.465 -62.482 -73.884
v 18.225 -58.113 -69.431
v 17.837 -59.650 -70.557
v 17.700 -61.653 -69.875
v 18.117 -57.270 -69.128
v 18.146 -64.899 -70.953
v 17.737 -56.271 -73.077
v 17.677 -56.069 -71.670
v 16.969 -59.859 -73.777
v 17.299 -59.340 -71.170
v 17.524 -64.513 -71.522
v 17.723 -63.986 -70.015
v 16.748 -60.612 -72.954
v 17.324 -63.828 -70.556
v 17.354 -62.378 -69.924
v 27.529 -54.431 -78.367
v 27.385 -52.323 -83.849
v 28.219 -55.455 -78.996
v 27.687 -54.534 -83.295
v 28.076 -56.424 -78.793
v 27.279 -56.752 -76.591
v 27.692 -52.069 -86.114
v 27.779 -51.996 -85.356
v 27.824 -52.843 -85.738
v 27.491 -54.123 -84.644
v 27.203 -52.977 -81.166
v 27.690 -56.065 -81.452
v 27.081 -55.438 -76.282
v 26.952 -57.729 -79.637
v 27.385 -57.854 -78.260
v 27.043 -59.110 -77.505
v 26.440 -57.880 -75.134
v 25.792 -56.281 -74.649
v 26.704 -58.338 -75.976
v 25.612 -60.372 -72.581
v 25.612 -59.419 -71.955
v 26.046 -60.568 -75.264
v 27.346 -51.822 -86.177
v 26.911 -51.814 -85.348
v 25.234 -54.291 -84.370
v 26.261 -56.867 -81.598
v 26.751 -58.955 -79.463
v 25.419 -55.584 -75.031
v 26.607 -60.558 -79.106
v 25.698 -62.170 -77.119
v 24.907 -56.678 -72.715
v 25.404 -61.958 -73.955
v 24.922 -57.672 -71.324
v 25.216 -59.073 -71.295
v 26.530 -52.006 -85.619
v 24.997 -52.882 -83.663
v 23.939 -54.429 -76.090
v 25.711 -57.213 -80.533
v 25.803 -59.686 -81.087
v 24.947 -57.979 -80.306
v 25.618 -60.245 -81.494
v 24.820 -59.760 -83.201
v 25.673 -61.649 -79.833
v 24.850 -62.381 -78.746
v 24.576 -62.941 -73.974
v 24.399 -61.693 -71.965
v 24.784 -57.968 -71.041
v 23.900 -54.604 -83.050
v 24.060 -52.968 -81.428
v 25.135 -56.359 -82.325
v 23.961 -53.085 -79.889
v 24.345 -56.730 -80.304
v 25.275 -57.659 -80.171
v 24.816 -58.560 -81.278
v 24.494 -55.589 -74.532
v 24.353 -62.609 -76.665
v 24.254 -56.716 -70.924
v 23.315 -63.187 -74.443
v 23.731 -63.441 -73.003
v 24.226 -55.947 -86.665
v 24.606 -56.625 -87.025
v 24.429 -57.295 -86.736
v 23.856 -57.482 -84.069
v 24.644 -58.489 -83.740
v 23.925 -58.098 -82.078
v 22.959 -60.209 -83.668
v 24.071 -57.317 -80.057
v 22.577 -62.431 -78.566
v 23.438 -55.802 -72.686
v 23.604 -56.112 -71.179
v 23.044 -56.105 -70.877
v 23.138 -59.766 -71.957
v 23.587 -56.185 -86.329
v 22.816 -56.972 -84.363
v 23.804 -56.406 -87.117
v 22.979 -57.798 -86.153
v 22.965 -53.878 -81.131
v 22.764 -55.089 -81.638
v 22.350 -55.795 -79.687
v 21.935 -57.118 -79.615
v 23.569 -57.985 -80.735
v 22.174 -55.129 -74.933
v 22.882 -55.133 -74.744
v 22.363 -58.648 -72.182
v 23.149 -63.117 -72.367
v 23.282 -56.807 -86.877
v 21.560 -55.091 -77.690
v 22.308 -56.485 -79.475
v 22.347 -62.347 -76.575
v 21.774 -56.088 -71.022
v 20.158 -63.316 -72.636
v 20.764 -62.282 -72.505
v 22.410 -63.910 -72.494
v 21.876 -58.062 -84.593
v 21.653 -60.429 -82.814
v 21.260 -57.736 -82.669
v 21.369 -57.755 -81.362
v 22.125 -55.111 -79.580
v 20.817 -62.057 -75.113
v 21.650 -58.565 -72.337
v 21.283 -63.741 -72.642
v 20.310 -58.958 -81.342
v 21.007 -59.730 -82.654
v 20.541 -57.811 -79.604
v 21.440 -55.559 -78.635
v 20.637 -61.160 -79.115
v 20.188 -56.595 -71.065
v 20.825 -57.194 -78.866
v 21.179 -56.148 -75.501
v 21.374 -55.584 -73.901
v 20.738 -61.185 -76.634
v 20.675 -55.975 -72.005
v 19.657 -57.959 -71.820
v 20.064 -59.219 -79.734
v 20.151 -59.072 -75.765
v 20.143 -56.166 -72.599
v 18.878 -60.320 -72.369
v 19.786 -56.934 -71.193
v 18.734 -61.728 -72.322
v 18.942 -62.735 -72.275
v 20.243 -60.422 -78.192
v 20.253 -59.978 -76.704
v 19.679 -56.895 -72.839
v 19.783 -62.087 -73.905
v 19.092 -58.695 -72.181
v 19.422 -58.324 -73.704
v 19.306 -60.969 -73.795
v 26.647 -55.352 -79.748
v 26.413 -56.908 -79.098
v 26.226 -56.598 -77.926
v 27.313 -51.622 -86.454
v 27.335 -52.781 -85.162
v 26.651 -53.935 -81.893
v 23.610 -56.655 -86.275
v 26.058 -55.684 -77.850
v 25.911 -57.688 -79.038
v 25.814 -56.489 -80.280
v 25.761 -58.692 -78.205
v 24.560 -58.568 -75.196
v 24.709 -57.100 -75.454
v 24.401 -59.714 -75.321
v 24.540 -58.935 -73.538
v 26.816 -52.842 -85.243
v 25.934 -53.430 -82.457
v 25.219 -55.176 -78.154
v 25.362 -58.613 -78.755
v 24.952 -60.069 -79.173
v 24.149 -60.362 -76.033
v 24.209 -57.289 -74.241
v 24.247 -60.431 -74.480
v 24.921 -59.020 -79.188
v 24.614 -59.048 -80.916
v 24.369 -60.509 -78.007
v 23.560 -61.666 -74.390
v 23.931 -60.551 -73.937
v 24.573 -54.484 -81.382
v 25.372 -53.918 -83.232
v 23.937 -55.189 -78.233
v 24.233 -57.409 -78.189
v 24.795 -57.934 -78.434
v 24.212 -58.753 -79.668
v 24.205 -58.517 -81.908
v 24.225 -58.219 -84.026
v 23.659 -59.804 -80.749
v 22.710 -60.572 -78.590
v 24.054 -56.783 -75.333
v 23.193 -61.179 -75.772
v 23.968 -57.634 -72.949
v 24.067 -59.201 -73.430
v 24.088 -57.003 -85.344
v 24.095 -56.105 -87.315
v 23.914 -56.076 -79.457
v 23.793 -58.409 -78.016
v 23.085 -56.823 -72.848
v 22.617 -59.152 -73.788
v 23.209 -57.524 -84.985
v 22.883 -57.926 -82.556
v 23.265 -58.684 -79.617
v 22.989 -57.707 -77.568
v 23.036 -56.794 -75.032
v 22.356 -56.814 -72.644
v 22.229 -62.347 -73.946
v 21.506 -62.249 -73.840
v 22.284 -58.921 -81.679
v 22.633 -59.760 -80.772
v 23.060 -55.931 -77.542
v 23.121 -55.962 -78.239
v 22.312 -60.677 -76.573
v 22.065 -61.066 -75.358
v 22.950 -56.960 -77.858
v 22.492 -58.344 -79.600
v 22.356 -58.080 -77.932
v 21.739 -58.313 -73.857
v 21.939 -58.972 -74.043
v 21.762 -58.959 -79.575
v 22.310 -57.220 -75.074
v 21.190 -56.973 -72.806
v 20.725 -57.317 -72.967
v 20.430 -61.037 -73.824
v 22.298 -57.541 -77.243
v 20.512 -58.043 -73.404
v 21.893 -60.217 -78.845
v 21.600 -58.625 -75.929
v 21.493 -58.433 -75.071
v 20.826 -61.733 -73.914
v 20.089 -59.391 -73.648
v 21.561 -59.399 -78.082
v 21.574 -59.774 -76.015
v 20.894 -60.275 -74.679
v -28.343 -54.323 -78.756
v -28.027 -53.756 -81.766
v -28.868 -55.678 -78.650
v -27.876 -54.981 -82.855
v -28.713 -56.773 -78.763
v -27.698 -51.602 -86.197
v -27.820 -52.210 -86.345
v -27.761 -51.731 -84.989
v -28.175 -52.604 -85.618
v -27.794 -53.212 -85.840
v -27.553 -52.376 -83.280
v -27.593 -55.505 -82.820
v -27.214 -53.202 -78.644
v -27.986 -54.751 -75.791
v -27.220 -58.082 -80.066
v -28.160 -58.223 -78.543
v -28.297 -56.725 -75.629
v -28.019 -58.803 -75.677
v -27.759 -57.523 -74.243
v -26.833 -56.367 -73.558
v -27.851 -59.936 -76.288
v -28.060 -59.842 -72.994
v -27.732 -61.095 -72.349
v -27.818 -58.409 -71.620
v -27.718 -60.071 -71.070
v -27.193 -63.006 -74.677
v -27.390 -51.689 -86.464
v -27.120 -51.436 -85.973
v -26.417 -51.661 -85.818
v -27.284 -52.138 -86.522
v -26.499 -52.276 -82.506
v -26.043 -51.852 -84.196
v -26.760 -55.316 -83.976
v -25.045 -54.765 -84.411
v -26.657 -57.872 -80.605
v -27.194 -58.904 -79.917
v -26.991 -54.280 -75.103
v -27.271 -60.860 -79.462
v -27.117 -62.251 -77.847
v -26.618 -63.226 -76.660
v -26.949 -63.356 -73.347
v -26.984 -62.167 -71.913
v -25.672 -57.873 -68.795
v -26.482 -59.604 -68.905
v -26.732 -60.996 -69.664
v -25.462 -52.567 -85.363
v -25.301 -57.753 -80.573
v -25.888 -59.383 -81.418
v -25.934 -60.231 -81.658
v -25.051 -60.111 -83.015
v -25.988 -62.255 -80.170
v -24.126 -53.065 -75.360
v -24.719 -63.592 -79.013
v -25.362 -54.665 -73.528
v -26.259 -63.220 -78.018
v -25.856 -64.748 -73.350
v -25.613 -64.214 -71.189
v -25.631 -58.975 -68.377
v -25.514 -62.604 -70.218
v -23.930 -54.334 -83.656
v -24.095 -52.579 -81.978
v -24.967 -56.598 -82.549
v -23.580 -52.522 -79.866
v -25.111 -59.026 -83.393
v -24.109 -57.160 -80.581
v -24.971 -58.339 -81.434
v -25.926 -64.300 -75.214
v -25.458 -55.023 -70.982
v -25.385 -55.772 -68.901
v -24.481 -65.413 -73.721
v -25.096 -56.770 -68.172
v -24.743 -58.176 -68.403
v -24.374 -62.102 -69.157
v -24.549 -55.865 -86.715
v -24.861 -56.588 -87.053
v -23.995 -55.594 -86.769
v -24.709 -57.808 -86.255
v -24.430 -56.683 -87.484
v -23.940 -58.238 -86.441
v -24.056 -53.273 -83.270
v -23.908 -57.222 -83.938
v -24.761 -58.250 -83.641
v -24.002 -57.803 -82.069
v -22.716 -60.697 -83.516
v -23.756 -53.858 -73.742
v -22.024 -63.448 -79.121
v -24.454 -54.462 -70.331
v -22.940 -64.506 -75.427
v -24.644 -55.339 -68.658
v -24.336 -55.798 -68.263
v -23.042 -66.127 -71.088
v -24.625 -63.368 -69.577
v -24.478 -64.730 -70.347
v -23.840 -63.141 -69.395
v -23.280 -55.923 -86.332
v -22.478 -56.714 -84.371
v -22.918 -56.631 -87.018
v -23.647 -56.274 -87.415
v -23.155 -57.064 -87.195
v -22.839 -56.931 -83.710
v -22.225 -54.182 -81.500
v -22.672 -55.192 -82.377
v -23.137 -56.795 -80.271
v -23.544 -57.496 -80.855
v -22.367 -53.097 -75.618
v -23.021 -54.129 -69.879
v -23.305 -55.518 -68.470
v -23.069 -65.729 -73.630
v -24.080 -61.761 -69.194
v -22.587 -65.672 -70.260
v -22.267 -57.967 -85.912
v -20.350 -54.181 -77.507
v -21.086 -54.142 -79.227
v -21.829 -56.109 -80.297
v -21.280 -57.161 -81.473
v -22.481 -53.528 -74.350
v -21.722 -63.635 -77.504
v -18.998 -64.481 -73.991
v -22.323 -55.462 -68.522
v -20.902 -62.125 -70.746
v -22.052 -66.186 -70.946
v -21.564 -58.026 -84.917
v -21.115 -60.679 -83.021
v -21.046 -57.385 -82.947
v -21.133 -55.109 -79.806
v -21.934 -56.554 -80.217
v -21.035 -53.846 -74.479
v -20.248 -53.736 -71.563
v -19.009 -63.078 -75.448
v -21.138 -55.551 -69.003
v -22.279 -59.022 -69.988
v -21.043 -58.034 -69.494
v -21.452 -59.646 -70.940
v -22.010 -66.083 -72.326
v -19.374 -58.896 -81.237
v -20.220 -57.157 -80.580
v -19.901 -62.448 -79.068
v -20.425 -54.106 -70.558
v -20.273 -65.377 -72.651
v -20.658 -65.246 -70.646
v -20.340 -56.348 -79.599
v -19.466 -56.802 -78.611
v -19.564 -61.698 -79.867
v -19.743 -55.021 -75.110
v -19.258 -54.280 -72.906
v -19.259 -62.250 -76.737
v -19.995 -56.105 -68.437
v -19.053 -57.771 -68.365
v -19.589 -58.862 -69.786
v -19.505 -61.435 -70.434
v -19.731 -64.183 -70.759
v -18.707 -59.079 -79.092
v -18.367 -58.884 -76.065
v -19.257 -56.193 -75.719
v -18.931 -61.516 -78.340
v -18.699 -54.850 -70.754
v -18.702 -55.981 -69.029
v -18.066 -64.614 -72.600
v -18.844 -56.908 -68.299
v -19.441 -59.973 -70.359
v -18.204 -62.804 -69.484
v -19.694 -64.980 -71.022
v -18.477 -59.455 -77.041
v -18.650 -60.740 -76.798
v -18.338 -54.941 -72.059
v -17.361 -62.482 -73.884
v -18.121 -58.113 -69.431
v -17.733 -59.650 -70.557
v -17.596 -61.653 -69.875
v -18.013 -57.270 -69.128
v -18.042 -64.899 -70.953
v -17.633 -56.271 -73.077
v -17.573 -56.069 -71.670
v -16.865 -59.859 -73.777
v -17.195 -59.340 -71.170
v -17.420 -64.513 -71.522
v -17.619 -63.986 -70.015
v -16.644 -60.612 -72.954
v -17.220 -63.828 -70.556
v -17.250 -62.378 -69.924
v -27.425 -54.431 -78.367
v -27.281 -52.323 -83.849
v -28.115 -55.455 -78.996
v -27.583 -54.534 -83.295
v -27.972 -56.424 -78.793
v -27.175 -56.752 -76.591
v -27.588 -52.069 -86.114
v -27.675 -51.996 -85.356
v -27.720 -52.843 -85.738
v -27.387 -54.123 -84.644
v -27.099 -52.977 -81.166
v -27.586 -56.065 -81.452
v -26.977 -55.438 -76.282
v -26.848 -57.729 -79.637
v -27.281 -57.854 -78.260
v -26.939 -59.110 -77.505
v -26.336 -57.880 -75.134
v -25.688 -56.281 -74.649
v -26.600 -58.338 -75.976
v -25.508 -60.372 -72.581
v -25.508 -59.419 -71.955
v -25.942 -60.568 -75.264
v -27.242 -51.822 -86.177
v -26.807 -51.814 -85.348
v -25.130 -54.291 -84.370
v -26.157 -56.867 -81.598
v -26.647 -58.955 -79.463
v -25.315 -55.584 -75.031
v -26.503 -60.558 -79.106
v -25.594 -62.170 -77.119
v -24.803 -56.678 -72.715
v -25.300 -61.958 -73.955
v -24.818 -57.672 -71.324
v -25.112 -59.073 -71.295
v -26.426 -52.006 -85.619
v -24.893 -52.882 -83.663
v -23.835 -54.429 -76.090
v -25.607 -57.213 -80.533
v -25.699 -59.686 -81.087
v -24.843 -57.979 -80.306
v -25.514 -60.245 -81.494
v -24.716 -59.760 -83.201
v -25.569 -61.649 -79.833
v -24.746 -62.381 -78.746
v -24.472 -62.941 -73.974
v -24.295 -61.693 -71.965
v -24.680 -57.968 -71.041
v -23.796 -54.604 -83.050
v -23.956 -52.968 -81.428
v -25.031 -56.359 -82.325
v -23.857 -53.085 -79.889
v -24.241 -56.730 -80.304
v -25.171 -57.659 -80.171
v -24.712 -58.560 -81.278
v -24.390 -55.589 -74.532
v -24.249 -62.609 -76.665
v -24.150 -56.716 -70.924
v -23.211 -63.187 -74.443
v -23.627 -63.441 -73.003
v -24.122 -55.947 -86.665
v -24.502 -56.625 -87.025
v -24.325 -57.295 -86.736
v -23.752 -57.482 -84.069
v -24.540 -58.489 -83.740
v -23.821 -58.098 -82.078
v -22.855 -60.209 -83.668
v -23.967 -57.317 -80.057
v -22.473 -62.431 -78.566
v -23.334 -55.802 -72.686
v -23.500 -56.112 -71.179
v -22.940 -56.105 -70.877
v -23.034 -59.766 -71.957
v -23.483 -56.185 -86.329
v -22.712 -56.972 -84.363
v -23.700 -56.406 -87.117
v -22.875 -57.798 -86.153
v -22.861 -53.878 -81.131
v -22.660 -55.089 -81.638
v -22.246 -55.795 -79.687
v -21.831 -57.118 -79.615
v -23.465 -57.985 -80.735
v -22.070 -55.129 -74.933
v -22.778 -55.133 -74.744
v -22.259 -58.648 -72.182
v -23.045 -63.117 -72.367
v -23.178 -56.807 -86.877
v -21.456 -55.091 -77.690
v -22.204 -56.485 -79.475
v -22.243 -62.347 -76.575
v -21.670 -56.088 -71.022
v -20.054 -63.316 -72.636
v -20.660 -62.282 -72.505
v -22.306 -63.910 -72.494
v -21.772 -58.062 -84.593
v -21.549 -60.429 -82.814
v -21.156 -57.736 -82.669
v -21.265 -57.755 -81.362
v -22.021 -55.111 -79.580
v -20.713 -62.057 -75.113
v -21.546 -58.565 -72.337
v -21.179 -63.741 -72.642
v -20.206 -58.958 -81.342
v -20.903 -59.730 -82.654
v -20.437 -57.811 -79.604
v -21.336 -55.559 -78.635
v -20.533 -61.160 -79.115
v -20.084 -56.595 -71.065
v -20.721 -57.194 -78.866
v -21.075 -56.148 -75.501
v -21.270 -55.584 -73.901
v -20.634 -61.185 -76.634
v -20.571 -55.975 -72.005
v -19.553 -57.959 -71.820
v -19.960 -59.219 -79.734
v -20.047 -59.072 -75.765
v -20.039 -56.166 -72.599
v -18.774 -60.320 -72.369
v -19.682 -56.934 -71.193
v -18.630 -61.728 -72.322
v -18.838 -62.735 -72.275
v -20.139 -60.422 -78.192
v -20.149 -59.978 -76.704
v -19.575 -56.895 -72.839
v -19.679 -62.087 -73.905
v -18.988 -58.695 -72.181
v -19.318 -58.324 -73.704
v -19.202 -60.969 -73.795
v -26.543 -55.352 -79.748
v -26.309 -56.908 -79.098
v -26.122 -56.598 -77.926
v -27.209 -51.622 -86.454
v -27.231 -52.781 -85.162
v -26.547 -53.935 -81.893
v -23.506 -56.655 -86.275
v -25.954 -55.684 -77.850
v -25.807 -57.688 -79.038
v -25.710 -56.489 -80.280
v -25.657 -58.692 -78.205
v -24.456 -58.568 -75.196
v -24.605 -57.100 -75.454
v -24.297 -59.714 -75.321
v -24.436 -58.935 -73.538
v -26.712 -52.842 -85.243
v -25.830 -53.430 -82.457
v -25.115 -55.176 -78.154
v -25.258 -58.613 -78.755
v -24.848 -60.069 -79.173
v -24.045 -60.362 -76.033
v -24.105 -57.289 -74.241
v -24.143 -60.431 -74.480
v -24.817 -59.020 -79.188
v -24.510 -59.048 -80.916
v -24.265 -60.509 -78.007
v -23.456 -61.666 -74.390
v -23.827 -60.551 -73.937
v -24.469 -54.484 -81.382
v -25.268 -53.918 -83.232
v -23.833 -55.189 -78.233
v -24.129 -57.409 -78.189
v -24.691 -57.934 -78.434
v -24.108 -58.753 -79.668
v -24.101 -58.517 -81.908
v -24.121 -58.219 -84.026
v -23.555 -59.804 -80.749
v -22.606 -60.572 -78.590
v -23.950 -56.783 -75.333
v -23.089 -61.179 -75.772
v -23.864 -57.634 -72.949
v -23.963 -59.201 -73.430
v -23.984 -57.003 -85.344
v -23.991 -56.105 -87.315
v -23.810 -56.076 -79.457
v -23.689 -58.409 -78.016
v -22.981 -56.823 -72.848
v -22.513 -59.152 -73.788
v -23.105 -57.524 -84.985
v -22.779 -57.926 -82.556
v -23.161 -58.684 -79.617
v -22.885 -57.707 -77.568
v -22.932 -56.794 -75.032
v -22.252 -56.814 -72.644
v -22.125 -62.347 -73.946
v -21.402 -62.249 -73.840
v -22.180 -58.921 -81.679
v -22.529 -59.760 -80.772
v -22.956 -55.931 -77.542
v -23.017 -55.962 -78.239
v -22.208 -60.677 -76.573
v -21.961 -61.066 -75.358
v -22.846 -56.960 -77.858
v -22.388 -58.344 -79.600
v -22.252 -58.080 -77.932
v -21.635 -58.313 -73.857
v -21.835 -58.972 -74.043
v -21.658 -58.959 -79.575
v -22.206 -57.220 -75.074
v -21.086 -56.973 -72.806
v -20.621 -57.317 -72.967
v -20.326 -61.037 -73.824
v -22.194 -57.541 -77.243
v -20.408 -58.043 -73.404
v -21.789 -60.217 -78.845
v -21.496 -58.625 -75.929
v -21.389 -58.433 -75.071
v -20.722 -61.733 -73.914
v -19.985 -59.391 -73.648
v -21.457 -59.399 -78.082
v -21.470 -59.774 -76.015
v -20.790 -60.275 -74.679
v 20.601 -75.979 -78.831
v 20.201 -73.334 -76.877
v 20.745 -74.453 -77.686
v 19.808 -77.084 -79.619
v 20.136 -73.744 -74.337
v 20.883 -75.331 -76.807
v 20.498 -76.493 -75.378
v 20.463 -74.853 -74.455
v 19.575 -73.747 -73.254
v 19.400 -76.532 -73.050
v 18.898 -67.720 -92.720
v 19.217 -68.747 -89.419
v 19.750 -71.739 -83.643
v 19.061 -70.072 -90.034
v 19.842 -71.867 -86.955
v 19.432 -71.777 -88.191
v 18.973 -69.342 -85.412
v 19.517 -74.451 -84.479
v 19.652 -75.222 -81.298
v 19.758 -73.997 -80.584
v 19.240 -72.539 -79.802
v 18.211 -71.316 -79.184
v 18.552 -76.426 -81.626
v 18.013 -70.870 -76.329
v 18.876 -78.020 -79.553
v 18.329 -71.224 -75.197
v 19.466 -78.035 -76.761
v 19.224 -77.935 -73.838
v 19.014 -75.695 -72.510
v 18.075 -65.697 -93.988
v 18.078 -66.240 -94.362
v 18.075 -65.504 -93.058
v 18.211 -68.151 -93.538
v 18.135 -66.368 -90.228
v 17.610 -67.811 -86.067
v 16.852 -70.777 -91.218
v 17.999 -73.766 -87.583
v 18.229 -69.305 -83.854
v 17.604 -75.338 -85.001
v 18.183 -78.345 -79.286
v 16.984 -77.178 -81.180
v 17.816 -79.049 -75.832
v 18.298 -78.506 -73.627
v 18.008 -77.748 -72.600
v 17.526 -65.512 -93.401
v 17.117 -66.243 -94.269
v 16.441 -68.027 -93.744
v 17.624 -66.037 -90.563
v 16.391 -68.233 -84.766
v 16.525 -69.914 -80.784
v 16.050 -77.232 -80.740
v 16.401 -70.727 -75.686
v 17.607 -72.144 -73.729
v 16.700 -72.613 -73.632
v 17.203 -73.580 -73.712
v 16.838 -75.286 -72.829
v 17.366 -77.728 -72.511
v 16.321 -66.209 -92.916
v 16.467 -66.442 -93.628
v 15.788 -69.318 -92.643
v 16.564 -67.077 -88.768
v 15.579 -71.544 -90.418
v 15.232 -75.137 -85.093
v 16.964 -70.793 -79.012
v 15.656 -70.704 -78.834
v 15.312 -72.338 -73.809
v 15.954 -78.981 -76.645
v 15.579 -79.325 -74.690
v 16.250 -78.576 -73.717
v 15.782 -68.097 -93.113
v 15.714 -69.084 -82.882
v 15.158 -78.065 -78.408
v 15.069 -73.264 -73.647
v 16.133 -73.637 -74.242
v 16.364 -76.201 -72.865
v 15.525 -78.891 -74.137
v 15.134 -68.376 -91.685
v 14.279 -72.342 -88.167
v 14.853 -68.732 -87.963
v 14.185 -69.894 -87.224
v 14.700 -70.453 -81.500
v 14.569 -76.904 -79.870
v 13.803 -73.993 -84.784
v 14.247 -71.157 -76.053
v 14.411 -73.220 -73.671
v 15.383 -74.477 -73.915
v 13.858 -76.408 -78.981
v 14.602 -78.677 -75.369
v 15.219 -75.192 -74.069
v 14.876 -76.072 -75.025
v 14.644 -78.439 -74.762
v 13.756 -71.936 -86.653
v 13.838 -72.006 -82.610
v 13.700 -72.205 -79.560
v 14.634 -71.052 -79.393
v 14.170 -71.005 -76.851
v 14.257 -74.556 -73.456
v 13.798 -75.762 -75.018
v 14.049 -77.097 -75.009
v 13.926 -74.405 -73.677
v 13.920 -73.638 -73.885
v 13.366 -73.103 -78.588
v 13.348 -71.885 -76.711
v 13.019 -72.890 -76.663
v 13.357 -76.590 -76.020
v 13.291 -75.481 -75.512
v 13.886 -77.812 -75.407
v -20.496 -75.979 -78.831
v -20.097 -73.334 -76.877
v -20.641 -74.453 -77.686
v -19.704 -77.084 -79.619
v -20.032 -73.744 -74.337
v -20.779 -75.331 -76.807
v -20.394 -76.493 -75.378
v -20.359 -74.853 -74.455
v -19.471 -73.747 -73.254
v -19.296 -76.532 -73.050
v -18.794 -67.720 -92.720
v -19.113 -68.747 -89.419
v -19.646 -71.739 -83.643
v -18.957 -70.072 -90.034
v -19.738 -71.867 -86.955
v -19.328 -71.777 -88.191
v -18.869 -69.342 -85.412
v -19.413 -74.451 -84.479
v -19.548 -75.222 -81.298
v -19.654 -73.997 -80.584
v -19.136 -72.539 -79.802
v -18.107 -71.316 -79.184
v -18.448 -76.426 -81.626
v -17.909 -70.870 -76.329
v -18.772 -78.020 -79.553
v -18.225 -71.224 -75.197
v -19.362 -78.035 -76.761
v -19.120 -77.935 -73.838
v -18.910 -75.695 -72.510
v -17.971 -65.697 -93.988
v -17.974 -66.240 -94.362
v -17.971 -65.504 -93.058
v -18.107 -68.151 -93.538
v -18.031 -66.368 -90.228
v -17.506 -67.811 -86.067
v -16.748 -70.777 -91.218
v -17.895 -73.766 -87.583
v -18.125 -69.305 -83.854
v -17.500 -75.338 -85.001
v -18.079 -78.345 -79.286
v -16.880 -77.178 -81.180
v -17.712 -79.049 -75.832
v -18.194 -78.506 -73.627
v -17.904 -77.748 -72.600
v -17.422 -65.512 -93.401
v -17.013 -66.243 -94.269
v -16.337 -68.027 -93.744
v -17.520 -66.037 -90.563
v -16.287 -68.233 -84.766
v -16.421 -69.914 -80.784
v -15.946 -77.232 -80.740
v -16.297 -70.727 -75.686
v -17.503 -72.144 -73.729
v -16.596 -72.613 -73.632
v -17.099 -73.580 -73.712
v -16.734 -75.286 -72.829
v -17.262 -77.728 -72.511
v -16.217 -66.209 -92.916
v -16.363 -66.442 -93.628
v -15.684 -69.318 -92.643
v -16.460 -67.077 -88.768
v -15.475 -71.544 -90.418
v -15.128 -75.137 -85.093
v -16.860 -70.793 -79.012
v -15.552 -70.704 -78.834
v -15.208 -72.338 -73.809
v -15.850 -78.981 -76.645
v -15.475 -79.325 -74.690
v -16.146 -78.576 -73.717
v -15.678 -68.097 -93.113
v -15.610 -69.084 -82.882
v -15.054 -78.065 -78.408
v -14.965 -73.264 -73.647
v -16.029 -73.637 -74.242
v -16.260 -76.201 -72.865
v -15.421 -78.891 -74.137
v -15.030 -68.376 -91.685
v -14.175 -72.342 -88.167
v -14.749 -68.732 -87.963
v -14.081 -69.894 -87.224
v -14.596 -70.453 -81.500
v -14.465 -76.904 -79.870
v -13.699 -73.993 -84.784
v -14.143 -71.157 -76.053
v -14.307 -73.220 -73.671
v -15.279 -74.477 -73.915
v -13.754 -76.408 -78.981
v -14.498 -78.677 -75.369
v -15.115 -75.192 -74.069
v -14.772 -76.072 -75.025
v -14.540 -78.439 -74.762
v -13.652 -71.936 -86.653
v -13.734 -72.006 -82.610
v -13.596 -72.205 -79.560
v -14.530 -71.052 -79.393
v -14.066 -71.005 -76.851
v -14.153 -74.556 -73.456
v -13.694 -75.762 -75.018
v -13.945 -77.097 -75.009
v -13.822 -74.405 -73.677
v -13.816 -73.638 -73.885
v -13.262 -73.103 -78.588
v -13.244 -71.885 -76.711
v -12.915 -72.890 -76.663
v -13.253 -76.590 -76.020
v -13.187 -75.481 -75.512
v -13.782 -77.812 -75.407
v 11.699 -85.838 -76.424
v 11.925 -86.362 -74.247
v 10.573 -82.916 -78.638
v 11.665 -87.093 -75.700
v 11.848 -87.266 -74.247
v 11.376 -86.009 -73.736
v 11.715 -87.033 -73.696
v 10.792 -88.209 -74.371
v 10.241 -83.787 -76.579
v 10.624 -84.859 -75.512
v 10.742 -88.125 -75.356
v 9.575 -84.744 -75.679
v 10.395 -88.134 -73.610
v 9.646 -87.066 -73.450
v 8.505 -80.198 -86.490
v 9.432 -82.300 -83.212
v 10.116 -85.648 -80.386
v 8.894 -84.108 -83.232
v 9.138 -86.242 -80.897
v 7.059 -87.828 -73.978
v 8.008 -87.150 -79.647
v 8.668 -79.293 -82.221
v 8.443 -82.501 -84.727
v 9.408 -81.195 -78.697
v 8.025 -78.803 -81.057
v 8.100 -80.211 -78.443
v 6.659 -87.298 -74.841
v 8.571 -89.262 -74.353
v 9.004 -88.859 -73.832
v 7.478 -78.034 -89.989
v 7.217 -77.029 -87.049
v 7.715 -79.764 -88.243
v 6.858 -80.251 -88.257
v 7.615 -84.359 -83.587
v 8.320 -86.076 -81.700
v 8.728 -82.380 -76.638
v 8.123 -82.743 -76.356
v 7.988 -89.206 -75.826
v 6.425 -86.536 -75.861
v 7.381 -89.323 -74.869
v 7.201 -88.992 -73.978
v 6.779 -76.095 -93.953
v 6.736 -77.291 -84.127
v 6.623 -78.391 -80.853
v 7.079 -84.658 -83.103
v 7.415 -85.939 -81.274
v 6.949 -80.043 -78.602
v 7.230 -87.371 -79.027
v 7.243 -88.979 -76.275
v 5.568 -74.654 -97.130
v 5.882 -76.674 -94.608
v 5.111 -72.906 -97.928
v 6.450 -75.737 -92.358
v 5.535 -80.057 -88.552
v 5.927 -77.614 -82.689
v 5.621 -82.065 -85.591
v 5.909 -83.846 -82.245
v 5.443 -79.069 -80.833
v 6.200 -84.879 -80.230
v 6.299 -83.979 -76.739
v 6.426 -87.576 -77.729
v 6.514 -88.667 -74.955
v 5.716 -73.643 -97.624
v 5.210 -73.434 -97.958
v 4.839 -74.448 -97.469
v 5.655 -75.634 -91.725
v 4.522 -75.252 -93.159
v 4.916 -76.319 -90.449
v 5.176 -77.909 -83.413
v 5.853 -78.385 -81.128
v 6.188 -81.757 -78.183
v 5.502 -81.555 -79.991
v 5.471 -82.600 -78.924
v 6.218 -88.004 -76.159
v 4.383 -73.135 -97.751
v 4.481 -72.971 -97.527
v 4.439 -74.519 -97.156
v 4.664 -76.435 -94.772
v 5.098 -80.236 -87.470
v 4.429 -77.169 -91.239
v 4.886 -77.374 -86.664
v 5.067 -78.812 -82.422
v -11.595 -85.838 -76.424
v -11.821 -86.362 -74.247
v -10.469 -82.916 -78.638
v -11.561 -87.093 -75.700
v -11.744 -87.266 -74.247
v -11.272 -86.009 -73.736
v -11.611 -87.033 -73.696
v -10.688 -88.209 -74.371
v -10.137 -83.787 -76.579
v -10.520 -84.859 -75.512
v -10.638 -88.125 -75.356
v -9.471 -84.744 -75.679
v -10.291 -88.134 -73.610
v -9.542 -87.066 -73.450
v -8.401 -80.198 -86.490
v -9.328 -82.300 -83.212
v -10.012 -85.648 -80.386
v -8.790 -84.108 -83.232
v -9.034 -86.242 -80.897
v -6.955 -87.828 -73.978
v -7.904 -87.150 -79.647
v -8.564 -79.293 -82.221
v -8.339 -82.501 -84.727
v -9.304 -81.195 -78.697
v -7.921 -78.803 -81.057
v -7.996 -80.211 -78.443
v -6.555 -87.298 -74.841
v -8.467 -89.262 -74.353
v -8.900 -88.859 -73.832
v -7.374 -78.034 -89.989
v -7.113 -77.029 -87.049
v -7.611 -79.764 -88.243
v -6.754 -80.251 -88.257
v -7.511 -84.359 -83.587
v -8.216 -86.076 -81.700
v -8.624 -82.380 -76.638
v -8.019 -82.743 -76.356
v -7.884 -89.206 -75.826
v -6.321 -86.536 -75.861
v -7.277 -89.323 -74.869
v -7.097 -88.992 -73.978
v -6.675 -76.095 -93.953
v -6.632 -77.291 -84.127
v -6.519 -78.391 -80.853
v -6.975 -84.658 -83.103
v -7.311 -85.939 -81.274
v -6.845 -80.043 -78.602
v -7.126 -87.371 -79.027
v -7.139 -88.979 -76.275
v -5.464 -74.654 -97.130
v -5.778 -76.674 -94.608
v -5.007 -72.906 -97.928
v -6.346 -75.737 -92.358
v -5.431 -80.057 -88.552
v -5.823 -77.614 -82.689
v -5.517 -82.065 -85.591
v -5.805 -83.846 -82.245
v -5.339 -79.069 -80.833
v -6.096 -84.879 -80.230
v -6.195 -83.979 -76.739
v -6.322 -87.576 -77.729
v -6.410 -88.667 -74.955
v -5.612 -73.643 -97.624
v -5.106 -73.434 -97.958
v -4.735 -74.448 -97.469
v -5.551 -75.634 -91.725
v -4.418 -75.252 -93.159
v -4.812 -76.319 -90.449
v -5.072 -77.909 -83.413
v -5.749 -78.385 -81.128
v -6.084 -81.757 -78.183
v -5.398 -81.555 -79.991
v -5.367 -82.600 -78.924
v -6.114 -88.004 -76.159
v -4.279 -73.135 -97.751
v -4.377 -72.971 -97.527
v -4.335 -74.519 -97.156
v -4.560 -76.435 -94.772
v -4.994 -80.236 -87.470
v -4.325 -77.169 -91.239
v -4.782 -77.374 -86.664
v -4.963 -78.812 -82.422
v 5.408 -83.766 -79.324
v 5.163 -83.366 -81.062
v 5.615 -84.746 -80.074
v 5.939 -85.950 -77.048
v 5.474 -85.185 -76.980
v 4.869 -86.171 -80.579
v 6.099 -89.193 -74.672
v 5.731 -87.898 -73.792
v 6.277 -87.887 -74.775
v 6.364 -88.940 -74.662
v 6.164 -88.923 -73.821
v 4.424 -78.642 -85.421
v 5.146 -84.125 -81.400
v 4.089 -81.631 -79.896
v 4.127 -84.522 -82.850
v 3.709 -82.477 -77.930
v 4.717 -84.939 -76.612
v 4.716 -89.134 -76.277
v 2.812 -89.383 -73.623
v 4.069 -89.969 -74.264
v 4.790 -89.265 -73.457
v 3.510 -77.298 -92.387
v 3.724 -80.092 -88.320
v 3.713 -76.655 -89.510
v 3.368 -75.882 -90.395
v 4.184 -78.040 -84.530
v 4.118 -81.178 -86.192
v 3.757 -77.640 -84.138
v 3.336 -81.567 -86.751
v 3.810 -86.638 -81.337
v 2.475 -81.465 -78.121
v 3.544 -85.792 -76.104
v 2.604 -89.593 -76.251
v 2.782 -89.988 -73.761
v 2.570 -72.601 -97.997
v 2.380 -72.260 -97.496
v 2.891 -73.233 -97.365
v 2.625 -74.307 -93.735
v 3.045 -78.173 -93.004
v 2.597 -77.610 -94.123
v 2.776 -79.764 -90.142
v 1.680 -75.633 -91.372
v 2.739 -77.309 -84.320
v 1.913 -80.938 -87.725
v 2.898 -80.537 -79.637
v 1.777 -80.551 -79.523
v 1.715 -78.038 -83.329
v 2.065 -83.989 -83.724
v 3.134 -85.367 -82.517
v 2.823 -87.017 -81.018
v 1.909 -72.216 -98.053
v 1.472 -73.185 -97.762
v 2.298 -72.893 -98.147
v 2.344 -75.587 -96.145
v 1.682 -74.951 -96.627
v 1.634 -73.032 -96.136
v 2.024 -77.890 -93.751
v 1.546 -79.894 -88.886
v 1.660 -77.001 -85.770
v 1.209 -80.716 -80.149
v 1.796 -80.935 -78.564
v 1.924 -85.572 -81.863
v 1.945 -87.222 -80.357
v 0.645 -83.275 -78.116
v 1.101 -89.921 -75.016
v 1.632 -90.100 -74.772
v 1.169 -89.282 -73.552
v 0.968 -89.873 -73.943
v 1.411 -72.704 -97.545
v 1.215 -73.581 -96.095
v 1.131 -76.955 -93.307
v 1.304 -75.800 -91.992
v 0.984 -79.591 -87.757
v 1.187 -77.911 -84.374
v 1.199 -82.027 -85.588
v 0.727 -82.071 -84.464
v 1.212 -84.293 -82.280
v 0.995 -81.509 -78.495
v 0.344 -85.457 -78.872
v 0.622 -87.025 -78.556
v 1.076 -85.708 -76.922
v 0.386 -88.872 -74.083
v 0.731 -78.596 -85.825
v 0.543 -82.249 -80.665
v 0.504 -82.035 -79.022
v 0.735 -84.701 -77.842
v 0.368 -85.793 -77.904
v 0.201 -88.996 -75.035
v 0.394 -89.549 -74.795
v 0.347 -89.435 -74.110
v -5.304 -83.766 -79.324
v -5.059 -83.366 -81.062
v -5.511 -84.746 -80.074
v -5.835 -85.950 -77.048
v -5.370 -85.185 -76.980
v -4.765 -86.171 -80.579
v -5.995 -89.193 -74.672
v -5.627 -87.898 -73.792
v -6.173 -87.887 -74.775
v -6.260 -88.940 -74.662
v -6.060 -88.923 -73.821
v -4.320 -78.642 -85.421
v -5.042 -84.125 -81.400
v -3.985 -81.631 -79.896
v -4.023 -84.522 -82.850
v -3.605 -82.477 -77.930
v -4.613 -84.939 -76.612
v -4.612 -89.134 -76.277
v -2.708 -89.383 -73.623
v -3.965 -89.969 -74.264
v -4.686 -89.265 -73.457
v -3.406 -77.298 -92.387
v -3.620 -80.092 -88.320
v -3.609 -76.655 -89.510
v -3.264 -75.882 -90.395
v -4.080 -78.040 -84.530
v -4.014 -81.178 -86.192
v -3.653 -77.640 -84.138
v -3.232 -81.567 -86.751
v -3.706 -86.638 -81.337
v -2.371 -81.465 -78.121
v -3.440 -85.792 -76.104
v -2.500 -89.593 -76.251
v -2.678 -89.988 -73.761
v -2.466 -72.601 -97.997
v -2.276 -72.260 -97.496
v -2.787 -73.233 -97.365
v -2.521 -74.307 -93.735
v -2.941 -78.173 -93.004
v -2.493 -77.610 -94.123
v -2.672 -79.764 -90.142
v -1.576 -75.633 -91.372
v -2.635 -77.309 -84.320
v -1.809 -80.938 -87.725
v -2.794 -80.537 -79.637
v -1.673 -80.551 -79.523
v -1.611 -78.038 -83.329
v -1.961 -83.989 -83.724
v -3.030 -85.367 -82.517
v -2.719 -87.017 -81.018
v -1.805 -72.216 -98.053
v -1.368 -73.185 -97.762
v -2.194 -72.893 -98.147
v -2.240 -75.587 -96.145
v -1.578 -74.951 -96.627
v -1.530 -73.032 -96.136
v -1.920 -77.890 -93.751
v -1.442 -79.894 -88.886
v -1.556 -77.001 -85.770
v -1.105 -80.716 -80.149
v -1.692 -80.935 -78.564
v -1.820 -85.572 -81.863
v -1.841 -87.222 -80.357
v -0.541 -83.275 -78.116
v -0.997 -89.921 -75.016
v -1.528 -90.100 -74.772
v -1.065 -89.282 -73.552
v -0.864 -89.873 -73.943
v -1.307 -72.704 -97.545
v -1.111 -73.581 -96.095
v -1.027 -76.955 -93.307
v -1.200 -75.800 -91.992
v -0.880 -79.591 -87.757
v -1.083 -77.911 -84.374
v -1.094 -82.027 -85.588
v -0.623 -82.071 -84.464
v -1.108 -84.293 -82.280
v -0.891 -81.509 -78.495
v -0.240 -85.457 -78.872
v -0.518 -87.025 -78.556
v -0.972 -85.708 -76.922
v -0.282 -88.872 -74.083
v -0.627 -78.596 -85.825
v -0.439 -82.249 -80.665
v -0.400 -82.035 -79.022
v -0.631 -84.701 -77.842
v -0.264 -85.793 -77.904
v -0.097 -88.996 -75.035
v -0.290 -89.549 -74.795
v -0.243 -89.435 -74.110
v 32.252 -46.124 -72.785
v 32.111 -47.597 -70.618
v 31.725 -50.527 -72.273
v 31.551 -43.750 -76.388
v 31.012 -42.274 -78.648
v 31.489 -44.346 -74.307
v 30.462 -46.185 -76.406
v 31.430 -48.767 -76.350
v 31.403 -50.399 -76.434
v 31.524 -48.033 -74.504
v 31.681 -49.136 -73.652
v 31.657 -44.937 -72.298
v 29.314 -42.655 -73.559
v 29.719 -43.659 -71.344
v 31.147 -51.909 -73.458
v 31.704 -46.397 -69.959
v 31.207 -45.354 -70.135
v 31.157 -48.233 -68.978
v 30.662 -51.724 -70.182
v 30.240 -39.748 -79.586
v 30.813 -39.956 -78.323
v 30.230 -39.348 -78.683
v 30.683 -40.227 -79.362
v 30.273 -41.204 -79.625
v 30.534 -41.288 -76.522
v 29.365 -39.642 -77.449
v 30.687 -48.502 -79.387
v 30.534 -46.842 -79.649
v 30.031 -44.389 -77.905
v 29.717 -46.436 -77.634
v 30.303 -46.838 -76.667
v 30.688 -51.304 -76.747
v 29.995 -52.414 -75.319
v 29.780 -52.680 -73.885
v 30.490 -46.001 -68.840
v 30.898 -48.013 -67.585
v 30.144 -47.742 -66.290
v 30.516 -49.768 -67.203
v 28.910 -39.160 -78.527
v 29.037 -39.433 -79.389
v 28.931 -40.718 -79.856
v 29.811 -43.961 -81.830
v 29.908 -45.113 -81.965
v 30.138 -44.240 -81.350
v 29.056 -45.052 -82.338
v 29.793 -46.155 -78.785
v 28.850 -41.958 -74.678
v 30.000 -49.096 -79.740
v 29.682 -45.808 -76.799
v 29.644 -46.309 -76.993
v 28.186 -51.054 -78.161
v 29.866 -45.135 -69.408
v 29.154 -53.700 -71.913
v 29.382 -53.671 -69.705
v 28.896 -47.719 -64.979
v 29.386 -49.801 -65.438
v 29.098 -51.934 -67.126
v 28.118 -43.515 -81.838
v 28.206 -40.735 -79.495
v 28.722 -43.491 -81.382
v 28.888 -43.559 -81.892
v 28.305 -39.631 -77.738
v 27.913 -45.560 -78.796
v 28.193 -45.301 -76.787
v 28.364 -46.262 -76.577
v 27.463 -42.684 -72.380
v 26.685 -43.772 -70.362
v 27.201 -44.952 -66.660
v 28.387 -53.212 -73.351
v 28.638 -46.034 -66.047
v 28.425 -54.361 -69.846
v 28.668 -53.408 -67.676
v 27.705 -51.547 -65.127
v 28.052 -44.897 -82.288
v 27.152 -40.993 -78.095
v 27.791 -43.765 -81.146
v 27.605 -43.856 -78.304
v 26.644 -41.733 -75.785
v 26.383 -45.316 -76.836
v 27.273 -46.100 -76.722
v 26.927 -51.746 -76.852
v 26.586 -52.332 -74.605
v 26.451 -45.285 -65.798
v 27.671 -54.413 -67.841
v 27.536 -47.624 -64.215
v 28.030 -49.117 -64.266
v 27.135 -44.580 -81.708
v 26.868 -45.037 -80.099
v 26.963 -45.163 -81.658
v 27.292 -47.061 -81.112
v 26.162 -41.995 -76.429
v 24.666 -45.100 -76.280
v 25.424 -46.311 -77.836
v 25.809 -46.100 -76.936
v 26.309 -50.552 -78.089
v 24.752 -42.901 -72.717
v 25.785 -52.987 -73.826
v 25.373 -55.351 -69.699
v 26.192 -47.714 -64.133
v 27.087 -53.815 -66.511
v 27.207 -49.342 -64.094
v 26.869 -52.177 -65.473
v 24.678 -47.952 -78.328
v 24.591 -51.860 -74.848
v 25.397 -46.979 -64.721
v 26.440 -51.349 -65.437
v 25.992 -53.971 -66.309
v 23.822 -43.932 -74.714
v 24.968 -46.014 -76.548
v 25.188 -43.677 -70.979
v 23.707 -44.153 -71.454
v 22.284 -53.294 -72.326
v 24.780 -44.697 -66.559
v 24.976 -48.471 -66.406
v 25.769 -50.188 -65.617
v 25.126 -49.178 -66.887
v 24.900 -49.990 -67.442
v 24.920 -53.430 -66.477
v 25.036 -55.154 -67.868
v 23.988 -43.294 -73.579
v 23.437 -46.435 -75.689
v 24.529 -50.861 -76.633
v 24.452 -46.666 -65.269
v 24.525 -47.567 -66.073
v 24.539 -49.458 -67.426
v 24.558 -50.045 -68.055
v 23.881 -51.878 -68.174
v 24.666 -54.415 -67.270
v 23.060 -49.876 -74.738
v 22.665 -46.288 -72.808
v 23.853 -51.169 -75.043
v 22.770 -45.295 -67.008
v 24.112 -50.168 -68.193
v 24.015 -51.052 -68.414
v 23.246 -47.122 -65.418
v 23.557 -48.652 -65.998
v 23.402 -49.455 -67.093
v 23.736 -52.424 -68.439
v 23.908 -53.315 -68.706
v 23.440 -53.004 -68.843
v 23.454 -54.983 -69.826
v 23.091 -53.988 -69.132
v 23.921 -54.964 -68.564
v 22.359 -48.685 -73.893
v 22.290 -51.839 -73.467
v 22.016 -45.032 -69.034
v 23.329 -49.936 -67.853
v 21.459 -53.742 -70.999
v 22.593 -46.909 -65.372
v 21.613 -49.752 -67.973
v 21.471 -50.917 -67.900
v 22.489 -52.458 -67.762
v 22.981 -54.397 -69.407
v 20.859 -49.603 -72.026
v 21.038 -51.173 -72.322
v 21.814 -46.961 -66.201
v 22.098 -54.312 -69.672
v 22.469 -48.313 -65.422
v 21.882 -48.011 -65.850
v 21.885 -48.619 -66.915
v 21.146 -53.019 -68.385
v 21.392 -54.005 -69.198
v 21.260 -46.254 -68.744
v 20.995 -52.562 -71.630
v 21.116 -53.920 -69.917
v 21.442 -48.011 -66.899
v 21.022 -49.395 -68.593
v 21.372 -52.284 -67.620
v 20.791 -52.345 -68.180
v 20.376 -50.215 -70.788
v 20.372 -51.862 -70.523
v 20.711 -53.366 -69.060
v -32.148 -46.124 -72.785
v -32.007 -47.597 -70.618
v -31.621 -50.527 -72.273
v -31.447 -43.750 -76.388
v -30.908 -42.274 -78.648
v -31.385 -44.346 -74.307
v -30.358 -46.185 -76.406
v -31.326 -48.767 -76.350
v -31.299 -50.399 -76.434
v -31.420 -48.033 -74.504
v -31.577 -49.136 -73.652
v -31.553 -44.937 -72.298
v -29.210 -42.655 -73.559
v -29.615 -43.659 -71.344
v -31.043 -51.909 -73.458
v -31.600 -46.397 -69.959
v -31.103 -45.354 -70.135
v -31.053 -48.233 -68.978
v -30.558 -51.724 -70.182
v -30.136 -39.748 -79.586
v -30.709 -39.956 -78.323
v -30.126 -39.348 -78.683
v -30.579 -40.227 -79.362
v -30.169 -41.204 -79.625
v -30.430 -41.288 -76.522
v -29.261 -39.642 -77.449
v -30.583 -48.502 -79.387
v -30.430 -46.842 -79.649
v -29.927 -44.389 -77.905
v -29.613 -46.436 -77.634
v -30.199 -46.838 -76.667
v -30.584 -51.304 -76.747
v -29.891 -52.414 -75.319
v -29.676 -52.680 -73.885
v -30.386 -46.001 -68.840
v -30.794 -48.013 -67.585
v -30.040 -47.742 -66.290
v -30.412 -49.768 -67.203
v -28.806 -39.160 -78.527
v -28.933 -39.433 -79.389
v -28.827 -40.718 -79.856
v -29.707 -43.961 -81.830
v -29.804 -45.113 -81.965
v -30.034 -44.240 -81.350
v -28.952 -45.052 -82.338
v -29.689 -46.155 -78.785
v -28.746 -41.958 -74.678
v -29.896 -49.096 -79.740
v -29.578 -45.808 -76.799
v -29.540 -46.309 -76.993
v -28.082 -51.054 -78.161
v -29.762 -45.135 -69.408
v -29.050 -53.700 -71.913
v -29.278 -53.671 -69.705
v -28.792 -47.719 -64.979
v -29.282 -49.801 -65.438
v -28.994 -51.934 -67.126
v -28.014 -43.515 -81.838
v -28.102 -40.735 -79.495
v -28.618 -43.491 -81.382
v -28.784 -43.559 -81.892
v -28.201 -39.631 -77.738
v -27.809 -45.560 -78.796
v -28.089 -45.301 -76.787
v -28.260 -46.262 -76.577
v -27.359 -42.684 -72.380
v -26.581 -43.772 -70.362
v -27.097 -44.952 -66.660
v -28.283 -53.212 -73.351
v -28.534 -46.034 -66.047
v -28.321 -54.361 -69.846
v -28.564 -53.408 -67.676
v -27.600 -51.547 -65.127
v -27.948 -44.897 -82.288
v -27.048 -40.993 -78.095
v -27.687 -43.765 -81.146
v -27.501 -43.856 -78.304
v -26.540 -41.733 -75.785
v -26.279 -45.316 -76.836
v -27.169 -46.100 -76.722
v -26.823 -51.746 -76.852
v -26.482 -52.332 -74.605
v -26.347 -45.285 -65.798
v -27.567 -54.413 -67.841
v -27.432 -47.624 -64.215
v -27.926 -49.117 -64.266
v -27.031 -44.580 -81.708
v -26.764 -45.037 -80.099
v -26.859 -45.163 -81.658
v -27.188 -47.061 -81.112
v -26.058 -41.995 -76.429
v -24.562 -45.100 -76.280
v -25.320 -46.311 -77.836
v -25.705 -46.100 -76.936
v -26.205 -50.552 -78.089
v -24.648 -42.901 -72.717
v -25.681 -52.987 -73.826
v -25.269 -55.351 -69.699
v -26.088 -47.714 -64.133
v -26.983 -53.815 -66.511
v -27.103 -49.342 -64.094
v -26.765 -52.177 -65.473
v -24.574 -47.952 -78.328
v -24.487 -51.860 -74.848
v -25.293 -46.979 -64.721
v -26.336 -51.349 -65.437
v -25.888 -53.971 -66.309
v -23.718 -43.932 -74.714
v -24.864 -46.014 -76.548
v -25.084 -43.677 -70.979
v -23.603 -44.153 -71.454
v -22.180 -53.294 -72.326
v -24.676 -44.697 -66.559
v -24.872 -48.471 -66.406
v -25.665 -50.188 -65.617
v -25.022 -49.178 -66.887
v -24.796 -49.990 -67.442
v -24.816 -53.430 -66.477
v -24.932 -55.154 -67.868
v -23.884 -43.294 -73.579
v -23.333 -46.435 -75.689
v -24.425 -50.861 -76.633
v -24.348 -46.666 -65.269
v -24.421 -47.567 -66.073
v -24.435 -49.458 -67.426
v -24.454 -50.045 -68.055
v -23.777 -51.878 -68.174
v -24.562 -54.415 -67.270
v -22.956 -49.876 -74.738
v -22.561 -46.288 -72.808
v -23.749 -51.169 -75.043
v -22.666 -45.295 -67.008
v -24.008 -50.168 -68.193
v -23.911 -51.052 -68.414
v -23.142 -47.122 -65.418
v -23.453 -48.652 -65.998
v -23.298 -49.455 -67.093
v -23.632 -52.424 -68.439
v -23.804 -53.315 -68.706
v -23.336 -53.004 -68.843
v -23.350 -54.983 -69.826
v -22.987 -53.988 -69.132
v -23.817 -54.964 -68.564
v -22.255 -48.685 -73.893
v -22.186 -51.839 -73.467
v -21.912 -45.032 -69.034
v -23.225 -49.936 -67.853
v -21.355 -53.742 -70.999
v -22.489 -46.909 -65.372
v -21.509 -49.752 -67.973
v -21.367 -50.917 -67.900
v -22.385 -52.458 -67.762
v -22.877 -54.397 -69.407
v -20.755 -49.603 -72.026
v -20.934 -51.173 -72.322
v -21.710 -46.961 -66.201
v -21.994 -54.312 -69.672
v -22.365 -48.313 -65.422
v -21.778 -48.011 -65.850
v -21.781 -48.619 -66.915
v -21.042 -53.019 -68.385
v -21.288 -54.005 -69.198
v -21.156 -46.254 -68.744
v -20.891 -52.562 -71.630
v -21.012 -53.920 -69.917
v -21.338 -48.011 -66.899
v -20.918 -49.395 -68.593
v -21.268 -52.284 -67.620
v -20.687 -52.345 -68.180
v -20.272 -50.215 -70.788
v -20.268 -51.862 -70.523
v -20.607 -53.366 -69.060
v 23.486 -64.960 -81.703
v 22.964 -61.263 -88.038
v 23.734 -64.758 -85.210
v 23.257 -67.136 -83.595
v 23.858 -67.373 -80.934
v 23.377 -67.008 -78.599
v 23.535 -67.915 -78.667
v 23.124 -68.989 -79.019
v 23.944 -68.935 -77.219
v 23.889 -67.878 -76.019
v 23.496 -67.407 -73.540
v 23.790 -69.803 -75.094
v 23.091 -70.345 -77.642
v 23.260 -70.739 -75.709
v 23.243 -68.268 -72.534
v 22.565 -60.843 -93.320
v 22.451 -60.006 -91.518
v 22.412 -61.368 -93.282
v 22.891 -62.168 -89.979
v 21.622 -63.776 -89.707
v 22.043 -64.674 -79.905
v 22.386 -68.148 -83.021
v 22.725 -69.562 -79.001
v 22.920 -66.245 -77.756
v 21.631 -65.093 -75.924
v 22.018 -70.784 -77.900
v 22.337 -71.459 -75.911
v 22.780 -67.396 -72.079
v 22.178 -70.854 -72.175
v 21.883 -69.501 -71.121
v 21.696 -59.591 -92.501
v 22.157 -60.848 -93.734
v 21.956 -59.983 -93.392
v 21.229 -59.999 -93.523
v 21.103 -61.305 -93.865
v 21.194 -60.402 -87.442
v 21.808 -62.201 -83.297
v 21.834 -69.951 -79.342
v 20.760 -64.161 -74.826
v 21.097 -64.885 -73.165
v 20.349 -72.110 -75.666
v 21.011 -65.872 -71.933
v 21.847 -67.289 -71.397
v 21.677 -71.899 -74.045
v 21.289 -71.635 -72.167
v 21.141 -59.627 -92.049
v 20.742 -61.120 -93.691
v 20.501 -60.740 -93.370
v 20.189 -60.447 -91.825
v 19.777 -65.585 -86.590
v 20.488 -60.647 -87.232
v 20.506 -69.170 -81.636
v 19.939 -63.850 -78.718
v 20.359 -64.171 -77.869
v 20.111 -69.856 -79.542
v 20.381 -66.554 -71.998
v 20.908 -68.553 -71.440
v 19.709 -72.687 -73.853
v 19.487 -69.800 -71.338
v 21.004 -71.174 -71.274
v 20.090 -70.379 -71.096
v 18.647 -65.902 -84.825
v 19.052 -61.549 -88.305
v 19.275 -63.153 -81.100
v 18.769 -68.014 -82.537
v 19.130 -63.854 -73.805
v 19.226 -65.010 -72.521
v 19.224 -66.020 -71.877
v 19.684 -67.553 -72.639
v 19.408 -61.896 -90.553
v 18.438 -63.055 -86.255
v 19.221 -63.624 -75.207
v 18.424 -72.123 -74.709
v 18.217 -66.648 -72.023
v 18.745 -67.262 -72.568
v 18.684 -68.813 -72.172
v 19.681 -71.985 -72.394
v 18.058 -65.330 -83.753
v 18.576 -64.131 -78.832
v 17.788 -64.684 -78.123
v 18.237 -63.720 -75.244
v 18.391 -69.105 -79.439
v 18.212 -69.793 -77.617
v 17.912 -64.902 -73.110
v 18.101 -68.467 -72.398
v 18.962 -72.537 -73.719
v 18.176 -69.452 -73.352
v 18.159 -71.730 -73.393
v 17.592 -65.259 -80.976
v 17.477 -67.657 -80.755
v 17.242 -64.547 -76.612
v 17.696 -68.959 -77.535
v 16.867 -67.456 -76.973
v 16.898 -64.634 -74.833
v 17.272 -66.621 -72.132
v 17.351 -71.319 -74.046
v 16.769 -67.658 -72.053
v 16.990 -68.282 -72.093
v 16.922 -69.495 -73.249
v 17.106 -66.742 -80.114
v 16.812 -66.001 -77.403
v 16.176 -65.786 -74.914
v 16.439 -66.730 -73.069
v 16.483 -69.305 -73.455
v 15.999 -67.646 -75.022
v 16.401 -69.610 -74.071
v -23.382 -64.960 -81.703
v -22.860 -61.263 -88.038
v -23.630 -64.758 -85.210
v -23.153 -67.136 -83.595
v -23.754 -67.373 -80.934
v -23.273 -67.008 -78.599
v -23.431 -67.915 -78.667
v -23.020 -68.989 -79.019
v -23.840 -68.935 -77.219
v -23.785 -67.878 -76.019
v -23.392 -67.407 -73.540
v -23.686 -69.803 -75.094
v -22.987 -70.345 -77.642
v -23.156 -70.739 -75.709
v -23.139 -68.268 -72.534
v -22.461 -60.843 -93.320
v -22.347 -60.006 -91.518
v -22.308 -61.368 -93.282
v -22.787 -62.168 -89.979
v -21.518 -63.776 -89.707
v -21.939 -64.674 -79.905
v -22.282 -68.148 -83.021
v -22.621 -69.562 -79.001
v -22.816 -66.245 -77.756
v -21.527 -65.093 -75.924
v -21.914 -70.784 -77.900
v -22.233 -71.459 -75.911
v -22.676 -67.396 -72.079
v -22.074 -70.854 -72.175
v -21.779 -69.501 -71.121
v -21.592 -59.591 -92.501
v -22.053 -60.848 -93.734
v -21.852 -59.983 -93.392
v -21.125 -59.999 -93.523
v -20.999 -61.305 -93.865
v -21.090 -60.402 -87.442
v -21.704 -62.201 -83.297
v -21.730 -69.951 -79.342
v -20.656 -64.161 -74.826
v -20.993 -64.885 -73.165
v -20.245 -72.110 -75.666
v -20.907 -65.872 -71.933
v -21.743 -67.289 -71.397
v -21.573 -71.899 -74.045
v -21.185 -71.635 -72.167
v -21.037 -59.627 -92.049
v -20.638 -61.120 -93.691
v -20.397 -60.740 -93.370
v -20.085 -60.447 -91.825
v -19.673 -65.585 -86.590
v -20.384 -60.647 -87.232
v -20.402 -69.170 -81.636
v -19.835 -63.850 -78.718
v -20.255 -64.171 -77.869
v -20.007 -69.856 -79.542
v -20.277 -66.554 -71.998
v -20.804 -68.553 -71.440
v -19.605 -72.687 -73.853
v -19.383 -69.800 -71.338
v -20.900 -71.174 -71.274
v -19.986 -70.379 -71.096
v -18.543 -65.902 -84.825
v -18.948 -61.549 -88.305
v -19.171 -63.153 -81.100
v -18.665 -68.014 -82.537
v -19.026 -63.854 -73.805
v -19.122 -65.010 -72.521
v -19.120 -66.020 -71.877
v -19.580 -67.553 -72.639
v -19.304 -61.896 -90.553
v -18.334 -63.055 -86.255
v -19.117 -63.624 -75.207
v -18.320 -72.123 -74.709
v -18.113 -66.648 -72.023
v -18.641 -67.262 -72.568
v -18.580 -68.813 -72.172
v -19.577 -71.985 -72.394
v -17.954 -65.330 -83.753
v -18.472 -64.131 -78.832
v -17.684 -64.684 -78.123
v -18.133 -63.720 -75.244
v -18.287 -69.105 -79.439
v -18.108 -69.793 -77.617
v -17.808 -64.902 -73.110
v -17.997 -68.467 -72.398
v -18.858 -72.537 -73.719
v -18.072 -69.452 -73.352
v -18.055 -71.730 -73.393
v -17.488 -65.259 -80.976
v -17.373 -67.657 -80.755
v -17.138 -64.547 -76.612
v -17.592 -68.959 -77.535
v -16.763 -67.456 -76.973
v -16.794 -64.634 -74.833
v -17.168 -66.621 -72.132
v -17.247 -71.319 -74.046
v -16.665 -67.658 -72.053
v -16.886 -68.282 -72.093
v -16.818 -69.495 -73.249
v -17.002 -66.742 -80.114
v -16.708 -66.001 -77.403
v -16.072 -65.786 -74.914
v -16.335 -66.730 -73.069
v -16.379 -69.305 -73.455
v -15.895 -67.646 -75.022
v -16.297 -69.610 -74.071
v -1.246 -83.484 -95.953
v -0.345 -82.725 -79.332
v -2.087 -82.469 -100.879
v -1.596 -71.028 -97.922
v -0.602 -85.141 -82.090
v -2.965 -85.227 -83.379
v -8.661 -79.076 -101.118
v -8.174 -79.717 -89.530
v -0.607 -82.123 -90.135
v -1.576 -83.129 -85.725
v -1.912 -85.011 -84.327
v -2.370 -82.449 -86.630
v -8.984 -79.024 -79.684
v -3.353 -76.149 -82.181
v 0.052 -78.983 -103.773
v -3.618 -75.154 -104.341
v -4.208 -82.900 -84.924
v -4.938 -85.102 -82.600
v -7.138 -78.755 -103.860
v -5.760 -78.055 -104.579
v -6.726 -70.627 -102.078
v -6.082 -72.955 -84.033
v -6.436 -84.549 -84.357
v -7.349 -81.316 -87.409
v -4.952 -84.840 -81.951
v -7.486 -84.472 -83.480
v -10.595 -67.286 -102.410
v -15.754 -65.804 -102.719
v -8.114 -83.994 -84.788
v -9.460 -84.067 -82.289
v -9.974 -83.069 -83.253
v -14.003 -74.144 -101.104
v -14.767 -61.435 -99.193
v -10.375 -82.895 -82.326
v -12.728 -78.965 -88.724
v -12.603 -82.453 -83.909
v -20.327 -70.073 -94.129
v -15.109 -74.306 -96.604
v -12.751 -63.493 -88.318
v -14.695 -80.880 -83.742
v -15.851 -79.550 -82.331
v -15.188 -79.001 -81.159
v -19.348 -73.219 -90.158
v -14.463 -67.092 -79.440
v -23.917 -39.370 -72.741
v -20.468 -74.378 -81.506
v -18.469 -71.399 -79.749
v -15.359 -70.655 -79.237
v -17.555 -70.856 -79.560
v -16.875 -67.514 -77.966
v -20.387 -73.776 -80.482
v -21.118 -71.358 -80.177
v -21.490 -70.231 -91.556
v -21.558 -63.316 -100.467
v -18.010 -63.226 -77.359
v -19.894 -63.899 -77.310
v -22.847 -57.421 -99.517
v -20.441 -48.395 -75.324
v -33.528 -32.921 -84.352
v -20.905 -72.576 -81.122
v -22.929 -69.481 -87.563
v -20.484 -69.487 -90.222
v -21.103 -70.503 -90.933
v -20.953 -70.823 -90.059
v -21.131 -69.259 -90.886
v -21.832 -69.750 -88.966
v -31.176 -56.456 -92.677
v -22.555 -69.245 -91.539
v -21.424 -69.234 -89.389
v -23.027 -68.522 -89.707
v -23.502 -67.546 -78.850
v -23.790 -65.383 -77.171
v -24.458 -42.593 -70.789
v -25.103 -39.269 -69.518
v -24.439 -67.490 -89.583
v -30.521 -58.713 -79.548
v -23.949 -68.048 -79.206
v -24.397 -66.543 -77.810
v -24.767 -65.553 -77.626
v -27.826 -61.702 -76.888
v -29.767 -55.464 -74.397
v -27.105 -41.317 -69.074
v -29.617 -34.144 -69.518
v -30.929 -34.211 -64.044
v -33.824 -50.436 -91.631
v -33.485 -51.619 -71.854
v -25.609 -40.337 -68.879
v -28.519 -41.741 -69.568
v -31.551 -39.452 -62.752
v -30.726 -57.576 -77.136
v -31.935 -44.992 -68.814
v -35.097 -41.613 -61.781
v -30.261 -38.402 -63.135
v -34.561 -39.047 -57.919
v -34.057 -34.855 -58.239
v -31.902 -54.362 -78.107
v -33.423 -53.585 -74.190
v -35.405 -48.461 -69.104
v -35.419 -34.499 -86.605
v -32.949 -30.343 -62.101
v -34.596 -23.251 -73.071
v -35.512 -49.398 -72.958
v -34.463 -24.702 -61.394
v -35.421 -26.743 -53.319
v -37.093 -23.158 -80.285
v -35.362 -22.926 -76.935
v -34.244 -25.895 -59.733
v -34.279 -26.474 -58.239
v -35.190 -25.829 -54.695
v -34.889 -25.858 -58.499
v -34.763 -24.972 -60.790
v -35.220 -23.057 -61.884
v -35.199 -24.530 -61.280
v -34.887 -25.429 -60.128
v -35.145 -16.157 -73.712
v -35.961 -17.149 -76.916
v -34.775 -22.928 -64.716
v -35.365 -13.274 -61.705
v -36.194 -15.162 -75.491
v -35.097 -15.835 -60.160
v -36.616 -19.381 -58.239
v -35.353 -7.010 -27.308
v -35.742 -8.779 -26.319
v -35.518 -7.776 -24.708
v -40.913 -27.195 -79.832
v -36.190 -46.475 -65.856
v -37.360 -47.144 -65.877
v -38.004 -46.776 -63.729
v -36.668 -44.924 -62.611
v -37.061 -42.010 -51.788
v -38.515 -46.461 -45.987
v -42.834 -36.412 -42.765
v -40.862 -30.629 -44.067
v -38.085 -22.923 -81.176
v -38.100 -23.707 -50.363
v -35.877 -22.820 -60.920
v -36.938 -24.217 -55.655
v -37.499 -22.821 -57.805
v -36.914 -21.995 -59.314
v -38.131 -21.079 -57.275
v -38.966 -18.092 -78.733
v -37.728 -14.850 -76.002
v -38.294 -19.452 -54.642
v -38.923 -10.408 -48.331
v -36.294 -12.887 -71.661
v -38.790 -14.993 -75.910
v -37.418 -12.404 -71.205
v -37.676 -10.553 -60.171
v -39.060 -13.323 -71.820
v -37.795 -10.677 -52.753
v -41.166 -9.185 -50.779
v -40.255 -8.619 -46.958
v -38.273 -11.434 -24.284
v -40.191 -13.246 -30.846
v -37.931 -10.354 -30.192
v -37.354 -9.065 -23.044
v -38.321 -5.841 -23.343
v -42.835 -7.776 -22.228
v -42.512 -10.354 -22.683
v -39.170 -6.808 -34.055
v -38.321 -8.098 -33.250
v -36.258 -5.841 -29.222
v -37.354 -4.569 -29.222
v -41.545 -5.244 -34.706
v -37.319 -4.160 -27.074
v -37.354 -4.660 -24.708
v -40.900 -3.693 -30.192
v -39.773 -49.824 -47.392
v -39.991 -47.841 -52.867
v -40.423 -50.023 -47.121
v -39.249 -49.486 -46.392
v -40.285 -50.660 -42.952
v -40.584 -50.082 -38.282
v -39.611 -49.679 -40.182
v -44.232 -30.418 -56.530
v -39.246 -46.811 -56.672
v -39.792 -46.761 -57.542
v -40.694 -46.805 -55.245
v -39.343 -47.479 -52.405
v -39.225 -47.751 -39.862
v -40.509 -46.460 -36.960
v -40.770 -48.723 -35.730
v -41.153 -42.879 -58.617
v -41.770 -34.526 -44.373
v -38.965 -25.186 -82.381
v -39.894 -19.322 -78.961
v -41.286 -22.283 -76.295
v -39.440 -14.987 -74.785
v -39.611 -11.757 -63.393
v -41.361 -15.513 -63.723
v -42.050 -17.970 -39.318
v -39.946 -13.578 -42.124
v -39.871 -11.996 -36.022
v -41.545 -15.127 -36.623
v -41.223 -14.012 -34.171
v -40.192 -8.742 -43.085
v -42.481 -13.702 -29.871
v -44.446 -12.611 -24.408
v -41.545 -6.907 -40.501
v -40.182 -8.742 -39.220
v -41.857 -3.294 -26.671
v -42.190 -3.990 -24.708
v -41.438 -50.155 -43.029
v -40.988 -50.652 -42.259
v -41.448 -49.941 -37.449
v -41.314 -46.719 -52.654
v -43.701 -47.035 -34.521
v -41.536 -49.135 -35.404
v -43.018 -48.315 -34.999
v -41.794 -46.989 -34.153
v -42.539 -47.700 -33.675
v 0.052 -71.354 -99.828
v 1.350 -83.484 -95.953
v -42.999 -46.413 -33.574
v 0.052 -84.954 -82.118
v -42.726 -33.463 -42.961
v 0.440 -82.759 -79.324
v 0.052 -80.645 -103.050
v 2.317 -82.455 -100.798
v -43.407 -35.804 -42.698
v -43.205 -32.805 -43.031
v 0.998 -71.135 -97.854
v 2.163 -73.684 -85.603
v 0.706 -85.141 -82.090
v 3.069 -85.227 -83.379
v 8.765 -79.076 -101.118
v 8.278 -79.717 -89.530
v 1.248 -82.003 -90.028
v 0.052 -83.431 -84.005
v 1.680 -83.129 -85.725
v 2.016 -85.011 -84.327
v 2.474 -82.449 -86.630
v 0.052 -84.525 -83.144
v 9.088 -79.024 -79.684
v 3.607 -76.242 -82.090
v 0.052 -77.374 -103.995
v 0.052 -74.207 -103.385
v 3.722 -75.154 -104.341
v 4.312 -82.900 -84.924
v 5.042 -85.102 -82.600
v 7.242 -78.755 -103.860
v 5.864 -78.055 -104.579
v 6.830 -70.627 -102.078
v 6.227 -72.963 -84.003
v 6.540 -84.549 -84.357
v 7.453 -81.317 -87.409
v 1.021 -73.091 -102.608
v 5.056 -84.840 -81.951
v 7.590 -84.472 -83.480
v 10.698 -67.286 -102.410
v 15.858 -65.805 -102.719
v 8.218 -83.994 -84.788
v 9.564 -84.067 -82.289
v 10.078 -83.069 -83.253
v 14.107 -74.144 -101.104
v 14.891 -61.414 -99.186
v 10.479 -82.895 -82.325
v 12.832 -78.965 -88.724
v 12.707 -82.453 -83.909
v 20.431 -70.073 -94.129
v 15.213 -74.306 -96.604
v 13.577 -64.130 -85.555
v 14.799 -80.880 -83.742
v 15.955 -79.550 -82.331
v 15.292 -79.001 -81.159
v 19.452 -73.219 -90.158
v 14.577 -67.125 -79.428
v 24.021 -39.370 -72.742
v 20.572 -74.378 -81.506
v 18.573 -71.399 -79.749
v 15.273 -70.020 -79.107
v 17.508 -70.784 -79.529
v 16.325 -67.491 -78.346
v 20.491 -73.776 -80.482
v 21.222 -71.358 -80.177
v 21.594 -70.231 -91.556
v 21.662 -63.315 -100.467
v 18.266 -62.970 -77.285
v 19.998 -63.899 -77.310
v 22.950 -57.423 -99.517
v 21.080 -48.411 -75.279
v 33.632 -32.920 -84.352
v 21.009 -72.576 -81.122
v 23.033 -69.481 -87.563
v 20.588 -69.487 -90.222
v 21.207 -70.503 -90.933
v 21.057 -70.823 -90.059
v 21.235 -69.259 -90.886
v 21.936 -69.750 -88.966
v 31.280 -56.456 -92.677
v 22.659 -69.245 -91.539
v 21.528 -69.234 -89.389
v 23.131 -68.522 -89.707
v 23.606 -67.546 -78.850
v 23.894 -65.383 -77.171
v 24.249 -43.829 -71.356
v 24.869 -39.677 -69.832
v 24.543 -67.490 -89.583
v 30.625 -58.713 -79.548
v 24.053 -68.048 -79.207
v 24.501 -66.543 -77.810
v 24.871 -65.553 -77.626
v 27.930 -61.702 -76.888
v 29.871 -55.464 -74.397
v 27.209 -41.317 -69.074
v 29.721 -34.144 -69.518
v 31.033 -34.211 -64.044
v 33.928 -50.436 -91.632
v 33.589 -51.619 -71.854
v 25.713 -40.337 -68.879
v 28.623 -41.741 -69.568
v 31.655 -39.452 -62.752
v 30.830 -57.576 -77.136
v 32.039 -44.992 -68.814
v 35.201 -41.613 -61.781
v 30.365 -38.402 -63.135
v 34.665 -39.047 -57.919
v 34.161 -34.855 -58.239
v 32.006 -54.362 -78.107
v 33.527 -53.585 -74.190
v 35.509 -48.461 -69.104
v 35.524 -34.498 -86.605
v 33.053 -30.343 -62.101
v 34.700 -23.251 -73.071
v 35.616 -49.398 -72.958
v 34.567 -24.702 -61.394
v 35.525 -26.743 -53.319
v 37.197 -23.158 -80.285
v 35.466 -22.926 -76.935
v 34.348 -25.895 -59.733
v 34.383 -26.474 -58.239
v 35.294 -25.829 -54.695
v 34.993 -25.858 -58.499
v 34.867 -24.972 -60.790
v 35.323 -23.057 -61.884
v 35.303 -24.530 -61.280
v 34.991 -25.429 -60.128
v 35.249 -16.157 -73.712
v 36.065 -17.149 -76.916
v 34.879 -22.928 -64.716
v 35.469 -13.274 -61.705
v 36.298 -15.162 -75.491
v 35.201 -15.835 -60.160
v 36.720 -19.381 -58.239
v 35.457 -7.010 -27.308
v 35.846 -8.779 -26.319
v 35.622 -7.776 -24.708
v 41.017 -27.195 -79.832
v 36.294 -46.475 -65.856
v 37.464 -47.144 -65.877
v 38.108 -46.776 -63.729
v 36.772 -44.924 -62.611
v 37.165 -42.010 -51.788
v 38.619 -46.461 -45.987
v 42.938 -36.412 -42.765
v 40.966 -30.629 -44.067
v 38.189 -22.923 -81.176
v 38.204 -23.707 -50.364
v 35.981 -22.820 -60.920
v 37.042 -24.217 -55.655
v 37.603 -22.821 -57.805
v 37.018 -21.995 -59.314
v 38.235 -21.079 -57.275
v 39.070 -18.092 -78.733
v 37.832 -14.850 -76.002
v 38.398 -19.452 -54.642
v 39.027 -10.408 -48.331
v 36.398 -12.887 -71.661
v 38.894 -14.993 -75.910
v 37.522 -12.404 -71.205
v 37.780 -10.553 -60.171
v 39.164 -13.323 -71.820
v 37.899 -10.677 -52.753
v 41.270 -9.185 -50.779
v 40.359 -8.619 -46.958
v 38.377 -11.434 -24.284
v 40.295 -13.246 -30.846
v 38.035 -10.354 -30.192
v 37.458 -9.065 -23.044
v 38.425 -5.841 -23.343
v 42.939 -7.776 -22.228
v 42.616 -10.354 -22.683
v 39.274 -6.808 -34.055
v 38.425 -8.098 -33.250
v 36.362 -5.841 -29.222
v 37.458 -4.569 -29.222
v 41.649 -5.244 -34.706
v 37.423 -4.160 -27.074
v 37.458 -4.660 -24.708
v 41.004 -3.693 -30.192
v 39.877 -49.824 -47.392
v 40.095 -47.841 -52.867
v 40.527 -50.023 -47.121
v 39.353 -49.486 -46.392
v 40.389 -50.660 -42.952
v 40.688 -50.082 -38.282
v 39.715 -49.679 -40.182
v 44.336 -30.418 -56.530
v 39.350 -46.811 -56.672
v 39.896 -46.761 -57.542
v 40.798 -46.805 -55.245
v 39.447 -47.479 -52.405
v 39.329 -47.751 -39.862
v 40.613 -46.460 -36.960
v 40.874 -48.723 -35.730
v 41.257 -42.879 -58.617
v 41.874 -34.526 -44.373
v 39.069 -25.186 -82.381
v 39.998 -19.322 -78.961
v 41.390 -22.283 -76.295
v 39.544 -14.987 -74.785
v 39.715 -11.757 -63.393
v 41.465 -15.513 -63.723
v 42.154 -17.970 -39.318
v 40.050 -13.578 -42.124
v 39.975 -11.996 -36.022
v 41.649 -15.127 -36.623
v 41.327 -14.012 -34.171
v 40.296 -8.742 -43.085
v 42.585 -13.702 -29.871
v 44.550 -12.611 -24.408
v 41.649 -6.907 -40.501
v 40.286 -8.742 -39.220
v 41.961 -3.294 -26.671
v 42.294 -3.990 -24.708
v 41.542 -50.155 -43.029
v 41.092 -50.652 -42.259
v 41.552 -49.941 -37.449
v 41.418 -46.719 -52.654
v 43.805 -47.035 -34.521
v 41.640 -49.135 -35.404
v 43.122 -48.315 -34.999
v 41.898 -46.989 -34.153
v 42.643 -47.700 -33.675
v 43.103 -46.413 -33.574
v 42.830 -33.463 -42.961
v 43.511 -35.804 -42.698
v 43.309 -32.805 -43.031
v 42.350 -25.363 -41.206
v 43.806 -22.057 -39.072
v 43.686 -20.680 -38.031
v 45.216 -21.334 -54.120
v 45.407 -14.167 -49.182
v 44.869 -15.667 -33.184
v 45.671 -13.885 -29.767
v 43.138 -10.982 -52.348
v 45.404 -8.580 -22.517
v 43.242 -4.298 -32.455
v 46.083 -5.656 -34.295
v 43.705 -45.879 -34.113
v 44.167 -43.248 -37.258
v 43.906 -36.312 -42.943
v 43.261 -39.691 -40.068
v 43.698 -32.687 -43.699
v 43.276 -27.566 -41.507
v 44.102 -26.073 -42.238
v 44.281 -23.036 -40.192
v 45.640 -17.891 -46.622
v 45.937 -15.286 -32.784
v 46.009 -16.208 -35.297
v 48.558 -12.073 -36.679
v 47.943 -9.005 -38.586
v 47.774 -12.869 -28.293
v 46.343 -12.927 -25.822
v 46.162 -11.966 -24.490
v 47.130 -9.387 -23.963
v 48.426 -12.691 -30.176
v 51.532 -9.284 -29.473
v 49.818 -8.337 -35.080
v 50.613 -7.776 -27.930
v 49.940 -5.048 -28.701
v 51.070 -11.032 -30.508
v 51.515 -9.091 -32.443
v 51.601 -7.334 -31.974
v 50.966 -6.202 -31.505
v 0.052 -83.536 -97.742
v 0.052 -73.564 -86.357
v 0.052 -82.319 -86.629
v 0.052 -77.959 -81.149
v -42.246 -25.363 -41.206
v -43.702 -22.057 -39.072
v -43.582 -20.680 -38.031
v -45.112 -21.334 -54.120
v -45.303 -14.167 -49.183
v -44.765 -15.666 -33.183
v -45.567 -13.885 -29.767
v -43.034 -10.982 -52.349
v -45.300 -8.580 -22.517
v 50.520 -5.447 -29.953
v 51.227 -6.260 -29.525
v -43.138 -4.298 -32.455
v -45.979 -5.656 -34.295
v -43.601 -45.879 -34.113
v 5.739 -70.289 -99.277
v -44.063 -43.248 -37.258
v -43.802 -36.312 -42.943
v -43.157 -39.691 -40.068
v 40.924 -21.766 -44.685
v 40.420 -24.489 -47.601
v 37.916 -28.227 -50.619
v 35.737 -29.001 -54.960
v 34.413 -28.631 -60.061
v -43.594 -32.687 -43.699
v -43.172 -27.566 -41.507
v -43.998 -26.073 -42.238
v -44.177 -23.036 -40.192
v -45.536 -17.891 -46.622
v -45.833 -15.285 -32.784
v -45.905 -16.208 -35.297
v 19.557 -50.325 -77.039
v 19.794 -51.033 -75.809
v 19.685 -55.293 -76.111
v 17.805 -62.352 -77.688
v 15.244 -61.578 -81.891
v 16.147 -61.988 -78.326
v 19.451 -49.602 -78.938
v -48.454 -12.073 -36.679
v -47.839 -9.005 -38.586
v -47.670 -12.869 -28.293
v -46.239 -12.927 -25.822
v -46.058 -11.966 -24.490
v -47.026 -9.387 -23.963
v -48.322 -12.691 -30.176
v -51.428 -9.284 -29.473
v -49.714 -8.337 -35.081
v -50.509 -7.776 -27.930
v -49.836 -5.048 -28.701
v -50.966 -11.032 -30.508
v -51.411 -9.091 -32.443
v -51.497 -7.334 -31.974
v -50.862 -6.202 -31.505
v -50.416 -5.447 -29.953
v -51.123 -6.260 -29.525
v -5.635 -70.289 -99.277
v -40.820 -21.766 -44.685
v -40.316 -24.489 -47.601
v -37.812 -28.227 -50.619
v -35.633 -29.001 -54.960
v -34.309 -28.631 -60.061
v -19.559 -50.985 -75.957
v -19.581 -55.293 -76.111
v -18.428 -59.212 -77.020
v -17.136 -76.300 -84.607
v -19.330 -75.462 -82.440
v -23.511 -68.719 -82.825
v -37.291 -25.358 -59.069
v -36.269 -25.650 -58.982
v -37.585 -24.260 -59.957
v -37.119 -23.953 -57.390
v -22.264 -69.206 -91.168
v -35.559 -25.763 -59.625
v -22.170 -68.788 -90.411
v -21.449 -68.847 -89.840
v -20.957 -69.081 -90.282
v -32.153 -46.154 -72.739
v -31.678 -50.247 -72.208
v -31.447 -43.751 -76.391
v -30.908 -42.274 -78.651
v -31.385 -44.346 -74.311
v -30.373 -46.242 -76.366
v -31.326 -48.767 -76.354
v -31.298 -50.400 -76.439
v -31.421 -48.029 -74.503
v -31.575 -49.146 -73.678
v -31.553 -44.936 -72.301
v -29.210 -42.655 -73.563
v -29.620 -43.668 -71.335
v -31.058 -51.693 -74.522
v -32.008 -46.838 -70.671
v -31.476 -46.367 -69.836
v -31.038 -45.246 -70.159
v -31.594 -49.184 -70.720
v -31.403 -51.154 -71.865
v -30.594 -52.394 -72.568
v -30.769 -40.243 -79.068
v -30.064 -39.342 -79.014
v -30.138 -39.809 -79.609
v -30.166 -41.193 -79.632
v -30.522 -40.013 -77.998
v -29.734 -39.439 -77.947
v -30.583 -48.502 -79.391
v -30.428 -46.837 -79.665
v -30.017 -44.237 -81.462
v -29.926 -44.389 -77.909
v -29.633 -46.449 -77.634
v -30.049 -46.704 -76.886
v -30.579 -51.301 -76.760
v -29.893 -52.413 -75.325
v -29.677 -52.679 -73.888
v -29.024 -39.151 -78.483
v -28.927 -40.975 -79.830
v -29.801 -45.093 -81.977
v -29.052 -43.550 -81.816
v -29.312 -44.516 -82.245
v -28.561 -39.327 -77.908
v -29.723 -46.190 -78.764
v -28.746 -41.958 -74.682
v -29.896 -49.097 -79.743
v -29.628 -45.743 -76.830
v -29.251 -46.137 -76.809
v -28.081 -51.054 -78.164
v -28.252 -43.531 -81.874
v -28.854 -39.259 -79.040
v -28.746 -39.841 -79.607
v -28.102 -40.735 -79.499
v -28.116 -43.705 -81.002
v -28.545 -45.300 -82.283
v -27.808 -45.560 -78.797
v -28.090 -45.301 -76.790
v -28.327 -46.243 -76.596
v -27.311 -42.704 -72.317
v -29.420 -53.129 -73.042
v -27.628 -44.275 -82.090
v -27.434 -40.516 -78.319
v -27.475 -43.815 -81.503
v -27.435 -44.066 -78.176
v -26.538 -41.734 -75.789
v -26.311 -45.445 -76.806
v -27.146 -46.067 -76.738
v -26.823 -51.746 -76.856
v -26.485 -52.332 -74.608
v -27.832 -53.325 -73.366
v -26.764 -45.037 -80.104
v -26.859 -45.138 -81.654
v -25.327 -43.726 -77.033
v -27.190 -47.058 -81.117
v -26.060 -41.993 -76.432
v -25.320 -46.311 -77.839
v -25.569 -46.148 -77.004
v -26.206 -50.552 -78.093
v -24.643 -42.906 -72.706
v -24.574 -47.952 -78.331
v -24.485 -51.849 -74.868
v -25.440 -53.236 -73.449
v -23.718 -43.933 -74.719
v -24.290 -45.504 -76.168
v -23.989 -46.405 -76.348
v -24.083 -43.162 -74.148
v -24.425 -50.860 -76.636
v -23.175 -46.276 -75.368
v -23.562 -50.986 -75.038
v -22.557 -46.291 -73.160
v -22.357 -49.545 -74.111
v -23.630 -43.985 -71.730
v -31.437 -46.722 -69.738
v -31.519 -47.013 -69.834
v -26.134 -43.617 -70.621
v -30.406 -45.120 -69.748
v -22.898 -51.823 -74.084
v -28.171 -54.405 -77.000
v -28.029 -53.763 -81.834
v -28.841 -55.622 -78.596
v -27.878 -55.009 -82.860
v -28.610 -56.818 -78.578
v -27.744 -51.928 -86.440
v -27.786 -51.571 -85.760
v -28.082 -52.152 -85.623
v -28.094 -53.071 -85.551
v -27.551 -52.381 -83.248
v -27.595 -55.366 -83.047
v -27.459 -53.574 -85.697
v -27.214 -53.203 -78.646
v -27.127 -58.073 -80.111
v -27.767 -58.146 -79.150
v -28.094 -55.223 -75.564
v -28.306 -58.519 -77.248
v -28.108 -57.690 -75.147
v -27.900 -59.471 -75.809
v -26.913 -51.675 -86.306
v -26.794 -51.471 -85.421
v -26.252 -51.784 -85.828
v -27.285 -52.246 -86.479
v -26.499 -52.276 -82.510
v -25.010 -54.966 -84.230
v -26.185 -57.116 -81.864
v -27.093 -58.938 -80.006
v -26.945 -54.256 -75.103
v -27.288 -60.796 -79.352
v -27.133 -62.220 -77.882
v -25.385 -53.600 -85.196
v -25.289 -52.269 -83.822
v -25.312 -57.736 -80.583
v -25.835 -59.207 -81.405
v -25.635 -60.107 -81.933
v -25.055 -60.194 -82.888
v -25.956 -62.350 -80.049
v -24.426 -52.928 -76.053
v -24.970 -63.437 -79.122
v -26.283 -63.167 -78.094
v -24.306 -53.181 -83.678
v -23.932 -54.332 -83.661
v -24.110 -52.618 -82.234
v -24.967 -56.597 -82.556
v -23.580 -52.522 -79.870
v -25.046 -58.720 -83.298
v -23.839 -56.908 -80.625
v -24.295 -57.351 -80.685
v -23.665 -53.655 -74.015
v -24.802 -56.210 -86.644
v -24.171 -55.739 -86.970
v -24.711 -57.810 -86.245
v -24.676 -56.644 -87.339
v -24.227 -58.151 -86.361
v -23.934 -56.919 -87.426
v -23.884 -57.151 -83.996
v -24.759 -57.887 -84.312
v -24.003 -57.803 -82.073
v -24.352 -57.840 -81.139
v -22.718 -60.697 -83.520
v -22.046 -63.467 -79.099
v -23.580 -55.712 -86.597
v -22.512 -56.694 -84.381
v -23.695 -56.339 -87.438
v -23.168 -58.354 -86.241
v -22.944 -56.698 -87.122
v -22.863 -56.925 -83.721
v -22.664 -54.975 -82.428
v -21.765 -56.569 -80.216
v -22.396 -53.096 -75.577
v -22.386 -53.757 -81.331
v -20.912 -53.849 -78.220
v -21.785 -56.227 -80.192
v -21.280 -57.161 -81.477
v -21.763 -57.995 -85.248
v -21.116 -60.680 -83.025
v -21.043 -57.384 -82.946
v -21.133 -55.083 -79.796
v -21.093 -53.672 -75.078
v -19.374 -58.896 -81.241
v -20.220 -57.157 -80.584
v -20.614 -54.372 -78.746
v -20.184 -56.456 -79.512
v -19.901 -62.448 -79.072
v -19.464 -56.807 -78.618
v -19.563 -61.698 -79.869
v -19.088 -62.087 -76.793
v -18.706 -59.079 -79.096
v -18.929 -61.521 -78.324
v -24.891 -64.107 -76.941
v -27.635 -56.581 -74.619
v -26.751 -62.990 -77.128
v -26.663 -54.863 -74.271
v -21.588 -63.696 -77.123
v -23.216 -64.709 -81.781
v -22.755 -61.299 -87.551
v -23.791 -66.535 -81.110
v -23.717 -67.197 -81.928
v -22.521 -61.194 -93.082
v -22.559 -60.280 -91.395
v -21.861 -61.254 -93.757
v -22.804 -62.182 -89.971
v -21.570 -63.742 -89.701
v -22.576 -67.856 -83.325
v -21.964 -64.653 -79.984
v -22.746 -69.231 -79.621
v -21.602 -59.577 -92.380
v -22.159 -60.297 -93.446
v -21.518 -59.988 -93.535
v -21.090 -60.402 -87.447
v -21.704 -62.201 -83.301
v -21.727 -69.781 -79.823
v -21.035 -59.626 -92.295
v -21.142 -60.122 -93.599
v -20.639 -60.534 -93.547
v -20.933 -61.362 -93.768
v -20.143 -60.400 -91.969
v -19.887 -61.291 -92.364
v -19.673 -65.584 -86.597
v -20.384 -60.647 -87.234
v -20.404 -69.172 -81.637
v -20.198 -63.960 -78.637
v -18.543 -65.901 -84.830
v -18.937 -61.562 -88.320
v -18.770 -63.829 -79.729
v -19.029 -63.909 -79.016
v -18.666 -68.014 -82.541
v -18.334 -63.056 -86.258
v -17.961 -69.036 -79.056
v -17.954 -65.330 -83.758
v -17.665 -64.759 -78.400
v -17.488 -65.259 -80.979
v -17.367 -67.658 -80.743
v -17.009 -66.719 -80.150
v -16.736 -66.155 -77.947
v -19.532 -69.555 -79.991
v -17.876 -64.172 -77.338
v -22.504 -65.983 -77.750
v -18.778 -67.566 -92.705
v -19.123 -69.545 -89.992
v -18.320 -65.923 -93.302
v -19.642 -71.724 -83.650
v -19.738 -71.867 -86.959
v -19.329 -71.790 -88.181
v -18.869 -69.343 -85.415
v -19.422 -74.501 -84.362
v -19.585 -75.138 -81.224
v -19.618 -73.797 -80.401
v -19.029 -75.982 -81.555
v -17.944 -66.232 -94.355
v -17.956 -65.545 -93.031
v -18.072 -68.220 -93.493
v -18.696 -70.253 -90.200
v -18.023 -66.363 -90.227
v -17.506 -67.811 -86.071
v -16.748 -70.777 -91.222
v -17.901 -73.766 -87.585
v -18.124 -69.305 -83.854
v -17.504 -75.335 -85.008
v -18.040 -76.788 -81.413
v -17.763 -65.612 -93.895
v -17.517 -65.484 -93.240
v -16.901 -66.290 -94.213
v -16.394 -68.047 -93.743
v -17.130 -66.292 -90.111
v -15.918 -68.490 -84.117
v -16.343 -66.123 -93.158
v -15.725 -69.251 -92.728
v -15.475 -71.541 -90.425
v -15.670 -69.349 -82.229
v -15.119 -75.117 -85.123
v -16.407 -70.137 -80.365
v -15.745 -66.833 -92.076
v -15.495 -68.165 -92.870
v -14.745 -68.896 -90.703
v -14.464 -71.085 -89.660
v -14.749 -68.732 -87.968
v -14.134 -72.954 -87.327
v -14.074 -69.906 -87.181
v -14.592 -70.421 -81.565
v -14.020 -74.499 -84.561
v -13.652 -71.936 -86.656
v -13.730 -72.011 -82.650
v -13.413 -72.549 -79.279
v -13.620 -73.831 -84.542
v -15.469 -77.134 -80.822
v -14.285 -71.235 -79.195
v -13.840 -76.250 -79.996
v -14.692 -78.005 -85.382
v -13.161 -75.438 -81.503
v -14.983 -78.088 -80.874
v -14.021 -77.844 -87.463
v -13.640 -75.669 -82.668
v -12.773 -72.671 -98.271
v -13.593 -72.547 -95.525
v -12.485 -70.718 -98.184
v -13.214 -74.377 -95.833
v -12.855 -71.736 -95.667
v -13.694 -73.987 -95.259
v -13.964 -75.457 -91.100
v -13.015 -73.848 -90.278
v -13.308 -75.085 -85.797
v -14.116 -76.633 -87.159
v -14.185 -81.232 -83.466
v -12.580 -71.610 -98.748
v -12.557 -70.905 -98.698
v -11.884 -70.227 -98.424
v -12.074 -72.448 -98.743
v -12.313 -73.819 -97.399
v -13.056 -78.704 -87.833
v -12.333 -73.656 -89.866
v -12.071 -75.412 -79.532
v -11.466 -70.416 -99.125
v -11.645 -71.435 -99.195
v -11.266 -70.296 -98.740
v -11.148 -71.252 -98.958
v -11.149 -70.830 -96.726
v -11.725 -73.568 -97.458
v -10.691 -72.355 -97.213
v -11.653 -72.754 -92.444
v -11.082 -73.756 -89.703
v -11.090 -79.511 -86.964
v -12.661 -82.177 -83.492
v -11.177 -82.408 -82.689
v -10.634 -71.370 -96.534
v -10.177 -74.324 -92.937
v -10.745 -73.167 -93.017
v -10.130 -75.137 -92.745
v -10.318 -78.361 -88.495
v -11.404 -75.219 -80.775
v -10.782 -75.840 -79.552
v -9.354 -75.455 -87.450
v -9.353 -77.409 -88.736
v -9.430 -79.626 -83.858
v -9.407 -76.870 -84.038
v -10.042 -77.800 -79.575
v -9.641 -81.532 -80.910
v -9.026 -76.734 -88.642
v -8.912 -76.292 -88.007
v -9.369 -78.546 -81.159
v -9.386 -80.026 -80.214
v -9.282 -78.521 -84.592
v -9.781 -82.622 -81.634
v -8.565 -79.275 -82.306
v -8.221 -79.863 -87.065
v -8.281 -82.682 -84.662
v -8.836 -84.423 -82.933
v -7.903 -78.774 -81.127
v -7.189 -77.447 -90.950
v -7.087 -76.997 -87.109
v -7.802 -79.747 -88.017
v -6.753 -80.250 -88.263
v -7.023 -78.945 -90.078
v -6.630 -77.290 -84.130
v -6.567 -78.698 -80.301
v -7.020 -84.443 -83.434
v -6.675 -76.250 -93.864
v -5.575 -73.498 -97.152
v -5.420 -74.230 -97.562
v -5.775 -76.671 -94.617
v -6.347 -75.737 -92.361
v 17.240 -76.300 -84.607
v 19.434 -75.462 -82.440
v -5.431 -80.057 -88.556
v 23.615 -68.719 -82.825
v -5.850 -77.590 -82.746
v 37.395 -25.358 -59.069
v -5.327 -81.516 -86.224
v 36.373 -25.650 -58.982
v 37.689 -24.260 -59.957
v -6.058 -84.338 -81.910
v 37.223 -23.953 -57.390
v -5.323 -78.988 -80.948
v 22.368 -69.206 -91.168
v -4.951 -73.129 -98.009
v -5.603 -73.731 -97.623
v 35.663 -25.763 -59.625
v 22.274 -68.788 -90.411
v 21.553 -68.847 -89.840
v -4.560 -74.484 -97.405
v -5.550 -75.653 -91.660
v 21.061 -69.081 -90.282
v -4.361 -75.120 -93.515
v 32.257 -46.154 -72.739
v 31.782 -50.247 -72.208
v 31.551 -43.751 -76.391
v 31.012 -42.274 -78.651
v 31.489 -44.346 -74.311
v 30.477 -46.242 -76.366
v 31.430 -48.767 -76.354
v 31.402 -50.400 -76.439
v 31.525 -48.029 -74.503
v 31.679 -49.146 -73.678
v 31.657 -44.936 -72.302
v 29.314 -42.654 -73.563
v 29.724 -43.668 -71.335
v 31.162 -51.693 -74.522
v 32.112 -46.838 -70.671
v 31.580 -46.367 -69.836
v 31.142 -45.246 -70.159
v 31.698 -49.184 -70.719
v 31.507 -51.154 -71.865
v 30.698 -52.394 -72.568
v 30.873 -40.243 -79.068
v 30.168 -39.342 -79.014
v 30.242 -39.810 -79.609
v 30.270 -41.193 -79.632
v 30.626 -40.013 -77.998
v 29.838 -39.439 -77.947
v 30.687 -48.502 -79.391
v 30.532 -46.837 -79.665
v 30.121 -44.237 -81.462
v 30.031 -44.389 -77.910
v 29.737 -46.449 -77.634
v 30.153 -46.704 -76.886
v 30.683 -51.301 -76.760
v 29.997 -52.413 -75.325
v 29.781 -52.679 -73.888
v 29.128 -39.151 -78.483
v 29.032 -40.975 -79.830
v 29.905 -45.093 -81.977
v 29.156 -43.550 -81.816
v 29.416 -44.516 -82.245
v 28.665 -39.327 -77.908
v 29.827 -46.190 -78.764
v 28.850 -41.958 -74.682
v 30.001 -49.097 -79.743
v 29.732 -45.743 -76.830
v 29.355 -46.137 -76.809
v 28.185 -51.054 -78.164
v 28.356 -43.531 -81.874
v 28.958 -39.259 -79.040
v 28.850 -39.841 -79.607
v 28.206 -40.735 -79.499
v 28.220 -43.705 -81.002
v 28.649 -45.300 -82.283
v 27.912 -45.560 -78.797
v 28.194 -45.301 -76.790
v 28.431 -46.243 -76.596
v 27.415 -42.704 -72.317
v 29.524 -53.129 -73.042
v 27.732 -44.275 -82.090
v 27.538 -40.516 -78.319
v 27.579 -43.815 -81.503
v 27.539 -44.066 -78.176
v 26.642 -41.734 -75.789
v 26.416 -45.445 -76.806
v 27.250 -46.067 -76.738
v 26.927 -51.746 -76.856
v 26.590 -52.332 -74.608
v 27.936 -53.325 -73.366
v 26.868 -45.037 -80.104
v 26.963 -45.138 -81.654
v 25.431 -43.726 -77.033
v 27.294 -47.058 -81.117
v 26.164 -41.993 -76.432
v 25.424 -46.311 -77.839
v 25.673 -46.148 -77.004
v 26.310 -50.552 -78.093
v 24.747 -42.907 -72.706
v 24.678 -47.952 -78.331
v 24.589 -51.849 -74.868
v 25.545 -53.236 -73.449
v 23.822 -43.933 -74.718
v 24.394 -45.504 -76.168
v 24.093 -46.405 -76.348
v 24.187 -43.162 -74.148
v 24.529 -50.860 -76.636
v 23.279 -46.276 -75.367
v 23.666 -50.986 -75.038
v 22.663 -46.283 -73.165
v 22.460 -49.547 -74.110
v 23.520 -44.194 -71.994
v 31.541 -46.722 -69.738
v 31.623 -47.013 -69.834
v 26.238 -43.617 -70.621
v 30.510 -45.120 -69.748
v 22.998 -51.815 -74.083
v 28.275 -54.405 -77.000
v 28.133 -53.763 -81.834
v 28.945 -55.622 -78.596
v 27.982 -55.009 -82.860
v 28.714 -56.818 -78.578
v 27.848 -51.928 -86.440
v 27.890 -51.571 -85.760
v 28.186 -52.152 -85.623
v 28.198 -53.071 -85.551
v 27.655 -52.381 -83.248
v 27.699 -55.366 -83.047
v 27.563 -53.574 -85.697
v 27.318 -53.203 -78.647
v 27.231 -58.073 -80.111
v 27.871 -58.146 -79.150
v 28.198 -55.223 -75.564
v 28.410 -58.519 -77.248
v 28.212 -57.690 -75.147
v 28.004 -59.471 -75.809
v 27.017 -51.675 -86.306
v 26.898 -51.471 -85.421
v 26.356 -51.784 -85.828
v 27.389 -52.246 -86.479
v 26.603 -52.276 -82.510
v 25.114 -54.966 -84.230
v 26.289 -57.116 -81.864
v 27.197 -58.938 -80.006
v 27.049 -54.256 -75.103
v 27.392 -60.796 -79.352
v 27.237 -62.220 -77.882
v 25.489 -53.600 -85.196
v 25.393 -52.269 -83.822
v 25.416 -57.736 -80.583
v 25.939 -59.207 -81.405
v 25.739 -60.107 -81.933
v 25.159 -60.194 -82.889
v 26.060 -62.350 -80.049
v 24.530 -52.928 -76.053
v 25.074 -63.437 -79.123
v 26.387 -63.167 -78.094
v 24.410 -53.182 -83.678
v 24.036 -54.332 -83.661
v 24.214 -52.618 -82.234
v 25.071 -56.597 -82.556
v 23.684 -52.522 -79.870
v 25.150 -58.720 -83.298
v 23.943 -56.908 -80.625
v 24.399 -57.351 -80.685
v 23.769 -53.655 -74.015
v 24.906 -56.210 -86.644
v 24.275 -55.739 -86.970
v 24.815 -57.810 -86.245
v 24.780 -56.644 -87.339
v 24.331 -58.151 -86.361
v 24.038 -56.919 -87.426
v 23.988 -57.150 -83.996
v 24.863 -57.887 -84.312
v 24.107 -57.803 -82.073
v 24.456 -57.840 -81.139
v 22.822 -60.697 -83.520
v 22.150 -63.467 -79.099
v 23.684 -55.712 -86.597
v 22.616 -56.694 -84.381
v 23.799 -56.339 -87.438
v 23.272 -58.354 -86.241
v 23.048 -56.698 -87.122
v 22.967 -56.926 -83.721
v 22.768 -54.975 -82.428
v 21.869 -56.569 -80.216
v 22.500 -53.096 -75.577
v 22.490 -53.757 -81.331
v 21.016 -53.849 -78.220
v 21.889 -56.227 -80.192
v 21.384 -57.161 -81.477
v 21.867 -57.995 -85.248
v 21.220 -60.680 -83.025
v 21.147 -57.384 -82.946
v 21.237 -55.082 -79.796
v 21.197 -53.672 -75.078
v 19.478 -58.896 -81.241
v 20.324 -57.157 -80.584
v 20.718 -54.372 -78.746
v 20.288 -56.456 -79.512
v 20.005 -62.448 -79.072
v 19.568 -56.807 -78.618
v 19.667 -61.698 -79.869
v 19.195 -62.092 -76.790
v 18.810 -59.079 -79.096
v 18.532 -59.209 -77.021
v 19.033 -61.521 -78.324
v 24.995 -64.107 -76.941
v 27.739 -56.581 -74.619
v 26.855 -62.990 -77.128
v 26.767 -54.863 -74.271
v 21.693 -63.696 -77.123
v 23.320 -64.709 -81.781
v 22.859 -61.299 -87.551
v 23.895 -66.535 -81.110
v 23.821 -67.197 -81.928
v 22.625 -61.194 -93.082
v 22.663 -60.280 -91.395
v 21.965 -61.254 -93.757
v 22.908 -62.182 -89.971
v 21.674 -63.742 -89.701
v 22.680 -67.857 -83.325
v 22.068 -64.653 -79.984
v 22.850 -69.231 -79.621
v 21.706 -59.577 -92.380
v 22.263 -60.297 -93.446
v 21.622 -59.988 -93.535
v 21.194 -60.402 -87.447
v 21.808 -62.201 -83.301
v 21.831 -69.781 -79.823
v 21.139 -59.626 -92.295
v 21.246 -60.122 -93.599
v 20.743 -60.534 -93.547
v 21.037 -61.362 -93.768
v 20.247 -60.400 -91.969
v 19.991 -61.291 -92.364
v 19.777 -65.584 -86.597
v 20.488 -60.647 -87.234
v 20.508 -69.172 -81.637
v 20.302 -63.960 -78.637
v 18.647 -65.901 -84.830
v 19.041 -61.562 -88.320
v 18.874 -63.829 -79.729
v 19.133 -63.909 -79.016
v 18.770 -68.014 -82.541
v 18.438 -63.056 -86.258
v 18.053 -69.031 -79.043
v 18.058 -65.330 -83.758
v 17.769 -64.759 -78.400
v 17.592 -65.259 -80.979
v 17.471 -67.658 -80.743
v 17.113 -66.719 -80.150
v 16.835 -66.167 -77.937
v 19.636 -69.555 -79.991
v 17.003 -67.521 -77.927
v 17.982 -64.170 -77.339
v 22.608 -65.983 -77.750
v 18.882 -67.566 -92.705
v 19.227 -69.545 -89.992
v 18.424 -65.923 -93.302
v 19.746 -71.724 -83.649
v 19.842 -71.867 -86.959
v 19.433 -71.790 -88.182
v 18.973 -69.342 -85.415
v 19.526 -74.501 -84.362
v 19.689 -75.138 -81.224
v 19.722 -73.797 -80.401
v 19.133 -75.982 -81.555
v 18.048 -66.232 -94.355
v 18.060 -65.545 -93.031
v 18.176 -68.220 -93.493
v 18.800 -70.253 -90.200
v 18.127 -66.363 -90.227
v 17.610 -67.811 -86.072
v 16.852 -70.777 -91.223
v 18.005 -73.766 -87.585
v 18.228 -69.304 -83.854
v 17.608 -75.335 -85.009
v 18.144 -76.788 -81.412
v 17.867 -65.612 -93.895
v 17.621 -65.484 -93.240
v 17.005 -66.290 -94.213
v 16.497 -68.047 -93.743
v 17.234 -66.292 -90.111
v 16.022 -68.490 -84.117
v 16.447 -66.123 -93.158
v 15.829 -69.251 -92.728
v 15.579 -71.541 -90.425
v 15.774 -69.349 -82.229
v 15.223 -75.117 -85.123
v 16.504 -70.113 -80.418
v 15.849 -66.833 -92.076
v 15.599 -68.165 -92.870
v 14.849 -68.896 -90.703
v 14.568 -71.085 -89.660
v 14.853 -68.732 -87.968
v 14.239 -72.954 -87.327
v 14.178 -69.906 -87.181
v 14.696 -70.421 -81.565
v 14.124 -74.499 -84.561
v 14.816 -70.922 -79.167
v 13.756 -71.936 -86.656
v 13.834 -72.011 -82.650
v 13.517 -72.545 -79.275
v 13.724 -73.831 -84.542
v 15.573 -77.134 -80.822
v 13.944 -76.250 -79.996
v 14.796 -78.005 -85.382
v 13.265 -75.438 -81.503
v 15.087 -78.088 -80.874
v 14.125 -77.844 -87.464
v 13.744 -75.670 -82.668
v 12.877 -72.671 -98.271
v 13.697 -72.547 -95.525
v 12.589 -70.718 -98.184
v 13.318 -74.377 -95.833
v 12.959 -71.736 -95.667
v 13.798 -73.987 -95.259
v 14.068 -75.457 -91.100
v 13.119 -73.848 -90.277
v 13.412 -75.085 -85.797
v 14.220 -76.633 -87.159
v 14.289 -81.232 -83.466
v 12.685 -71.610 -98.748
v 12.661 -70.905 -98.698
v 11.988 -70.227 -98.424
v 12.178 -72.448 -98.743
v 12.417 -73.819 -97.399
v 13.160 -78.704 -87.833
v 12.437 -73.656 -89.866
v 12.175 -75.411 -79.532
v 11.570 -70.416 -99.125
v 11.749 -71.435 -99.195
v 11.370 -70.296 -98.740
v 11.252 -71.252 -98.958
v 11.253 -70.830 -96.726
v 11.829 -73.567 -97.458
v 10.795 -72.355 -97.213
v 11.757 -72.754 -92.444
v 11.186 -73.756 -89.703
v 11.194 -79.511 -86.964
v 12.765 -82.177 -83.492
v 11.281 -82.408 -82.689
v 10.738 -71.370 -96.534
v 10.281 -74.324 -92.937
v 10.849 -73.167 -93.017
v 10.234 -75.137 -92.745
v 10.422 -78.361 -88.495
v 11.508 -75.219 -80.775
v 10.886 -75.840 -79.552
v 9.458 -75.455 -87.450
v 9.457 -77.409 -88.736
v 9.534 -79.626 -83.858
v 9.511 -76.870 -84.038
v 10.146 -77.800 -79.575
v 9.745 -81.532 -80.910
v 9.130 -76.734 -88.642
v 9.016 -76.292 -88.007
v 9.473 -78.546 -81.159
v 9.490 -80.026 -80.214
v 9.386 -78.521 -84.592
v 9.885 -82.622 -81.634
v 8.669 -79.275 -82.306
v 8.325 -79.863 -87.065
v 8.385 -82.682 -84.662
v 8.940 -84.423 -82.933
v 8.007 -78.774 -81.127
v 7.293 -77.447 -90.950
v 7.191 -76.997 -87.109
v 7.906 -79.747 -88.017
v 6.857 -80.250 -88.263
v 7.127 -78.945 -90.078
v 6.734 -77.290 -84.130
v 6.671 -78.698 -80.301
v 7.124 -84.443 -83.434
v 6.779 -76.250 -93.864
v 5.679 -73.498 -97.152
v 5.524 -74.230 -97.562
v 5.879 -76.671 -94.617
v 6.451 -75.737 -92.361
v 5.535 -80.057 -88.556
v 5.954 -77.590 -82.746
v 5.431 -81.516 -86.224
v 6.162 -84.338 -81.910
v 5.427 -78.988 -80.948
v 5.055 -73.129 -98.009
v 5.707 -73.731 -97.623
v 4.664 -74.484 -97.405
v 5.654 -75.653 -91.660
v 4.465 -75.120 -93.515
v 4.931 -76.254 -90.675
v 5.551 -78.107 -81.836
v 5.732 -83.212 -81.184
v 5.502 -81.682 -80.207
v 4.821 -72.898 -97.580
v 4.313 -73.263 -97.624
v 4.720 -76.471 -94.754
v 5.107 -80.081 -87.809
v 4.423 -76.846 -91.796
v 4.955 -77.576 -85.958
v 4.550 -77.820 -88.370
v 5.037 -78.662 -82.706
v 7.026 -84.575 -83.135
v 6.830 -84.574 -82.868
v 5.724 -80.630 -79.471
v 7.991 -79.463 -79.636
v 8.945 -80.154 -80.196
v 4.424 -78.642 -85.425
v 5.130 -84.082 -81.505
v 5.131 -83.214 -81.202
v 3.898 -81.662 -79.388
v 3.278 -76.827 -93.900
v 3.723 -80.093 -88.324
v 3.713 -76.656 -89.514
v 3.368 -75.882 -90.399
v 4.184 -78.040 -84.535
v 4.118 -81.177 -86.195
v 3.758 -77.640 -84.143
v 3.337 -81.566 -86.756
v 4.206 -84.855 -82.454
v 2.603 -72.447 -97.766
v 2.885 -73.225 -97.381
v 2.634 -74.310 -93.732
v 3.120 -79.288 -91.007
v 2.479 -77.595 -94.225
v 2.015 -78.290 -93.154
v 1.680 -75.633 -91.376
v 2.738 -77.309 -84.324
v 2.680 -80.028 -80.343
v 1.718 -78.054 -83.301
v 2.197 -83.038 -84.989
v 1.948 -85.076 -82.512
v 2.427 -72.760 -98.158
v 1.952 -72.264 -98.050
v 2.191 -72.326 -97.255
v 1.923 -72.674 -98.214
v 2.344 -75.587 -96.149
v 1.681 -74.949 -96.632
v 1.634 -73.032 -96.139
v 1.800 -80.417 -88.374
v 1.661 -76.999 -85.777
v 1.511 -72.589 -97.697
v 1.370 -73.445 -97.428
v 1.230 -73.407 -96.357
v 1.131 -76.955 -93.311
v 1.304 -75.800 -91.996
v 0.984 -79.591 -87.760
v 1.187 -77.913 -84.373
v 1.193 -82.050 -85.561
v 0.728 -82.071 -84.475
v 1.185 -84.777 -81.624
v 0.732 -78.594 -85.832
v 0.587 -82.015 -80.687
v 0.431 -83.848 -79.460
v 3.114 -84.995 -82.869
v -4.827 -76.254 -90.675
v -5.447 -78.107 -81.836
v -5.628 -83.212 -81.184
v -5.398 -81.682 -80.207
v -4.717 -72.898 -97.580
v -4.209 -73.263 -97.624
v -4.616 -76.471 -94.754
v -5.003 -80.081 -87.808
v -4.319 -76.846 -91.796
v -4.851 -77.576 -85.958
v -4.446 -77.820 -88.370
v -4.933 -78.662 -82.706
v -6.922 -84.575 -83.135
v -6.726 -84.574 -82.868
v -5.620 -80.629 -79.471
v -7.887 -79.463 -79.636
v -8.842 -80.154 -80.196
v -4.320 -78.642 -85.425
v -5.026 -84.082 -81.505
v -5.027 -83.214 -81.202
v -3.794 -81.662 -79.388
v -3.174 -76.828 -93.900
v -3.619 -80.093 -88.324
v -3.609 -76.656 -89.514
v -3.264 -75.882 -90.399
v -4.080 -78.040 -84.535
v -4.014 -81.178 -86.195
v -3.654 -77.640 -84.143
v -3.233 -81.566 -86.756
v -4.102 -84.855 -82.454
v -2.499 -72.447 -97.766
v -2.781 -73.225 -97.381
v -2.530 -74.310 -93.732
v -3.016 -79.288 -91.007
v -2.375 -77.595 -94.225
v -1.911 -78.290 -93.154
v -1.576 -75.633 -91.376
v -2.634 -77.309 -84.324
v -2.576 -80.028 -80.343
v -1.614 -78.054 -83.301
v -2.093 -83.038 -84.989
v -1.844 -85.076 -82.512
v -2.323 -72.760 -98.158
v -1.848 -72.264 -98.050
v -2.087 -72.326 -97.255
v -1.819 -72.675 -98.214
v -2.240 -75.587 -96.149
v -1.577 -74.949 -96.632
v -1.530 -73.032 -96.139
v -1.696 -80.417 -88.374
v -1.557 -76.999 -85.777
v -1.407 -72.589 -97.697
v -1.266 -73.445 -97.428
v -1.126 -73.407 -96.357
v -1.027 -76.955 -93.311
v -1.200 -75.800 -91.997
v -0.880 -79.591 -87.760
v -1.083 -77.913 -84.373
v -1.089 -82.050 -85.561
v -0.624 -82.071 -84.475
v -1.081 -84.777 -81.624
v -0.628 -78.594 -85.832
v -0.483 -82.015 -80.687
v -0.337 -83.870 -79.496
v -3.010 -84.995 -82.869
v -1.156 -80.590 -80.246
v -3.646 -71.497 -99.309
v -3.679 -71.749 -99.432
v -3.682 -71.815 -99.571
v -3.663 -71.777 -99.802
v -3.600 -71.417 -99.926
v -3.584 -71.233 -99.679
v -3.594 -71.244 -99.524
v -37.700 -25.283 -64.027
v -37.667 -23.781 -60.252
v -37.237 -24.858 -64.122
v -36.747 -25.545 -65.449
v -35.503 -25.069 -60.525
v -36.269 -27.185 -63.969
v -36.812 -25.031 -59.767
v -35.385 -23.743 -61.398
v -35.728 -27.224 -65.285
v -36.873 -28.095 -65.284
v -37.352 -30.015 -68.685
v -37.796 -27.437 -65.352
v -37.910 -27.452 -66.461
v -37.403 -28.055 -68.598
v -35.829 -28.417 -68.463
v -35.923 -30.392 -69.110
v -35.626 -29.905 -69.610
v -36.488 -31.262 -69.897
v -36.838 -32.717 -72.594
v -36.389 -28.304 -69.215
v -37.034 -31.574 -72.217
v -35.239 -32.343 -71.852
v -34.967 -32.414 -73.379
v -35.738 -33.282 -74.915
v -35.172 -33.430 -75.167
v -34.827 -34.701 -73.977
v -34.952 -35.521 -74.670
v -32.482 -38.559 -79.738
v -34.420 -34.041 -74.042
v -34.806 -36.694 -76.012
v -35.756 -34.747 -75.586
v -31.362 -41.480 -80.631
v -31.993 -39.145 -79.691
v -31.411 -40.730 -80.495
v -31.878 -43.407 -82.427
v -32.665 -41.621 -81.471
v -32.710 -40.913 -81.395
v -31.331 -42.632 -81.267
v -32.160 -41.727 -80.414
v -31.776 -43.294 -81.921
v -32.149 -41.468 -82.111
v -32.077 -40.507 -81.446
v -30.562 -42.749 -82.565
v -30.379 -43.436 -83.437
v -29.984 -44.212 -83.017
v -30.862 -44.944 -84.282
v -28.674 -48.447 -85.847
v -28.214 -48.113 -87.254
v -27.732 -47.912 -86.568
v -28.766 -48.742 -86.574
v -27.497 -48.605 -86.455
v -27.770 -49.041 -86.361
v -28.597 -48.785 -87.254
v -26.365 -52.483 -89.208
v -26.165 -51.208 -89.704
v -26.415 -51.278 -89.913
v -25.770 -51.954 -89.296
v -26.209 -52.106 -88.963
v -25.840 -54.165 -90.702
v -26.966 -51.960 -89.951
v -26.489 -51.939 -90.371
v -25.052 -53.018 -90.730
v -23.558 -56.671 -91.996
v -25.216 -54.760 -91.846
v -23.189 -56.314 -93.266
v -24.259 -54.408 -90.963
v -22.218 -56.868 -93.247
v -21.944 -58.578 -93.007
v -22.900 -58.020 -93.046
v -21.565 -58.050 -93.114
v -22.533 -58.469 -93.798
v -22.350 -58.117 -94.063
v -22.045 -59.560 -93.729
v -20.972 -59.284 -94.451
v -20.944 -59.039 -93.845
v -21.395 -61.061 -93.897
v -21.730 -60.772 -94.407
v -21.273 -61.230 -94.943
v -21.220 -59.990 -94.816
v -20.578 -61.619 -93.951
v -20.465 -61.028 -94.382
v -20.944 -62.088 -93.574
v -21.450 -62.172 -93.933
v -21.307 -62.337 -94.645
v -20.682 -62.281 -94.711
v -20.225 -63.085 -93.889
v -20.358 -61.610 -94.329
v -21.367 -63.522 -92.963
v -20.695 -63.409 -94.111
v -20.251 -64.464 -92.182
v -20.584 -64.876 -91.355
v -21.014 -64.552 -91.476
v -21.660 -66.001 -90.886
v -21.380 -65.259 -92.186
v -20.913 -66.079 -91.856
v -20.546 -66.070 -91.552
v -21.250 -66.129 -90.508
v -20.776 -66.924 -90.375
v -21.733 -67.292 -91.151
v -21.733 -68.759 -89.847
v -21.501 -68.676 -91.109
v -22.021 -68.856 -90.852
v -20.771 -61.001 -94.973
v -21.034 -61.915 -94.895
v -20.166 -61.598 -95.157
v -19.751 -61.973 -94.850
v -20.398 -62.227 -94.491
v -17.422 -64.574 -95.993
v -18.096 -63.806 -96.560
v -18.318 -64.589 -96.191
v -17.950 -64.672 -96.784
v -17.642 -63.920 -96.395
v -17.404 -64.191 -96.138
v -18.131 -64.375 -95.742
v -15.262 -68.002 -97.723
v -14.806 -68.621 -98.289
v -14.577 -67.884 -97.760
v -13.214 -69.770 -98.583
v -14.848 -68.322 -98.552
v -13.667 -69.031 -99.069
v -14.710 -67.451 -98.020
v -12.935 -69.269 -98.576
v -13.114 -69.083 -99.012
v -11.732 -70.805 -99.497
v -11.044 -70.776 -99.876
v -10.683 -70.493 -99.332
v -10.783 -70.443 -99.691
v -10.601 -70.754 -99.203
v -11.447 -70.781 -99.152
v -10.616 -71.029 -99.249
v -10.618 -71.187 -99.497
v -10.113 -71.211 -99.820
v -8.194 -71.022 -100.077
v -8.123 -70.805 -99.881
v -8.044 -70.843 -99.539
v -8.274 -71.343 -99.442
v -6.268 -71.204 -99.488
v -8.205 -71.486 -99.776
v -8.139 -71.292 -100.065
v 1.260 -80.590 -80.246
v 3.783 -71.749 -99.432
v 3.786 -71.815 -99.571
v 3.767 -71.777 -99.802
v 3.704 -71.417 -99.926
v 3.688 -71.233 -99.679
v 3.698 -71.244 -99.524
v 37.804 -25.283 -64.027
v 37.771 -23.781 -60.252
v 37.341 -24.858 -64.121
v 36.852 -25.545 -65.449
v 35.607 -25.069 -60.525
v 36.373 -27.185 -63.969
v 36.576 -25.108 -59.854
v 37.252 -24.787 -59.800
v 35.489 -23.743 -61.398
v 35.832 -27.224 -65.285
v 36.977 -28.095 -65.284
v 37.900 -27.437 -65.352
v 38.014 -27.452 -66.461
v 37.201 -31.549 -70.885
v 37.507 -28.055 -68.598
v 35.933 -28.417 -68.463
v 36.027 -30.392 -69.110
v 35.730 -29.905 -69.610
v 36.592 -31.262 -69.897
v 36.493 -28.304 -69.215
v 37.138 -31.574 -72.217
v 35.343 -32.343 -71.852
v 35.906 -34.938 -74.501
v 35.071 -32.414 -73.379
v 35.905 -33.173 -74.783
v 35.276 -33.430 -75.166
v 34.931 -34.701 -73.977
v 35.056 -35.521 -74.670
v 32.586 -38.559 -79.738
v 34.524 -34.041 -74.042
v 35.860 -34.747 -75.585
v 31.466 -41.480 -80.631
v 33.115 -40.544 -79.558
v 32.097 -39.145 -79.692
v 31.515 -40.730 -80.495
v 31.797 -43.790 -82.731
v 32.769 -41.621 -81.471
v 32.814 -40.913 -81.395
v 32.625 -40.389 -81.304
v 31.435 -42.632 -81.267
v 32.024 -42.387 -80.983
v 32.181 -40.507 -81.446
v 31.310 -44.383 -82.765
v 30.666 -42.749 -82.565
v 30.483 -43.436 -83.437
v 30.712 -44.423 -84.338
v 30.088 -44.212 -83.017
v 30.966 -44.944 -84.282
v 28.156 -48.133 -87.246
v 27.836 -47.912 -86.568
v 27.600 -48.605 -86.455
v 27.874 -49.041 -86.361
v 27.426 -51.184 -88.263
v 28.517 -48.526 -87.405
v 28.701 -49.093 -87.041
v 26.616 -52.202 -88.952
v 26.268 -51.208 -89.704
v 26.519 -51.278 -89.913
v 25.874 -51.954 -89.296
v 26.313 -52.105 -88.963
v 27.070 -52.120 -89.853
v 26.737 -52.331 -90.405
v 26.593 -51.939 -90.371
v 25.156 -53.018 -90.730
v 26.117 -53.975 -90.886
v 25.653 -54.406 -90.665
v 23.755 -56.366 -91.780
v 23.208 -56.282 -93.229
v 24.363 -54.407 -90.963
v 24.286 -55.614 -92.695
v 22.322 -56.868 -93.247
v 22.048 -58.578 -93.007
v 23.004 -58.020 -93.046
v 21.669 -58.050 -93.115
v 22.637 -58.469 -93.798
v 22.454 -58.117 -94.063
v 22.149 -59.560 -93.729
v 21.076 -59.284 -94.451
v 21.048 -59.039 -93.845
v 21.499 -61.061 -93.897
v 21.834 -60.772 -94.407
v 21.377 -61.230 -94.943
v 21.324 -59.990 -94.816
v 20.682 -61.619 -93.951
v 20.569 -61.028 -94.382
v 21.048 -62.088 -93.574
v 21.554 -62.172 -93.933
v 21.411 -62.337 -94.645
v 20.786 -62.281 -94.711
v 20.329 -63.085 -93.888
v 20.462 -61.610 -94.329
v 21.471 -63.522 -92.963
v 20.799 -63.409 -94.111
v 20.355 -64.464 -92.183
v 20.688 -64.876 -91.355
v 21.118 -64.552 -91.476
v 21.764 -66.001 -90.886
v 21.484 -65.259 -92.186
v 21.017 -66.079 -91.856
v 20.650 -66.070 -91.552
v 21.354 -66.129 -90.508
v 20.880 -66.923 -90.376
v 21.837 -67.292 -91.151
v 21.837 -68.759 -89.847
v 21.605 -68.676 -91.109
v 22.125 -68.856 -90.852
v 20.875 -61.001 -94.973
v 21.138 -61.915 -94.895
v 20.270 -61.598 -95.157
v 19.855 -61.973 -94.850
v 20.502 -62.227 -94.491
v 17.526 -64.574 -95.993
v 18.200 -63.806 -96.560
v 18.422 -64.589 -96.191
v 18.054 -64.672 -96.784
v 17.746 -63.920 -96.395
v 17.508 -64.191 -96.138
v 18.320 -64.300 -95.704
v 13.399 -69.716 -98.554
v 15.366 -68.002 -97.723
v 14.910 -68.621 -98.289
v 13.904 -68.579 -98.771
v 14.631 -67.939 -97.791
v 14.948 -68.335 -98.553
v 14.814 -67.451 -98.020
v 13.773 -69.107 -99.092
v 12.812 -69.496 -98.636
v 11.836 -70.805 -99.497
v 11.990 -69.919 -99.020
v 11.094 -70.871 -99.853
v 10.981 -70.543 -99.816
v 10.960 -70.363 -99.475
v 10.694 -70.601 -99.239
v 11.551 -70.781 -99.152
v 10.720 -71.029 -99.249
v 10.722 -71.187 -99.497
v 10.249 -71.201 -99.823
v 8.298 -71.022 -100.076
v 8.243 -70.765 -99.788
v 8.007 -70.993 -99.429
v 8.349 -71.339 -99.446
v 8.324 -71.486 -99.778
v 8.243 -71.292 -100.065
v 5.967 -70.861 -99.885
v 5.643 -71.163 -100.050
v 5.756 -70.917 -99.577
v 5.891 -71.437 -99.621
v 6.007 -71.401 -99.931
v 5.698 -71.209 -99.438
v 3.743 -71.457 -99.308
v 37.459 -22.228 -58.634
v 11.940 -70.391 -98.922
v 11.819 -70.372 -98.948
v 11.621 -70.381 -98.994
v 12.038 -70.521 -99.015
v 11.952 -70.394 -98.925
v 11.892 -70.636 -99.115
v 11.814 -70.671 -99.123
v 12.037 -70.532 -99.033
v 11.442 -70.598 -99.056
v 11.506 -70.474 -99.028
v 11.594 -70.381 -98.999
v 11.550 -70.781 -99.152
v 11.554 -70.780 -99.152
v 11.521 -70.786 -99.154
v 11.444 -70.799 -99.159
v 11.403 -70.673 -99.072
v 11.401 -70.692 -99.084
v 11.420 -70.776 -99.141
v 11.408 -70.757 -99.128
v 2.512 -71.984 -92.783
v 18.150 -54.993 -91.493
v 34.103 -28.392 -65.119
v 28.422 -36.815 -77.332
v 31.319 -31.277 -70.454
v 31.409 -33.803 -73.658
v 33.986 -26.771 -61.948
v 18.146 -53.764 -90.009
v 33.513 -28.612 -64.679
v 27.468 -37.068 -76.949
v 30.737 -33.828 -73.134
v -5.980 -70.906 -99.956
v -5.539 -71.163 -100.050
v -5.804 -71.012 -99.480
v -5.787 -71.437 -99.621
v -5.791 -70.843 -99.732
v -5.903 -71.401 -99.931
v 10.658 -65.592 -97.417
v 5.527 -69.857 -98.262
v 3.450 -70.447 -98.943
v 13.941 -62.676 -97.628
v 14.607 -61.538 -93.939
v 8.366 -71.160 -88.647
v 6.284 -71.073 -92.543
v 15.580 -58.738 -89.407
v 5.876 -72.043 -88.477
v 15.829 -57.424 -83.647
v 17.013 -59.496 -77.772
v 9.675 -69.521 -88.372
v 7.583 -70.738 -87.023
v 21.127 -48.400 -85.771
v 37.502 -48.826 -72.721
v 22.355 -48.319 -83.477
v 20.436 -48.458 -78.002
v 24.512 -42.311 -80.958
v 24.443 -43.204 -77.340
v 22.164 -43.318 -75.070
v 39.349 -46.336 -64.648
v 44.192 -36.931 -46.851
v 38.182 -32.379 -49.858
v 34.699 -31.257 -56.222
v 39.124 -29.016 -47.310
v 40.151 -27.119 -46.281
v 39.219 -21.057 -48.991
v 39.026 -46.830 -63.829
v 32.344 -55.003 -84.414
v 28.243 -60.841 -91.636
v 36.623 -49.800 -75.565
v 36.738 -47.474 -69.854
v 34.022 -53.111 -82.077
v 32.770 -54.603 -80.797
v 32.406 -54.061 -79.955
v 38.518 -47.517 -67.433
v 30.993 -58.076 -82.571
v 35.120 -45.236 -65.347
v 43.658 -29.182 -61.298
v 28.802 -60.528 -88.068
v 26.085 -65.338 -81.883
v 29.693 -59.718 -82.985
v 28.266 -62.361 -79.154
v 27.046 -63.032 -83.642
v -37.355 -22.228 -58.634
v -11.836 -70.391 -98.922
v -11.715 -70.372 -98.948
v -11.517 -70.381 -98.994
v -11.934 -70.521 -99.015
v -11.848 -70.394 -98.925
v -11.788 -70.636 -99.115
v -11.710 -70.671 -99.123
v -11.933 -70.532 -99.033
v -11.338 -70.598 -99.056
v -11.402 -70.474 -99.028
v -11.490 -70.381 -98.999
v -11.446 -70.781 -99.152
v -11.450 -70.780 -99.152
v -11.417 -70.786 -99.154
v -11.340 -70.799 -99.159
v -11.299 -70.673 -99.072
v -11.297 -70.692 -99.084
v -11.316 -70.776 -99.141
v -11.304 -70.757 -99.128
v -2.221 -73.641 -85.647
v -18.042 -54.997 -91.488
v -33.999 -28.392 -65.119
v -28.319 -36.812 -77.324
v -31.215 -31.277 -70.454
v -31.305 -33.803 -73.658
v -33.882 -26.771 -61.948
v -18.041 -53.769 -90.009
v -33.409 -28.612 -64.679
v -27.364 -37.068 -76.949
v -30.633 -33.828 -73.134
v -10.757 -65.431 -97.468
v -1.204 -73.064 -102.440
v -5.439 -69.842 -98.240
v -3.346 -70.447 -98.943
v -13.839 -62.674 -97.633
v 25.254 -65.769 -78.228
v 25.863 -64.975 -78.378
v 26.354 -64.587 -81.712
v 26.000 -64.243 -84.599
v 31.147 -55.543 -75.697
v 32.468 -48.848 -70.507
v -13.276 -63.070 -91.921
v -15.725 -57.424 -83.647
v -37.398 -48.826 -72.721
v -22.251 -48.319 -83.477
v -19.384 -49.513 -78.891
v -24.408 -42.311 -80.958
v -24.339 -43.204 -77.340
v -39.245 -46.336 -64.648
v -44.088 -36.931 -46.850
v -38.078 -32.379 -49.858
v -34.595 -31.257 -56.222
v -39.020 -29.016 -47.310
v -40.047 -27.118 -46.281
v -39.115 -21.057 -48.991
v -38.922 -46.830 -63.829
v -32.240 -55.003 -84.414
v -28.139 -60.841 -91.636
v -36.519 -49.800 -75.565
v -36.634 -47.474 -69.854
v -33.918 -53.112 -82.077
v -32.666 -54.603 -80.797
v -32.302 -54.061 -79.955
v -38.414 -47.517 -67.433
v -30.889 -58.076 -82.571
v -35.016 -45.236 -65.348
v -43.554 -29.182 -61.297
v -28.698 -60.528 -88.068
v -25.981 -65.338 -81.883
v -29.589 -59.718 -82.985
v -28.162 -62.361 -79.154
v -26.942 -63.032 -83.642
v 22.366 -51.744 -74.667
v 20.150 -49.544 -75.542
v 20.549 -50.137 -75.831
v -25.150 -65.769 -78.228
v -25.759 -64.975 -78.378
v -26.250 -64.587 -81.712
v -25.896 -64.243 -84.599
v -31.043 -55.543 -75.697
v -32.364 -48.848 -70.507
v -22.277 -51.746 -74.665
v -20.101 -49.593 -75.481
v -20.445 -50.137 -75.831
v -21.477 -52.048 -74.865
v 16.939 -61.547 -78.076
v 15.341 -59.773 -83.340
v 15.910 -60.497 -82.303
v 15.465 -66.217 -78.886
v 19.702 -51.832 -86.403
v 18.688 -53.436 -83.572
v 5.950 -72.697 -89.975
v 15.005 -60.595 -84.347
v 16.649 -57.018 -85.755
v 10.613 -68.870 -83.439
f 1 3 4
f 1 4 6
f 5 7 8
f 1 6 5
f 4 10 9
f 5 6 7
f 6 4 9
f 9 11 6
f 7 6 11
f 7 11 12
f 7 12 13
f 14 12 11
f 11 9 15
f 16 17 3
f 1 2 3
f 3 17 4
f 18 2 1
f 5 18 1
f 20 18 5
f 4 17 21
f 5 8 20
f 4 21 10
f 21 22 10
f 7 13 8
f 13 12 23
f 15 14 11
f 10 15 9
f 10 24 15
f 15 25 14
f 16 26 47
f 26 19 28
f 3 26 16
f 18 29 30
f 30 19 18
f 20 8 31
f 22 21 32
f 13 31 8
f 24 10 22
f 24 22 33
f 12 14 23
f 13 23 34
f 23 14 35
f 14 25 35
f 15 24 25
f 36 25 24
f 37 39 40
f 43 41 40
f 38 39 37
f 38 44 39
f 44 38 42
f 40 39 45
f 39 44 45
f 44 42 27
f 44 27 45
f 46 45 47
f 48 46 47
f 45 27 47
f 47 26 48
f 47 27 16
f 26 28 48
f 60 50 27
f 17 50 21
f 29 18 20
f 20 31 29
f 13 34 31
f 51 31 34
f 34 52 51
f 53 24 33
f 34 23 35
f 35 52 34
f 35 36 54
f 35 54 52
f 35 25 36
f 24 53 36
f 55 37 41
f 55 56 37
f 37 56 38
f 68 41 43
f 41 37 40
f 57 38 56
f 57 42 38
f 42 57 59
f 40 58 43
f 40 46 58
f 46 40 45
f 59 60 42
f 60 27 42
f 28 61 48
f 61 19 62
f 19 61 28
f 50 60 49
f 30 62 19
f 63 50 49
f 29 64 30
f 64 29 65
f 50 32 21
f 32 50 63
f 29 31 65
f 63 22 32
f 33 22 63
f 53 66 36
f 54 36 66
f 41 67 55
f 68 69 41
f 69 67 41
f 67 56 55
f 69 70 67
f 70 71 67
f 71 56 67
f 68 72 69
f 56 71 57
f 73 57 71
f 73 71 74
f 72 68 75
f 73 76 57
f 75 68 58
f 68 43 58
f 75 58 77
f 76 59 57
f 46 48 61
f 77 58 61
f 61 58 46
f 77 61 62
f 60 59 78
f 30 79 62
f 64 65 80
f 51 65 31
f 51 80 65
f 81 63 49
f 80 51 52
f 63 53 33
f 63 82 53
f 52 84 80
f 66 82 83
f 82 66 53
f 52 54 84
f 54 66 84
f 84 66 85
f 74 71 70
f 72 86 69
f 86 70 69
f 86 74 70
f 87 74 86
f 75 86 72
f 86 88 87
f 73 74 89
f 86 75 88
f 79 77 62
f 49 60 78
f 78 81 49
f 30 64 79
f 79 64 90
f 90 64 91
f 64 80 91
f 81 82 63
f 80 83 93
f 80 85 83
f 85 80 84
f 83 85 66
f 87 89 74
f 75 77 88
f 89 76 73
f 94 88 77
f 76 78 59
f 78 76 95
f 79 94 77
f 79 97 94
f 81 78 96
f 97 79 90
f 91 93 98
f 91 80 93
f 92 82 81
f 83 99 93
f 92 83 82
f 87 100 89
f 94 101 88
f 95 89 100
f 95 76 89
f 78 95 96
f 92 81 96
f 97 90 98
f 98 99 96
f 96 99 92
f 87 88 101
f 87 101 100
f 100 101 102
f 100 102 95
f 97 101 94
f 101 97 102
f 102 96 95
f 97 98 102
f 102 98 96
f 17 16 27
f 98 93 99
f 92 99 83
f 98 90 91
f 2 18 19
f 3 2 26
f 19 26 2
f 17 27 50
f 103 105 106
f 103 106 108
f 107 109 110
f 103 108 107
f 106 112 111
f 107 108 109
f 108 106 111
f 111 113 108
f 109 108 113
f 109 113 114
f 109 114 115
f 116 114 113
f 113 111 117
f 118 119 105
f 103 104 105
f 105 119 106
f 120 104 103
f 107 120 103
f 122 120 107
f 106 119 123
f 107 110 122
f 106 123 112
f 123 124 112
f 109 115 110
f 115 114 125
f 117 116 113
f 112 117 111
f 112 126 117
f 117 127 116
f 118 128 149
f 128 121 130
f 105 128 118
f 120 131 132
f 132 121 120
f 122 110 133
f 124 123 134
f 115 133 110
f 126 112 124
f 126 124 135
f 114 116 125
f 115 125 136
f 125 116 137
f 116 127 137
f 117 126 127
f 138 127 126
f 139 141 142
f 145 143 142
f 140 141 139
f 140 146 141
f 146 140 144
f 142 141 147
f 141 146 147
f 146 144 129
f 146 129 147
f 148 147 149
f 150 148 149
f 147 129 149
f 149 128 150
f 149 129 118
f 128 130 150
f 162 152 129
f 119 152 123
f 131 120 122
f 122 133 131
f 115 136 133
f 153 133 136
f 136 154 153
f 155 126 135
f 136 125 137
f 137 154 136
f 137 138 156
f 137 156 154
f 137 127 138
f 126 155 138
f 157 139 143
f 157 158 139
f 139 158 140
f 170 143 145
f 143 139 142
f 159 140 158
f 159 144 140
f 144 159 161
f 142 160 145
f 142 148 160
f 148 142 147
f 161 162 144
f 162 129 144
f 130 163 150
f 163 121 164
f 121 163 130
f 152 162 151
f 132 164 121
f 165 152 151
f 131 166 132
f 166 131 167
f 152 134 123
f 134 152 165
f 131 133 167
f 165 124 134
f 135 124 165
f 155 168 138
f 156 138 168
f 143 169 157
f 170 171 143
f 171 169 143
f 169 158 157
f 171 172 169
f 172 173 169
f 173 158 169
f 170 174 171
f 158 173 159
f 175 159 173
f 175 173 176
f 174 170 177
f 175 178 159
f 177 170 160
f 170 145 160
f 177 160 179
f 178 161 159
f 148 150 163
f 179 160 163
f 163 160 148
f 179 163 164
f 162 161 180
f 132 181 164
f 166 167 182
f 153 167 133
f 153 182 167
f 183 165 151
f 182 153 154
f 165 155 135
f 165 184 155
f 154 186 182
f 168 184 185
f 184 168 155
f 154 156 186
f 156 168 186
f 186 168 187
f 176 173 172
f 174 188 171
f 188 172 171
f 188 176 172
f 189 176 188
f 177 188 174
f 188 190 189
f 175 176 191
f 188 177 190
f 181 179 164
f 151 162 180
f 180 183 151
f 132 166 181
f 181 166 192
f 192 166 193
f 166 182 193
f 183 184 165
f 182 185 195
f 182 187 185
f 187 182 186
f 185 187 168
f 189 191 176
f 177 179 190
f 191 178 175
f 196 190 179
f 178 180 161
f 180 178 197
f 181 196 179
f 181 199 196
f 183 180 198
f 199 181 192
f 193 195 200
f 193 182 195
f 194 184 183
f 185 201 195
f 194 185 184
f 189 202 191
f 196 203 190
f 197 191 202
f 197 178 191
f 180 197 198
f 194 183 198
f 199 192 200
f 200 201 198
f 198 201 194
f 189 190 203
f 189 203 202
f 202 203 204
f 202 204 197
f 199 203 196
f 203 199 204
f 204 198 197
f 199 200 204
f 204 200 198
f 119 118 129
f 200 195 201
f 194 201 185
f 200 192 193
f 104 120 121
f 105 104 128
f 121 128 104
f 119 129 152
f 205 206 207
f 208 207 206
f 212 210 213
f 210 211 213
f 214 213 211
f 215 213 208
f 213 216 208
f 216 213 214
f 212 213 215
f 208 206 215
f 215 206 205
f 217 215 205
f 218 217 205
f 218 205 207
f 207 208 209
f 220 208 219
f 209 208 220
f 207 221 218
f 209 222 207
f 207 222 221
f 223 221 222
f 209 220 222
f 220 225 222
f 223 222 226
f 226 228 223
f 226 229 228
f 226 230 227
f 226 227 229
f 231 210 232
f 210 231 211
f 231 234 211
f 233 231 232
f 234 231 233
f 232 210 212
f 234 214 211
f 212 215 235
f 236 212 235
f 232 212 236
f 214 234 238
f 238 237 214
f 214 237 216
f 208 216 219
f 237 219 216
f 219 240 220
f 218 241 217
f 220 240 242
f 242 243 220
f 221 224 218
f 220 243 225
f 225 243 244
f 230 222 225
f 225 244 230
f 230 245 246
f 227 230 246
f 248 228 229
f 227 249 229
f 227 246 249
f 250 234 233
f 232 236 233
f 250 238 234
f 219 237 239
f 251 219 239
f 240 251 252
f 240 252 253
f 253 242 240
f 253 255 242
f 243 242 255
f 259 243 255
f 259 255 257
f 241 218 224
f 244 243 259
f 228 224 223
f 244 271 230
f 260 230 271
f 230 260 245
f 228 248 247
f 261 246 245
f 260 261 245
f 248 229 249
f 249 246 263
f 233 236 250
f 265 236 235
f 267 265 235
f 266 237 238
f 239 237 266
f 215 217 256
f 266 251 239
f 268 254 253
f 252 251 270
f 252 268 253
f 240 219 251
f 254 255 253
f 217 241 256
f 258 241 224
f 272 258 224
f 228 272 224
f 272 228 273
f 271 274 260
f 247 275 273
f 228 247 273
f 247 248 262
f 276 247 262
f 248 249 277
f 249 263 277
f 263 246 261
f 279 278 282
f 278 280 282
f 282 281 279
f 281 282 283
f 285 280 278
f 279 286 278
f 236 265 250
f 250 265 284
f 264 238 250
f 279 281 286
f 268 286 281
f 278 286 285
f 281 283 254
f 286 270 287
f 281 254 268
f 256 235 215
f 286 268 252
f 286 252 270
f 283 288 254
f 266 269 251
f 269 270 251
f 254 288 255
f 289 256 241
f 288 257 255
f 241 258 289
f 291 289 258
f 272 291 258
f 292 274 271
f 273 291 272
f 273 275 293
f 275 294 293
f 295 260 274
f 247 276 275
f 276 262 277
f 248 277 262
f 296 277 263
f 263 261 296
f 297 261 260
f 277 296 298
f 297 296 261
f 300 299 280
f 280 301 302
f 299 301 280
f 280 302 282
f 282 302 303
f 303 283 282
f 264 250 284
f 285 304 280
f 306 238 264
f 238 306 266
f 286 287 285
f 285 287 304
f 256 267 235
f 307 269 266
f 308 270 269
f 257 288 290
f 289 291 310
f 293 291 273
f 293 310 291
f 310 293 311
f 311 293 294
f 312 274 292
f 294 275 311
f 276 311 275
f 312 295 274
f 277 313 276
f 297 260 295
f 277 298 313
f 314 296 297
f 298 296 314
f 301 303 302
f 301 315 303
f 300 280 304
f 306 264 284
f 284 265 305
f 305 306 284
f 316 265 267
f 317 265 316
f 265 317 305
f 266 318 307
f 256 309 267
f 308 269 307
f 270 308 287
f 287 308 319
f 320 309 256
f 320 256 289
f 320 289 310
f 290 321 257
f 310 311 323
f 292 322 312
f 324 313 298
f 314 297 295
f 301 299 326
f 301 326 315
f 303 315 327
f 299 300 326
f 328 300 304
f 327 283 303
f 329 306 305
f 318 266 306
f 319 304 287
f 283 327 288
f 309 316 267
f 318 330 307
f 330 308 307
f 308 330 319
f 320 310 332
f 292 257 321
f 333 292 321
f 292 333 322
f 310 323 334
f 323 311 335
f 276 335 311
f 313 335 276
f 337 335 313
f 338 295 312
f 338 325 295
f 314 295 325
f 328 304 319
f 326 300 328
f 326 328 339
f 315 326 327
f 305 317 329
f 318 306 329
f 345 330 318
f 330 345 340
f 330 340 319
f 331 316 309
f 290 288 327
f 341 290 327
f 331 320 332
f 290 341 321
f 334 342 310
f 335 334 323
f 334 335 336
f 336 335 337
f 324 337 313
f 343 338 322
f 338 343 325
f 344 324 298
f 314 344 298
f 344 314 325
f 340 328 319
f 327 326 339
f 317 345 329
f 329 345 318
f 346 345 317
f 346 317 316
f 332 349 331
f 341 350 321
f 310 342 332
f 342 334 351
f 338 312 322
f 336 351 334
f 352 351 336
f 352 336 353
f 336 337 353
f 337 324 354
f 344 355 324
f 325 343 366
f 366 344 325
f 339 328 340
f 339 345 346
f 339 340 345
f 327 339 347
f 346 356 339
f 341 327 347
f 331 348 316
f 346 316 357
f 316 348 358
f 316 358 357
f 359 341 347
f 331 349 348
f 341 359 350
f 332 342 360
f 350 333 321
f 361 342 351
f 360 342 361
f 361 351 363
f 353 337 364
f 364 337 354
f 352 363 351
f 324 365 354
f 355 365 324
f 344 366 355
f 339 356 359
f 346 357 356
f 359 347 339
f 356 357 367
f 356 367 359
f 359 367 368
f 368 350 359
f 358 348 376
f 333 350 368
f 370 333 368
f 369 349 332
f 360 369 332
f 370 322 333
f 371 353 364
f 371 364 372
f 364 373 372
f 362 343 322
f 374 363 352
f 371 352 353
f 354 373 364
f 354 365 373
f 365 355 366
f 366 343 375
f 357 368 367
f 349 376 348
f 376 349 369
f 357 358 376
f 378 357 376
f 369 360 377
f 376 369 377
f 361 377 360
f 374 377 361
f 374 361 363
f 379 374 371
f 362 322 370
f 371 374 352
f 380 343 362
f 380 375 343
f 365 366 381
f 384 365 381
f 381 366 375
f 378 368 357
f 378 376 382
f 376 377 382
f 368 378 370
f 377 379 382
f 378 382 370
f 377 374 379
f 382 383 380
f 372 379 371
f 372 373 384
f 372 384 379
f 379 384 382
f 383 382 384
f 382 380 370
f 370 380 362
f 384 373 365
f 384 381 383
f 375 380 381
f 381 380 383
f 385 386 387
f 386 388 387
f 390 387 389
f 392 391 393
f 392 393 388
f 386 392 388
f 393 394 388
f 395 386 385
f 396 389 388
f 397 385 387
f 387 388 389
f 399 396 398
f 389 396 399
f 387 390 397
f 389 403 390
f 397 390 402
f 389 399 403
f 399 400 403
f 401 402 390
f 390 403 401
f 403 405 401
f 403 406 404
f 407 391 392
f 393 391 407
f 408 407 392
f 408 392 386
f 409 394 393
f 394 410 388
f 410 396 388
f 398 411 399
f 397 412 385
f 399 413 400
f 399 411 413
f 413 414 400
f 403 400 414
f 414 406 403
f 405 415 401
f 406 414 416
f 415 405 417
f 416 404 406
f 403 404 405
f 408 419 407
f 407 409 393
f 386 420 408
f 394 409 410
f 395 385 421
f 398 396 410
f 422 398 410
f 411 424 423
f 411 423 425
f 421 385 412
f 425 413 411
f 425 427 413
f 414 413 427
f 414 427 428
f 415 402 401
f 414 429 416
f 405 418 417
f 430 404 416
f 404 418 405
f 404 430 418
f 419 409 407
f 419 408 420
f 419 432 409
f 433 420 386
f 435 433 386
f 434 410 409
f 386 395 435
f 434 422 410
f 436 437 422
f 423 424 438
f 423 448 425
f 398 422 437
f 411 398 437
f 437 424 411
f 426 427 425
f 412 397 402
f 415 412 402
f 414 428 429
f 417 441 415
f 417 418 431
f 416 443 430
f 416 429 443
f 420 432 419
f 445 448 444
f 445 446 448
f 444 448 447
f 448 438 449
f 448 426 425
f 446 426 448
f 426 446 450
f 421 435 395
f 448 423 438
f 434 436 422
f 451 437 436
f 426 450 427
f 439 421 412
f 450 428 427
f 452 440 428
f 439 412 415
f 415 453 439
f 440 429 428
f 453 415 454
f 440 442 429
f 415 441 454
f 442 443 429
f 417 431 441
f 418 456 431
f 458 457 444
f 444 457 459
f 444 459 445
f 445 459 446
f 446 459 470
f 470 460 446
f 447 458 444
f 433 461 420
f 420 461 462
f 409 432 434
f 448 449 447
f 447 449 458
f 463 436 434
f 424 437 451
f 465 438 424
f 451 465 424
f 467 421 439
f 428 450 452
f 455 454 441
f 431 455 441
f 455 431 468
f 468 431 456
f 418 430 469
f 469 456 418
f 430 443 469
f 470 459 457
f 460 450 446
f 462 432 420
f 471 433 435
f 433 471 461
f 434 462 463
f 421 466 435
f 465 451 464
f 463 472 436
f 451 436 472
f 472 464 451
f 438 465 449
f 466 421 467
f 467 439 453
f 452 473 440
f 440 473 442
f 453 454 474
f 443 442 477
f 476 456 469
f 443 477 469
f 470 457 478
f 460 470 478
f 457 458 478
f 480 458 481
f 479 450 460
f 482 462 461
f 462 434 432
f 481 458 449
f 449 465 481
f 466 471 435
f 465 464 481
f 467 453 474
f 474 454 455
f 475 442 473
f 473 483 475
f 468 484 455
f 474 455 484
f 477 442 485
f 478 458 480
f 478 480 486
f 460 478 487
f 486 487 478
f 460 487 479
f 461 471 482
f 463 462 482
f 471 489 482
f 489 463 482
f 464 472 463
f 464 492 488
f 464 488 481
f 452 450 479
f 490 452 479
f 466 467 474
f 491 474 484
f 476 468 456
f 476 484 468
f 485 442 475
f 485 476 469
f 477 485 469
f 488 480 481
f 489 464 463
f 489 492 464
f 492 489 471
f 479 487 490
f 490 473 452
f 466 496 494
f 466 474 496
f 491 484 497
f 486 480 488
f 486 488 498
f 486 498 490
f 487 486 490
f 471 493 492
f 466 493 471
f 492 493 499
f 494 493 466
f 490 495 473
f 496 500 494
f 495 483 473
f 491 496 474
f 501 484 476
f 497 484 501
f 503 476 504
f 475 476 485
f 476 475 504
f 488 492 498
f 492 499 498
f 505 490 498
f 498 499 506
f 498 506 505
f 506 495 505
f 493 494 500
f 493 500 507
f 490 505 495
f 483 495 506
f 508 483 506
f 491 500 496
f 500 491 502
f 509 497 501
f 483 508 475
f 475 508 504
f 502 491 497
f 476 503 501
f 493 507 510
f 510 499 493
f 508 506 511
f 500 502 507
f 507 502 509
f 497 509 502
f 510 507 509
f 510 511 499
f 506 499 511
f 510 509 501
f 501 503 511
f 503 504 511
f 504 508 511
f 511 510 501
f 514 513 512
f 517 516 515
f 516 512 513
f 512 516 517
f 519 512 517
f 520 521 513
f 519 514 512
f 522 513 514
f 520 513 522
f 523 514 524
f 514 523 522
f 523 526 525
f 515 516 527
f 515 528 517
f 528 519 517
f 528 529 519
f 513 521 516
f 530 520 522
f 522 531 530
f 514 519 524
f 523 532 522
f 537 531 532
f 531 522 532
f 525 532 523
f 533 523 524
f 533 526 523
f 526 534 525
f 541 515 527
f 516 521 527
f 535 530 531
f 535 531 536
f 519 529 550
f 551 537 532
f 525 534 532
f 534 539 538
f 532 534 538
f 534 526 539
f 528 515 540
f 515 541 540
f 541 527 521
f 528 542 529
f 543 521 544
f 545 536 546
f 535 536 545
f 520 544 521
f 530 544 520
f 544 530 535
f 547 531 548
f 548 531 537
f 549 548 537
f 550 524 519
f 533 524 550
f 526 533 552
f 552 553 526
f 539 526 553
f 555 554 547
f 554 546 547
f 540 542 528
f 521 556 541
f 531 547 536
f 536 547 546
f 557 544 535
f 557 535 545
f 549 537 551
f 533 558 552
f 551 532 538
f 547 560 555
f 554 561 546
f 556 521 543
f 561 562 546
f 562 545 546
f 563 544 557
f 543 544 563
f 545 562 557
f 564 529 542
f 550 564 533
f 558 533 564
f 551 538 566
f 558 565 552
f 553 552 565
f 565 559 553
f 553 559 539
f 539 566 538
f 539 567 566
f 518 561 555
f 555 560 518
f 561 554 555
f 560 547 569
f 569 547 548
f 570 542 540
f 571 570 540
f 564 550 529
f 549 551 572
f 564 565 558
f 567 539 559
f 560 569 568
f 574 540 556
f 571 540 574
f 556 540 541
f 563 556 543
f 576 557 562
f 562 575 576
f 557 576 563
f 542 570 564
f 573 572 551
f 559 565 577
f 578 559 577
f 560 561 518
f 560 579 561
f 579 560 568
f 562 561 575
f 563 574 556
f 569 548 549
f 586 569 549
f 586 549 572
f 581 582 565
f 582 577 565
f 583 567 578
f 559 578 567
f 571 574 584
f 584 563 576
f 574 563 584
f 584 570 571
f 576 575 579
f 569 586 568
f 564 570 580
f 564 580 581
f 581 565 564
f 551 566 567
f 551 567 573
f 577 583 578
f 567 583 589
f 561 579 575
f 568 586 579
f 580 570 584
f 576 587 584
f 584 588 580
f 584 587 588
f 580 582 581
f 589 573 567
f 590 583 577
f 587 576 579
f 591 587 579
f 591 579 586
f 587 591 592
f 586 592 591
f 592 586 572
f 573 592 572
f 593 592 573
f 573 589 593
f 580 585 582
f 580 588 585
f 590 577 585
f 593 588 587
f 593 587 592
f 588 590 585
f 588 593 590
f 589 583 593
f 585 577 582
f 593 583 590
f 222 230 226
f 271 244 259
f 257 292 271
f 257 271 259
f 320 331 309
f 223 224 221
f 594 595 596
f 597 596 595
f 601 599 602
f 599 600 602
f 603 602 600
f 604 602 597
f 602 605 597
f 605 602 603
f 601 602 604
f 597 595 604
f 604 595 594
f 606 604 594
f 607 606 594
f 607 594 596
f 596 597 598
f 609 597 608
f 598 597 609
f 596 610 607
f 598 611 596
f 596 611 610
f 612 610 611
f 598 609 611
f 609 614 611
f 612 611 615
f 615 617 612
f 615 618 617
f 615 619 616
f 615 616 618
f 620 599 621
f 599 620 600
f 620 623 600
f 622 620 621
f 623 620 622
f 621 599 601
f 623 603 600
f 601 604 624
f 625 601 624
f 621 601 625
f 603 623 627
f 627 626 603
f 603 626 605
f 597 605 608
f 626 608 605
f 608 629 609
f 607 630 606
f 609 629 631
f 631 632 609
f 610 613 607
f 609 632 614
f 614 632 633
f 619 611 614
f 614 633 619
f 619 634 635
f 616 619 635
f 637 617 618
f 616 638 618
f 616 635 638
f 639 623 622
f 621 625 622
f 639 627 623
f 608 626 628
f 640 608 628
f 629 640 641
f 629 641 642
f 642 631 629
f 642 644 631
f 632 631 644
f 648 632 644
f 648 644 646
f 630 607 613
f 633 632 648
f 617 613 612
f 633 660 619
f 649 619 660
f 619 649 634
f 617 637 636
f 650 635 634
f 649 650 634
f 637 618 638
f 638 635 652
f 622 625 639
f 654 625 624
f 656 654 624
f 655 626 627
f 628 626 655
f 604 606 645
f 655 640 628
f 657 643 642
f 641 640 659
f 641 657 642
f 629 608 640
f 643 644 642
f 606 630 645
f 647 630 613
f 661 647 613
f 617 661 613
f 661 617 662
f 660 663 649
f 636 664 662
f 617 636 662
f 636 637 651
f 665 636 651
f 637 638 666
f 638 652 666
f 652 635 650
f 668 667 671
f 667 669 671
f 671 670 668
f 670 671 672
f 674 669 667
f 668 675 667
f 625 654 639
f 639 654 673
f 653 627 639
f 668 670 675
f 657 675 670
f 667 675 674
f 670 672 643
f 675 659 676
f 670 643 657
f 645 624 604
f 675 657 641
f 675 641 659
f 672 677 643
f 655 658 640
f 658 659 640
f 643 677 644
f 678 645 630
f 677 646 644
f 630 647 678
f 680 678 647
f 661 680 647
f 681 663 660
f 662 680 661
f 662 664 682
f 664 683 682
f 684 649 663
f 636 665 664
f 665 651 666
f 637 666 651
f 685 666 652
f 652 650 685
f 686 650 649
f 666 685 687
f 686 685 650
f 689 688 669
f 669 690 691
f 688 690 669
f 669 691 671
f 671 691 692
f 692 672 671
f 653 639 673
f 674 693 669
f 695 627 653
f 627 695 655
f 675 676 674
f 674 676 693
f 645 656 624
f 696 658 655
f 697 659 658
f 646 677 679
f 678 680 699
f 682 680 662
f 682 699 680
f 699 682 700
f 700 682 683
f 701 663 681
f 683 664 700
f 665 700 664
f 701 684 663
f 666 702 665
f 686 649 684
f 666 687 702
f 703 685 686
f 687 685 703
f 690 692 691
f 690 704 692
f 689 669 693
f 695 653 673
f 673 654 694
f 694 695 673
f 705 654 656
f 706 654 705
f 654 706 694
f 655 707 696
f 645 698 656
f 697 658 696
f 659 697 676
f 676 697 708
f 709 698 645
f 709 645 678
f 709 678 699
f 679 710 646
f 699 700 712
f 681 711 701
f 713 702 687
f 703 686 684
f 690 688 715
f 690 715 704
f 692 704 716
f 688 689 715
f 717 689 693
f 716 672 692
f 718 695 694
f 707 655 695
f 708 693 676
f 672 716 677
f 698 705 656
f 707 719 696
f 719 697 696
f 697 719 708
f 709 699 721
f 681 646 710
f 722 681 710
f 681 722 711
f 699 712 723
f 712 700 724
f 665 724 700
f 702 724 665
f 726 724 702
f 727 684 701
f 727 714 684
f 703 684 714
f 717 693 708
f 715 689 717
f 715 717 728
f 704 715 716
f 694 706 718
f 707 695 718
f 734 719 707
f 719 734 729
f 719 729 708
f 720 705 698
f 679 677 716
f 730 679 716
f 720 709 721
f 679 730 710
f 723 731 699
f 724 723 712
f 723 724 725
f 725 724 726
f 713 726 702
f 732 727 711
f 727 732 714
f 733 713 687
f 703 733 687
f 733 703 714
f 729 717 708
f 716 715 728
f 706 734 718
f 718 734 707
f 735 734 706
f 735 706 705
f 721 738 720
f 730 739 710
f 699 731 721
f 731 723 740
f 727 701 711
f 725 740 723
f 741 740 725
f 741 725 742
f 725 726 742
f 726 713 743
f 733 744 713
f 714 732 755
f 755 733 714
f 728 717 729
f 728 734 735
f 728 729 734
f 716 728 736
f 735 745 728
f 730 716 736
f 720 737 705
f 735 705 746
f 705 737 747
f 705 747 746
f 748 730 736
f 720 738 737
f 730 748 739
f 721 731 749
f 739 722 710
f 750 731 740
f 749 731 750
f 750 740 752
f 742 726 753
f 753 726 743
f 741 752 740
f 713 754 743
f 744 754 713
f 733 755 744
f 728 745 748
f 735 746 745
f 748 736 728
f 745 746 756
f 745 756 748
f 748 756 757
f 757 739 748
f 747 737 765
f 722 739 757
f 759 722 757
f 758 738 721
f 749 758 721
f 759 711 722
f 760 742 753
f 760 753 761
f 753 762 761
f 751 732 711
f 763 752 741
f 760 741 742
f 743 762 753
f 743 754 762
f 754 744 755
f 755 732 764
f 746 757 756
f 738 765 737
f 765 738 758
f 746 747 765
f 767 746 765
f 758 749 766
f 765 758 766
f 750 766 749
f 763 766 750
f 763 750 752
f 768 763 760
f 751 711 759
f 760 763 741
f 769 732 751
f 769 764 732
f 754 755 770
f 773 754 770
f 770 755 764
f 767 757 746
f 767 765 771
f 765 766 771
f 757 767 759
f 766 768 771
f 767 771 759
f 766 763 768
f 771 772 769
f 761 768 760
f 761 762 773
f 761 773 768
f 768 773 771
f 772 771 773
f 771 769 759
f 759 769 751
f 773 762 754
f 773 770 772
f 764 769 770
f 770 769 772
f 774 775 776
f 775 777 776
f 779 776 778
f 781 780 782
f 781 782 777
f 775 781 777
f 782 783 777
f 784 775 774
f 785 778 777
f 786 774 776
f 776 777 778
f 788 785 787
f 778 785 788
f 776 779 786
f 778 792 779
f 786 779 791
f 778 788 792
f 788 789 792
f 790 791 779
f 779 792 790
f 792 794 790
f 792 795 793
f 796 780 781
f 782 780 796
f 797 796 781
f 797 781 775
f 798 783 782
f 783 799 777
f 799 785 777
f 787 800 788
f 786 801 774
f 788 802 789
f 788 800 802
f 802 803 789
f 792 789 803
f 803 795 792
f 794 804 790
f 795 803 805
f 804 794 806
f 805 793 795
f 792 793 794
f 797 808 796
f 796 798 782
f 775 809 797
f 783 798 799
f 784 774 810
f 787 785 799
f 811 787 799
f 800 813 812
f 800 812 814
f 810 774 801
f 814 802 800
f 814 816 802
f 803 802 816
f 803 816 817
f 804 791 790
f 803 818 805
f 794 807 806
f 819 793 805
f 793 807 794
f 793 819 807
f 808 798 796
f 808 797 809
f 808 821 798
f 822 809 775
f 824 822 775
f 823 799 798
f 775 784 824
f 823 811 799
f 825 826 811
f 812 813 827
f 812 837 814
f 787 811 826
f 800 787 826
f 826 813 800
f 815 816 814
f 801 786 791
f 804 801 791
f 803 817 818
f 806 830 804
f 806 807 820
f 805 832 819
f 805 818 832
f 809 821 808
f 834 837 833
f 834 835 837
f 833 837 836
f 837 827 838
f 837 815 814
f 835 815 837
f 815 835 839
f 810 824 784
f 837 812 827
f 823 825 811
f 840 826 825
f 815 839 816
f 828 810 801
f 839 817 816
f 841 829 817
f 828 801 804
f 804 842 828
f 829 818 817
f 842 804 843
f 829 831 818
f 804 830 843
f 831 832 818
f 806 820 830
f 807 845 820
f 847 846 833
f 833 846 848
f 833 848 834
f 834 848 835
f 835 848 859
f 859 849 835
f 836 847 833
f 822 850 809
f 809 850 851
f 798 821 823
f 837 838 836
f 836 838 847
f 852 825 823
f 813 826 840
f 854 827 813
f 840 854 813
f 856 810 828
f 817 839 841
f 844 843 830
f 820 844 830
f 844 820 857
f 857 820 845
f 807 819 858
f 858 845 807
f 819 832 858
f 859 848 846
f 849 839 835
f 851 821 809
f 860 822 824
f 822 860 850
f 823 851 852
f 810 855 824
f 854 840 853
f 852 861 825
f 840 825 861
f 861 853 840
f 827 854 838
f 855 810 856
f 856 828 842
f 841 862 829
f 829 862 831
f 842 843 863
f 832 831 866
f 865 845 858
f 832 866 858
f 859 846 867
f 849 859 867
f 846 847 867
f 869 847 870
f 868 839 849
f 871 851 850
f 851 823 821
f 870 847 838
f 838 854 870
f 855 860 824
f 854 853 870
f 856 842 863
f 863 843 844
f 864 831 862
f 862 872 864
f 857 873 844
f 863 844 873
f 866 831 874
f 867 847 869
f 867 869 875
f 849 867 876
f 875 876 867
f 849 876 868
f 850 860 871
f 852 851 871
f 860 878 871
f 878 852 871
f 853 861 852
f 853 881 877
f 853 877 870
f 841 839 868
f 879 841 868
f 855 856 863
f 880 863 873
f 865 857 845
f 865 873 857
f 874 831 864
f 874 865 858
f 866 874 858
f 877 869 870
f 878 853 852
f 878 881 853
f 881 878 860
f 868 876 879
f 879 862 841
f 855 885 883
f 855 863 885
f 880 873 886
f 875 869 877
f 875 877 887
f 875 887 879
f 876 875 879
f 860 882 881
f 855 882 860
f 881 882 888
f 883 882 855
f 879 884 862
f 885 889 883
f 884 872 862
f 880 885 863
f 890 873 865
f 886 873 890
f 892 865 893
f 864 865 874
f 865 864 893
f 877 881 887
f 881 888 887
f 894 879 887
f 887 888 895
f 887 895 894
f 895 884 894
f 882 883 889
f 882 889 896
f 879 894 884
f 872 884 895
f 897 872 895
f 880 889 885
f 889 880 891
f 898 886 890
f 872 897 864
f 864 897 893
f 891 880 886
f 865 892 890
f 882 896 899
f 899 888 882
f 897 895 900
f 889 891 896
f 896 891 898
f 886 898 891
f 899 896 898
f 899 900 888
f 895 888 900
f 899 898 890
f 890 892 900
f 892 893 900
f 893 897 900
f 900 899 890
f 903 902 901
f 906 905 904
f 905 901 902
f 901 905 906
f 908 901 906
f 909 910 902
f 908 903 901
f 911 902 903
f 909 902 911
f 912 903 913
f 903 912 911
f 912 915 914
f 904 905 916
f 904 917 906
f 917 908 906
f 917 918 908
f 902 910 905
f 919 909 911
f 911 920 919
f 903 908 913
f 912 921 911
f 926 920 921
f 920 911 921
f 914 921 912
f 922 912 913
f 922 915 912
f 915 923 914
f 930 904 916
f 905 910 916
f 924 919 920
f 924 920 925
f 908 918 939
f 940 926 921
f 914 923 921
f 923 928 927
f 921 923 927
f 923 915 928
f 917 904 929
f 904 930 929
f 930 916 910
f 917 931 918
f 932 910 933
f 934 925 935
f 924 925 934
f 909 933 910
f 919 933 909
f 933 919 924
f 936 920 937
f 937 920 926
f 938 937 926
f 939 913 908
f 922 913 939
f 915 922 941
f 941 942 915
f 928 915 942
f 944 943 936
f 943 935 936
f 929 931 917
f 910 945 930
f 920 936 925
f 925 936 935
f 946 933 924
f 946 924 934
f 938 926 940
f 922 947 941
f 940 921 927
f 936 949 944
f 943 950 935
f 945 910 932
f 950 951 935
f 951 934 935
f 952 933 946
f 932 933 952
f 934 951 946
f 953 918 931
f 939 953 922
f 947 922 953
f 940 927 955
f 947 954 941
f 942 941 954
f 954 948 942
f 942 948 928
f 928 955 927
f 928 956 955
f 907 950 944
f 944 949 907
f 950 943 944
f 949 936 958
f 958 936 937
f 959 931 929
f 960 959 929
f 953 939 918
f 938 940 961
f 953 954 947
f 956 928 948
f 949 958 957
f 963 929 945
f 960 929 963
f 945 929 930
f 952 945 932
f 965 946 951
f 951 964 965
f 946 965 952
f 931 959 953
f 962 961 940
f 948 954 966
f 967 948 966
f 949 950 907
f 949 968 950
f 968 949 957
f 951 950 964
f 952 963 945
f 958 937 938
f 975 958 938
f 975 938 961
f 970 971 954
f 971 966 954
f 972 956 967
f 948 967 956
f 960 963 973
f 973 952 965
f 963 952 973
f 973 959 960
f 965 964 968
f 958 975 957
f 953 959 969
f 953 969 970
f 970 954 953
f 940 955 956
f 940 956 962
f 966 972 967
f 956 972 978
f 950 968 964
f 957 975 968
f 969 959 973
f 965 976 973
f 973 977 969
f 973 976 977
f 969 971 970
f 978 962 956
f 979 972 966
f 976 965 968
f 980 976 968
f 980 968 975
f 976 980 981
f 975 981 980
f 981 975 961
f 962 981 961
f 982 981 962
f 962 978 982
f 969 974 971
f 969 977 974
f 979 966 974
f 982 977 976
f 982 976 981
f 977 979 974
f 977 982 979
f 978 972 982
f 974 966 971
f 982 972 979
f 611 619 615
f 660 633 648
f 646 681 660
f 646 660 648
f 709 720 698
f 612 613 610
f 985 1002 983
f 1001 983 1002
f 988 984 985
f 983 988 985
f 983 989 988
f 984 988 987
f 988 990 987
f 990 991 987
f 988 989 990
f 992 990 989
f 996 997 994
f 996 998 997
f 994 997 995
f 997 998 1000
f 1000 1001 997
f 995 997 1002
f 1001 1002 997
f 995 1002 1003
f 1003 985 1004
f 1003 1002 985
f 1001 1005 986
f 984 1004 985
f 984 1006 1004
f 983 1001 986
f 1008 984 987
f 983 1009 989
f 1009 983 986
f 986 1007 1009
f 987 991 1008
f 989 1009 1010
f 990 1011 991
f 990 992 1011
f 992 989 1010
f 1013 993 1012
f 1014 1012 993
f 994 1014 993
f 996 993 1015
f 996 994 993
f 1016 994 999
f 999 994 995
f 1018 998 996
f 1020 1016 999
f 995 1020 999
f 998 1019 1000
f 1019 1021 1000
f 1003 1004 1020
f 1021 1005 1000
f 995 1003 1020
f 1005 1001 1000
f 1005 1007 986
f 984 1008 1006
f 1023 1022 1007
f 1007 1024 1009
f 1010 1009 1024
f 1024 1025 1010
f 1011 992 1026
f 992 1010 1026
f 1027 1012 1014
f 1027 1028 1012
f 1015 993 1013
f 1028 1013 1012
f 1013 1029 1015
f 1030 1027 1014
f 1016 1014 994
f 996 1015 1018
f 1014 1016 1030
f 998 1018 1019
f 1017 1016 1020
f 1031 1020 1032
f 1032 1020 1004
f 1035 1034 1008
f 991 1035 1008
f 1036 1035 991
f 1024 1007 1022
f 1011 1037 991
f 1011 1038 1037
f 1011 1026 1039
f 1025 1026 1010
f 1026 1025 1039
f 1027 1040 1028
f 1013 1028 1029
f 1041 1029 1028
f 1040 1027 1030
f 1040 1041 1028
f 1015 1029 1042
f 1040 1030 1043
f 1015 1042 1018
f 1043 1030 1016
f 1019 1018 1044
f 1031 1043 1016
f 1031 1016 1017
f 1031 1017 1020
f 1019 1045 1021
f 1032 1004 1046
f 1033 1023 1021
f 1023 1005 1021
f 1004 1006 1046
f 1008 1034 1006
f 1034 1035 1048
f 991 1037 1036
f 1022 1049 1024
f 1024 1050 1025
f 1011 1039 1038
f 1039 1025 1051
f 1050 1051 1025
f 1041 1040 1052
f 1041 1052 1029
f 1029 1052 1042
f 1044 1018 1042
f 1031 1053 1043
f 1019 1044 1045
f 1053 1031 1032
f 1045 1033 1021
f 1047 1032 1046
f 1034 1046 1006
f 1054 1022 1023
f 1023 1033 1054
f 1049 1022 1054
f 1036 1037 1056
f 1036 1056 1055
f 1056 1037 1038
f 1068 1038 1057
f 1050 1024 1049
f 1057 1038 1039
f 1051 1057 1039
f 1058 1051 1050
f 1052 1040 1059
f 1042 1052 1059
f 1042 1059 1060
f 1043 1061 1040
f 1059 1040 1061
f 1042 1060 1044
f 1053 1061 1043
f 1044 1060 1045
f 1053 1032 1063
f 1045 1064 1033
f 1045 1065 1064
f 1032 1047 1077
f 1047 1046 1034
f 1054 1033 1064
f 1034 1048 1066
f 1036 1048 1035
f 1055 1048 1036
f 1055 1067 1048
f 1038 1068 1056
f 1056 1068 1055
f 1054 1069 1049
f 1070 1049 1069
f 1057 1071 1068
f 1057 1072 1071
f 1051 1072 1057
f 1049 1070 1050
f 1072 1051 1058
f 1061 1062 1059
f 1059 1074 1060
f 1059 1062 1074
f 1061 1053 1062
f 1053 1063 1062
f 1075 1062 1063
f 1045 1060 1065
f 1063 1077 1076
f 1077 1063 1032
f 1077 1047 1078
f 1078 1047 1034
f 1078 1034 1066
f 1069 1054 1064
f 1048 1067 1066
f 1079 1067 1055
f 1071 1072 1079
f 1079 1072 1080
f 1081 1080 1072
f 1069 1089 1070
f 1079 1055 1068
f 1079 1082 1083
f 1068 1071 1079
f 1073 1081 1072
f 1073 1050 1070
f 1058 1073 1072
f 1050 1073 1058
f 1062 1075 1074
f 1074 1065 1060
f 1074 1075 1065
f 1063 1076 1075
f 1075 1076 1084
f 1075 1084 1065
f 1084 1069 1065
f 1085 1077 1078
f 1085 1084 1076
f 1066 1085 1078
f 1085 1066 1083
f 1086 1085 1083
f 1067 1083 1066
f 1083 1082 1086
f 1086 1082 1088
f 1089 1069 1087
f 1083 1067 1079
f 1080 1082 1079
f 1088 1082 1080
f 1088 1080 1081
f 1089 1088 1081
f 1089 1087 1088
f 1089 1081 1073
f 1073 1070 1089
f 1084 1085 1086
f 1087 1069 1084
f 1086 1087 1084
f 1086 1088 1087
f 1005 1023 1007
f 1069 1064 1065
f 1076 1077 1085
f 1092 1109 1090
f 1108 1090 1109
f 1095 1091 1092
f 1090 1095 1092
f 1090 1096 1095
f 1091 1095 1094
f 1095 1097 1094
f 1097 1098 1094
f 1095 1096 1097
f 1099 1097 1096
f 1103 1104 1101
f 1103 1105 1104
f 1101 1104 1102
f 1104 1105 1107
f 1107 1108 1104
f 1102 1104 1109
f 1108 1109 1104
f 1102 1109 1110
f 1110 1092 1111
f 1110 1109 1092
f 1108 1112 1093
f 1091 1111 1092
f 1091 1113 1111
f 1090 1108 1093
f 1115 1091 1094
f 1090 1116 1096
f 1116 1090 1093
f 1093 1114 1116
f 1094 1098 1115
f 1096 1116 1117
f 1097 1118 1098
f 1097 1099 1118
f 1099 1096 1117
f 1120 1100 1119
f 1121 1119 1100
f 1101 1121 1100
f 1103 1100 1122
f 1103 1101 1100
f 1123 1101 1106
f 1106 1101 1102
f 1125 1105 1103
f 1127 1123 1106
f 1102 1127 1106
f 1105 1126 1107
f 1126 1128 1107
f 1110 1111 1127
f 1128 1112 1107
f 1102 1110 1127
f 1112 1108 1107
f 1112 1114 1093
f 1091 1115 1113
f 1130 1129 1114
f 1114 1131 1116
f 1117 1116 1131
f 1131 1132 1117
f 1118 1099 1133
f 1099 1117 1133
f 1134 1119 1121
f 1134 1135 1119
f 1122 1100 1120
f 1135 1120 1119
f 1120 1136 1122
f 1137 1134 1121
f 1123 1121 1101
f 1103 1122 1125
f 1121 1123 1137
f 1105 1125 1126
f 1124 1123 1127
f 1138 1127 1139
f 1139 1127 1111
f 1142 1141 1115
f 1098 1142 1115
f 1143 1142 1098
f 1131 1114 1129
f 1118 1144 1098
f 1118 1145 1144
f 1118 1133 1146
f 1132 1133 1117
f 1133 1132 1146
f 1134 1147 1135
f 1120 1135 1136
f 1148 1136 1135
f 1147 1134 1137
f 1147 1148 1135
f 1122 1136 1149
f 1147 1137 1150
f 1122 1149 1125
f 1150 1137 1123
f 1126 1125 1151
f 1138 1150 1123
f 1138 1123 1124
f 1138 1124 1127
f 1126 1152 1128
f 1139 1111 1153
f 1140 1130 1128
f 1130 1112 1128
f 1111 1113 1153
f 1115 1141 1113
f 1141 1142 1155
f 1098 1144 1143
f 1129 1156 1131
f 1131 1157 1132
f 1118 1146 1145
f 1146 1132 1158
f 1157 1158 1132
f 1148 1147 1159
f 1148 1159 1136
f 1136 1159 1149
f 1151 1125 1149
f 1138 1160 1150
f 1126 1151 1152
f 1160 1138 1139
f 1152 1140 1128
f 1154 1139 1153
f 1141 1153 1113
f 1161 1129 1130
f 1130 1140 1161
f 1156 1129 1161
f 1143 1144 1163
f 1143 1163 1162
f 1163 1144 1145
f 1175 1145 1164
f 1157 1131 1156
f 1164 1145 1146
f 1158 1164 1146
f 1165 1158 1157
f 1159 1147 1166
f 1149 1159 1166
f 1149 1166 1167
f 1150 1168 1147
f 1166 1147 1168
f 1149 1167 1151
f 1160 1168 1150
f 1151 1167 1152
f 1160 1139 1170
f 1152 1171 1140
f 1152 1172 1171
f 1139 1154 1184
f 1154 1153 1141
f 1161 1140 1171
f 1141 1155 1173
f 1143 1155 1142
f 1162 1155 1143
f 1162 1174 1155
f 1145 1175 1163
f 1163 1175 1162
f 1161 1176 1156
f 1177 1156 1176
f 1164 1178 1175
f 1164 1179 1178
f 1158 1179 1164
f 1156 1177 1157
f 1179 1158 1165
f 1168 1169 1166
f 1166 1181 1167
f 1166 1169 1181
f 1168 1160 1169
f 1160 1170 1169
f 1182 1169 1170
f 1152 1167 1172
f 1170 1184 1183
f 1184 1170 1139
f 1184 1154 1185
f 1185 1154 1141
f 1185 1141 1173
f 1176 1161 1171
f 1155 1174 1173
f 1186 1174 1162
f 1178 1179 1186
f 1186 1179 1187
f 1188 1187 1179
f 1176 1196 1177
f 1186 1162 1175
f 1186 1189 1190
f 1175 1178 1186
f 1180 1188 1179
f 1180 1157 1177
f 1165 1180 1179
f 1157 1180 1165
f 1169 1182 1181
f 1181 1172 1167
f 1181 1182 1172
f 1170 1183 1182
f 1182 1183 1191
f 1182 1191 1172
f 1191 1176 1172
f 1192 1184 1185
f 1192 1191 1183
f 1173 1192 1185
f 1192 1173 1190
f 1193 1192 1190
f 1174 1190 1173
f 1190 1189 1193
f 1193 1189 1195
f 1196 1176 1194
f 1190 1174 1186
f 1187 1189 1186
f 1195 1189 1187
f 1195 1187 1188
f 1196 1195 1188
f 1196 1194 1195
f 1196 1188 1180
f 1180 1177 1196
f 1191 1192 1193
f 1194 1176 1191
f 1193 1194 1191
f 1193 1195 1194
f 1112 1130 1114
f 1176 1171 1172
f 1183 1184 1192
f 1198 1199 1197
f 1197 1200 1201
f 1197 1201 1198
f 1201 1203 1198
f 1203 1202 1198
f 1198 1205 1199
f 1205 1198 1206
f 1198 1202 1206
f 1208 1206 1202
f 1207 1201 1200
f 1202 1203 1210
f 1210 1203 1209
f 1204 1201 1207
f 1201 1204 1209
f 1203 1201 1209
f 1212 1197 1199
f 1197 1212 1213
f 1213 1212 1214
f 1197 1213 1200
f 1200 1213 1215
f 1215 1207 1200
f 1205 1206 1208
f 1202 1216 1208
f 1219 1214 1212
f 1221 1218 1220
f 1199 1218 1211
f 1199 1220 1218
f 1220 1205 1222
f 1220 1199 1205
f 1232 1222 1205
f 1217 1207 1215
f 1208 1216 1223
f 1234 1207 1217
f 1210 1216 1202
f 1224 1204 1207
f 1207 1234 1224
f 1209 1204 1224
f 1225 1209 1224
f 1227 1211 1218
f 1228 1219 1211
f 1221 1227 1218
f 1219 1229 1214
f 1214 1229 1230
f 1220 1222 1221
f 1215 1214 1231
f 1231 1214 1230
f 1231 1217 1215
f 1233 1232 1208
f 1205 1208 1232
f 1223 1235 1208
f 1224 1234 1236
f 1209 1237 1210
f 1237 1209 1225
f 1225 1224 1237
f 1238 1226 1227
f 1227 1226 1211
f 1226 1228 1211
f 1229 1219 1228
f 1239 1221 1240
f 1221 1222 1240
f 1240 1222 1243
f 1242 1231 1230
f 1243 1232 1233
f 1243 1222 1232
f 1231 1242 1217
f 1217 1242 1244
f 1235 1233 1208
f 1256 1233 1235
f 1244 1245 1217
f 1245 1234 1217
f 1245 1236 1234
f 1210 1237 1216
f 1224 1236 1237
f 1238 1246 1247
f 1248 1259 1249
f 1247 1228 1238
f 1249 1259 1238
f 1247 1229 1228
f 1228 1226 1238
f 1227 1249 1238
f 1250 1229 1247
f 1239 1262 1249
f 1249 1227 1239
f 1239 1227 1221
f 1229 1250 1230
f 1251 1239 1240
f 1241 1252 1253
f 1230 1241 1242
f 1242 1253 1255
f 1267 1243 1233
f 1233 1256 1267
f 1255 1244 1242
f 1244 1257 1245
f 1270 1258 1245
f 1270 1245 1257
f 1223 1216 1258
f 1237 1258 1216
f 1258 1236 1245
f 1258 1237 1236
f 1259 1248 1260
f 1259 1260 1261
f 1259 1261 1246
f 1272 1248 1262
f 1238 1259 1246
f 1247 1246 1261
f 1274 1247 1261
f 1263 1272 1262
f 1262 1248 1249
f 1250 1247 1274
f 1263 1262 1264
f 1264 1262 1277
f 1251 1277 1262
f 1262 1239 1251
f 1250 1252 1230
f 1252 1241 1230
f 1240 1266 1251
f 1265 1251 1266
f 1243 1254 1266
f 1254 1243 1267
f 1269 1268 1267
f 1255 1253 1269
f 1255 1269 1270
f 1257 1244 1255
f 1255 1270 1257
f 1267 1256 1269
f 1256 1235 1270
f 1256 1270 1269
f 1223 1258 1235
f 1258 1270 1235
f 1271 1260 1248
f 1248 1272 1271
f 1260 1271 1261
f 1261 1271 1273
f 1274 1261 1273
f 1276 1275 1274
f 1263 1264 1276
f 1276 1264 1277
f 1250 1274 1275
f 1277 1278 1276
f 1278 1275 1276
f 1250 1275 1252
f 1277 1251 1265
f 1277 1265 1278
f 1275 1253 1252
f 1278 1265 1254
f 1253 1275 1278
f 1254 1265 1266
f 1278 1254 1268
f 1278 1268 1253
f 1253 1268 1269
f 1263 1271 1272
f 1271 1263 1276
f 1271 1276 1273
f 1273 1276 1274
f 1214 1215 1213
f 1241 1253 1242
f 1267 1268 1254
f 1266 1240 1243
f 1212 1199 1211
f 1211 1219 1212
f 1280 1281 1279
f 1279 1282 1283
f 1279 1283 1280
f 1283 1285 1280
f 1285 1284 1280
f 1280 1287 1281
f 1287 1280 1288
f 1280 1284 1288
f 1290 1288 1284
f 1289 1283 1282
f 1284 1285 1292
f 1292 1285 1291
f 1286 1283 1289
f 1283 1286 1291
f 1285 1283 1291
f 1294 1279 1281
f 1279 1294 1295
f 1295 1294 1296
f 1279 1295 1282
f 1282 1295 1297
f 1297 1289 1282
f 1287 1288 1290
f 1284 1298 1290
f 1301 1296 1294
f 1303 1300 1302
f 1281 1300 1293
f 1281 1302 1300
f 1302 1287 1304
f 1302 1281 1287
f 1314 1304 1287
f 1299 1289 1297
f 1290 1298 1305
f 1316 1289 1299
f 1292 1298 1284
f 1306 1286 1289
f 1289 1316 1306
f 1291 1286 1306
f 1307 1291 1306
f 1309 1293 1300
f 1310 1301 1293
f 1303 1309 1300
f 1301 1311 1296
f 1296 1311 1312
f 1302 1304 1303
f 1297 1296 1313
f 1313 1296 1312
f 1313 1299 1297
f 1315 1314 1290
f 1287 1290 1314
f 1305 1317 1290
f 1306 1316 1318
f 1291 1319 1292
f 1319 1291 1307
f 1307 1306 1319
f 1320 1308 1309
f 1309 1308 1293
f 1308 1310 1293
f 1311 1301 1310
f 1321 1303 1322
f 1303 1304 1322
f 1322 1304 1325
f 1324 1313 1312
f 1325 1314 1315
f 1325 1304 1314
f 1313 1324 1299
f 1299 1324 1326
f 1317 1315 1290
f 1338 1315 1317
f 1326 1327 1299
f 1327 1316 1299
f 1327 1318 1316
f 1292 1319 1298
f 1306 1318 1319
f 1320 1328 1329
f 1330 1341 1331
f 1329 1310 1320
f 1331 1341 1320
f 1329 1311 1310
f 1310 1308 1320
f 1309 1331 1320
f 1332 1311 1329
f 1321 1344 1331
f 1331 1309 1321
f 1321 1309 1303
f 1311 1332 1312
f 1333 1321 1322
f 1323 1334 1335
f 1312 1323 1324
f 1324 1335 1337
f 1349 1325 1315
f 1315 1338 1349
f 1337 1326 1324
f 1326 1339 1327
f 1352 1340 1327
f 1352 1327 1339
f 1305 1298 1340
f 1319 1340 1298
f 1340 1318 1327
f 1340 1319 1318
f 1341 1330 1342
f 1341 1342 1343
f 1341 1343 1328
f 1354 1330 1344
f 1320 1341 1328
f 1329 1328 1343
f 1356 1329 1343
f 1345 1354 1344
f 1344 1330 1331
f 1332 1329 1356
f 1345 1344 1346
f 1346 1344 1359
f 1333 1359 1344
f 1344 1321 1333
f 1332 1334 1312
f 1334 1323 1312
f 1322 1348 1333
f 1347 1333 1348
f 1325 1336 1348
f 1336 1325 1349
f 1351 1350 1349
f 1337 1335 1351
f 1337 1351 1352
f 1339 1326 1337
f 1337 1352 1339
f 1349 1338 1351
f 1338 1317 1352
f 1338 1352 1351
f 1305 1340 1317
f 1340 1352 1317
f 1353 1342 1330
f 1330 1354 1353
f 1342 1353 1343
f 1343 1353 1355
f 1356 1343 1355
f 1358 1357 1356
f 1345 1346 1358
f 1358 1346 1359
f 1332 1356 1357
f 1359 1360 1358
f 1360 1357 1358
f 1332 1357 1334
f 1359 1333 1347
f 1359 1347 1360
f 1357 1335 1334
f 1360 1347 1336
f 1335 1357 1360
f 1336 1347 1348
f 1360 1336 1350
f 1360 1350 1335
f 1335 1350 1351
f 1345 1353 1354
f 1353 1345 1358
f 1353 1358 1355
f 1355 1358 1356
f 1296 1297 1295
f 1323 1335 1324
f 1349 1350 1336
f 1348 1322 1325
f 1294 1281 1293
f 1293 1301 1294
f 1362 1363 1361
f 1363 1364 1361
f 1361 1364 1365
f 1367 1363 1366
f 1364 1363 1367
f 1364 1368 1365
f 1364 1370 1369
f 1367 1370 1364
f 1364 1369 1368
f 1371 1368 1369
f 1369 1370 1371
f 1371 1370 1367
f 1372 1373 1362
f 1363 1373 1375
f 1363 1362 1373
f 1361 1365 1376
f 1368 1377 1365
f 1367 1378 1380
f 1381 1368 1371
f 1371 1367 1380
f 1380 1381 1371
f 1383 1384 1382
f 1386 1388 1384
f 1384 1388 1385
f 1383 1387 1384
f 1386 1384 1372
f 1372 1384 1387
f 1373 1372 1387
f 1362 1386 1372
f 1386 1374 1388
f 1386 1362 1374
f 1373 1387 1375
f 1375 1366 1363
f 1375 1390 1366
f 1376 1365 1377
f 1366 1390 1367
f 1390 1378 1367
f 1378 1390 1410
f 1392 1377 1368
f 1392 1368 1379
f 1381 1380 1394
f 1379 1368 1381
f 1395 1397 1396
f 1398 1396 1397
f 1382 1397 1399
f 1398 1397 1385
f 1397 1384 1385
f 1384 1397 1382
f 1382 1399 1383
f 1401 1399 1400
f 1401 1383 1399
f 1402 1385 1403
f 1383 1389 1387
f 1383 1401 1389
f 1401 1404 1389
f 1403 1385 1388
f 1406 1403 1388
f 1407 1403 1406
f 1374 1405 1388
f 1388 1405 1406
f 1409 1389 1408
f 1375 1387 1389
f 1375 1389 1409
f 1405 1374 1376
f 1409 1410 1390
f 1405 1376 1391
f 1377 1391 1376
f 1392 1391 1377
f 1392 1379 1427
f 1393 1380 1378
f 1379 1381 1394
f 1411 1395 1396
f 1411 1413 1395
f 1412 1413 1411
f 1413 1397 1395
f 1413 1415 1414
f 1415 1413 1412
f 1416 1396 1398
f 1413 1414 1397
f 1414 1400 1397
f 1397 1400 1399
f 1400 1414 1417
f 1415 1417 1414
f 1402 1398 1385
f 1417 1401 1400
f 1418 1401 1417
f 1401 1418 1404
f 1404 1408 1389
f 1406 1420 1407
f 1409 1422 1410
f 1409 1408 1422
f 1422 1423 1410
f 1421 1405 1391
f 1410 1423 1393
f 1423 1425 1393
f 1393 1378 1410
f 1427 1379 1394
f 1426 1380 1393
f 1394 1380 1426
f 1426 1428 1394
f 1412 1411 1429
f 1429 1411 1416
f 1396 1416 1411
f 1412 1429 1430
f 1429 1416 1430
f 1412 1430 1431
f 1398 1430 1416
f 1430 1402 1432
f 1412 1431 1415
f 1432 1431 1430
f 1402 1430 1398
f 1431 1417 1415
f 1418 1417 1431
f 1418 1431 1433
f 1432 1402 1419
f 1403 1419 1402
f 1432 1419 1434
f 1418 1433 1404
f 1407 1419 1403
f 1434 1419 1407
f 1433 1435 1404
f 1435 1408 1404
f 1435 1422 1408
f 1406 1405 1421
f 1422 1437 1423
f 1391 1438 1421
f 1406 1421 1438
f 1391 1424 1438
f 1437 1439 1423
f 1391 1441 1424
f 1392 1441 1391
f 1392 1427 1441
f 1425 1426 1393
f 1427 1394 1428
f 1428 1426 1425
f 1431 1432 1433
f 1432 1443 1433
f 1432 1434 1443
f 1433 1443 1436
f 1433 1436 1435
f 1420 1434 1407
f 1434 1444 1443
f 1436 1443 1444
f 1434 1420 1444
f 1437 1422 1436
f 1437 1436 1444
f 1438 1424 1445
f 1444 1445 1439
f 1439 1440 1423
f 1439 1424 1447
f 1447 1424 1446
f 1446 1424 1441
f 1447 1446 1441
f 1440 1439 1448
f 1449 1423 1440
f 1423 1449 1425
f 1440 1448 1449
f 1441 1427 1442
f 1442 1447 1441
f 1447 1442 1448
f 1450 1449 1448
f 1448 1442 1450
f 1449 1428 1425
f 1427 1428 1450
f 1427 1450 1442
f 1449 1450 1428
f 1445 1424 1439
f 1439 1447 1448
f 1437 1444 1439
f 1420 1406 1438
f 1420 1438 1445
f 1374 1362 1361
f 1409 1390 1375
f 1435 1436 1422
f 1420 1445 1444
f 1374 1361 1376
f 1452 1453 1451
f 1453 1454 1451
f 1451 1454 1455
f 1457 1453 1456
f 1454 1453 1457
f 1454 1458 1455
f 1454 1460 1459
f 1457 1460 1454
f 1454 1459 1458
f 1461 1458 1459
f 1459 1460 1461
f 1461 1460 1457
f 1462 1463 1452
f 1453 1463 1465
f 1453 1452 1463
f 1451 1455 1466
f 1458 1467 1455
f 1457 1468 1470
f 1471 1458 1461
f 1461 1457 1470
f 1470 1471 1461
f 1473 1474 1472
f 1476 1478 1474
f 1474 1478 1475
f 1473 1477 1474
f 1476 1474 1462
f 1462 1474 1477
f 1463 1462 1477
f 1452 1476 1462
f 1476 1464 1478
f 1476 1452 1464
f 1463 1477 1465
f 1465 1456 1453
f 1465 1480 1456
f 1466 1455 1467
f 1456 1480 1457
f 1480 1468 1457
f 1468 1480 1500
f 1482 1467 1458
f 1482 1458 1469
f 1471 1470 1484
f 1469 1458 1471
f 1485 1487 1486
f 1488 1486 1487
f 1472 1487 1489
f 1488 1487 1475
f 1487 1474 1475
f 1474 1487 1472
f 1472 1489 1473
f 1491 1489 1490
f 1491 1473 1489
f 1492 1475 1493
f 1473 1479 1477
f 1473 1491 1479
f 1491 1494 1479
f 1493 1475 1478
f 1496 1493 1478
f 1497 1493 1496
f 1464 1495 1478
f 1478 1495 1496
f 1499 1479 1498
f 1465 1477 1479
f 1465 1479 1499
f 1495 1464 1466
f 1499 1500 1480
f 1495 1466 1481
f 1467 1481 1466
f 1482 1481 1467
f 1482 1469 1517
f 1483 1470 1468
f 1469 1471 1484
f 1501 1485 1486
f 1501 1503 1485
f 1502 1503 1501
f 1503 1487 1485
f 1503 1505 1504
f 1505 1503 1502
f 1506 1486 1488
f 1503 1504 1487
f 1504 1490 1487
f 1487 1490 1489
f 1490 1504 1507
f 1505 1507 1504
f 1492 1488 1475
f 1507 1491 1490
f 1508 1491 1507
f 1491 1508 1494
f 1494 1498 1479
f 1496 1510 1497
f 1499 1512 1500
f 1499 1498 1512
f 1512 1513 1500
f 1511 1495 1481
f 1500 1513 1483
f 1513 1515 1483
f 1483 1468 1500
f 1517 1469 1484
f 1516 1470 1483
f 1484 1470 1516
f 1516 1518 1484
f 1502 1501 1519
f 1519 1501 1506
f 1486 1506 1501
f 1502 1519 1520
f 1519 1506 1520
f 1502 1520 1521
f 1488 1520 1506
f 1520 1492 1522
f 1502 1521 1505
f 1522 1521 1520
f 1492 1520 1488
f 1521 1507 1505
f 1508 1507 1521
f 1508 1521 1523
f 1522 1492 1509
f 1493 1509 1492
f 1522 1509 1524
f 1508 1523 1494
f 1497 1509 1493
f 1524 1509 1497
f 1523 1525 1494
f 1525 1498 1494
f 1525 1512 1498
f 1496 1495 1511
f 1512 1527 1513
f 1481 1528 1511
f 1496 1511 1528
f 1481 1514 1528
f 1527 1529 1513
f 1481 1531 1514
f 1482 1531 1481
f 1482 1517 1531
f 1515 1516 1483
f 1517 1484 1518
f 1518 1516 1515
f 1521 1522 1523
f 1522 1533 1523
f 1522 1524 1533
f 1523 1533 1526
f 1523 1526 1525
f 1510 1524 1497
f 1524 1534 1533
f 1526 1533 1534
f 1524 1510 1534
f 1527 1512 1526
f 1527 1526 1534
f 1528 1514 1535
f 1534 1535 1529
f 1529 1530 1513
f 1529 1514 1537
f 1537 1514 1536
f 1536 1514 1531
f 1537 1536 1531
f 1530 1529 1538
f 1539 1513 1530
f 1513 1539 1515
f 1530 1538 1539
f 1531 1517 1532
f 1532 1537 1531
f 1537 1532 1538
f 1540 1539 1538
f 1538 1532 1540
f 1539 1518 1515
f 1517 1518 1540
f 1517 1540 1532
f 1539 1540 1518
f 1535 1514 1529
f 1529 1537 1538
f 1527 1534 1529
f 1510 1496 1528
f 1510 1528 1535
f 1464 1452 1451
f 1499 1480 1465
f 1525 1526 1512
f 1510 1535 1534
f 1464 1451 1466
f 1541 1543 1542
f 1545 1547 1544
f 1541 1546 1544
f 1544 1550 1541
f 1550 1548 1551
f 1548 1549 1551
f 1552 1546 1541
f 1546 1552 1553
f 1552 1554 1553
f 1541 1550 1551
f 1549 1543 1551
f 1549 1555 1543
f 1541 1551 1543
f 1552 1541 1556
f 1541 1542 1556
f 1552 1556 1557
f 1556 1542 1558
f 1560 1561 1562
f 1563 1561 1560
f 1560 1564 1563
f 1561 1563 1545
f 1564 1545 1563
f 1565 1561 1544
f 1561 1566 1562
f 1561 1545 1544
f 1567 1568 1584
f 1564 1569 1545
f 1569 1547 1545
f 1568 1567 1548
f 1544 1546 1565
f 1570 1568 1548
f 1548 1571 1570
f 1567 1549 1548
f 1544 1547 1550
f 1550 1547 1571
f 1571 1548 1550
f 1549 1567 1572
f 1549 1572 1555
f 1555 1572 1573
f 1554 1552 1557
f 1573 1574 1555
f 1556 1558 1575
f 1557 1556 1575
f 1575 1558 1576
f 1558 1559 1576
f 1576 1559 1578
f 1576 1578 1577
f 1562 1579 1580
f 1562 1580 1560
f 1564 1560 1581
f 1582 1583 1584
f 1585 1583 1582
f 1566 1579 1562
f 1583 1567 1584
f 1561 1565 1566
f 1565 1587 1566
f 1584 1568 1586
f 1567 1583 1588
f 1583 1585 1588
f 1587 1565 1553
f 1547 1569 1589
f 1570 1586 1568
f 1567 1588 1572
f 1546 1553 1565
f 1571 1547 1590
f 1547 1589 1590
f 1590 1570 1571
f 1591 1572 1588
f 1591 1573 1572
f 1557 1592 1554
f 1557 1575 1592
f 1574 1593 1555
f 1575 1576 1577
f 1594 1559 1555
f 1577 1578 1596
f 1597 1578 1559
f 1596 1578 1597
f 1598 1585 1601
f 1580 1581 1560
f 1580 1599 1581
f 1601 1600 1598
f 1600 1582 1584
f 1601 1582 1600
f 1601 1585 1582
f 1617 1564 1581
f 1569 1564 1617
f 1630 1588 1585
f 1602 1566 1587
f 1586 1570 1603
f 1604 1589 1569
f 1605 1590 1589
f 1606 1553 1554
f 1621 1574 1573
f 1607 1592 1608
f 1574 1609 1593
f 1610 1608 1592
f 1575 1610 1592
f 1594 1593 1611
f 1577 1610 1575
f 1577 1595 1610
f 1559 1594 1612
f 1595 1577 1596
f 1613 1596 1597
f 1559 1612 1597
f 1615 1580 1579
f 1598 1600 1616
f 1614 1585 1598
f 1585 1614 1630
f 1602 1615 1579
f 1599 1580 1615
f 1599 1617 1581
f 1602 1579 1566
f 1584 1586 1600
f 1603 1600 1586
f 1616 1600 1603
f 1618 1602 1587
f 1619 1569 1617
f 1619 1604 1569
f 1588 1630 1591
f 1605 1589 1604
f 1619 1605 1604
f 1605 1619 1620
f 1605 1570 1590
f 1587 1553 1606
f 1621 1573 1591
f 1554 1607 1606
f 1622 1574 1621
f 1622 1609 1574
f 1612 1594 1624
f 1624 1594 1611
f 1625 1595 1626
f 1596 1626 1595
f 1626 1596 1613
f 1598 1627 1614
f 1616 1627 1598
f 1616 1628 1627
f 1628 1629 1627
f 1627 1629 1614
f 1628 1616 1603
f 1629 1630 1614
f 1618 1631 1602
f 1615 1602 1631
f 1617 1632 1619
f 1620 1603 1570
f 1633 1603 1634
f 1634 1603 1620
f 1635 1591 1630
f 1620 1570 1605
f 1635 1621 1591
f 1606 1607 1636
f 1637 1609 1622
f 1593 1609 1638
f 1637 1638 1609
f 1608 1610 1623
f 1611 1593 1638
f 1610 1625 1623
f 1610 1595 1625
f 1625 1639 1623
f 1625 1626 1641
f 1625 1641 1639
f 1641 1626 1613
f 1641 1613 1642
f 1642 1613 1597
f 1612 1640 1597
f 1624 1640 1612
f 1599 1615 1632
f 1632 1617 1599
f 1633 1628 1603
f 1633 1629 1628
f 1634 1620 1619
f 1618 1587 1606
f 1636 1607 1650
f 1639 1645 1623
f 1624 1611 1638
f 1646 1639 1641
f 1641 1642 1646
f 1642 1597 1640
f 1642 1640 1647
f 1640 1624 1647
f 1615 1631 1648
f 1643 1629 1633
f 1629 1643 1630
f 1649 1634 1619
f 1619 1632 1649
f 1618 1606 1636
f 1662 1621 1635
f 1644 1622 1621
f 1622 1644 1637
f 1653 1607 1608
f 1653 1608 1623
f 1623 1645 1653
f 1654 1645 1655
f 1654 1655 1656
f 1655 1645 1639
f 1646 1655 1639
f 1658 1657 1646
f 1624 1638 1659
f 1658 1642 1647
f 1658 1646 1642
f 1647 1624 1659
f 1636 1660 1618
f 1648 1631 1660
f 1660 1631 1618
f 1649 1633 1634
f 1649 1661 1633
f 1643 1662 1630
f 1635 1630 1662
f 1636 1650 1651
f 1644 1621 1662
f 1653 1650 1607
f 1645 1663 1653
f 1656 1665 1654
f 1657 1665 1656
f 1665 1657 1666
f 1664 1645 1654
f 1664 1663 1645
f 1657 1656 1655
f 1646 1657 1655
f 1657 1658 1667
f 1666 1657 1667
f 1638 1683 1659
f 1658 1647 1668
f 1668 1647 1659
f 1648 1632 1615
f 1661 1643 1633
f 1632 1648 1661
f 1661 1649 1632
f 1669 1662 1643
f 1660 1670 1648
f 1660 1636 1651
f 1669 1671 1662
f 1686 1651 1650
f 1644 1662 1671
f 1644 1671 1652
f 1686 1650 1653
f 1665 1666 1673
f 1677 1665 1673
f 1675 1663 1664
f 1664 1654 1676
f 1654 1665 1677
f 1673 1666 1674
f 1666 1667 1674
f 1678 1667 1679
f 1667 1658 1679
f 1679 1668 1682
f 1682 1668 1693
f 1638 1681 1683
f 1679 1658 1668
f 1683 1668 1659
f 1683 1693 1668
f 1648 1670 1661
f 1661 1670 1684
f 1684 1643 1661
f 1669 1643 1684
f 1660 1651 1670
f 1685 1652 1671
f 1674 1687 1673
f 1638 1637 1652
f 1681 1638 1652
f 1652 1688 1681
f 1663 1689 1653
f 1689 1663 1675
f 1654 1677 1676
f 1687 1677 1673
f 1687 1698 1677
f 1687 1674 1691
f 1692 1674 1667
f 1667 1678 1692
f 1678 1679 1680
f 1680 1692 1678
f 1679 1682 1680
f 1676 1675 1664
f 1675 1676 1698
f 1676 1677 1698
f 1683 1681 1693
f 1670 1694 1684
f 1694 1695 1684
f 1670 1651 1686
f 1670 1686 1694
f 1695 1685 1669
f 1653 1672 1686
f 1672 1653 1689
f 1696 1672 1689
f 1697 1681 1688
f 1689 1698 1699
f 1687 1700 1698
f 1700 1699 1698
f 1690 1700 1687
f 1687 1691 1690
f 1692 1691 1674
f 1680 1697 1701
f 1680 1682 1697
f 1697 1682 1693
f 1697 1693 1681
f 1675 1698 1689
f 1692 1680 1701
f 1686 1703 1694
f 1704 1685 1695
f 1685 1704 1652
f 1652 1704 1688
f 1672 1703 1686
f 1696 1703 1672
f 1696 1706 1703
f 1703 1706 1707
f 1690 1706 1700
f 1707 1706 1690
f 1705 1697 1688
f 1696 1689 1699
f 1700 1706 1699
f 1699 1706 1696
f 1692 1708 1691
f 1707 1690 1691
f 1697 1702 1701
f 1705 1702 1697
f 1709 1708 1701
f 1708 1692 1701
f 1694 1703 1710
f 1694 1710 1695
f 1695 1711 1704
f 1695 1710 1711
f 1703 1707 1710
f 1709 1710 1707
f 1711 1705 1704
f 1704 1705 1688
f 1710 1709 1711
f 1711 1709 1712
f 1711 1712 1705
f 1707 1691 1708
f 1708 1709 1707
f 1709 1701 1712
f 1701 1702 1712
f 1705 1712 1702
f 1555 1593 1594
f 1542 1559 1558
f 1542 1543 1559
f 1543 1555 1559
f 1652 1637 1644
f 1685 1671 1669
f 1669 1684 1695
f 1592 1607 1554
f 1713 1715 1714
f 1717 1719 1716
f 1713 1718 1716
f 1716 1722 1713
f 1722 1720 1723
f 1720 1721 1723
f 1724 1718 1713
f 1718 1724 1725
f 1724 1726 1725
f 1713 1722 1723
f 1721 1715 1723
f 1721 1727 1715
f 1713 1723 1715
f 1724 1713 1728
f 1713 1714 1728
f 1724 1728 1729
f 1728 1714 1730
f 1732 1733 1734
f 1735 1733 1732
f 1732 1736 1735
f 1733 1735 1717
f 1736 1717 1735
f 1737 1733 1716
f 1733 1738 1734
f 1733 1717 1716
f 1739 1740 1756
f 1736 1741 1717
f 1741 1719 1717
f 1740 1739 1720
f 1716 1718 1737
f 1742 1740 1720
f 1720 1743 1742
f 1739 1721 1720
f 1716 1719 1722
f 1722 1719 1743
f 1743 1720 1722
f 1721 1739 1744
f 1721 1744 1727
f 1727 1744 1745
f 1726 1724 1729
f 1745 1746 1727
f 1728 1730 1747
f 1729 1728 1747
f 1747 1730 1748
f 1730 1731 1748
f 1748 1731 1750
f 1748 1750 1749
f 1734 1751 1752
f 1734 1752 1732
f 1736 1732 1753
f 1754 1755 1756
f 1757 1755 1754
f 1738 1751 1734
f 1755 1739 1756
f 1733 1737 1738
f 1737 1759 1738
f 1756 1740 1758
f 1739 1755 1760
f 1755 1757 1760
f 1759 1737 1725
f 1719 1741 1761
f 1742 1758 1740
f 1739 1760 1744
f 1718 1725 1737
f 1743 1719 1762
f 1719 1761 1762
f 1762 1742 1743
f 1763 1744 1760
f 1763 1745 1744
f 1729 1764 1726
f 1729 1747 1764
f 1746 1765 1727
f 1747 1748 1749
f 1766 1731 1727
f 1749 1750 1768
f 1769 1750 1731
f 1768 1750 1769
f 1770 1757 1773
f 1752 1753 1732
f 1752 1771 1753
f 1773 1772 1770
f 1772 1754 1756
f 1773 1754 1772
f 1773 1757 1754
f 1789 1736 1753
f 1741 1736 1789
f 1802 1760 1757
f 1774 1738 1759
f 1758 1742 1775
f 1776 1761 1741
f 1777 1762 1761
f 1778 1725 1726
f 1793 1746 1745
f 1779 1764 1780
f 1746 1781 1765
f 1782 1780 1764
f 1747 1782 1764
f 1766 1765 1783
f 1749 1782 1747
f 1749 1767 1782
f 1731 1766 1784
f 1767 1749 1768
f 1785 1768 1769
f 1731 1784 1769
f 1787 1752 1751
f 1770 1772 1788
f 1786 1757 1770
f 1757 1786 1802
f 1774 1787 1751
f 1771 1752 1787
f 1771 1789 1753
f 1774 1751 1738
f 1756 1758 1772
f 1775 1772 1758
f 1788 1772 1775
f 1790 1774 1759
f 1791 1741 1789
f 1791 1776 1741
f 1760 1802 1763
f 1777 1761 1776
f 1791 1777 1776
f 1777 1791 1792
f 1777 1742 1762
f 1759 1725 1778
f 1793 1745 1763
f 1726 1779 1778
f 1794 1746 1793
f 1794 1781 1746
f 1784 1766 1796
f 1796 1766 1783
f 1797 1767 1798
f 1768 1798 1767
f 1798 1768 1785
f 1770 1799 1786
f 1788 1799 1770
f 1788 1800 1799
f 1800 1801 1799
f 1799 1801 1786
f 1800 1788 1775
f 1801 1802 1786
f 1790 1803 1774
f 1787 1774 1803
f 1789 1804 1791
f 1792 1775 1742
f 1805 1775 1806
f 1806 1775 1792
f 1807 1763 1802
f 1792 1742 1777
f 1807 1793 1763
f 1778 1779 1808
f 1809 1781 1794
f 1765 1781 1810
f 1809 1810 1781
f 1780 1782 1795
f 1783 1765 1810
f 1782 1797 1795
f 1782 1767 1797
f 1797 1811 1795
f 1797 1798 1813
f 1797 1813 1811
f 1813 1798 1785
f 1813 1785 1814
f 1814 1785 1769
f 1784 1812 1769
f 1796 1812 1784
f 1771 1787 1804
f 1804 1789 1771
f 1805 1800 1775
f 1805 1801 1800
f 1806 1792 1791
f 1790 1759 1778
f 1808 1779 1822
f 1811 1817 1795
f 1796 1783 1810
f 1818 1811 1813
f 1813 1814 1818
f 1814 1769 1812
f 1814 1812 1819
f 1812 1796 1819
f 1787 1803 1820
f 1815 1801 1805
f 1801 1815 1802
f 1821 1806 1791
f 1791 1804 1821
f 1790 1778 1808
f 1834 1793 1807
f 1816 1794 1793
f 1794 1816 1809
f 1825 1779 1780
f 1825 1780 1795
f 1795 1817 1825
f 1826 1817 1827
f 1826 1827 1828
f 1827 1817 1811
f 1818 1827 1811
f 1830 1829 1818
f 1796 1810 1831
f 1830 1814 1819
f 1830 1818 1814
f 1819 1796 1831
f 1808 1832 1790
f 1820 1803 1832
f 1832 1803 1790
f 1821 1805 1806
f 1821 1833 1805
f 1815 1834 1802
f 1807 1802 1834
f 1808 1822 1823
f 1816 1793 1834
f 1825 1822 1779
f 1817 1835 1825
f 1828 1837 1826
f 1829 1837 1828
f 1837 1829 1838
f 1836 1817 1826
f 1836 1835 1817
f 1829 1828 1827
f 1818 1829 1827
f 1829 1830 1839
f 1838 1829 1839
f 1810 1855 1831
f 1830 1819 1840
f 1840 1819 1831
f 1820 1804 1787
f 1833 1815 1805
f 1804 1820 1833
f 1833 1821 1804
f 1841 1834 1815
f 1832 1842 1820
f 1832 1808 1823
f 1841 1843 1834
f 1858 1823 1822
f 1816 1834 1843
f 1816 1843 1824
f 1858 1822 1825
f 1837 1838 1845
f 1849 1837 1845
f 1847 1835 1836
f 1836 1826 1848
f 1826 1837 1849
f 1845 1838 1846
f 1838 1839 1846
f 1850 1839 1851
f 1839 1830 1851
f 1851 1840 1854
f 1854 1840 1865
f 1810 1853 1855
f 1851 1830 1840
f 1855 1840 1831
f 1855 1865 1840
f 1820 1842 1833
f 1833 1842 1856
f 1856 1815 1833
f 1841 1815 1856
f 1832 1823 1842
f 1857 1824 1843
f 1846 1859 1845
f 1810 1809 1824
f 1853 1810 1824
f 1824 1860 1853
f 1835 1861 1825
f 1861 1835 1847
f 1826 1849 1848
f 1859 1849 1845
f 1859 1870 1849
f 1859 1846 1863
f 1864 1846 1839
f 1839 1850 1864
f 1850 1851 1852
f 1852 1864 1850
f 1851 1854 1852
f 1848 1847 1836
f 1847 1848 1870
f 1848 1849 1870
f 1855 1853 1865
f 1842 1866 1856
f 1866 1867 1856
f 1842 1823 1858
f 1842 1858 1866
f 1867 1857 1841
f 1825 1844 1858
f 1844 1825 1861
f 1868 1844 1861
f 1869 1853 1860
f 1861 1870 1871
f 1859 1872 1870
f 1872 1871 1870
f 1862 1872 1859
f 1859 1863 1862
f 1864 1863 1846
f 1852 1869 1873
f 1852 1854 1869
f 1869 1854 1865
f 1869 1865 1853
f 1847 1870 1861
f 1864 1852 1873
f 1858 1875 1866
f 1876 1857 1867
f 1857 1876 1824
f 1824 1876 1860
f 1844 1875 1858
f 1868 1875 1844
f 1868 1878 1875
f 1875 1878 1879
f 1862 1878 1872
f 1879 1878 1862
f 1877 1869 1860
f 1868 1861 1871
f 1872 1878 1871
f 1871 1878 1868
f 1864 1880 1863
f 1879 1862 1863
f 1869 1874 1873
f 1877 1874 1869
f 1881 1880 1873
f 1880 1864 1873
f 1866 1875 1882
f 1866 1882 1867
f 1867 1883 1876
f 1867 1882 1883
f 1875 1879 1882
f 1881 1882 1879
f 1883 1877 1876
f 1876 1877 1860
f 1882 1881 1883
f 1883 1881 1884
f 1883 1884 1877
f 1879 1863 1880
f 1880 1881 1879
f 1881 1873 1884
f 1873 1874 1884
f 1877 1884 1874
f 1727 1765 1766
f 1714 1731 1730
f 1714 1715 1731
f 1715 1727 1731
f 1824 1809 1816
f 1857 1843 1841
f 1841 1856 1867
f 1764 1779 1726
f 1887 1885 1886
f 1887 1888 1889
f 1887 1889 1885
f 1890 1885 1889
f 1891 1890 1889
f 1889 1892 1891
f 1894 1891 1893
f 1893 1896 1894
f 1893 1898 1896
f 1896 1895 1894
f 1896 1899 1895
f 1900 1902 1903
f 1900 1886 1901
f 1903 1886 1900
f 1887 1886 1903
f 1903 1888 1887
f 1886 1885 1921
f 1906 1907 1888
f 1907 1889 1888
f 1905 1885 1890
f 1889 1907 1892
f 1890 1908 1905
f 1908 1891 1894
f 1891 1892 1893
f 1892 1897 1893
f 1909 1908 1894
f 1892 1907 1897
f 1907 1910 1897
f 1897 1898 1893
f 1897 1911 1898
f 1895 1899 1912
f 1896 1913 1899
f 1912 1899 1914
f 1899 1913 1914
f 1917 1916 1900
f 1918 1916 1917
f 1902 1916 1919
f 1901 1915 1917
f 1901 1917 1900
f 1916 1902 1900
f 1920 1915 1901
f 1886 1920 1901
f 1902 1904 1903
f 1920 1886 1921
f 1906 1888 1904
f 1904 1888 1903
f 1921 1885 1905
f 1922 1907 1906
f 1911 1897 1910
f 1894 1895 1923
f 1895 1924 1923
f 1895 1912 1924
f 1912 1926 1924
f 1898 1911 1928
f 1914 1927 1912
f 1896 1898 1913
f 1898 1928 1913
f 1915 1930 1918
f 1917 1915 1918
f 1918 1931 1919
f 1931 1918 1932
f 1918 1919 1916
f 1918 1930 1933
f 1919 1904 1902
f 1930 1915 1920
f 1934 1904 1919
f 1930 1920 1935
f 1904 1936 1906
f 1937 1920 1921
f 1905 1937 1921
f 1905 1938 1937
f 1908 1938 1905
f 1936 1922 1906
f 1922 1910 1907
f 1939 1910 1922
f 1923 1909 1894
f 1923 1938 1909
f 1925 1911 1910
f 1912 1927 1926
f 1928 1942 1929
f 1941 1927 1914
f 1941 1914 1943
f 1913 1928 1929
f 1944 1914 1913
f 1944 1913 1929
f 1918 1933 1932
f 1931 1946 1919
f 1932 1933 1947
f 1946 1934 1919
f 1904 1934 1936
f 1935 1920 1948
f 1920 1937 1948
f 1939 1922 1936
f 1939 1925 1910
f 1923 1924 1950
f 1950 1924 1926
f 1926 1927 1940
f 1952 1926 1940
f 1927 1953 1940
f 1953 1927 1941
f 1942 1928 1911
f 1942 1911 1925
f 1929 1942 1961
f 1914 1945 1943
f 1914 1944 1945
f 1945 1944 1961
f 1929 1961 1944
f 1931 1932 1954
f 1931 1954 1946
f 1932 1947 1954
f 1947 1930 1935
f 1930 1947 1933
f 1935 1948 1947
f 1934 1949 1936
f 1934 1946 1949
f 1937 1938 1956
f 1939 1936 1966
f 1956 1938 1923
f 1956 1923 1950
f 1951 1950 1926
f 1939 1957 1925
f 1952 1951 1926
f 1952 1940 1958
f 1959 1940 1953
f 1925 1957 1942
f 1953 1941 1960
f 1942 1970 1961
f 1961 1943 1945
f 1947 1955 1954
f 1954 1955 1946
f 1948 1955 1947
f 1937 1963 1948
f 1966 1936 1949
f 1956 1963 1937
f 1965 1963 1956
f 1967 1939 1966
f 1965 1956 1950
f 1957 1939 1967
f 1968 1951 1952
f 1958 1940 1959
f 1969 1953 1960
f 1957 1970 1942
f 1941 1943 1960
f 1971 1960 1943
f 1971 1943 1961
f 1961 1972 1971
f 1961 1970 1972
f 1972 1970 1980
f 1946 1955 1962
f 1955 1973 1962
f 1974 1946 1962
f 1955 1948 1973
f 1946 1974 1949
f 1963 1973 1948
f 1973 1963 1964
f 1974 1966 1949
f 1974 1976 1966
f 1963 1975 1964
f 1967 1966 1976
f 1965 1950 1978
f 1951 1968 1950
f 1978 1950 1968
f 1968 1952 1979
f 1980 1957 1967
f 1979 1952 1958
f 1981 1979 1958
f 1982 1958 1959
f 1969 1982 1959
f 1958 1982 1981
f 1959 1953 1969
f 1960 1971 1969
f 1957 1980 1970
f 1962 1973 1984
f 1962 1984 1974
f 1973 1964 1984
f 1984 1964 1985
f 1984 1977 1974
f 1985 1964 1975
f 1986 1985 1975
f 1975 1965 1978
f 1978 1968 1987
f 1978 1987 1986
f 1987 1968 1979
f 1989 1990 1967
f 1989 1967 1976
f 1990 1980 1967
f 1971 1983 1969
f 1988 1982 1983
f 1982 1969 1983
f 1983 1971 1972
f 1980 1988 1972
f 1983 1972 1988
f 1975 1978 1986
f 1985 1986 1989
f 1977 1985 1989
f 1976 1977 1989
f 1987 1989 1986
f 1987 1981 1989
f 1979 1981 1987
f 1982 1988 1981
f 1989 1981 1990
f 1988 1990 1981
f 1988 1980 1990
f 1985 1977 1984
f 1977 1976 1974
f 1965 1975 1963
f 1908 1909 1938
f 1890 1891 1908
f 1993 1991 1992
f 1993 1994 1995
f 1993 1995 1991
f 1996 1991 1995
f 1997 1996 1995
f 1995 1998 1997
f 2000 1997 1999
f 1999 2002 2000
f 1999 2004 2002
f 2002 2001 2000
f 2002 2005 2001
f 2006 2008 2009
f 2006 1992 2007
f 2009 1992 2006
f 1993 1992 2009
f 2009 1994 1993
f 1992 1991 2027
f 2012 2013 1994
f 2013 1995 1994
f 2011 1991 1996
f 1995 2013 1998
f 1996 2014 2011
f 2014 1997 2000
f 1997 1998 1999
f 1998 2003 1999
f 2015 2014 2000
f 1998 2013 2003
f 2013 2016 2003
f 2003 2004 1999
f 2003 2017 2004
f 2001 2005 2018
f 2002 2019 2005
f 2018 2005 2020
f 2005 2019 2020
f 2023 2022 2006
f 2024 2022 2023
f 2008 2022 2025
f 2007 2021 2023
f 2007 2023 2006
f 2022 2008 2006
f 2026 2021 2007
f 1992 2026 2007
f 2008 2010 2009
f 2026 1992 2027
f 2012 1994 2010
f 2010 1994 2009
f 2027 1991 2011
f 2028 2013 2012
f 2017 2003 2016
f 2000 2001 2029
f 2001 2030 2029
f 2001 2018 2030
f 2018 2032 2030
f 2004 2017 2034
f 2020 2033 2018
f 2002 2004 2019
f 2004 2034 2019
f 2021 2036 2024
f 2023 2021 2024
f 2024 2037 2025
f 2037 2024 2038
f 2024 2025 2022
f 2024 2036 2039
f 2025 2010 2008
f 2036 2021 2026
f 2040 2010 2025
f 2036 2026 2041
f 2010 2042 2012
f 2043 2026 2027
f 2011 2043 2027
f 2011 2044 2043
f 2014 2044 2011
f 2042 2028 2012
f 2028 2016 2013
f 2045 2016 2028
f 2029 2015 2000
f 2029 2044 2015
f 2031 2017 2016
f 2018 2033 2032
f 2034 2048 2035
f 2047 2033 2020
f 2047 2020 2049
f 2019 2034 2035
f 2050 2020 2019
f 2050 2019 2035
f 2024 2039 2038
f 2037 2052 2025
f 2038 2039 2053
f 2052 2040 2025
f 2010 2040 2042
f 2041 2026 2054
f 2026 2043 2054
f 2045 2028 2042
f 2045 2031 2016
f 2029 2030 2056
f 2056 2030 2032
f 2032 2033 2046
f 2058 2032 2046
f 2033 2059 2046
f 2059 2033 2047
f 2048 2034 2017
f 2048 2017 2031
f 2035 2048 2067
f 2020 2051 2049
f 2020 2050 2051
f 2051 2050 2067
f 2035 2067 2050
f 2037 2038 2060
f 2037 2060 2052
f 2038 2053 2060
f 2053 2036 2041
f 2036 2053 2039
f 2041 2054 2053
f 2040 2055 2042
f 2040 2052 2055
f 2043 2044 2062
f 2045 2042 2072
f 2062 2044 2029
f 2062 2029 2056
f 2057 2056 2032
f 2045 2063 2031
f 2058 2057 2032
f 2058 2046 2064
f 2065 2046 2059
f 2031 2063 2048
f 2059 2047 2066
f 2048 2076 2067
f 2067 2049 2051
f 2053 2061 2060
f 2060 2061 2052
f 2054 2061 2053
f 2043 2069 2054
f 2072 2042 2055
f 2062 2069 2043
f 2071 2069 2062
f 2073 2045 2072
f 2071 2062 2056
f 2063 2045 2073
f 2074 2057 2058
f 2064 2046 2065
f 2075 2059 2066
f 2063 2076 2048
f 2047 2049 2066
f 2077 2066 2049
f 2077 2049 2067
f 2067 2078 2077
f 2067 2076 2078
f 2078 2076 2086
f 2052 2061 2068
f 2061 2079 2068
f 2080 2052 2068
f 2061 2054 2079
f 2052 2080 2055
f 2069 2079 2054
f 2079 2069 2070
f 2080 2072 2055
f 2080 2082 2072
f 2069 2081 2070
f 2073 2072 2082
f 2071 2056 2084
f 2057 2074 2056
f 2084 2056 2074
f 2074 2058 2085
f 2086 2063 2073
f 2085 2058 2064
f 2087 2085 2064
f 2088 2064 2065
f 2075 2088 2065
f 2064 2088 2087
f 2065 2059 2075
f 2066 2077 2075
f 2063 2086 2076
f 2068 2079 2090
f 2068 2090 2080
f 2079 2070 2090
f 2090 2070 2091
f 2090 2083 2080
f 2091 2070 2081
f 2092 2091 2081
f 2081 2071 2084
f 2084 2074 2093
f 2084 2093 2092
f 2093 2074 2085
f 2095 2096 2073
f 2095 2073 2082
f 2096 2086 2073
f 2077 2089 2075
f 2094 2088 2089
f 2088 2075 2089
f 2089 2077 2078
f 2086 2094 2078
f 2089 2078 2094
f 2081 2084 2092
f 2091 2092 2095
f 2083 2091 2095
f 2082 2083 2095
f 2093 2095 2092
f 2093 2087 2095
f 2085 2087 2093
f 2088 2094 2087
f 2095 2087 2096
f 2094 2096 2087
f 2094 2086 2096
f 2091 2083 2090
f 2083 2082 2080
f 2071 2081 2069
f 2014 2015 2044
f 1996 1997 2014
f 2317 2592 2316
f 2254 2252 2253
f 2939 2950 2951
f 2263 2587 2297
f 3002 3004 3021
f 3548 3537 3535
f 2106 2108 2574
f 2965 2962 2970
f 2855 2865 2870
f 2653 2654 2671
f 2166 2165 2162
f 2837 2176 3989
f 3013 3469 3009
f 3489 3486 3499
f 2154 3958 2141
f 2138 2936 2931
f 2949 2137 2136
f 2752 2765 2766
f 3020 3025 3467
f 2715 2706 2725
f 2126 2125 2992
f 2764 2176 2837
f 2688 2690 2679
f 2773 2761 2746
f 2214 2241 2244
f 2724 2719 2720
f 2969 2132 2130
f 2576 2312 2229
f 3916 2958 3917
f 2720 2722 2728
f 2279 3961 2273
f 2112 2332 2116
f 2716 2735 2726
f 3964 2633 3963
f 3000 2999 3011
f 3618 3619 3638
f 3947 3954 2118
f 2226 2190 2191
f 2942 2954 2939
f 2678 2677 2679
f 2588 2621 2627
f 3641 3623 3620
f 3579 3566 3568
f 2685 2684 2670
f 3652 3917 3916
f 2755 2749 2753
f 2155 2129 2153
f 2213 2208 2199
f 2274 2266 2302
f 2988 2982 2130
f 2948 2945 2947
f 2980 2984 2987
f 2267 2227 2270
f 2692 2678 2679
f 2932 2925 2929
f 2797 2798 2795
f 2154 2170 2169
f 2130 2127 2126
f 2779 2780 2791
f 2804 2803 2819
f 3983 3990 3989
f 2243 2241 2238
f 2260 2256 2295
f 2946 2940 2943
f 2839 2829 2806
f 2740 2734 2738
f 2796 2809 2807
f 2867 2855 2871
f 3470 3471 3462
f 3481 3482 3465
f 2878 2872 2874
f 2722 2726 2735
f 3529 3533 3530
f 2647 2206 2210
f 2276 2226 2277
f 2951 2950 2959
f 2690 2688 2703
f 2204 2205 2200
f 2774 2780 2772
f 2822 2808 2820
f 3616 3614 3625
f 3988 2175 3990
f 3918 3920 2951
f 2754 2751 2753
f 3930 3664 3927
f 3982 3975 3974
f 2956 2943 2965
f 2143 2893 2887
f 2306 2278 2277
f 3960 2141 3958
f 2712 2714 2721
f 2710 2701 2721
f 3026 3466 3028
f 2148 2893 2143
f 3652 3651 3656
f 3636 2646 3635
f 3548 3555 3558
f 2168 2152 2839
f 2265 2266 2274
f 2152 2882 2151
f 2134 2103 2104
f 2708 2685 2670
f 2869 2862 2863
f 2238 2215 2212
f 2837 2785 2775
f 2746 2748 2747
f 2848 2849 2866
f 2137 2894 2142
f 2702 2711 2719
f 2637 2638 2140
f 2231 2233 2234
f 2682 2657 2681
f 2170 2189 2183
f 2924 2920 2927
f 2649 2650 2158
f 3866 3532 3533
f 2940 2939 2951
f 3009 3468 3005
f 2780 2779 2772
f 2964 2961 2963
f 2965 2943 2952
f 2182 3993 2194
f 2173 3981 2641
f 2897 2901 2913
f 2975 2966 2977
f 2699 2673 2700
f 3973 3971 2181
f 2687 2674 2712
f 3612 3638 3645
f 2582 2249 2294
f 2927 2920 2921
f 2658 2677 2657
f 2189 2185 2183
f 3639 3637 3643
f 2789 2818 2813
f 3531 3533 3532
f 3672 3666 3665
f 2120 2119 2125
f 2851 2857 2849
f 2195 2230 2155
f 2684 2697 2683
f 2961 2960 3929
f 2295 2296 2292
f 2937 2949 2955
f 2122 3013 3009
f 2167 2842 2840
f 2212 2230 2237
f 2972 2970 2971
f 2893 2892 2888
f 3493 3508 3504
f 3535 3537 2235
f 2113 2108 2107
f 2804 2779 2803
f 2250 2219 2249
f 2841 2842 2845
f 2812 2807 2808
f 3591 3583 3596
f 2203 2210 2206
f 2663 2661 2662
f 3018 3473 3465
f 3503 3526 2102
f 2615 2616 2624
f 2919 2918 2912
f 2758 2746 2755
f 2681 2704 2706
f 2747 2749 2755
f 3553 3565 3555
f 3924 2958 3925
f 2705 2706 2714
f 2172 3982 3984
f 2593 2277 2226
f 2247 2295 2248
f 2634 2635 2200
f 3524 3521 3525
f 2605 2619 2613
f 2166 2171 2164
f 3490 3495 3484
f 3544 3550 3552
f 2163 2150 2128
f 3915 2952 3914
f 2787 2767 2776
f 2881 2874 2866
f 2243 2247 2244
f 2851 2173 2148
f 2310 2593 2589
f 2211 2197 2212
f 2180 2189 2170
f 2835 2837 2175
f 2825 2820 2821
f 2751 2754 2757
f 3527 3524 2098
f 2258 2259 2261
f 3494 3506 3510
f 2191 2196 3964
f 2153 2124 2150
f 2665 2651 2661
f 2938 2947 2956
f 2737 2745 2739
f 2840 2842 2841
f 2761 2748 2746
f 2238 2242 2243
f 2759 2771 2756
f 3529 3534 3533
f 2225 3978 2188
f 2849 2848 2847
f 2671 2673 2672
f 3925 2959 3924
f 2146 2144 2140
f 3602 2854 3610
f 2584 2617 2294
f 3006 2999 2995
f 2663 2743 2744
f 3615 3608 3637
f 2698 2690 2709
f 2220 2253 2252
f 3381 2344 2345
f 2874 2145 2144
f 2240 2295 2292
f 2912 2908 2919
f 3586 3579 3585
f 2723 2691 2710
f 2612 3987 3986
f 2982 2986 2979
f 2122 3009 2997
f 2915 2911 2924
f 3532 3863 3867
f 3017 2457 3012
f 2346 2376 2347
f 2334 2333 2343
f 2477 2521 2476
f 4001 2363 2369
f 2331 2340 2319
f 2379 2371 2370
f 2396 3010 3908
f 2803 2802 2801
f 2315 2322 2309
f 3099 3110 3092
f 3230 2371 2396
f 2668 2669 2652
f 2354 2323 2357
f 2323 2324 2309
f 2321 3426 3461
f 2397 2391 2390
f 2105 2309 2324
f 2408 2413 2412
f 2381 3024 2388
f 3274 3271 3285
f 2388 2385 2381
f 2586 2564 2570
f 2341 2336 2335
f 3017 3012 3014
f 3220 3231 3224
f 3868 2590 3869
f 2372 2356 2387
f 2362 2357 2356
f 3116 3114 3109
f 2406 2401 2408
f 2401 2407 2408
f 2393 2377 3118
f 3785 2372 3019
f 3119 3120 3044
f 2511 2519 2515
f 3024 2389 2388
f 3024 2381 3027
f 2318 2308 2100
f 2349 2348 2342
f 3019 2372 2387
f 2389 2387 2394
f 2397 2398 2391
f 3361 2330 3366
f 2397 2390 2396
f 2520 2567 2544
f 3103 3111 3102
f 2364 2393 2403
f 3142 3216 2399
f 3349 3348 3347
f 2359 2354 3007
f 3216 3949 2399
f 2526 2547 2546
f 3260 2368 2366
f 3235 3234 3220
f 2516 2472 2473
f 3027 2381 2384
f 3010 2396 2379
f 2344 3426 2336
f 2471 2470 2467
f 2509 2542 2539
f 2389 2380 2385
f 2486 2483 2482
f 2373 2351 2347
f 2393 2406 2412
f 3122 3044 3119
f 2328 2324 2323
f 2392 3118 3105
f 2402 2364 2403
f 2418 2378 2453
f 3890 2414 2503
f 2376 2404 2373
f 2363 2367 2369
f 2362 2383 2380
f 2337 2322 2315
f 2395 2415 2409
f 3951 3010 2380
f 3082 3102 3097
f 2327 2311 2329
f 2379 2380 3010
f 2111 2332 2338
f 3263 3229 2390
f 3023 3019 2389
f 2315 2572 2099
f 2488 2497 2489
f 3854 3856 2378
f 2432 2422 2430
f 2427 2423 2428
f 2408 2407 2411
f 2414 2419 2403
f 2321 2327 2336
f 3008 3007 2362
f 2393 2364 3887
f 2422 2436 2420
f 2460 2435 2461
f 2471 2467 2469
f 2454 2429 2428
f 2429 2427 2428
f 2436 2437 2420
f 2411 2413 2408
f 2389 3019 2387
f 2401 2406 2392
f 2412 2406 2408
f 2442 2443 2441
f 2350 2342 2323
f 2389 2394 2380
f 2315 2099 2314
f 2449 2413 2411
f 2435 2424 2425
f 3892 2452 3893
f 2403 2419 2402
f 2537 2540 2510
f 3689 2431 2422
f 2326 2327 2325
f 2486 2484 2520
f 2389 2385 2388
f 2323 2309 2322
f 2360 2359 3008
f 2549 2449 2500
f 2541 2559 2560
f 2420 2435 2425
f 2466 2467 2470
f 3217 3215 2400
f 2454 2456 2429
f 2456 3014 2429
f 2459 2462 2440
f 3831 2459 2458
f 2437 2467 2464
f 2468 2506 2507
f 2461 2438 2464
f 2412 2413 2414
f 2434 2435 2420
f 2440 2439 2436
f 2435 2460 2453
f 2469 2467 2437
f 3689 2422 2432
f 2466 2464 2467
f 2434 2437 2464
f 2474 2473 2442
f 2479 2482 2483
f 2480 2474 2441
f 2487 2489 2491
f 2383 2382 2381
f 2314 2338 2337
f 2356 2322 2351
f 2393 2392 2406
f 2531 2546 2549
f 2420 2437 2434
f 2436 2422 2431
f 2526 2546 2531
f 2487 2491 2490
f 2475 2472 2478
f 2493 2499 2450
f 3210 3212 2374
f 2518 2471 2463
f 2459 2440 2458
f 2466 2461 2464
f 3891 2414 3890
f 2448 2447 2449
f 2472 2475 2443
f 2438 2434 2464
f 2328 2327 2326
f 2395 3911 3909
f 2502 2496 3888
f 2424 2435 2453
f 2496 2497 2488
f 2597 2423 2598
f 2562 2566 2543
f 2474 2442 2441
f 2493 2501 2499
f 2532 2534 2551
f 2469 2463 2471
f 2430 2422 2433
f 2477 2476 2475
f 2434 2438 2435
f 2497 2525 2489
f 3911 2395 3950
f 2484 2441 2485
f 2360 3008 2365
f 2412 2414 2403
f 2499 2500 2449
f 2469 2437 2439
f 2518 2544 2470
f 3900 2404 3898
f 2448 2411 3905
f 2314 2337 2315
f 2399 2395 2409
f 2447 2445 2446
f 3022 2433 2429
f 2491 2492 2493
f 2513 2514 2512
f 3853 3857 2433
f 2510 2512 2511
f 2463 2511 2515
f 3894 2462 2459
f 3283 3279 3270
f 2490 2493 2450
f 2470 2508 2466
f 2479 2480 2481
f 3895 3888 2496
f 2484 2481 2441
f 3899 2446 2417
f 2496 2488 2495
f 2461 2435 2438
f 2453 2378 2424
f 2439 2437 2436
f 2523 2524 2492
f 2482 2484 2486
f 2449 2414 2413
f 2488 2487 2498
f 2499 2501 2500
f 2465 2460 2461
f 2420 2425 2378
f 2461 2466 2465
f 2431 2440 2436
f 2528 2527 2524
f 2541 2472 2516
f 2468 2508 2509
f 2503 2414 2451
f 2449 2495 2498
f 2489 2487 2488
f 2501 2530 2529
f 2455 2431 3689
f 2468 2466 2508
f 2535 2551 2536
f 3014 2456 3017
f 2528 2523 2522
f 2450 2449 2498
f 2428 2423 2454
f 2452 2535 3893
f 2335 2327 2328
f 2418 2453 2504
f 2524 2523 2528
f 2454 2457 2456
f 3846 3341 3339
f 2442 2472 2443
f 2443 2475 2476
f 2465 2505 2460
f 2483 2518 2479
f 3022 2429 3014
f 2446 2445 2417
f 2459 2457 3894
f 2535 2452 2532
f 2452 2503 2532
f 2544 2545 2470
f 2492 2527 2501
f 2532 2551 2535
f 2474 2512 2473
f 2454 3894 2457
f 2512 2514 2473
f 2480 2479 2519
f 2411 2448 2449
f 2517 2560 2561
f 2357 2322 2356
f 2424 2378 2425
f 2490 2450 2498
f 2518 2515 2519
f 2529 2549 2500
f 2488 2498 2495
f 2520 2485 2521
f 3162 3214 3163
f 2451 2549 2533
f 2549 2529 2531
f 2470 2471 2518
f 2533 2534 2532
f 2465 2466 2468
f 2491 2523 2492
f 2505 2465 2507
f 2455 2440 2431
f 2476 2521 2485
f 2522 2523 2489
f 2512 2474 2519
f 2441 2481 2480
f 2465 2468 2507
f 2478 2517 2543
f 2509 2508 2542
f 2456 2457 3017
f 2505 2507 2506
f 2330 3362 3366
f 2453 2460 2504
f 2536 2551 2553
f 2477 2475 2478
f 3437 3425 3446
f 2476 2485 2443
f 2441 2443 2485
f 2534 2552 2551
f 2481 2484 2482
f 2518 2519 2479
f 3326 3336 3323
f 2517 2478 2472
f 2532 2451 2533
f 3290 3302 3298
f 2365 2379 2370
f 2497 2502 2525
f 2491 2493 2490
f 3888 2494 2502
f 2365 2362 2379
f 2558 2545 2565
f 2555 2540 2537
f 2520 2484 2485
f 3426 2321 2336
f 2561 2560 2564
f 2481 2482 2479
f 2498 2487 2490
f 2349 2342 2350
f 2503 2451 2532
f 3906 2506 2538
f 2489 2523 2491
f 2367 3307 2368
f 2489 2525 2522
f 2463 2515 2518
f 2511 2512 2519
f 2355 2353 2350
f 2550 2494 2552
f 2528 2522 2526
f 2497 2496 2502
f 2338 2334 2347
f 2558 2565 2569
f 2447 2496 2495
f 2504 2505 2444
f 2345 2341 2348
f 2447 2495 2449
f 2527 2492 2524
f 2540 2555 2541
f 2571 2545 2585
f 2570 2565 2571
f 2552 2554 2553
f 2372 2362 2356
f 3271 3269 3282
f 2444 2505 2506
f 2547 2548 2533
f 2492 2501 2493
f 2504 2460 2505
f 2345 2336 2341
f 2474 2480 2519
f 2334 2338 2332
f 2564 2562 2561
f 3346 3352 3345
f 2527 2530 2501
f 3874 3869 3851
f 2362 2382 2383
f 3428 3439 3443
f 3286 3288 3275
f 2534 2533 2548
f 2357 2323 2322
f 2383 2381 2385
f 3302 3300 3298
f 2389 3024 3023
f 3260 2366 2371
f 3353 3343 3344
f 2553 2551 2552
f 2403 2393 2412
f 3855 3859 3853
f 3460 2311 2320
f 2543 2561 2562
f 3271 3282 3284
f 2571 2586 2570
f 2343 2308 3870
f 2362 2354 2357
f 2371 3273 2370
f 2371 2366 3273
f 2359 2355 2354
f 2391 3263 2390
f 3264 3275 3277
f 2380 2383 2385
f 3121 3105 3085
f 2337 2351 2322
f 2725 2724 2733
f 2320 2311 2327
f 3607 3605 3603
f 3223 3224 3232
f 2317 2600 2601
f 3274 2365 2370
f 2541 2555 2563
f 2331 2110 2575
f 2381 2382 2384
f 3018 3476 3000
f 2249 2220 2252
f 2985 2987 2979
f 3656 3914 3913
f 2599 3962 2592
f 2582 2615 2619
f 2847 2848 2844
f 2155 2197 3937
f 2713 2723 2734
f 2350 2323 2354
f 2529 2500 2501
f 2439 2463 2469
f 3443 3431 3428
f 2355 2350 2354
f 2349 3372 2348
f 2371 3236 3260
f 2510 2513 2512
f 3964 2635 2634
f 2233 2645 2234
f 2845 2853 2852
f 2759 2778 2771
f 2554 2539 2557
f 2510 2540 2513
f 2365 3008 2362
f 3349 2353 2355
f 3399 3390 3389
f 3321 3332 3331
f 3433 3429 3421
f 3413 2330 3412
f 2337 2338 2347
f 3260 3245 3253
f 2444 2506 3906
f 2530 2527 2528
f 3259 3255 3262
f 2353 3368 2349
f 2538 2539 2554
f 2514 2513 2540
f 2335 2336 2327
f 2560 2568 2564
f 2470 2545 2542
f 2575 2313 3674
f 2567 2521 2543
f 2572 2315 2309
f 3785 2384 2372
f 3043 3029 3030
f 3031 3032 3034
f 3029 3031 3037
f 3029 3033 3031
f 2952 3916 3917
f 2160 2162 2158
f 2104 2103 2097
f 2268 2267 2270
f 2674 2654 2680
f 2243 2244 2241
f 2794 2783 2815
f 3666 3658 3665
f 3666 3659 3658
f 2906 2895 2908
f 2175 2168 2835
f 2673 2674 2687
f 2745 3994 2154
f 2211 2212 2215
f 2705 2714 2712
f 2706 2715 2714
f 2136 2639 2131
f 2171 2157 3991
f 3541 3539 3540
f 3518 3521 3523
f 2749 2756 2754
f 2696 2681 2706
f 3494 3492 3506
f 3959 3957 3939
f 2771 2789 2770
f 2999 3026 3011
f 2111 2116 2332
f 2633 2231 2632
f 2254 2253 2298
f 2756 2757 2754
f 2118 3943 3947
f 2798 2797 2799
f 3469 3468 3009
f 3540 3539 3543
f 2137 2640 2136
f 2258 2256 2259
f 2154 2169 2740
f 2123 2112 2124
f 2153 2129 2123
f 3477 2993 3000
f 2242 2284 2245
f 2930 2927 2923
f 2648 2646 3636
f 3592 3591 3588
f 2731 2723 2721
f 3930 2958 3927
f 2131 2134 2104
f 2614 2625 2621
f 2780 2781 2791
f 2102 3526 3491
f 2795 2798 2796
f 3487 3485 3489
f 2880 2879 2146
f 3637 3639 3615
f 2690 2703 2709
f 3991 3984 3980
f 2991 2997 2996
f 3941 2141 3960
f 2667 2744 2666
f 2268 2269 2300
f 2628 2629 2623
f 3464 3013 3016
f 2949 2132 2968
f 2314 2099 2115
f 3631 3625 3632
f 2655 2653 2675
f 2850 2856 2867
f 3997 2824 2637
f 2134 2133 2103
f 3639 3643 3646
f 2617 2620 2616
f 2898 2889 2901
f 2631 3966 2632
f 2667 2665 2661
f 2748 2749 2747
f 2967 2979 2974
f 2815 2817 2824
f 2599 2601 2271
f 2686 2699 2691
f 2784 2785 2835
f 2295 2256 2296
f 2627 2628 2588
f 2121 2114 3491
f 2873 2869 2863
f 2930 2923 2926
f 3941 3960 3959
f 2977 2984 2980
f 3650 3652 3658
f 2245 2286 2285
f 2988 2989 2982
f 2664 2683 2658
f 3671 3669 3864
f 2622 2623 2629
f 2876 2870 2877
f 2818 2823 2813
f 2271 3979 3961
f 3632 3625 3624
f 2945 2937 2944
f 3626 3625 3631
f 3574 3584 3569
f 3942 2141 3941
f 2771 2770 2757
f 2777 2767 2786
f 2916 2926 2923
f 2839 2152 2151
f 3657 3655 3654
f 2989 2993 3478
f 2700 2687 2701
f 2144 2925 2932
f 2578 2631 2287
f 3610 3617 3611
f 2878 2875 2868
f 2295 2247 2587
f 2237 2238 2212
f 2176 2177 2186
f 2707 2713 2727
f 2198 3971 3975
f 2762 2750 2748
f 2812 2822 2819
f 3988 2173 2174
f 2242 2238 2237
f 2778 2792 2789
f 3995 2154 3994
f 2112 2123 2117
f 3656 3923 3915
f 2939 2954 2953
f 3492 3504 3505
f 2830 2828 2825
f 2176 2186 2172
f 2225 2226 2224
f 2171 3991 3980
f 2760 2772 2759
f 2198 2194 3972
f 2232 2208 2217
f 2828 2814 2826
f 3933 2129 2155
f 2110 2118 2109
f 3517 3519 3512
f 2954 2963 2953
f 2110 2109 3000
f 2299 2266 2300
f 2695 2682 2696
f 2946 2945 2940
f 2781 2805 2799
f 2864 2868 2861
f 2744 2741 2666
f 2915 2917 2911
f 3026 3006 3003
f 2627 2626 2629
f 2889 2902 2901
f 2812 2808 2822
f 2895 2897 2909
f 3988 3981 2173
f 3602 3600 3604
f 2154 2141 2170
f 3662 3923 3656
f 2303 2310 2589
f 3934 3938 3940
f 2725 2704 2724
f 2713 2691 2723
f 3469 3470 3468
f 2785 2837 2835
f 3560 3563 3566
f 3496 3497 3509
f 2769 2777 2788
f 3578 3577 3562
f 2815 2790 2817
f 2270 2276 2278
f 2625 2624 2620
f 2940 2944 2939
f 2229 3963 3965
f 3482 3489 3500
f 2279 2302 2271
f 2971 2970 2964
f 3510 3513 3515
f 2773 2758 2783
f 2211 2241 2214
f 2838 2177 2836
f 2813 2786 2787
f 3991 3981 3990
f 2208 2213 2217
f 2991 2992 2122
f 2178 2184 2743
f 2115 2103 2128
f 2859 2861 2860
f 3984 3990 2172
f 2638 2637 2830
f 2708 2718 2717
f 2881 2148 2143
f 2251 2218 2219
f 2982 2969 2130
f 2831 2825 2821
f 2848 2846 2844
f 2286 2580 2583
f 2291 2581 2290
f 2755 2769 2783
f 2684 2716 2697
f 2660 2657 2659
f 2218 2262 2220
f 2259 2263 2261
f 2253 2220 2262
f 2136 2131 2132
f 2638 2833 2834
f 2313 2575 2098
f 3972 2194 2223
f 2143 2903 2917
f 2266 2268 2300
f 2838 2773 2794
f 2742 2187 3993
f 2246 2214 2244
f 2748 2750 2749
f 2207 2210 2199
f 2142 2156 2139
f 2115 2124 2116
f 3975 2192 2198
f 2140 2929 2976
f 2273 2265 2274
f 2147 2892 2893
f 3942 2179 2141
f 2300 2269 2301
f 2727 2734 2740
f 3961 2221 3956
f 2858 2862 2869
f 2859 2854 3602
f 2962 2960 2970
f 2883 2167 2850
f 2873 2863 2868
f 2974 2978 2973
f 3608 3606 3613
f 2206 2205 2204
f 2602 2605 2603
f 2113 2107 2114
f 3500 3499 3501
f 2738 2731 2736
f 2307 2305 2304
f 2969 2979 2967
f 3474 3475 3001
f 3009 3005 2997
f 2987 2978 2979
f 3997 2794 2824
f 2251 2219 2250
f 3502 3526 3503
f 2173 2851 2167
f 2205 2231 2200
f 2118 3945 3943
f 2603 2613 2580
f 2645 2643 2642
f 2123 2124 2153
f 2848 2864 2846
f 2194 3978 2222
f 2967 2974 2954
f 3509 3508 3496
f 2294 2617 2616
f 2937 2942 2944
f 3564 3573 3574
f 3560 3550 3556
f 2616 2620 2624
f 2664 2684 2683
f 3478 3477 2109
f 2762 2774 2760
f 2738 2739 2154
f 2803 2801 2812
f 2685 2717 2716
f 3000 3011 3463
f 2892 2891 2888
f 2963 2961 2953
f 2579 2245 2283
f 2269 2270 2278
f 2891 2904 2902
f 3011 3026 3462
f 2798 2800 2809
f 3502 3511 3490
f 2794 2745 2730
f 2221 3979 2283
f 2287 2289 2290
f 2785 2784 2782
f 2641 3981 3991
f 2693 2691 2713
f 2290 2289 2291
f 2625 2613 2624
f 3524 3525 2098
f 2167 2843 2842
f 2677 2694 2688
f 2102 2114 2107
f 2670 2664 2669
f 3936 3934 3940
f 2887 2890 2903
f 2177 2838 2718
f 2659 2682 2656
f 3992 2186 2177
f 2157 2162 2160
f 2263 2297 2261
f 2879 2877 2875
f 2846 2864 2861
f 2871 2882 2152
f 2934 2948 2947
f 2981 2986 2109
f 2126 2127 2120
f 2706 2704 2725
f 2572 2097 2099
f 3001 3013 2122
f 2245 2285 2243
f 2910 2918 2922
f 2685 2716 2684
f 3004 3025 3020
f 2934 2937 2948
f 2652 2664 2658
f 3000 3476 3500
f 2623 2584 2298
f 2257 2296 2256
f 3517 3523 3519
f 2970 2960 2961
f 2176 3983 3989
f 2921 2919 2913
f 3635 2149 2161
f 2981 2976 2985
f 2295 2240 2248
f 2182 2194 2193
f 3925 2958 3919
f 3506 3492 3505
f 2126 2992 2991
f 2233 2206 2643
f 2576 2577 2600
f 2719 2711 2720
f 3967 2236 2239
f 2158 2161 2159
f 3939 2135 3933
f 2204 2200 2635
f 2772 2779 2778
f 2579 2603 2580
f 3525 3521 3522
f 2855 2870 2871
f 2944 2942 2939
f 2682 2681 2696
f 3467 3470 3028
f 3011 3462 3463
f 2168 2883 2152
f 3013 3472 3469
f 2615 2624 2619
f 2266 2299 2302
f 2693 2713 2707
f 2137 2138 2905
f 2984 2972 2971
f 2273 2272 2265
f 2274 2279 2273
f 3542 2199 2208
f 3525 2101 2311
f 3503 3521 3520
f 2717 2729 2716
f 2702 2689 2698
f 3963 2280 2191
f 2823 2816 2813
f 2695 2706 2705
f 2870 2865 2869
f 2803 2812 2819
f 2189 2180 2191
f 2988 2126 2990
f 2900 2899 2911
f 3656 3651 3655
f 2654 2674 2671
f 2286 2583 2285
f 2140 2932 2929
f 2139 2133 2134
f 2680 2656 2695
f 3018 3463 3473
f 3514 3513 3507
f 3524 3519 3523
f 2582 2616 2615
f 2998 3002 2994
f 3481 3480 3479
f 2765 2768 2767
f 3601 3599 3608
f 2140 2638 2151
f 3514 3516 3515
f 2108 2104 2105
f 2937 2955 2942
f 2805 2806 2821
f 2226 2188 2190
f 3982 3974 3977
f 3931 2958 3930
f 2691 2699 2710
f 2832 2834 2829
f 3491 3526 3490
f 2660 2659 2651
f 2856 2840 2841
f 2787 2770 2813
f 2185 2188 2184
f 3000 2993 2999
f 3003 3021 3020
f 2687 2712 2701
f 3491 2114 2102
f 2966 2965 2972
f 3593 3598 3594
f 2731 2721 2732
f 2132 2131 2127
f 2267 2275 2227
f 3922 2960 3923
f 2266 2265 2264
f 2297 2262 2261
f 2769 2766 2777
f 2865 2858 2869
f 2176 2172 3983
f 2174 2173 2167
f 2588 2628 2623
f 2171 3980 3970
f 2217 2213 2216
f 2584 2618 2617
f 2587 2247 2588
f 2631 2576 3966
f 2902 2914 2901
f 2866 2872 2864
f 2887 2888 2885
f 2297 2298 2262
f 2180 2179 2196
f 2958 3924 3926
f 2809 2800 2811
f 2894 2905 2891
f 2254 2255 2252
f 2992 2125 2122
f 3026 3003 3466
f 2760 2759 2749
f 2769 2788 2790
f 2823 2817 2816
f 3502 3490 3526
f 2680 2695 2705
f 2899 2910 2911
f 2743 2727 2740
f 2878 2146 2879
f 2261 2262 2218
f 2213 2197 2214
f 2841 2845 2852
f 2675 2672 2676
f 2868 2863 2861
f 2578 2287 2581
f 2830 2827 2828
f 2226 2228 2593
f 2994 2996 2998
f 3485 3486 3489
f 2120 2104 2108
f 2692 2679 2702
f 2179 2180 2141
f 3524 3523 3521
f 3482 3487 3489
f 3006 3002 3003
f 2884 2897 2895
f 3493 3486 3485
f 2931 2905 2138
f 2766 2767 2777
f 3583 3585 3579
f 3470 3472 3471
f 2652 2660 2651
f 2281 2221 2282
f 2850 2167 2840
f 2265 2275 2264
f 2669 2664 2652
f 3936 3942 3937
f 2580 2286 2579
f 2263 2260 2587
f 2966 2972 2977
f 3654 3653 3658
f 2819 2822 2826
f 2185 2189 2190
f 2825 2822 2820
f 2691 2676 2686
f 2667 2663 2744
f 2694 2697 2722
f 2722 2735 2728
f 2118 2135 2140
f 2199 2210 3934
f 3581 3586 3588
f 2219 2220 2249
f 2982 2979 2969
f 2883 2850 2867
f 2770 2789 2813
f 2102 2107 2101
f 2149 2164 2133
f 2780 2782 2781
f 2947 2945 2946
f 2681 2678 2692
f 2893 2888 2887
f 2669 2668 2182
f 2924 2922 2920
f 3483 3495 3496
f 2857 2866 2849
f 2881 2143 2145
f 2221 2283 2282
f 2704 2719 2724
f 2750 2760 2749
f 2888 2889 2885
f 3935 3939 3933
f 2647 2209 3539
f 2710 2699 2700
f 2823 2814 2828
f 2956 2965 2966
f 3926 3927 2958
f 2788 2816 2817
f 2216 2240 2217
f 2240 2292 2288
f 2639 2139 2131
f 2137 2949 2138
f 2264 2267 2268
f 2122 2119 2114
f 3499 3498 3512
f 3481 3465 3464
f 3487 3479 3485
f 3657 3659 3661
f 2576 2631 2578
f 3485 3483 3493
f 3935 2155 3937
f 2730 2718 2838
f 2246 2248 2240
f 2931 2933 2926
f 2885 2898 2884
f 2741 2666 2742
f 3658 3919 3925
f 2166 2162 2157
f 2189 2191 2190
f 2755 2752 2769
f 2133 3970 2163
f 2676 2672 2686
f 2920 2919 2921
f 2957 2976 2929
f 2878 2868 2872
f 2156 2147 2148
f 2775 2762 2837
f 2776 2770 2787
f 2908 2895 2909
f 2818 2814 2823
f 2221 2181 3956
f 2808 2807 2820
f 2626 2625 2620
f 2649 2165 2166
f 2909 2913 2919
f 2301 2305 2300
f 3664 3671 3670
f 2660 2658 2657
f 2947 2946 2956
f 3633 3628 3627
f 2703 2694 2722
f 2601 2602 2603
f 2174 2175 3988
f 2732 2725 2733
f 2907 2908 2912
f 2996 2994 2990
f 2832 2151 2638
f 3499 3486 3498
f 2762 2760 2750
f 2903 2890 2899
f 2604 2619 2605
f 3506 3513 3510
f 2793 2804 2814
f 2965 2952 2962
f 2136 2132 2949
f 2915 2925 2917
f 3640 3615 3639
f 2736 2732 2733
f 2783 2790 2815
f 2985 2980 2987
f 3500 2110 3000
f 3016 2121 3480
f 2100 3932 2318
f 2215 2241 2211
f 2835 2168 2839
f 3527 3501 3519
f 3472 3470 3469
f 2952 2960 2962
f 3671 3864 3528
f 2709 2703 2720
f 2637 2824 2817
f 2288 3967 2240
f 2985 2986 2981
f 2663 2662 2707
f 2673 2687 2700
f 2778 2779 2804
f 2223 3976 3972
f 3025 3468 3470
f 3970 2133 2164
f 2871 2152 2867
f 2916 2914 2902
f 2884 2895 2886
f 2957 2956 2966
f 2197 2211 2214
f 2668 2742 3993
f 3968 2273 3961
f 2659 2657 2682
f 2107 2329 2311
f 2798 2799 2800
f 3484 3483 3485
f 2814 2819 2826
f 2305 2303 2299
f 2936 2933 2931
f 2580 2613 2614
f 2689 2679 2690
f 3916 3920 2958
f 2265 2272 2275
f 2288 2631 3967
f 2188 2185 2190
f 2637 2827 2830
f 2989 2990 2995
f 2153 2150 2181
f 2236 2235 2217
f 3508 3493 3496
f 2792 2814 2818
f 2961 3931 3930
f 2866 2864 2848
f 2130 2126 2988
f 2929 2925 2928
f 2941 2951 2952
f 3923 2960 3915
f 2843 2849 2847
f 2256 2260 2259
f 2923 2921 2914
f 2671 2674 2673
f 2591 2316 2592
f 3493 3504 3492
f 2662 2655 2675
f 2127 2131 2104
f 2722 2697 2726
f 2139 2134 2131
f 2746 2758 2773
f 2188 2187 2184
f 2255 2254 2584
f 2868 2864 2872
f 2870 2869 2873
f 2688 2694 2703
f 3944 3946 2308
f 2891 2889 2888
f 3466 3003 3020
f 2803 2791 2802
f 2834 2825 2831
f 3984 3982 3980
f 2792 2793 2814
f 2799 2805 2810
f 2577 2576 2578
f 2950 2953 2959
f 2247 2583 2588
f 2973 2963 2974
f 2683 2697 2694
f 2252 2255 2249
f 2890 2886 2899
f 2148 2173 2156
f 2935 2957 2933
f 3961 2279 2271
f 3984 3991 3990
f 2287 2290 2581
f 2886 2895 2906
f 2889 2898 2885
f 2986 2985 2979
f 2647 2643 2206
f 2641 2156 2173
f 2924 2911 2922
f 2148 2147 2893
f 2791 2797 2802
f 2714 2715 2725
f 2118 3954 2135
f 2880 2882 2876
f 2670 2684 2664
f 3996 3994 3997
f 2144 2146 2874
f 2711 2709 2720
f 2704 2702 2719
f 2724 2720 2728
f 2622 2620 2618
f 2232 3542 2208
f 3648 3641 3642
f 2224 2273 3968
f 2645 2642 2234
f 3586 3572 3579
f 3494 3486 3493
f 2305 2301 2304
f 2303 2589 2591
f 2324 2108 2105
f 3614 3609 3615
f 3955 3939 3957
f 2910 2907 2912
f 2958 3931 3929
f 2191 2180 2196
f 2184 2744 2743
f 2758 2755 2783
f 3668 3667 3862
f 2620 2617 2618
f 2805 2821 2810
f 2993 2995 2999
f 3955 3958 2636
f 2834 2831 2829
f 2280 2312 2228
f 2166 2164 2646
f 3954 3947 2129
f 2854 2859 2858
f 2796 2798 2809
f 2782 2780 2774
f 2137 2142 2640
f 2142 2139 2640
f 2288 2296 2289
f 2242 2237 2282
f 2183 2185 2178
f 2863 2860 2861
f 2577 2605 2602
f 3519 3501 3512
f 2792 2818 2789
f 3516 3518 3517
f 3583 3579 3577
f 2224 2222 2225
f 2604 2577 2578
f 2928 2930 2929
f 2985 2976 2980
f 2855 2852 2858
f 2729 2735 2716
f 2991 2996 2990
f 2101 2107 2311
f 2871 2876 2882
f 2928 2924 2927
f 3553 3547 3546
f 2638 2830 2833
f 3468 3025 3005
f 2584 2254 2298
f 2736 2731 2732
f 2197 2202 2212
f 2680 2705 2712
f 2876 2879 2880
f 3482 3500 3476
f 3502 3520 3511
f 2106 2325 2107
f 3961 3976 3968
f 2306 2277 2593
f 2734 2723 2731
f 2955 2954 2942
f 3944 2343 2112
f 2970 2961 2964
f 2582 2619 2604
f 2752 2751 2765
f 2282 2284 2242
f 2791 2781 2797
f 3506 3505 3513
f 2825 2828 2826
f 2767 2768 2776
f 3617 3622 3618
f 2832 2638 2834
f 2674 2680 2712
f 2662 2675 2693
f 2640 2139 2639
f 2894 2147 2142
f 2139 2157 2160
f 2120 2113 2119
f 3460 2313 2098
f 2100 3946 3945
f 2116 2124 2112
f 2646 2164 2149
f 2602 2601 2600
f 3471 3472 3473
f 3518 3497 3511
f 2686 2672 2699
f 2692 2702 2704
f 2917 2925 2144
f 2177 2764 2763
f 3463 3462 3471
f 2138 2934 2936
f 3980 3982 3977
f 3553 3570 3565
f 2247 2243 2285
f 2729 2730 2745
f 2775 2774 2762
f 3488 3480 3491
f 2763 2762 2748
f 2997 2998 2996
f 2226 2276 2227
f 2894 2891 2892
f 2827 2817 2823
f 2973 2964 2963
f 3005 3002 2998
f 2618 2584 2622
f 3490 3511 3495
f 3491 3490 3488
f 2199 2197 2213
f 2825 2826 2822
f 2224 2272 2273
f 2650 2161 2158
f 2312 2600 2317
f 2763 2836 2177
f 2168 2167 2883
f 2147 2894 2892
f 2676 2693 2675
f 2268 2270 2269
f 2781 2799 2797
f 2627 2629 2628
f 2172 2186 2192
f 2816 2788 2813
f 2844 2853 2845
f 3464 3480 3481
f 2875 2873 2868
f 2800 2810 2811
f 2216 2246 2240
f 2160 2158 2159
f 2142 2147 2156
f 2925 2915 2924
f 2960 2952 3915
f 2126 2120 2125
f 2728 2733 2724
f 2763 2764 2762
f 2828 2827 2823
f 2739 2728 2737
f 3924 2959 3926
f 3974 3973 3969
f 2281 2181 2221
f 3664 3931 3929
f 2119 2113 2114
f 2675 2671 2672
f 2187 2741 2744
f 2238 2241 2215
f 3497 3496 3495
f 2297 2587 2623
f 3963 2633 3965
f 2588 2623 2587
f 2834 2833 2825
f 2718 2730 2717
f 2659 2656 2653
f 2736 2739 2738
f 2801 2796 2807
f 2648 2166 2646
f 2289 2296 2251
f 3964 3963 2191
f 2236 3967 2234
f 2946 2943 2956
f 2582 2294 2616
f 2294 2249 2255
f 3935 3942 3941
f 2862 2860 2863
f 3473 3472 3013
f 3505 3504 3507
f 2745 2737 2729
f 3477 3478 2993
f 2801 2807 2812
f 2689 2690 2698
f 2649 3632 2650
f 2896 2906 2907
f 3974 3969 3977
f 3562 3559 3576
f 3460 2098 3525
f 2836 2763 2761
f 3937 2197 3936
f 2629 2626 2620
f 2154 2739 2745
f 2231 2234 3967
f 2783 2769 2790
f 2579 2286 2245
f 3001 2122 2121
f 2785 2782 2775
f 2769 2752 2766
f 2756 2771 2757
f 2661 2655 2662
f 2959 2953 2961
f 2681 2692 2704
f 3018 3000 3463
f 2820 2810 2821
f 2248 2246 2244
f 3545 3553 3546
f 2950 2939 2953
f 2293 2291 2250
f 3927 2959 2961
f 3560 3556 3563
f 2968 2967 2955
f 2582 2293 2249
f 3958 2154 3995
f 3616 2861 3614
f 3532 3867 3531
f 3482 3481 3487
f 2737 2728 2735
f 3958 3957 3960
f 3965 2632 3966
f 2122 2997 2991
f 2905 2904 2891
f 2862 2858 2859
f 2661 2651 2655
f 2879 2875 2878
f 2777 2786 2788
f 3965 3966 2229
f 3977 2163 3970
f 3634 2649 2648
f 2227 2275 2226
f 2907 2906 2908
f 3618 3638 3612
f 2132 2127 2130
f 2110 2319 3932
f 2656 2680 2654
f 2652 2658 2660
f 2248 2244 2247
f 2833 2830 2825
f 2181 2281 2195
f 2874 2872 2866
f 2968 2955 2949
f 2813 2788 2786
f 2909 2897 2913
f 2136 2640 2639
f 3500 3527 2110
f 2934 2949 2937
f 2982 3478 2109
f 2653 2671 2675
f 2749 2759 2756
f 2979 2978 2974
f 2746 2747 2755
f 3488 3484 3485
f 2945 2944 2940
f 3507 3509 3514
f 3530 3533 3531
f 2174 2167 2168
f 2786 2767 2787
f 2975 2957 2966
f 3644 3650 3645
f 2877 2873 2875
f 2570 2564 2569
f 2564 2586 2566
f 3415 3426 2344
f 2105 2572 2309
f 2541 2517 2472
f 3266 3286 3275
f 2360 3274 3285
f 2548 2547 3889
f 2721 2714 2732
f 2141 2180 2170
f 2778 2804 2793
f 2375 3246 3263
f 2353 2349 2350
f 3380 3379 3373
f 2531 2529 2530
f 2478 2543 2477
f 2335 2328 2342
f 2544 2518 2483
f 2559 2568 2560
f 2540 2516 2514
f 2545 2567 2585
f 2360 2365 3274
f 2559 2563 2568
f 3786 3785 3019
f 2757 2770 2776
f 2943 2941 2952
f 2775 2782 2774
f 2916 2904 2931
f 3992 2192 2186
f 2782 2805 2781
f 2140 2151 2882
f 3495 3511 3497
f 2187 2742 2741
f 2759 2772 2778
f 3584 3587 3580
f 2246 2216 2214
f 2231 2205 2206
f 2720 2703 2722
f 2755 2753 2752
f 3922 3662 3921
f 3513 3505 3507
f 2158 2165 2649
f 2145 2143 2917
f 2760 2774 2772
f 3518 3520 3521
f 3480 3464 3016
f 2156 2641 2157
f 2856 2841 2855
f 2657 2677 2678
f 2099 2097 2103
f 2778 2789 2771
f 2795 2796 2801
f 3967 2239 2240
f 3940 2179 3936
f 3928 3662 3664
f 2969 2967 2968
f 2681 2657 2678
f 2195 2281 2230
f 3932 2573 2318
f 2229 2312 2280
f 2814 2804 2819
f 2281 2282 2237
f 2581 2582 2604
f 2765 2751 2768
f 2178 2185 2184
f 2995 2990 2994
f 2229 2280 3963
f 2651 2659 2653
f 3038 3037 3035
f 2569 2564 2568
f 3039 3040 3033
f 3038 3035 3036
f 3039 3033 3029
f 3100 3113 3104
f 3109 3110 3099
f 3038 3029 3037
f 3030 3036 3042
f 3121 2392 3105
f 3114 3110 3109
f 3030 3038 3036
f 3030 3029 3038
f 3045 3039 3043
f 3043 3039 3029
f 3047 3030 3042
f 3043 3046 3120
f 3044 3045 3043
f 3046 3043 3030
f 3049 3050 3051
f 3043 3120 3119
f 3053 3054 3050
f 3031 3053 3049
f 3053 3050 3049
f 2545 2544 2567
f 3031 3049 3032
f 3049 3051 3052
f 3052 3058 3032
f 3056 3057 3055
f 3035 3056 3055
f 3033 3053 3031
f 3059 3056 3035
f 3032 3049 3052
f 3060 3059 3035
f 3037 3031 3034
f 3034 3032 3058
f 3041 3040 3039
f 3105 3118 3112
f 3037 3060 3035
f 3036 3055 3061
f 3042 3036 3061
f 3037 3034 3060
f 3042 3061 3062
f 3045 3041 3039
f 3048 3042 3062
f 3045 3044 3122
f 3063 3048 3062
f 3050 3077 3051
f 3064 3077 3050
f 3048 3047 3042
f 3051 3065 3052
f 3066 3057 3068
f 3069 3064 3054
f 3098 3106 3100
f 3094 3104 3113
f 3095 3094 3107
f 3055 3057 3066
f 3070 3057 3056
f 3055 3066 3072
f 3054 3053 3071
f 3054 3064 3050
f 3040 3053 3033
f 3066 3081 3072
f 3059 3070 3056
f 3118 3116 3112
f 3036 3035 3055
f 3117 3106 3114
f 3074 3084 3059
f 3062 3061 3075
f 3061 3072 3075
f 3102 3098 3097
f 3060 3074 3059
f 3073 3074 3060
f 3077 3078 3051
f 3051 3078 3065
f 3086 3048 3063
f 3078 3079 3065
f 3067 3068 3057
f 3067 3076 3068
f 3040 3071 3053
f 3061 3055 3072
f 3073 3060 3034
f 3058 3073 3034
f 3107 3123 3108
f 3115 3113 3106
f 3057 3080 3067
f 3052 3090 3058
f 3071 3069 3054
f 3058 3083 3073
f 3041 3085 3040
f 3073 3084 3074
f 3088 3078 3077
f 3041 3122 3121
f 3080 3076 3067
f 3076 3089 3087
f 3068 3087 3081
f 3068 3081 3066
f 3081 3100 3072
f 3059 3082 3070
f 3065 3090 3052
f 3064 3069 3077
f 3065 3079 3090
f 3088 3079 3078
f 3070 3082 3080
f 3070 3080 3057
f 3080 3089 3076
f 3076 3087 3068
f 3058 3090 3083
f 3100 3106 3113
f 3072 3100 3075
f 3083 3092 3084
f 3117 3115 3106
f 3083 3090 3092
f 3069 3088 3077
f 3071 3091 3069
f 3085 3071 3040
f 3086 3063 3095
f 3041 3121 3085
f 3087 3098 3081
f 3062 3075 3094
f 3084 3092 3093
f 3073 3083 3084
f 3107 3094 3113
f 3086 3095 3096
f 3097 3098 3089
f 3088 3099 3079
f 3080 3097 3089
f 3110 3111 3103
f 3098 3100 3081
f 3091 3101 3069
f 3063 3062 3094
f 3094 3075 3104
f 3090 3099 3092
f 3063 3094 3095
f 3059 3084 3082
f 3082 3097 3080
f 3109 3099 3101
f 3089 3098 3087
f 3100 3104 3075
f 3102 3106 3098
f 3101 3088 3069
f 3112 3109 3101
f 3091 3112 3101
f 3132 3131 3129
f 3084 3103 3082
f 3103 3102 3082
f 3127 3132 3134
f 3134 3132 3135
f 3096 3095 3108
f 3129 3135 3132
f 3133 3130 3131
f 3136 3133 3124
f 3125 3133 3127
f 3124 3133 3125
f 3139 3124 3126
f 3128 3127 3138
f 3126 3127 3128
f 3138 3127 3137
f 3140 3126 3128
f 3141 3126 3140
f 3141 3139 3126
f 3141 3140 3142
f 3131 3130 3129
f 3130 3144 3143
f 3130 3143 3129
f 3144 3145 3143
f 2390 3219 3221
f 3143 3146 3129
f 3129 3146 3135
f 3213 3203 3211
f 3133 3147 3130
f 3227 3223 3225
f 3147 3144 3130
f 3211 3203 3208
f 3140 3128 3138
f 3134 3135 3149
f 3127 3134 3137
f 3137 3134 3149
f 3138 3137 3150
f 3140 3138 3152
f 3124 3151 3136
f 3138 3150 3152
f 3153 3140 3152
f 3216 3142 3140
f 3151 3124 3139
f 3210 3213 3212
f 3210 3207 3213
f 3146 3154 3135
f 3135 3154 3148
f 3143 3145 3146
f 3147 3155 3144
f 3137 3149 3156
f 3158 3150 3157
f 3150 3156 3157
f 3152 3150 3158
f 3163 3153 3160
f 3139 3215 3217
f 3153 3152 3160
f 3216 3153 3163
f 3222 3228 3230
f 3145 3154 3146
f 3149 3135 3148
f 3155 3164 3145
f 3232 3225 3223
f 3165 3154 3145
f 3147 3166 3155
f 3147 3168 3166
f 3149 3148 3167
f 3156 3149 3167
f 3151 3161 3136
f 3151 3172 3161
f 3158 3159 3160
f 3163 3160 3162
f 3160 3152 3158
f 3144 3155 3145
f 3219 3220 3221
f 2390 3221 3222
f 3163 3214 3216
f 3173 3174 3176
f 3176 3177 3175
f 3164 3165 3145
f 3173 3179 3174
f 3176 3178 3177
f 3180 3173 3175
f 3154 3165 3148
f 3175 3173 3176
f 3136 3161 3133
f 3159 3175 3177
f 3156 3170 3171
f 3158 3169 3159
f 3137 3156 3150
f 3181 3180 3169
f 3169 3180 3175
f 3169 3175 3159
f 3182 3181 3157
f 3133 3161 3147
f 3179 3173 3180
f 3220 3234 3231
f 3156 3182 3157
f 3212 3208 2608
f 3159 3177 3183
f 3156 3171 3182
f 3160 3159 3183
f 3212 3213 3211
f 3214 3162 3184
f 3170 3192 3171
f 3162 3160 3183
f 3156 3167 3170
f 3174 3187 3176
f 3155 3166 3164
f 3185 3189 3187
f 3174 3185 3187
f 3217 3172 3151
f 3157 3181 3169
f 3178 3189 3188
f 3179 3185 3174
f 3191 3165 3164
f 3179 3190 3185
f 3191 3164 3166
f 3157 3169 3158
f 3181 3179 3180
f 3181 3190 3179
f 3177 3188 3183
f 3166 3195 3194
f 3148 3191 3167
f 3172 3193 3161
f 3176 3187 3178
f 3187 3189 3178
f 3178 3188 3177
f 3165 3191 3148
f 3228 3226 3227
f 3194 3191 3166
f 3161 3168 3147
f 3168 3195 3166
f 3189 3198 3188
f 3170 3167 3196
f 3171 3192 3182
f 3182 3197 3181
f 3184 3162 3183
f 3161 3193 3168
f 3198 3189 3185
f 3190 3186 3185
f 3190 3200 3186
f 3198 3199 3188
f 3186 3198 3185
f 3235 3246 3234
f 3167 3191 3196
f 3183 3188 3199
f 3170 3196 3192
f 3224 3231 3232
f 3192 3197 3182
f 3193 3195 3168
f 3201 3191 3194
f 3227 3225 3243
f 3200 3198 3186
f 3203 3198 3200
f 3269 3281 3282
f 3181 3197 3190
f 3196 3191 3201
f 3201 3194 3195
f 3205 3201 3195
f 3183 3199 3184
f 3206 3204 3192
f 3244 3237 3234
f 3193 3172 3202
f 3190 3197 3200
f 3184 3199 3207
f 3218 3184 3207
f 3208 3206 3205
f 3229 3219 2390
f 3203 3199 3198
f 3206 3201 3205
f 3196 3201 3192
f 3192 3204 3197
f 3201 3206 3192
f 2608 3195 3202
f 3221 3226 3222
f 3235 3220 3219
f 3193 3202 3195
f 3203 3200 3204
f 3218 3207 3210
f 3197 3204 3200
f 3208 3203 3206
f 3203 3204 3206
f 2608 3208 3205
f 3209 3199 3203
f 2608 3205 3195
f 3236 3228 3245
f 3229 3246 3235
f 3241 3239 3238
f 3241 3242 3239
f 3263 3246 3229
f 3238 3239 3240
f 3247 3240 3242
f 3242 3240 3239
f 3248 3242 3241
f 3291 3302 3290
f 2368 3307 3297
f 3241 3238 3237
f 3243 3240 3247
f 3245 3227 3243
f 3234 3249 3244
f 3234 3250 3249
f 3291 3283 3297
f 3246 3250 3234
f 3245 3260 3236
f 3237 3248 3241
f 3244 3248 3237
f 3249 3248 3244
f 3245 3243 3251
f 3252 3242 3248
f 3247 3251 3243
f 3250 3246 2375
f 3252 3247 3242
f 3249 3252 3248
f 3253 3245 3251
f 3250 3255 3249
f 3254 3247 3252
f 3257 3247 3254
f 3257 3251 3247
f 3255 3256 3249
f 3256 3252 3249
f 3265 3264 3278
f 3256 3254 3252
f 3257 3253 3251
f 3250 3262 3255
f 3261 3253 3257
f 3258 3254 3256
f 3255 3258 3256
f 3266 3276 3286
f 3257 3258 3261
f 3300 3301 3299
f 3255 3259 3258
f 3250 2375 3262
f 3259 3261 3258
f 3264 3265 3266
f 3267 3265 3268
f 3268 3265 3269
f 3267 3266 3265
f 3258 3257 3254
f 3278 3281 3269
f 3276 3287 3286
f 3271 3268 3269
f 2368 3297 2366
f 3285 3284 3312
f 3293 3294 3281
f 3295 3291 3297
f 3272 3268 3271
f 3273 3267 3268
f 3273 3268 3272
f 3264 3266 3275
f 3274 3272 3271
f 3270 3279 3266
f 3275 3289 3277
f 3290 3276 3279
f 3287 3288 3286
f 3287 3292 3288
f 3288 3289 3275
f 3290 3292 3287
f 3289 3293 3277
f 3277 3293 3281
f 3279 3291 3290
f 3301 3293 3299
f 3280 3291 3279
f 3326 3320 3325
f 3282 3281 3294
f 3289 3299 3293
f 3299 3289 3288
f 3299 3292 3298
f 3304 3300 3302
f 3308 3301 3300
f 3304 3308 3300
f 3296 3282 3294
f 3304 3302 3291
f 3303 3294 3301
f 3305 3304 3295
f 3305 3309 3304
f 3296 3303 3306
f 3297 3307 3305
f 3312 3306 3313
f 3308 3303 3301
f 3334 3343 3354
f 3841 3338 3842
f 3311 3303 3308
f 3295 3304 3291
f 3296 3294 3303
f 3309 3311 3308
f 3320 3321 3331
f 3310 3309 3305
f 3309 3310 3311
f 3313 3311 3310
f 3311 3313 3306
f 3307 3310 3305
f 2366 3267 3273
f 3309 3308 3304
f 3348 3335 3347
f 3315 3318 3316
f 3311 3306 3303
f 3323 3321 3320
f 3320 3331 3319
f 3314 3329 2361
f 3317 3322 3335
f 3319 3331 3330
f 3320 3319 3324
f 3324 3319 3322
f 3325 3320 3324
f 3355 3346 3337
f 3317 3324 3322
f 3325 3324 3317
f 3327 3326 3325
f 3328 3327 3325
f 3314 3327 3328
f 3323 3332 3321
f 3318 3327 3314
f 3314 3328 3317
f 3314 3317 3329
f 3342 3350 3340
f 3350 3341 3340
f 3352 3350 3345
f 3316 3318 3314
f 3328 3325 3317
f 3315 3337 3336
f 3348 3329 3335
f 3318 3315 3336
f 3410 3381 3389
f 3396 3395 3397
f 3317 3335 3329
f 3315 3313 3337
f 3832 3338 3836
f 3835 3331 3332
f 3396 3402 3401
f 3392 3402 3394
f 3835 3338 3839
f 3844 3843 3339
f 3845 3338 3846
f 3834 3338 3833
f 3837 3839 3338
f 3837 3331 3839
f 3331 3339 3330
f 3340 3834 3332
f 3332 3342 3340
f 3339 3341 3333
f 3343 3333 3341
f 3330 3339 3333
f 3334 3333 3343
f 3344 3343 3341
f 3350 3344 3341
f 3345 3332 3323
f 3336 3345 3323
f 3336 3346 3345
f 3327 3336 3326
f 3337 3346 3336
f 3335 3334 3347
f 3351 3344 3350
f 3345 3342 3332
f 3345 3350 3342
f 3850 3849 3338
f 3338 3841 3840
f 3849 3846 3338
f 3382 3393 3384
f 3341 3849 3850
f 3341 3848 3340
f 3338 3848 3850
f 3346 3357 3352
f 3400 3399 3408
f 3351 3353 3344
f 3347 3334 3354
f 2345 3387 3389
f 3355 3357 3346
f 3379 3388 3395
f 3360 3357 3355
f 3347 3354 3359
f 3351 3363 3353
f 3354 3353 3358
f 3357 3364 3352
f 3363 3358 3353
f 3359 3354 3358
f 3365 3360 3356
f 3361 3365 3356
f 3366 3359 3365
f 3362 3359 3366
f 3364 3351 3352
f 3353 3354 3343
f 3388 3397 3395
f 3423 3426 3415
f 3357 3360 3364
f 3363 3367 3358
f 3349 3347 3359
f 3356 3360 3355
f 3360 3367 3364
f 2363 3356 3310
f 3365 3367 3360
f 3365 3361 3366
f 2361 3316 3314
f 2410 3119 3120
f 3122 2410 2407
f 2410 3122 3119
f 3364 3363 3351
f 3403 3385 3394
f 3368 3370 2349
f 3363 3364 3367
f 2349 3371 3372
f 2349 3370 3371
f 3369 3413 3373
f 3376 3370 3374
f 3368 3369 3370
f 3369 3375 3370
f 3367 3359 3358
f 3371 3370 3376
f 3416 3422 3414
f 3401 3392 3383
f 3393 3392 3384
f 3384 3392 3394
f 3373 3375 3369
f 3382 3374 3375
f 3412 3380 3373
f 2345 3371 3377
f 3371 2345 3372
f 3371 3376 3377
f 3383 3392 3393
f 3391 3398 3380
f 3380 3398 3388
f 3365 3359 3367
f 3411 3400 3391
f 3393 3382 3383
f 3422 3420 3414
f 3372 2345 2348
f 2344 3381 3410
f 3382 3384 3385
f 3386 3383 3382
f 3385 3378 3382
f 3385 3377 3378
f 3375 3386 3382
f 3374 3378 3376
f 3379 3395 3386
f 3387 3377 3385
f 3378 3374 3382
f 3373 3379 3375
f 3386 3375 3379
f 3375 3374 3370
f 2345 3377 3387
f 3380 3388 3379
f 3377 3376 3378
f 3381 2345 3389
f 3390 3410 3389
f 3434 3433 3421
f 3396 3397 3405
f 3409 3381 3410
f 3404 3403 3405
f 3407 3404 3405
f 3405 3406 3407
f 3418 3431 3430
f 3329 2359 2360
f 3429 3427 3428
f 3430 3432 3446
f 3408 3406 3398
f 3404 3387 3403
f 3406 3408 3407
f 3405 3397 3406
f 3389 3387 3404
f 3388 3398 3397
f 3420 3424 3421
f 3423 3420 3419
f 3429 3428 3421
f 3391 3408 3398
f 3399 3389 3408
f 3391 3400 3408
f 3402 3396 3405
f 3394 3405 3403
f 3416 3414 3415
f 3428 3427 3439
f 3398 3406 3397
f 3431 3444 3432
f 3389 3404 3407
f 3408 3389 3407
f 3429 3445 3441
f 2360 2361 3329
f 3422 3424 3420
f 2369 3253 3261
f 3432 3430 3431
f 3459 3460 3456
f 2363 3310 3307
f 3310 3337 3313
f 2375 2374 3262
f 3425 3419 3430
f 3423 3419 3425
f 3435 3436 3434
f 3425 3430 3446
f 3424 3435 3434
f 3417 3435 3424
f 3437 3461 3425
f 3426 3423 3425
f 3426 3425 3461
f 2370 3273 3272
f 3440 3442 3439
f 3368 2353 3362
f 3441 3440 3427
f 2370 3272 3274
f 3415 3390 3399
f 3427 3440 3439
f 3390 3415 2344
f 3417 3422 3416
f 3437 3438 3461
f 3417 3424 3422
f 3312 2361 3285
f 3362 2330 3413
f 3417 3411 3435
f 3429 3441 3427
f 3424 3434 3421
f 3444 3431 3443
f 3337 3310 3356
f 3435 3380 2331
f 3316 3312 3313
f 3441 3448 3440
f 3445 3450 3448
f 3449 3442 3448
f 3441 3445 3448
f 3450 3449 3448
f 3452 3433 3447
f 3429 3450 3445
f 3450 3433 3452
f 3442 3449 3444
f 3448 3442 3440
f 3449 3450 3451
f 3184 3218 3214
f 3452 3451 3450
f 3433 3450 3429
f 3449 3451 3444
f 3460 3457 3456
f 3451 3432 3444
f 3253 2368 3260
f 2361 3312 3316
f 3436 3447 3434
f 3434 3447 3433
f 3453 3446 3432
f 3452 3447 3454
f 3454 3447 3436
f 3455 3446 3453
f 3267 2366 3283
f 3437 3446 3455
f 3362 2353 3349
f 3319 3333 3334
f 3438 3455 3456
f 3452 3454 3458
f 3380 3435 3411
f 3451 3452 3453
f 2342 2328 2323
f 3453 3456 3455
f 3453 3458 3456
f 2379 2362 2380
f 3452 3458 3453
f 3459 3458 3454
f 3674 3454 3436
f 3435 2331 3674
f 3459 3456 3458
f 2330 3380 3412
f 3674 2313 3459
f 3236 2371 3230
f 3387 3385 3403
f 3267 3283 3270
f 2391 2375 3263
f 2398 3214 2391
f 3214 2398 3216
f 2400 3141 3142
f 2392 3121 2401
f 2391 3218 2375
f 3142 2399 2400
f 2407 3121 3122
f 2401 3121 2407
f 3217 3108 3172
f 3141 2400 3215
f 2400 3096 3217
f 2399 3949 3910
f 3278 3277 3281
f 3420 3428 3418
f 3428 3420 3421
f 3172 3108 3123
f 3253 2367 2368
f 2516 2473 2514
f 2486 2520 2544
f 2575 3674 2331
f 3411 3417 3400
f 2326 2574 2328
f 2568 2563 2557
f 2331 2319 2110
f 2473 2472 2442
f 2359 3007 3008
f 3416 3400 3417
f 2569 2557 2558
f 2382 2372 2384
f 3012 2457 3015
f 2569 2568 2557
f 3953 2417 2410
f 3043 3119 3044
f 3316 3313 3315
f 2359 3329 2355
f 3123 3107 3115
f 3092 3103 3093
f 3118 2377 3116
f 3045 3122 3041
f 3116 2377 3117
f 3046 3030 3047
f 3356 2330 3361
f 3215 3139 3141
f 3217 3151 3139
f 3399 3416 3415
f 3153 3216 3140
f 3459 2313 3460
f 3455 3438 3437
f 3047 2405 3046
f 3460 2320 3457
f 3438 2321 3461
f 3330 3333 3319
f 3269 3265 3278
f 3285 3271 3284
f 3270 3266 3267
f 2543 2521 2477
f 3395 3383 3386
f 3395 3401 3383
f 3326 3323 3320
f 3322 3319 3334
f 3212 3211 3208
f 3222 3226 3228
f 3214 3218 2391
f 3106 3111 3114
f 3106 3102 3111
f 3213 3209 3203
f 3107 3113 3115
f 2326 2325 2574
f 2541 2516 2540
f 3220 3224 3221
f 3230 2390 3222
f 2566 2567 2543
f 2556 2557 2563
f 2542 2558 2539
f 3368 3362 3369
f 3329 3348 2355
f 3416 3399 3400
f 2566 2586 2567
f 2342 2341 2335
f 2334 2332 2333
f 2321 2320 2327
f 2541 2563 2559
f 2548 2550 2534
f 2543 2517 2561
f 2585 2567 2586
f 2567 2520 2521
f 2571 2585 2586
f 2545 2571 2565
f 2555 2556 2563
f 2569 2565 2570
f 2566 2562 2564
f 3007 2354 2362
f 3318 3336 3327
f 3124 3125 3126
f 3114 3116 3117
f 2377 3123 3117
f 3115 3117 3123
f 3224 3223 3226
f 3126 3125 3127
f 3114 3111 3110
f 3116 3109 3112
f 2344 3410 3390
f 3335 3322 3334
f 3412 3373 3413
f 3231 3233 3232
f 3438 2320 2321
f 3413 3369 3362
f 3457 3438 3456
f 2342 2348 2341
f 2360 3285 2361
f 3292 3299 3288
f 3231 3237 3233
f 3233 3237 3238
f 2546 2547 2549
f 3295 3297 3305
f 3312 3296 3306
f 3841 3842 3340
f 3352 3351 3350
f 2366 3297 3283
f 3227 3245 3228
f 3207 3199 3209
f 3085 3105 3091
f 3092 3110 3103
f 3213 3207 3209
f 3093 3103 3084
f 3226 3223 3227
f 3221 3224 3226
f 3225 3240 3243
f 3234 3237 3231
f 3108 3095 3107
f 3079 3099 3090
f 3071 3085 3091
f 3283 3280 3279
f 2534 2550 2552
f 2530 2528 2526
f 2541 2560 2517
f 2508 2470 2542
f 3362 3349 3359
f 2355 3348 3349
f 3391 3380 3411
f 2538 2468 2509
f 3395 3396 3401
f 2362 2372 2382
f 2111 2338 2314
f 2486 2544 2483
f 2329 2325 2327
f 2533 2549 2547
f 2328 2574 2324
f 2344 2336 2345
f 2531 2530 2526
f 3101 3099 3088
f 3105 3112 3091
f 3133 3131 3127
f 3230 3228 3236
f 3219 3229 3235
f 3127 3131 3132
f 3276 3290 3287
f 3760 3240 3225
f 3301 3294 3293
f 3300 3299 3298
f 3291 3280 3283
f 3290 3298 3292
f 3296 3312 3284
f 3284 3282 3296
f 3402 3405 3394
f 3415 3414 3423
f 3419 3418 3430
f 3419 3420 3418
f 3414 3420 3423
f 3355 3337 3356
f 3674 3459 3454
f 3453 3432 3451
f 3278 3264 3277
f 3279 3276 3266
f 3401 3402 3392
f 3385 3384 3394
f 3439 3444 3443
f 3428 3431 3418
f 3435 3674 3436
f 3457 2320 3438
f 3439 3442 3444
f 2851 2843 2167
f 2829 2831 2821
f 3995 3994 3996
f 2891 2902 2889
f 2582 2581 2293
f 3991 2157 2641
f 3637 3612 3643
f 3551 3543 3549
f 2137 2905 2894
f 2169 2743 2740
f 2150 2124 2128
f 2763 2748 2761
f 2738 2734 2731
f 2980 2975 2977
f 2104 2097 2105
f 2958 3921 3922
f 3979 2579 2283
f 2126 2991 2990
f 2293 2250 2249
f 2263 2259 2260
f 2784 2805 2782
f 2201 2230 2212
f 3028 3466 3467
f 2319 2573 3932
f 2303 2591 3962
f 3865 3528 3529
f 2191 2228 2226
f 3576 3575 3582
f 2118 2100 3945
f 3500 3501 3527
f 3545 3564 3553
f 3489 3499 3500
f 3604 3596 3601
f 2166 2157 2171
f 2761 2838 2836
f 3636 3633 2648
f 2289 2250 2291
f 3016 3013 3475
f 2852 2853 2854
f 2165 2158 2162
f 2677 2688 2679
f 2862 2859 2860
f 2587 2260 2295
f 2108 2106 2107
f 2156 2157 2139
f 2938 2934 2947
f 3465 3473 3464
f 2643 2645 2233
f 2223 2194 2222
f 2730 2729 2717
f 3517 3512 3498
f 3959 3960 3957
f 2245 2284 2283
f 3494 3493 3492
f 2753 2751 2752
f 3988 3990 3981
f 2276 2277 2278
f 2887 2885 2886
f 2790 2788 2817
f 3503 2102 2101
f 3673 3672 3867
f 3590 3596 3589
f 3924 3926 3663
f 2695 2656 2682
f 2898 2897 2884
f 3662 3928 3921
f 3927 2961 3930
f 3611 3617 3618
f 3569 3580 3570
f 3627 2648 3633
f 3866 3862 3532
f 3577 3579 3568
f 2122 2125 2119
f 2105 2097 2572
f 2972 2965 2970
f 2993 2989 2995
f 2910 2899 2896
f 3940 2196 2179
f 3603 3597 3602
f 3528 3866 3534
f 3672 3673 3666
f 3610 2846 2861
f 2219 2218 2220
f 2111 2314 2116
f 2644 3545 3546
f 3664 3662 3671
f 2938 2956 2935
f 2983 2973 2978
f 3593 3584 3581
f 2124 2115 2128
f 2312 2576 2600
f 2109 3477 3000
f 2146 2878 2874
f 2224 2226 2272
f 2806 2805 2784
f 3553 3555 3547
f 2650 3629 3635
f 3624 3630 2650
f 2960 3928 3929
f 2921 2913 2914
f 3958 3995 3996
f 3562 3577 3567
f 2658 2683 2677
f 2236 2217 2239
f 2110 3932 2118
f 3547 3555 3548
f 2651 2653 2655
f 3589 3578 3582
f 2229 3966 2576
f 3667 3673 3863
f 2133 2128 2103
f 3561 3572 3573
f 3543 3542 3549
f 3658 3664 3665
f 3572 3566 3579
f 3620 3624 3621
f 3615 3609 3608
f 3913 2958 3914
f 3915 3914 2958
f 2251 2250 2289
f 2903 2899 2900
f 2197 2155 2202
f 3480 2121 3491
f 2913 2901 2914
f 2839 2832 2829
f 2667 2661 2663
f 3021 3004 3020
f 3596 3583 3589
f 3541 3540 3544
f 3643 3612 3645
f 3484 3495 3483
f 3603 3598 3593
f 3599 3590 3595
f 3912 2236 2234
f 2625 2614 2613
f 2861 3616 3610
f 3649 3652 3650
f 3551 3549 3557
f 2925 2924 2928
f 2899 2886 2896
f 2778 2793 2792
f 3635 2161 2650
f 3661 3667 3668
f 3562 3567 3557
f 3617 3610 3616
f 3642 3647 3651
f 3975 3971 3974
f 2264 2268 2266
f 3464 3473 3013
f 2695 2696 2706
f 2581 2291 2293
f 2623 2298 2297
f 2842 2847 2845
f 3970 2164 2171
f 3561 3560 3572
f 3610 3611 3607
f 3655 3646 3654
f 3928 2960 3921
f 3654 3658 3659
f 2701 2712 2721
f 3480 3488 3479
f 2624 2613 2619
f 3002 3005 3004
f 2127 2104 2120
f 2113 2120 2108
f 2802 2797 2795
f 3556 3551 3563
f 3581 3572 3586
f 2910 2912 2918
f 2708 2717 2685
f 2929 2933 2957
f 3938 2196 3940
f 3527 3519 3524
f 2665 2666 2741
f 3479 3488 3485
f 3611 3612 3606
f 3522 3503 2101
f 3917 3652 3913
f 3623 3618 3628
f 2285 2583 2247
f 2866 2857 2881
f 2216 2213 2214
f 2961 3929 3931
f 3570 3580 3571
f 3569 3584 3580
f 3614 3604 3609
f 2316 2591 2593
f 3649 3650 3644
f 3663 3926 3664
f 3630 3624 3620
f 3597 3588 3602
f 3575 3587 3582
f 2983 2978 2987
f 3920 3652 3916
f 2983 2987 2984
f 2911 2910 2922
f 2698 2709 2711
f 2178 2169 2183
f 2766 2765 2767
f 2806 2835 2839
f 3916 2952 2951
f 2666 2665 2667
f 2916 2923 2914
f 3640 3639 3646
f 2256 2258 2257
f 3933 3954 2129
f 2853 2844 2846
f 3658 3920 3918
f 2837 2762 2764
f 2604 2578 2581
f 3604 3601 3609
f 2835 2806 2784
f 2838 2761 2773
f 2683 2694 2677
f 3943 3945 2630
f 3473 3463 3471
f 2931 2926 2916
f 2626 2627 2621
f 2647 2207 2209
f 2871 2870 2876
f 3626 3631 3627
f 3538 3537 3548
f 3629 3628 3633
f 3613 3637 3608
f 2132 2969 2968
f 2329 2107 2325
f 3610 3607 3602
f 3865 3670 3671
f 3532 3862 3863
f 3669 3668 3866
f 3606 3612 3613
f 3624 3625 3614
f 3550 3543 3551
f 3632 3624 2650
f 3557 3563 3551
f 3618 3612 3611
f 2933 2929 2930
f 2955 2967 2954
f 2744 2184 2187
f 3612 3637 3613
f 3657 3654 3659
f 3529 3534 3530
f 3622 3628 3618
f 3668 3862 3866
f 2203 2206 2204
f 2166 2648 2649
f 3493 3483 3496
f 2231 3967 2632
f 2898 2901 2897
f 2911 2917 2903
f 3654 3645 3653
f 3671 3662 3669
f 2975 2976 2957
f 2877 2870 2873
f 2636 3958 3996
f 3572 3560 3566
f 2727 2713 2734
f 3552 3550 3560
f 3935 3937 3942
f 3540 3543 3550
f 2854 2853 2846
f 3590 3582 3595
f 3481 3479 3487
f 3525 3522 2101
f 2764 2177 2176
f 2665 2741 2742
f 3954 3933 2135
f 2971 2973 2983
f 2882 2880 2140
f 2729 2737 2735
f 3654 3643 3645
f 3649 3648 3652
f 3578 3583 3577
f 2976 2981 2109
f 2779 2791 2803
f 3677 3678 3679
f 3676 3677 3679
f 3680 3676 3679
f 3675 3676 3680
f 3830 3675 3680
f 3683 2458 2455
f 3700 3684 2455
f 3690 3689 2432
f 3686 3690 3685
f 3688 3691 3687
f 3682 3692 3015
f 3681 3693 3682
f 3693 3681 3695
f 3695 3681 3683
f 3696 3700 3689
f 3691 3697 3686
f 3698 3696 3690
f 3697 3698 3690
f 3694 3699 3691
f 3700 3695 3684
f 3703 3699 3694
f 3698 3704 3696
f 3700 3705 3695
f 3707 3702 3697
f 3704 3698 3710
f 3708 3707 3699
f 3694 3701 3703
f 3705 3711 3701
f 3715 3710 3712
f 3713 3708 3703
f 3709 3704 3714
f 3714 3710 3715
f 3703 3717 3716
f 3711 3718 3717
f 3705 3718 3711
f 3706 3719 3705
f 3720 3712 3707
f 3713 3721 3708
f 3722 3719 3706
f 3713 3716 3723
f 3709 3714 3724
f 3726 3718 3719
f 3720 3727 3712
f 3724 3715 3727
f 3716 3717 3728
f 3725 3729 3722
f 3725 3724 3730
f 3732 3727 3720
f 3733 3721 3723
f 3723 3716 3733
f 3730 3727 3731
f 3726 3734 3728
f 3729 3734 3726
f 3736 3732 3721
f 3737 3729 3725
f 3738 3734 3729
f 3732 3739 3731
f 3736 3740 3732
f 3741 3734 3742
f 3744 3737 3730
f 3739 3730 3731
f 3733 3735 3745
f 3733 3745 3746
f 3736 3747 3740
f 3746 3747 3736
f 3741 3742 3745
f 3748 3743 3738
f 3744 3739 3749
f 3745 3742 3750
f 3743 3750 3742
f 3748 3750 3743
f 3752 3749 3747
f 3753 3747 3746
f 3754 3744 3749
f 3753 3745 3755
f 3755 3750 3756
f 3748 3756 3750
f 3757 3752 3753
f 3751 3758 3748
f 3758 3751 3759
f 3238 3754 3752
f 3760 3752 3757
f 3757 3755 3761
f 3761 3756 3762
f 3758 3763 3756
f 3764 3759 3754
f 3760 3757 3761
f 3764 3238 3240
f 3762 3763 3787
f 3765 3758 3759
f 3240 3760 3766
f 3760 3761 3767
f 3761 3768 3767
f 3768 3788 3769
f 3772 3766 3767
f 3769 3773 3768
f 3791 3773 3769
f 3767 3768 3772
f 3770 3771 3774
f 3774 3764 3775
f 3766 3775 3764
f 3766 3777 3776
f 3779 3770 3780
f 3776 3777 3781
f 3772 3778 3777
f 3781 3782 3775
f 3783 3777 3778
f 3782 3027 3774
f 3777 3784 3781
f 3785 3783 3779
f 3027 3779 3780
f 3024 3027 3782
f 3024 3782 3784
f 3777 3783 3023
f 3790 3789 3765
f 3792 3790 3771
f 3789 3793 3787
f 3794 3798 3769
f 3788 3794 3769
f 3794 3788 3795
f 3762 3795 3788
f 3798 3792 3791
f 3793 3795 3762
f 3797 3796 3790
f 3794 3800 3798
f 3794 3795 3801
f 3805 3797 3803
f 3792 3803 3797
f 3799 3803 3792
f 3806 3795 3793
f 3805 3802 3796
f 3805 3796 3797
f 3799 3807 3803
f 3809 3802 3807
f 3836 3832 3799
f 3799 3808 3839
f 3806 3810 3808
f 3802 3811 3806
f 3809 3812 3802
f 3813 3809 3807
f 3842 3841 3813
f 3814 3843 3844
f 3808 3844 3838
f 3812 3809 3813
f 3849 3846 3815
f 3808 3815 3814
f 3817 3816 3808
f 3813 3819 3812
f 3822 3816 3817
f 3818 3823 3810
f 3818 3825 3823
f 3826 3819 3820
f 3823 3828 3822
f 3825 3828 3823
f 3829 3826 3820
f 3824 3825 3818
f 3824 3819 3826
f 3822 3828 3827
f 3829 3830 3826
f 3678 3825 3824
f 3678 3828 3825
f 3827 3830 3829
f 3677 3827 3828
f 3830 3680 3826
f 3826 3679 3824
f 3675 3679 3680
f 2670 2669 2177
f 3897 2394 2387
f 2319 2318 2573
f 2422 3853 2433
f 3855 3853 2420
f 3854 3861 3856
f 2426 2429 2433
f 3857 3859 2419
f 3857 2419 2426
f 3881 4002 3883
f 2402 3855 3861
f 3859 2402 2419
f 3861 2364 2402
f 3644 3648 3649
f 2773 2783 2794
f 3577 3568 3567
f 2859 3604 3614
f 2343 3870 2590
f 2318 3870 2308
f 3873 3869 3874
f 2339 2343 2590
f 3871 2352 3868
f 3869 2318 3851
f 3525 2311 3460
f 3514 3509 3516
f 3635 2646 2149
f 3568 3566 3563
f 3969 2163 3977
f 3856 3855 2420
f 3855 3856 3861
f 2455 2458 2440
f 2426 2427 2429
f 3853 3859 3857
f 3846 3849 3341
f 3831 2457 2459
f 3687 3012 3688
f 3012 3015 3688
f 2343 2339 2334
f 3022 3014 3685
f 3944 2112 2117
f 3629 3620 3623
f 3607 3603 3602
f 3642 3621 3640
f 2845 2847 2844
f 3647 3640 3646
f 3622 3627 3628
f 3595 3598 3599
f 3655 3651 3647
f 3488 3490 3484
f 2749 2754 2753
f 3608 3609 3601
f 3520 3518 3511
f 3672 3670 3865
f 3564 3561 3573
f 3628 3629 3623
f 3648 3651 3652
f 3478 2982 2989
f 3581 3588 3593
f 3014 3012 3685
f 3685 3012 3687
f 3023 3786 3019
f 3784 3023 3024
f 3233 3225 3232
f 3832 3833 3338
f 3332 3836 3835
f 3835 3839 3331
f 3835 3836 3338
f 3339 3837 3838
f 3339 3838 3844
f 3843 3845 3339
f 3338 3845 3843
f 3843 3844 3338
f 3844 3838 3338
f 3838 3837 3338
f 3845 3846 3339
f 3834 3842 3338
f 3837 3339 3331
f 3842 3834 3340
f 3834 3833 3332
f 3332 3833 3832
f 3832 3836 3332
f 3340 3848 3847
f 3847 3840 3340
f 3840 3841 3340
f 3840 3847 3848
f 3848 3338 3840
f 3341 3850 3848
f 3233 3760 3225
f 3656 3661 3660
f 3627 3631 3634
f 2151 2832 2839
f 2940 2951 2941
f 3515 3517 3498
f 3554 3538 3548
f 3554 3548 3558
f 2112 2343 2333
f 3520 3502 3503
f 2905 2931 2904
f 2665 2742 2668
f 3665 3664 3670
f 2919 2908 2909
f 2874 2881 2145
f 3913 3917 2958
f 2195 2155 2153
f 3542 2209 2199
f 2935 2936 2938
f 3640 3621 3615
f 3522 3521 3503
f 2971 2964 2973
f 2838 2794 2730
f 3918 2958 3920
f 2728 2736 2733
f 2935 2956 2957
f 3574 3573 3581
f 2139 2160 2159
f 2768 2757 2776
f 3863 3673 3867
f 2934 2138 2949
f 3475 3013 3001
f 2857 2851 2148
f 3578 3576 3582
f 2954 2974 2963
f 3562 3576 3578
f 2575 2110 3527
f 3021 3003 3002
f 2977 2972 2984
f 2304 2301 2269
f 3935 3959 3939
f 2251 2296 2257
f 2112 2333 2332
f 2278 2306 2307
f 2589 2593 2591
f 2653 2656 2654
f 2995 3002 3006
f 3535 3912 2234
f 3656 3655 3657
f 2952 3913 3914
f 3586 3585 3591
f 3672 3865 3867
f 2232 3537 3538
f 3664 3929 3928
f 2310 2307 2306
f 3593 3594 3584
f 3575 3571 3580
f 3543 2209 3542
f 3944 2308 2343
f 3558 3555 3565
f 2922 2918 2920
f 2307 2303 2305
f 2583 2580 2614
f 2575 3527 2098
f 2100 2308 3946
f 2911 2903 2900
f 3661 3659 3667
f 3553 3569 3570
f 3664 3930 3931
f 2880 2146 2140
f 3535 3536 3547
f 3602 3588 3600
f 3567 3563 3557
f 3582 3594 3595
f 3927 3664 3926
f 3516 3509 3497
f 2637 2817 2827
f 2740 2738 2154
f 2230 2201 2155
f 2152 2883 2867
f 3638 3619 3644
f 3591 3585 3583
f 3641 3619 3623
f 3611 3606 3605
f 3567 3568 3563
f 2707 2662 2693
f 3574 3581 3584
f 2948 2937 2945
f 3564 3569 3553
f 2672 2673 2699
f 3581 3573 3572
f 2643 3539 2642
f 2174 2168 2175
f 3565 3570 3571
f 3584 3594 3587
f 2943 2940 2941
f 3547 3548 3535
f 3947 3943 2129
f 3658 3918 3919
f 3550 3551 3556
f 3644 3645 3638
f 3466 3020 3467
f 2140 2144 2932
f 3923 3662 3922
f 3944 2630 3946
f 3005 2998 2997
f 3866 3533 3534
f 2169 2178 2743
f 3912 2235 2236
f 2984 2971 2983
f 2693 2676 2691
f 2843 2851 2849
f 3936 2197 3934
f 3969 3973 2181
f 2135 3939 3955
f 2121 3016 3475
f 3028 3470 3462
f 2842 2843 2847
f 2806 2829 2821
f 2642 2644 2234
f 3607 3611 3605
f 3536 3546 3547
f 2647 3539 2643
f 3517 3515 3516
f 2226 2275 2272
f 3865 3671 3528
f 3938 2203 2196
f 3864 3669 3866
f 2723 2710 2721
f 2663 2707 2743
f 2625 2626 2621
f 3590 3599 3601
f 2188 2226 2225
f 3644 3619 3648
f 2800 2799 2810
f 3539 3541 2642
f 3650 3653 3645
f 2679 2689 2702
f 3599 3606 3608
f 3589 3582 3590
f 3545 3552 3561
f 2121 3475 3001
f 2714 2725 2732
f 2622 2584 2623
f 2739 2736 2728
f 2959 3925 3919
f 3561 3552 3560
f 3652 3920 3658
f 3588 3591 3600
f 3656 3657 3661
f 3659 3666 3673
f 3866 3528 3864
f 2702 2698 2711
f 2620 2622 2629
f 3554 2232 3538
f 2145 2917 2144
f 3964 2634 2633
f 2234 2644 3536
f 3498 3494 3515
f 3605 3606 3598
f 3663 3925 3924
f 3002 2995 2994
f 3517 3518 3523
f 2887 2903 2143
f 2743 2707 2727
f 3616 3625 3626
f 2139 2159 2149
f 2811 2810 2820
f 3476 3465 3482
f 3648 3642 3651
f 3603 3605 3598
f 2890 2887 2886
f 3914 3656 3915
f 3494 3510 3515
f 3642 3640 3647
f 3660 3668 3669
f 3922 3923 2958
f 3916 2951 3920
f 3467 3025 3470
f 2121 2122 2114
f 3993 2187 2194
f 3629 3630 3620
f 3535 2235 3912
f 3650 3658 3653
f 3544 3540 3550
f 3635 3629 3633
f 3660 3661 3668
f 3595 3594 3598
f 3005 3025 3004
f 3531 3867 3865
f 3929 3921 2958
f 3541 3544 3545
f 2896 2907 2910
f 3537 2232 2235
f 3603 3593 3597
f 3935 3941 3959
f 2170 2183 2169
f 2592 2317 2599
f 2305 2299 2300
f 3665 3670 3672
f 2856 2855 2867
f 3934 2210 3938
f 2876 2877 2879
f 2159 2161 2149
f 2210 2203 3938
f 2884 2886 2885
f 2304 2278 2307
f 2668 2652 2665
f 2716 2726 2697
f 3476 3018 3465
f 3576 3559 3558
f 2930 2926 2933
f 2280 2228 2191
f 3921 3929 3928
f 3501 3499 3512
f 2317 2601 2599
f 2852 2854 2858
f 3515 3513 3514
f 3558 3565 3571
f 3624 3614 3621
f 2936 2935 2933
f 3518 3516 3497
f 3564 3545 3561
f 2117 2630 3944
f 3599 3598 3606
f 3631 3632 3634
f 2231 2206 2233
f 2108 2324 2574
f 3913 2952 3917
f 3528 3534 3529
f 3539 2209 3543
f 3593 3588 3597
f 3534 3533 3530
f 2644 3541 3545
f 3627 3634 2648
f 3542 2232 3554
f 3616 3626 3627
f 2592 3962 2591
f 3028 3462 3026
f 3604 3600 3596
f 3504 3508 3509
f 3972 3976 3956
f 2841 2852 2855
f 3921 2960 3922
f 3574 3569 3564
f 3656 3913 3652
f 3596 3600 3591
f 3588 3586 3592
f 3575 3558 3571
f 2859 3602 3604
f 2886 2906 2896
f 2199 3934 2197
f 3562 3557 3554
f 3545 3544 3552
f 3622 3617 3616
f 2927 2921 2923
f 2820 2807 2811
f 3962 2271 2303
f 2710 2700 2701
f 2269 2278 2304
f 3915 2958 3923
f 2310 2303 2307
f 3614 2861 2859
f 2650 3630 3629
f 3549 3542 3554
f 2936 2934 2938
f 3926 2959 3927
f 3554 3558 3559
f 3862 3667 3863
f 2614 2621 2588
f 2976 2975 2980
f 2274 2302 2279
f 2148 2881 2857
f 2928 2927 2930
f 2751 2757 2768
f 3616 3627 3622
f 2603 2605 2613
f 3662 3656 3660
f 2201 2202 2155
f 2904 2916 2902
f 3681 2457 3831
f 3681 3831 2458
f 2457 3682 3015
f 3682 2457 3681
f 3681 2458 3683
f 2455 3684 3683
f 3687 3686 3685
f 3685 3690 2432
f 3689 3700 2455
f 3687 3691 3686
f 3015 3692 3688
f 3682 3693 3692
f 3688 3694 3691
f 3694 3688 3692
f 3684 3695 3683
f 3690 3696 3689
f 3686 3697 3690
f 3691 3699 3697
f 3694 3692 3693
f 3694 3693 3701
f 3693 3695 3701
f 3697 3702 3698
f 3696 3704 3700
f 3695 3705 3701
f 3700 3706 3705
f 3702 3710 3698
f 3699 3707 3697
f 3703 3708 3699
f 3700 3709 3706
f 3709 3700 3704
f 3707 3710 3702
f 3703 3701 3711
f 3707 3712 3710
f 3714 3704 3710
f 3713 3703 3716
f 3703 3711 3717
f 3705 3719 3718
f 3708 3720 3707
f 3708 3721 3720
f 3709 3722 3706
f 3713 3723 3721
f 3724 3714 3715
f 3709 3725 3722
f 3725 3709 3724
f 3722 3726 3719
f 3727 3715 3712
f 3717 3718 3728
f 3726 3728 3718
f 3722 3729 3726
f 3730 3724 3727
f 3732 3731 3727
f 3721 3732 3720
f 3733 3716 3735
f 3716 3728 3735
f 3735 3728 3734
f 3733 3736 3721
f 3730 3737 3725
f 3737 3738 3729
f 3732 3740 3739
f 3741 3735 3734
f 3734 3743 3742
f 3738 3743 3734
f 3739 3744 3730
f 3745 3735 3741
f 3733 3746 3736
f 3740 3747 3739
f 3738 3737 3744
f 3747 3749 3739
f 3738 3751 3748
f 3751 3738 3744
f 3745 3753 3746
f 3754 3751 3744
f 3752 3754 3749
f 3755 3745 3750
f 3753 3752 3747
f 3748 3758 3756
f 3754 3759 3751
f 3757 3753 3755
f 3761 3755 3756
f 3756 3763 3762
f 3238 3764 3754
f 3238 3752 3233
f 3752 3760 3233
f 3764 3765 3759
f 3763 3758 3787
f 3765 3787 3758
f 3766 3764 3240
f 3767 3766 3760
f 3768 3761 3762
f 3768 3762 3788
f 3771 3765 3764
f 3771 3770 3791
f 3791 3770 3773
f 3774 3771 3764
f 3773 3778 3768
f 3766 3776 3775
f 3766 3772 3777
f 3772 3768 3778
f 3778 3773 3779
f 3779 3773 3770
f 3780 3770 3774
f 3782 3774 3775
f 3776 3781 3775
f 3779 3783 3778
f 3774 3027 3780
f 3781 3784 3782
f 3027 3785 3779
f 3777 3023 3784
f 3786 3023 3783
f 3785 3786 3783
f 3785 3027 2384
f 3787 3765 3789
f 3790 3765 3771
f 3791 3792 3771
f 3769 3798 3791
f 3787 3793 3762
f 3789 3796 3793
f 3790 3796 3789
f 3792 3797 3790
f 3798 3799 3792
f 3798 3800 3799
f 3796 3802 3793
f 3800 3794 3801
f 3801 3795 3804
f 3806 3804 3795
f 3802 3806 3793
f 3807 3805 3803
f 3800 3801 3799
f 3807 3802 3805
f 3801 3808 3799
f 3801 3804 3808
f 3806 3808 3804
f 3807 3799 3832
f 3833 3834 3807
f 3807 3832 3833
f 3799 3835 3836
f 3808 3838 3837
f 3839 3835 3799
f 3808 3837 3839
f 3806 3811 3810
f 3802 3812 3811
f 3807 3834 3842
f 3841 3840 3813
f 3813 3807 3842
f 3808 3814 3844
f 3813 3840 3847
f 3847 3815 3813
f 3815 3847 3848
f 3815 3848 3850
f 3843 3814 3845
f 3814 3815 3845
f 3815 3850 3849
f 3846 3845 3815
f 3808 3816 3815
f 3817 3808 3810
f 3811 3818 3810
f 3812 3819 3811
f 3820 3819 3813
f 3816 3821 3815
f 3810 3823 3817
f 3815 3820 3813
f 3811 3819 3818
f 3815 3821 3820
f 3816 3822 3821
f 3822 3817 3823
f 3819 3824 3818
f 3822 3827 3821
f 3821 3829 3820
f 3827 3829 3821
f 3678 3677 3828
f 3827 3675 3830
f 3676 3675 3827
f 3677 3676 3827
f 3824 3679 3678
f 3826 3680 3679
f 3675 3676 3679
f 3872 3875 3852
f 3884 3886 3883
f 2422 2420 3853
f 3854 3860 3861
f 3022 3685 2432
f 3859 3855 2402
f 3861 3860 2364
f 2433 3857 2426
f 2257 2218 2251
f 3655 3647 3646
f 3872 2352 3871
f 2318 3869 3870
f 2590 3868 2339
f 3879 3868 3873
f 2590 3870 3869
f 3871 3879 3872
f 2352 3872 3852
f 3873 3874 4004
f 3858 3852 3875
f 3879 2358 3872
f 4005 2610 3999
f 4003 3858 4006
f 3860 3886 2364
f 3854 3885 3860
f 2377 3887 3884
f 2504 2444 2404
f 2418 2376 2378
f 3886 3887 2364
f 2377 2393 3887
f 2378 2376 2352
f 3885 3883 3886
f 3854 3881 3885
f 3888 3882 2444
f 2526 3889 2547
f 2502 2494 2525
f 3889 2526 2494
f 2538 2506 2468
f 2319 3851 2318
f 3873 3868 3869
f 3852 3854 2378
f 3884 3887 3886
f 2393 3118 2392
f 3879 3871 3868
f 3872 2358 3875
f 3860 3885 3886
f 3852 2378 2352
f 2404 2418 2504
f 3885 3881 3883
f 3854 3852 3881
f 3123 2377 3985
f 2376 2373 2347
f 2376 2346 2352
f 2347 2351 2337
f 2334 2339 2346
f 2449 2549 2451
f 2414 2449 2451
f 2449 2450 2499
f 2346 2347 2334
f 2452 3890 2503
f 3891 2596 2597
f 2414 3891 2419
f 2454 2595 3894
f 3892 2595 2596
f 2452 3892 3890
f 2537 2510 2594
f 2555 2536 2556
f 2553 2554 2556
f 2554 2557 2556
f 2539 2558 2557
f 2558 2542 2545
f 2555 2537 2536
f 2536 2537 2535
f 2594 3893 2535
f 2462 2463 2440
f 3894 2463 2462
f 2511 2594 2510
f 2378 3856 2420
f 2511 2463 3894
f 2536 2553 2556
f 2594 2595 3893
f 3892 3893 2595
f 2511 3894 2594
f 2439 2440 2463
f 2920 2918 2919
f 3575 3580 3587
f 3498 3486 3494
f 3576 3558 3575
f 2988 2990 2989
f 3583 3578 3589
f 3536 2644 3546
f 2665 2652 2651
f 2106 2574 2325
f 2649 3634 3632
f 3582 3587 3594
f 2854 2846 3610
f 3504 3509 3507
f 3619 3618 3623
f 2179 3942 3936
f 2999 3006 3026
f 2642 3541 2644
f 2959 3919 3918
f 3586 3591 3592
f 3554 3559 3562
f 3601 3596 3590
f 2840 2856 2850
f 3658 3663 3664
f 3918 2951 2959
f 3536 3535 2234
f 3641 3621 3642
f 3662 3660 3669
f 3658 3925 3663
f 2232 2217 2235
f 3919 2958 3918
f 3619 3641 3648
f 2352 2346 2339
f 3635 3633 3636
f 3899 3882 3903
f 2395 3902 2415
f 3902 2421 2415
f 3895 2447 2446
f 3904 3897 2386
f 3898 2404 3882
f 2447 3895 2496
f 3868 2352 2339
f 3897 2387 2356
f 2446 3899 3903
f 3896 3904 2386
f 2444 3882 2404
f 3888 3895 3903
f 2446 3903 3895
f 3909 3901 3902
f 2603 2271 2601
f 2411 2410 3905
f 2445 2448 3905
f 2494 3888 3906
f 2444 3906 3888
f 3010 3951 3908
f 2394 3951 2380
f 3907 3904 3909
f 3948 2396 3908
f 3948 2397 2396
f 3910 3950 2395
f 3902 3901 3898
f 2394 3897 3907
f 3901 3904 3896
f 2417 2445 3905
f 2411 2407 2410
f 3888 3903 3882
f 3907 3897 3904
f 3910 3949 3950
f 2399 3910 2395
f 2614 2588 2583
f 2172 2192 3975
f 2239 2217 2240
f 2630 3945 3946
f 3971 3956 2181
f 2865 2855 2858
f 3983 2172 3990
f 3933 2155 3935
f 2196 2203 2635
f 3969 2181 2163
f 2222 3978 2225
f 2221 3961 3979
f 3530 3865 3529
f 2209 2207 2199
f 3621 3614 3615
f 2630 2117 3943
f 2129 2117 2123
f 3531 3865 3530
f 2228 2316 2593
f 2163 2181 2150
f 2287 2288 2289
f 2801 2802 2795
f 3549 3554 3557
f 2275 2267 2264
f 2670 2177 2708
f 3990 2175 3989
f 3971 2198 3956
f 2419 3891 2598
f 2427 2598 2423
f 2419 2598 2426
f 3890 3892 2596
f 2423 2597 2596
f 3891 2597 2598
f 2596 2454 2423
f 2595 2594 3894
f 3950 3949 2398
f 2394 3907 3951
f 2371 2379 2396
f 3951 3907 3911
f 2386 2351 2373
f 2356 2386 3897
f 2386 2373 2404
f 2404 2376 2418
f 3896 2404 3900
f 3896 2386 2404
f 2598 2427 2426
f 2447 2448 2445
f 2288 2292 2296
f 3022 2432 2430
f 3022 2430 2433
f 3891 3890 2596
f 2395 3909 3902
f 3909 3904 3901
f 2416 2421 2417
f 3901 3896 3900
f 3898 3901 3900
f 2421 3902 3898
f 3898 3882 2421
f 2596 2595 2454
f 2535 2537 2594
f 2356 2351 2386
f 3948 3950 2398
f 3911 3950 3951
f 3949 3216 2398
f 2397 3948 2398
f 3948 3908 3950
f 3951 3950 3908
f 3911 3907 3909
f 2396 2390 3230
f 2399 2409 2400
f 2405 2400 2416
f 2400 2405 3047
f 3048 3086 2400
f 3952 2409 2415
f 3096 2400 3086
f 3108 3217 3096
f 3952 2400 2409
f 2400 3952 2416
f 3952 2415 2416
f 3048 2400 3047
f 3046 3953 3120
f 2405 3953 3046
f 2417 3905 2410
f 2421 3899 2417
f 3899 2421 3882
f 3932 2100 2118
f 3965 2633 2632
f 2288 2287 2631
f 2604 2605 2577
f 2421 2416 2415
f 3120 3953 2410
f 2405 2417 3953
f 2405 2416 2417
f 3955 3957 3958
f 2115 2099 2103
f 2149 2133 2139
f 3646 3643 3654
f 3667 3659 3673
f 3961 3956 3976
f 2193 2194 2198
f 2188 3978 2187
f 2181 2195 2153
f 2647 2210 2207
f 2632 3967 2631
f 2316 2312 2317
f 2635 2203 2204
f 3943 2117 2129
f 2593 2310 2306
f 3968 2223 2224
f 2212 2202 2201
f 2196 2635 3964
f 3980 3977 3970
f 2223 3968 3976
f 2200 2633 2634
f 2198 2192 2193
f 3989 2175 2837
f 2133 2163 2128
f 3971 3973 3974
f 2718 2708 2177
f 3621 3641 3620
f 2633 2200 2231
f 2242 2245 2243
f 2172 3975 3982
f 2182 2193 2177
f 2177 2193 3992
f 2182 2668 3993
f 3972 3956 2198
f 2109 2140 2976
f 2230 2281 2237
f 2194 2187 3978
f 2745 2794 3994
f 3992 2193 2192
f 2218 2257 2258
f 2177 2669 2182
f 3955 2636 2140
f 3955 2140 2135
f 2314 2115 2116
f 3877 2612 4003
f 3877 2606 2612
f 3877 3878 2606
f 2330 3356 2363
f 2331 3380 2330
f 2331 2330 2340
f 4001 2611 2610
f 4001 2609 2611
f 4001 2374 2609
f 3877 3999 3878
f 3998 2374 3212
f 2608 3878 3212
f 3878 2607 2606
f 2815 2824 2794
f 2261 2218 2258
f 2312 2316 2228
f 2807 2809 2811
f 2224 2223 2222
f 2270 2227 2276
f 3986 3985 2377
f 3883 2612 3884
f 2606 3987 2612
f 3985 3202 3172
f 3884 3986 2377
f 3987 2607 3985
f 2607 2608 3202
f 3123 3985 3172
f 3986 3987 3985
f 2118 2140 2109
f 2554 2552 2494
f 2539 2538 2509
f 2282 2283 2284
f 2255 2584 2294
f 2550 2548 3889
f 2577 2602 2600
f 2794 3997 3994
f 2253 2262 2298
f 2494 3906 2538
f 2109 2986 2982
f 2340 2330 2363
f 2608 2607 3878
f 3985 2607 3202
f 3884 2612 3986
f 3987 2606 2607
f 2637 2140 2636
f 2271 2579 3979
f 2525 2526 2522
f 2526 2525 2494
f 2494 2550 3889
f 2494 2538 2554
f 3996 3997 2636
f 3997 2637 2636
f 2302 2299 2303
f 2303 2271 2302
f 2271 3962 2599
f 2271 2603 2579
f 3218 2374 2375
f 3212 3878 3998
f 2374 3218 3210
f 3998 2611 2609
f 3998 2609 2374
f 3998 2610 2611
f 3874 3851 4004
f 3999 4000 3878
f 4000 3999 2610
f 4000 3998 3878
f 3259 2369 3261
f 3262 4001 3259
f 2363 3307 2367
f 2363 4001 2610
f 4003 2612 3883
f 4002 4003 3883
f 4002 3881 3858
f 3852 3858 3881
f 3875 2358 4005
f 4006 3875 4005
f 2358 2363 2610
f 3999 3877 4005
f 3876 4004 3851
f 3873 3880 3879
f 4004 3880 3873
f 2367 3253 2369
f 4005 2358 2610
f 4002 3858 4003
f 4007 2340 2363
f 3262 2374 4001
f 2610 3998 4000
f 3259 4001 2369
f 3879 3880 2358
f 4004 3876 3880
f 4003 4006 3877
f 3875 4006 3858
f 4005 3877 4006
f 3880 4007 2358
f 2358 4007 2363
f 2319 2340 3876
f 2340 3880 3876
f 2340 4007 3880
f 3851 2319 3876
