# Z-Anatomy (CC BY-SA 4.0, BodyParts3D), head layer 'eyeball'
# millimeters, Blender frame: z up, -y front; recentered on the skull's bbox center
o eyeball
v 31.064 -78.846 -6.012
v 31.793 -79.172 -6.912
v 29.844 -78.443 -5.352
v 29.371 -77.367 -3.918
v 27.670 -77.921 -5.447
v 29.889 -79.328 -7.446
v 27.907 -78.679 -6.860
v 26.204 -77.736 -6.630
v 27.076 -78.812 -8.707
v 29.643 -79.587 -8.998
v 25.648 -78.037 -8.927
v 26.094 -78.339 -10.639
v 29.869 -79.661 -9.863
v 28.088 -79.280 -10.216
v 26.929 -78.590 -11.831
v 27.311 -78.191 -13.477
v 28.595 -79.069 -12.394
v 28.606 -78.140 -14.497
v 29.904 -79.572 -11.224
v 29.711 -78.580 -14.151
v 30.825 -78.972 -13.520
v 31.737 -78.090 -15.063
v 31.681 -79.623 -10.954
v 32.446 -78.829 -13.478
v 34.093 -77.849 -14.409
v 31.410 -79.701 -9.266
v 33.612 -78.747 -12.924
v 32.996 -79.383 -11.134
v 34.553 -78.778 -11.474
v 36.298 -77.574 -12.208
v 36.949 -77.404 -10.449
v 33.835 -79.222 -9.856
v 37.076 -77.243 -8.859
v 35.198 -78.615 -9.535
v 33.079 -79.384 -8.884
v 36.340 -77.603 -7.663
v 35.008 -78.290 -7.249
v 35.763 -77.125 -5.707
v 32.670 -79.361 -8.129
v 33.995 -78.172 -5.881
v 34.012 -77.129 -4.279
v 32.781 -78.299 -5.404
v 32.398 -77.154 -3.697
v 31.498 -77.781 -4.286
v 29.543 -76.117 -2.578
v 28.238 -76.227 -3.037
v 26.782 -76.396 -3.933
v 25.373 -76.568 -5.460
v 24.179 -76.892 -9.073
v 24.246 -76.984 -10.459
v 24.704 -77.092 -12.158
v 27.615 -77.155 -15.509
v 30.137 -77.090 -16.434
v 31.594 -76.971 -16.521
v 34.190 -76.809 -15.900
v 36.439 -76.564 -14.285
v 37.337 -76.387 -13.090
v 38.025 -76.257 -11.586
v 38.324 -76.101 -9.829
v 38.257 -76.008 -8.444
v 37.815 -75.936 -6.779
v 35.472 -75.848 -3.783
v 34.006 -75.875 -2.925
v 31.484 -77.250 -5.084
v 30.838 -74.922 -2.441
v 29.532 -77.669 -5.991
v 29.324 -76.310 -3.979
v 30.335 -78.212 -7.115
v 27.603 -76.471 -4.946
v 26.296 -76.712 -6.554
v 29.287 -78.332 -8.036
v 26.433 -77.327 -8.054
v 27.980 -78.146 -8.912
v 26.322 -77.487 -10.211
v 29.678 -78.585 -9.393
v 28.135 -78.259 -10.327
v 26.265 -77.138 -12.197
v 28.186 -77.176 -14.235
v 29.586 -78.537 -10.950
v 28.066 -77.977 -12.136
v 30.375 -78.099 -13.090
v 30.598 -76.979 -15.266
v 31.011 -78.484 -11.837
v 32.967 -76.876 -14.970
v 31.359 -78.658 -9.326
v 32.044 -78.547 -10.836
v 34.952 -76.683 -13.902
v 33.418 -78.050 -12.054
v 36.349 -76.527 -12.066
v 33.393 -78.271 -10.664
v 35.334 -77.435 -10.757
v 37.017 -76.266 -10.057
v 34.658 -77.795 -9.090
v 33.050 -78.357 -9.115
v 36.987 -76.160 -8.639
v 36.500 -76.094 -6.997
v 34.847 -77.134 -6.861
v 35.037 -76.098 -5.149
v 32.587 -78.313 -8.125
v 33.491 -77.170 -5.678
v 33.751 -76.050 -4.238
v 31.506 -78.361 -7.689
v 31.844 -76.160 -3.689
v 29.467 -75.017 -2.643
v 24.397 -75.677 -7.482
v 24.131 -75.810 -9.131
v 24.203 -75.940 -10.538
v 24.540 -75.959 -11.886
v 25.137 -76.011 -13.142
v 25.965 -76.039 -14.256
v 26.920 -76.085 -15.128
v 28.193 -76.022 -15.906
v 29.763 -75.969 -16.448
v 36.210 -75.448 -14.552
v 38.074 -75.106 -11.237
v 38.274 -74.998 -9.870
v 38.203 -74.905 -8.478
v 37.861 -74.831 -7.127
v 32.601 -74.825 -2.562
v 34.194 -74.768 -3.106
v 32.297 -75.944 -2.456
v 36.453 -74.770 -4.778
v 35.411 -74.746 -3.834
v 26.686 -75.278 -4.023
v 37.266 -74.779 -5.877
v 36.760 -75.856 -4.999
v 28.833 -77.106 -16.094
v 25.288 -75.494 -5.575
v 24.458 -76.773 -7.385
v 31.565 -75.868 -16.578
v 32.955 -75.771 -16.372
v 32.926 -76.879 -16.333
v 34.538 -75.634 -15.781
v 25.567 -77.152 -13.649
v 26.471 -77.147 -14.655
v 37.455 -75.257 -12.884
v 35.439 -76.648 -15.172
v 30.906 -76.045 -2.381
v 28.164 -75.128 -3.107
v 28.644 -79.291 -8.281
v 31.510 -79.393 -12.216
v 35.061 -78.148 -12.852
v 35.904 -78.196 -10.516
v 33.857 -78.981 -7.846
v 30.552 -79.585 -8.417
v 30.948 -79.699 -10.384
v 32.479 -79.570 -9.847
v 31.564 -79.506 -8.095
v 29.084 -77.155 -5.224
v 27.741 -77.652 -7.089
v 29.687 -77.741 -13.820
v 32.014 -77.835 -13.580
v 33.298 -77.484 -13.684
v 34.933 -77.310 -12.421
v 35.958 -77.011 -8.745
v 33.524 -77.871 -7.409
v 31.778 -77.925 -6.468
v 30.499 -78.542 -8.482
v 30.761 -78.668 -10.289
v 32.471 -78.515 -9.846
v -30.960 -78.846 -6.012
v -31.689 -79.172 -6.912
v -29.740 -78.443 -5.352
v -29.267 -77.367 -3.917
v -27.555 -77.955 -5.512
v -29.785 -79.328 -7.446
v -27.802 -78.678 -6.860
v -28.189 -79.193 -8.239
v -26.251 -78.438 -8.684
v -29.539 -79.587 -8.998
v -25.444 -78.006 -9.970
v -29.765 -79.661 -9.863
v -27.984 -79.280 -10.216
v -25.841 -78.140 -11.375
v -26.901 -78.162 -13.248
v -28.491 -79.069 -12.394
v -28.502 -78.140 -14.497
v -29.800 -79.572 -11.224
v -29.607 -78.580 -14.151
v -30.721 -78.972 -13.520
v -31.633 -78.090 -15.063
v -31.577 -79.623 -10.954
v -32.342 -78.829 -13.478
v -33.989 -77.849 -14.409
v -31.306 -79.701 -9.266
v -33.508 -78.747 -12.924
v -32.892 -79.383 -11.134
v -34.449 -78.778 -11.474
v -36.194 -77.574 -12.208
v -36.845 -77.405 -10.448
v -33.731 -79.222 -9.856
v -36.972 -77.243 -8.859
v -35.094 -78.615 -9.535
v -36.236 -77.603 -7.663
v -34.904 -78.290 -7.249
v -35.659 -77.125 -5.707
v -32.728 -79.381 -8.377
v -33.891 -78.172 -5.881
v -33.908 -77.129 -4.279
v -32.677 -78.299 -5.404
v -32.294 -77.154 -3.697
v -31.394 -77.781 -4.286
v -29.439 -76.117 -2.578
v -28.134 -76.227 -3.037
v -26.678 -76.396 -3.933
v -25.281 -76.582 -5.443
v -24.076 -76.915 -9.083
v -24.142 -76.984 -10.459
v -24.479 -77.058 -11.808
v -27.510 -77.155 -15.509
v -30.033 -77.090 -16.434
v -31.490 -76.971 -16.521
v -34.086 -76.809 -15.900
v -36.335 -76.564 -14.285
v -37.233 -76.387 -13.090
v -37.922 -76.258 -11.586
v -38.220 -76.101 -9.829
v -38.153 -76.008 -8.444
v -37.711 -75.936 -6.779
v -35.368 -75.848 -3.783
v -33.902 -75.875 -2.925
v -31.380 -77.250 -5.084
v -30.734 -74.922 -2.441
v -29.428 -77.669 -5.991
v -29.220 -76.310 -3.979
v -30.231 -78.212 -7.115
v -27.499 -76.471 -4.946
v -26.192 -76.712 -6.554
v -29.183 -78.332 -8.036
v -26.329 -77.327 -8.054
v -27.876 -78.146 -8.912
v -26.218 -77.487 -10.211
v -29.488 -78.580 -9.522
v -28.031 -78.259 -10.327
v -26.161 -77.138 -12.197
v -28.082 -77.176 -14.235
v -29.482 -78.537 -10.949
v -27.962 -77.977 -12.136
v -30.271 -78.099 -13.090
v -30.494 -76.979 -15.266
v -30.907 -78.484 -11.837
v -32.863 -76.876 -14.970
v -31.255 -78.658 -9.326
v -31.940 -78.547 -10.836
v -34.848 -76.683 -13.902
v -33.314 -78.050 -12.054
v -36.245 -76.527 -12.066
v -33.289 -78.271 -10.664
v -35.230 -77.435 -10.757
v -36.913 -76.266 -10.057
v -34.554 -77.795 -9.090
v -32.946 -78.357 -9.115
v -36.883 -76.160 -8.639
v -36.396 -76.094 -6.997
v -34.743 -77.134 -6.861
v -34.934 -76.098 -5.149
v -32.483 -78.313 -8.125
v -33.386 -77.170 -5.678
v -33.466 -76.115 -4.217
v -31.402 -78.361 -7.689
v -31.356 -76.207 -3.715
v -29.363 -75.017 -2.643
v -24.293 -75.677 -7.482
v -24.027 -75.810 -9.131
v -24.099 -75.940 -10.538
v -24.436 -75.959 -11.886
v -25.033 -76.011 -13.142
v -25.861 -76.039 -14.256
v -26.816 -76.085 -15.128
v -28.089 -76.022 -15.906
v -29.659 -75.969 -16.448
v -36.106 -75.448 -14.552
v -37.970 -75.106 -11.237
v -38.170 -74.998 -9.870
v -38.099 -74.905 -8.478
v -37.757 -74.831 -7.127
v -32.515 -74.842 -2.565
v -34.090 -74.768 -3.106
v -32.193 -75.944 -2.456
v -36.349 -74.770 -4.778
v -35.307 -74.746 -3.834
v -26.582 -75.278 -4.023
v -37.162 -74.779 -5.877
v -36.656 -75.856 -4.999
v -28.729 -77.106 -16.094
v -25.184 -75.494 -5.575
v -24.354 -76.773 -7.385
v -31.461 -75.868 -16.578
v -32.851 -75.771 -16.372
v -32.822 -76.879 -16.333
v -34.434 -75.634 -15.781
v -25.244 -77.123 -13.363
v -26.367 -77.147 -14.655
v -37.351 -75.257 -12.884
v -35.335 -76.648 -15.172
v -30.802 -76.045 -2.381
v -28.060 -75.128 -3.107
v -26.043 -77.707 -6.649
v -26.984 -78.778 -11.323
v -31.406 -79.393 -12.216
v -34.957 -78.148 -12.852
v -35.800 -78.196 -10.516
v -33.753 -78.981 -7.846
v -30.448 -79.585 -8.417
v -30.844 -79.699 -10.384
v -32.375 -79.570 -9.847
v -31.460 -79.506 -8.095
v -28.981 -77.156 -5.225
v -27.637 -77.652 -7.089
v -29.583 -77.741 -13.820
v -31.910 -77.835 -13.580
v -33.194 -77.484 -13.684
v -34.829 -77.310 -12.421
v -35.854 -77.011 -8.745
v -33.420 -77.871 -7.409
v -31.674 -77.925 -6.468
v -30.336 -78.583 -8.721
v -30.657 -78.668 -10.289
v -32.367 -78.515 -9.846
v 37.480 -74.281 -11.184
v 37.439 -73.568 -11.480
v 37.164 -73.559 -12.070
v 37.511 -73.493 -10.936
v 37.274 -73.521 -11.567
v 37.380 -73.582 -11.531
v 37.522 -73.463 -10.497
v 37.274 -73.521 -11.567
v 37.511 -73.493 -10.936
v 37.600 -73.444 -10.138
v 37.522 -73.463 -10.497
v 37.228 -75.174 -9.907
v 37.638 -73.472 -9.704
v 37.631 -74.348 -9.272
v 37.195 -73.536 -10.676
v 37.177 -73.448 -8.966
v 37.465 -73.338 -8.499
v 37.516 -73.338 -8.666
v 37.507 -73.409 -8.462
v 37.219 -73.290 -7.776
v 37.216 -74.242 -7.406
v 37.351 -73.323 -7.940
v 37.396 -73.320 -8.131
v 37.377 -73.316 -8.109
v 37.263 -73.357 -7.604
v 36.983 -74.432 -12.541
v 36.978 -73.678 -12.599
v 37.147 -73.574 -12.051
v 37.160 -73.558 -12.076
v 37.161 -73.584 -12.059
v 36.968 -75.313 -11.087
v 36.469 -75.523 -9.758
v 36.953 -75.125 -8.210
v 36.795 -74.625 -7.150
v 36.396 -73.343 -6.672
v 37.258 -73.357 -7.604
v 37.153 -73.290 -7.343
v 37.142 -73.297 -7.360
v 37.142 -73.297 -7.360
v 36.793 -73.287 -6.585
v 35.801 -74.676 -14.189
v 36.585 -73.658 -12.565
v 36.563 -73.637 -13.204
v 36.188 -75.137 -13.030
v 36.301 -75.415 -12.522
v 35.037 -74.582 -12.957
v 35.900 -74.498 -11.339
v 36.232 -74.337 -10.761
v 36.433 -74.186 -9.239
v 35.069 -75.711 -7.879
v 35.903 -74.191 -7.653
v 36.243 -75.126 -6.589
v 35.599 -73.227 -5.101
v 36.781 -73.292 -6.587
v 36.555 -73.231 -6.291
v 36.555 -73.231 -6.291
v 36.438 -74.169 -5.934
v 36.555 -73.231 -6.291
v 36.266 -73.226 -5.823
v 35.827 -73.791 -14.240
v 35.586 -73.743 -14.328
v 35.087 -75.958 -11.606
v 35.053 -76.009 -10.512
v 35.487 -74.485 -8.569
v 35.559 -74.545 -5.280
v 36.261 -73.231 -5.828
v 35.325 -73.776 -14.685
v 35.802 -73.796 -14.233
v 36.155 -73.712 -13.839
v 35.586 -73.743 -14.328
v 36.155 -73.712 -13.839
v 35.090 -73.831 -14.288
v 34.762 -75.547 -14.380
v 35.420 -75.542 -13.700
v 35.372 -75.864 -9.822
v 35.508 -73.967 -6.450
v 35.262 -75.076 -5.347
v 34.513 -73.321 -4.634
v 35.028 -74.165 -4.488
v 35.326 -73.771 -14.657
v 35.288 -73.804 -14.696
v 33.916 -76.117 -12.791
v 35.077 -75.904 -9.121
v 35.293 -75.467 -7.047
v 34.633 -73.245 -4.417
v 35.595 -73.227 -5.082
v 35.294 -73.248 -4.843
v 34.280 -74.755 -15.336
v 34.459 -73.864 -15.262
v 34.439 -73.877 -15.317
v 33.666 -73.926 -15.339
v 33.873 -76.040 -13.387
v 33.966 -74.501 -14.248
v 33.947 -75.937 -9.746
v 34.452 -74.134 -5.671
v 34.735 -73.297 -4.396
v 34.453 -73.820 -15.304
v 34.159 -73.888 -15.405
v 33.767 -75.697 -14.934
v 31.949 -75.196 -11.193
v 34.403 -75.988 -10.610
v 32.837 -75.082 -9.814
v 33.271 -75.870 -8.028
v 33.873 -75.773 -7.158
v 33.697 -74.985 -4.216
v 34.293 -73.303 -4.136
v 34.424 -73.252 -4.243
v 35.294 -73.248 -4.843
v 34.726 -73.302 -4.405
v 34.307 -73.300 -4.149
v 33.285 -73.999 -15.803
v 34.067 -73.905 -15.427
v 33.276 -74.023 -15.797
v 32.964 -76.161 -13.074
v 33.670 -76.093 -11.788
v 33.448 -76.056 -9.219
v 33.408 -76.029 -8.774
v 34.158 -75.187 -4.796
v 32.998 -74.148 -4.793
v 32.989 -74.159 -3.495
v 34.409 -73.271 -4.238
v 32.708 -74.902 -15.922
v 33.133 -75.703 -15.204
v 33.404 -76.063 -10.446
v 32.918 -74.990 -9.073
v 32.871 -75.972 -8.010
v 31.724 -74.974 -7.790
v 33.358 -73.304 -3.716
v 32.500 -74.095 -16.018
v 31.831 -74.147 -15.657
v 32.545 -76.249 -13.661
v 32.811 -74.799 -14.401
v 32.370 -76.184 -11.486
v 32.949 -76.044 -10.051
v 33.408 -76.099 -9.742
v 32.848 -75.927 -9.090
v 33.237 -75.590 -5.762
v 33.262 -73.992 -15.806
v 31.634 -75.049 -16.061
v 32.501 -75.870 -15.316
v 32.658 -75.213 -10.269
v 32.751 -75.925 -10.065
v 32.882 -75.922 -9.397
v 32.668 -75.104 -8.818
v 33.164 -76.000 -8.202
v 32.546 -75.945 -7.664
v 32.876 -75.640 -5.545
v 32.623 -75.230 -4.136
v 31.763 -74.675 -3.518
v 31.861 -74.103 -16.072
v 31.735 -74.939 -14.503
v 31.622 -76.301 -13.542
v 31.145 -76.206 -11.281
v 32.046 -76.079 -10.966
v 32.772 -75.915 -10.087
v 32.316 -76.140 -10.953
v 32.105 -75.273 -10.908
v 32.822 -75.887 -9.784
v 32.438 -75.884 -8.381
v 32.203 -75.843 -8.194
v 31.964 -75.063 -8.107
v 32.052 -75.911 -7.270
v 31.763 -75.789 -5.786
v 31.078 -73.426 -3.421
v 31.714 -75.125 -3.700
v 31.929 -73.393 -3.383
v 31.453 -74.159 -16.117
v 30.507 -76.011 -15.440
v 31.485 -76.002 -11.079
v 31.549 -75.835 -7.910
v 31.902 -75.071 -8.073
v 31.633 -76.008 -7.343
v 31.344 -74.141 -4.335
v 31.999 -73.362 -3.466
v 30.572 -74.230 -16.106
v 31.238 -76.051 -14.762
v 31.514 -76.104 -11.129
v 31.514 -76.104 -11.129
v 31.390 -75.356 -11.151
v 31.461 -75.936 -7.793
v 31.546 -75.077 -7.955
v 31.606 -75.906 -7.013
v 29.931 -74.420 -4.799
v 31.253 -73.443 -3.327
v 31.068 -73.423 -3.415
v 30.936 -73.477 -3.330
v 31.163 -74.192 -3.248
v 30.450 -75.087 -16.020
v 30.074 -74.295 -15.930
v 30.358 -74.907 -14.699
v 31.019 -76.295 -13.522
v 31.138 -76.265 -11.706
v 30.360 -75.286 -11.015
v 30.810 -76.128 -11.066
v 30.790 -76.112 -11.078
v 30.575 -75.069 -7.977
v 31.283 -75.685 -5.331
v 30.936 -75.184 -3.705
v 30.368 -74.327 -16.081
v 30.505 -74.210 -16.042
v 30.562 -74.235 -16.089
v 30.121 -74.257 -16.026
v 30.120 -74.256 -16.029
v 29.061 -74.325 -15.342
v 30.881 -76.251 -12.111
v 30.220 -75.971 -10.710
v 30.768 -75.354 -11.111
v 30.750 -75.910 -7.979
v 30.823 -76.092 -7.295
v 30.739 -75.907 -7.974
v 30.606 -75.974 -6.995
v 30.929 -73.441 -3.396
v 30.879 -73.440 -3.359
v 30.931 -73.447 -3.397
v 30.937 -73.479 -3.333
v 30.879 -73.438 -3.358
v 29.973 -74.349 -3.374
v 30.069 -74.234 -15.960
v 28.701 -76.032 -14.958
v 28.772 -74.297 -15.594
v 30.018 -76.316 -11.282
v 30.253 -76.212 -10.903
v 30.340 -75.291 -10.991
v 29.806 -75.283 -10.651
v 30.411 -75.977 -8.063
v 30.070 -75.181 -8.354
v 27.191 -74.691 -6.526
v 30.415 -75.110 -8.070
v 29.661 -75.146 -8.622
v 29.989 -75.793 -5.450
v 28.537 -75.350 -4.379
v 29.040 -73.646 -3.914
v 29.659 -73.616 -3.487
v 29.126 -75.138 -15.717
v 29.772 -74.288 -15.954
v 29.326 -75.076 -14.163
v 29.756 -76.030 -10.110
v 29.719 -76.196 -10.249
v 29.896 -75.457 -10.463
v 29.735 -75.291 -8.860
v 29.772 -75.925 -8.805
v 29.855 -76.059 -8.447
v 29.818 -76.120 -7.645
v 29.609 -75.938 -6.389
v 28.286 -74.418 -5.213
v 28.929 -74.442 -15.718
v 28.767 -74.301 -15.593
v 27.934 -74.329 -15.172
v 28.530 -76.440 -12.418
v 29.200 -76.322 -12.274
v 29.236 -76.307 -11.452
v 29.757 -76.026 -10.072
v 29.649 -76.203 -9.804
v 29.547 -75.273 -9.681
v 29.652 -76.028 -9.675
v 29.572 -76.119 -9.179
v 29.437 -76.118 -8.196
v 29.134 -76.184 -8.671
v 29.355 -76.115 -7.973
v 29.154 -75.951 -6.574
v 28.778 -74.399 -3.737
v 28.059 -75.171 -15.247
v 27.908 -75.544 -14.790
v 28.198 -76.290 -13.246
v 28.983 -76.279 -10.293
v 28.670 -76.212 -9.037
v 28.820 -76.129 -8.890
v 29.010 -73.622 -3.735
v 29.011 -73.631 -3.752
v 27.874 -74.359 -15.178
v 27.439 -75.021 -13.138
v 27.879 -76.420 -11.681
v 26.347 -75.039 -10.633
v 28.189 -76.152 -8.116
v 28.222 -76.063 -6.984
v 28.456 -73.719 -3.950
v 28.453 -73.717 -3.938
v 26.638 -74.345 -13.700
v 27.876 -74.359 -15.174
v 27.955 -74.331 -15.185
v 27.603 -74.330 -14.976
v 27.602 -74.329 -14.975
v 27.242 -76.039 -13.972
v 27.678 -76.368 -10.493
v 27.136 -76.269 -9.747
v 27.334 -76.292 -9.482
v 27.190 -75.567 -5.424
v 27.305 -74.984 -4.914
v 27.725 -73.737 -4.374
v 28.338 -73.672 -3.966
v 26.447 -75.034 -13.997
v 26.910 -74.362 -14.447
v 26.657 -75.029 -11.897
v 27.297 -76.270 -9.075
v 27.496 -76.233 -8.204
v 27.842 -76.188 -7.780
v 27.350 -75.907 -6.765
v 27.054 -73.781 -4.855
v 27.069 -73.806 -4.823
v 27.071 -74.613 -4.710
v 25.772 -75.090 -13.030
v 26.186 -74.821 -8.320
v 26.054 -74.375 -13.552
v 25.826 -76.105 -11.498
v 26.473 -76.131 -10.433
v 26.376 -76.095 -9.889
v 25.842 -75.755 -7.267
v 26.320 -74.355 -13.849
v 25.424 -74.351 -12.399
v 26.090 -74.407 -13.551
v 25.743 -75.909 -12.039
v 25.569 -74.415 -11.840
v 26.496 -75.642 -6.153
v 25.656 -74.000 -6.649
v 25.856 -74.770 -6.110
v 25.789 -74.002 -6.372
v 25.853 -74.035 -6.156
v 26.622 -73.882 -5.314
v 26.622 -73.882 -5.314
v 25.730 -74.368 -13.003
v 25.610 -74.447 -12.837
v 25.730 -74.368 -13.003
v 25.189 -74.366 -11.845
v 25.427 -75.971 -9.787
v 25.616 -74.448 -12.835
v 25.064 -75.092 -11.503
v 25.186 -74.373 -11.857
v 25.006 -74.273 -9.754
v 25.106 -74.123 -7.899
v 25.426 -75.625 -7.910
v 25.178 -74.822 -7.429
v 25.233 -74.119 -7.387
v 24.845 -74.394 -10.663
v 25.388 -75.946 -10.697
v 24.846 -74.294 -10.198
v 25.276 -75.899 -9.159
v 25.050 -75.317 -9.336
v 25.065 -74.159 -7.970
v 25.253 -74.131 -7.411
v 25.133 -74.125 -7.802
v 24.846 -74.297 -10.196
v 24.782 -74.932 -9.315
v 24.876 -74.213 -9.142
v -37.376 -74.281 -11.184
v -37.335 -73.568 -11.480
v -37.060 -73.559 -12.070
v -37.407 -73.493 -10.936
v -37.170 -73.521 -11.567
v -37.276 -73.582 -11.531
v -37.418 -73.463 -10.497
v -37.170 -73.521 -11.567
v -37.407 -73.493 -10.936
v -37.496 -73.444 -10.138
v -37.418 -73.463 -10.497
v -37.124 -75.174 -9.907
v -37.534 -73.472 -9.704
v -37.527 -74.348 -9.272
v -37.091 -73.536 -10.676
v -37.073 -73.448 -8.966
v -37.361 -73.338 -8.499
v -37.412 -73.338 -8.666
v -37.403 -73.409 -8.462
v -37.115 -73.290 -7.776
v -37.112 -74.242 -7.406
v -37.247 -73.323 -7.940
v -37.292 -73.320 -8.131
v -37.273 -73.316 -8.109
v -37.159 -73.357 -7.604
v -36.879 -74.432 -12.541
v -36.874 -73.678 -12.599
v -37.043 -73.574 -12.051
v -37.056 -73.558 -12.076
v -37.057 -73.584 -12.059
v -36.864 -75.313 -11.087
v -36.365 -75.523 -9.758
v -36.849 -75.125 -8.210
v -36.691 -74.625 -7.150
v -36.292 -73.343 -6.672
v -37.154 -73.357 -7.604
v -37.049 -73.290 -7.343
v -37.038 -73.297 -7.360
v -37.038 -73.297 -7.360
v -36.689 -73.287 -6.585
v -35.697 -74.676 -14.189
v -36.481 -73.658 -12.565
v -36.459 -73.637 -13.204
v -36.084 -75.137 -13.030
v -36.197 -75.415 -12.522
v -34.933 -74.582 -12.957
v -35.796 -74.498 -11.339
v -36.128 -74.337 -10.761
v -36.329 -74.186 -9.239
v -34.965 -75.711 -7.879
v -35.799 -74.191 -7.653
v -36.139 -75.126 -6.589
v -35.495 -73.227 -5.101
v -36.677 -73.292 -6.587
v -36.451 -73.231 -6.291
v -36.451 -73.231 -6.291
v -36.334 -74.169 -5.934
v -36.451 -73.231 -6.291
v -36.162 -73.226 -5.823
v -35.723 -73.791 -14.240
v -35.482 -73.743 -14.328
v -34.983 -75.958 -11.606
v -34.949 -76.009 -10.512
v -35.383 -74.485 -8.569
v -35.455 -74.545 -5.280
v -36.157 -73.231 -5.828
v -35.221 -73.776 -14.685
v -35.698 -73.796 -14.233
v -36.051 -73.712 -13.839
v -35.482 -73.743 -14.328
v -36.051 -73.712 -13.839
v -34.986 -73.831 -14.288
v -34.658 -75.547 -14.380
v -35.316 -75.542 -13.700
v -35.268 -75.864 -9.822
v -35.404 -73.967 -6.450
v -35.158 -75.076 -5.347
v -34.409 -73.321 -4.634
v -34.924 -74.165 -4.488
v -35.222 -73.771 -14.657
v -35.184 -73.804 -14.696
v -33.812 -76.117 -12.791
v -34.973 -75.904 -9.121
v -35.189 -75.467 -7.047
v -34.529 -73.245 -4.417
v -35.491 -73.227 -5.082
v -35.190 -73.248 -4.843
v -34.176 -74.755 -15.336
v -34.355 -73.864 -15.262
v -34.335 -73.877 -15.317
v -33.562 -73.926 -15.339
v -33.769 -76.040 -13.387
v -33.862 -74.501 -14.248
v -33.843 -75.937 -9.746
v -34.348 -74.134 -5.671
v -34.631 -73.297 -4.396
v -34.349 -73.820 -15.304
v -34.055 -73.888 -15.405
v -33.663 -75.697 -14.934
v -31.845 -75.196 -11.193
v -34.299 -75.988 -10.610
v -32.733 -75.082 -9.814
v -33.167 -75.870 -8.028
v -33.769 -75.773 -7.158
v -33.593 -74.985 -4.216
v -34.189 -73.303 -4.136
v -34.320 -73.252 -4.243
v -35.190 -73.248 -4.843
v -34.622 -73.302 -4.405
v -34.203 -73.300 -4.149
v -33.181 -73.999 -15.803
v -33.963 -73.905 -15.427
v -33.172 -74.023 -15.797
v -32.860 -76.161 -13.074
v -33.566 -76.093 -11.788
v -33.344 -76.056 -9.219
v -33.304 -76.029 -8.774
v -34.054 -75.187 -4.796
v -32.894 -74.148 -4.793
v -32.885 -74.159 -3.495
v -34.305 -73.271 -4.238
v -32.604 -74.902 -15.922
v -33.029 -75.703 -15.204
v -33.300 -76.063 -10.446
v -32.814 -74.990 -9.073
v -32.767 -75.972 -8.010
v -31.620 -74.974 -7.790
v -33.254 -73.304 -3.716
v -32.396 -74.095 -16.018
v -31.727 -74.147 -15.657
v -32.441 -76.249 -13.661
v -32.707 -74.799 -14.401
v -32.266 -76.184 -11.486
v -32.845 -76.044 -10.051
v -33.304 -76.099 -9.742
v -32.744 -75.927 -9.090
v -33.133 -75.590 -5.762
v -33.158 -73.992 -15.806
v -31.530 -75.049 -16.061
v -32.397 -75.870 -15.316
v -32.554 -75.213 -10.269
v -32.647 -75.925 -10.065
v -32.778 -75.922 -9.397
v -32.564 -75.104 -8.818
v -33.060 -76.000 -8.202
v -32.442 -75.945 -7.664
v -32.772 -75.640 -5.545
v -32.519 -75.230 -4.136
v -31.659 -74.675 -3.518
v -31.757 -74.103 -16.072
v -31.631 -74.939 -14.503
v -31.518 -76.301 -13.542
v -31.041 -76.206 -11.281
v -31.942 -76.079 -10.966
v -32.668 -75.915 -10.087
v -32.212 -76.140 -10.953
v -32.001 -75.273 -10.908
v -32.718 -75.887 -9.784
v -32.334 -75.884 -8.381
v -32.099 -75.843 -8.194
v -31.860 -75.063 -8.107
v -31.948 -75.911 -7.270
v -31.659 -75.789 -5.786
v -30.973 -73.426 -3.421
v -31.610 -75.125 -3.700
v -31.825 -73.393 -3.383
v -31.349 -74.159 -16.117
v -30.403 -76.011 -15.440
v -31.381 -76.002 -11.079
v -31.445 -75.835 -7.910
v -31.798 -75.071 -8.073
v -31.529 -76.008 -7.343
v -31.240 -74.141 -4.335
v -31.895 -73.362 -3.466
v -30.468 -74.230 -16.106
v -31.134 -76.051 -14.762
v -31.410 -76.104 -11.129
v -31.410 -76.104 -11.129
v -31.286 -75.356 -11.151
v -31.357 -75.936 -7.793
v -31.442 -75.077 -7.955
v -31.502 -75.906 -7.013
v -29.827 -74.420 -4.799
v -31.149 -73.443 -3.327
v -30.964 -73.423 -3.415
v -30.832 -73.477 -3.330
v -31.059 -74.192 -3.248
v -30.346 -75.087 -16.020
v -29.970 -74.295 -15.930
v -30.254 -74.907 -14.699
v -30.915 -76.295 -13.522
v -31.034 -76.265 -11.706
v -30.256 -75.286 -11.015
v -30.706 -76.128 -11.066
v -30.686 -76.112 -11.078
v -30.471 -75.069 -7.977
v -31.179 -75.685 -5.331
v -30.832 -75.184 -3.705
v -30.264 -74.327 -16.081
v -30.401 -74.210 -16.042
v -30.458 -74.235 -16.089
v -30.017 -74.257 -16.026
v -30.016 -74.256 -16.029
v -28.957 -74.325 -15.342
v -30.777 -76.251 -12.111
v -30.116 -75.971 -10.710
v -30.664 -75.354 -11.111
v -30.646 -75.910 -7.979
v -30.719 -76.092 -7.295
v -30.635 -75.907 -7.974
v -30.502 -75.974 -6.995
v -30.825 -73.441 -3.396
v -30.775 -73.440 -3.359
v -30.827 -73.447 -3.397
v -30.833 -73.479 -3.333
v -30.775 -73.438 -3.358
v -29.869 -74.349 -3.374
v -29.965 -74.234 -15.960
v -28.597 -76.032 -14.958
v -28.668 -74.297 -15.594
v -29.914 -76.316 -11.282
v -30.149 -76.212 -10.903
v -30.236 -75.291 -10.991
v -29.702 -75.283 -10.651
v -30.307 -75.977 -8.063
v -29.966 -75.181 -8.354
v -27.087 -74.691 -6.526
v -30.311 -75.110 -8.070
v -29.557 -75.146 -8.622
v -29.885 -75.793 -5.450
v -28.433 -75.350 -4.379
v -28.936 -73.646 -3.914
v -29.555 -73.616 -3.487
v -29.022 -75.138 -15.717
v -29.668 -74.288 -15.954
v -29.222 -75.076 -14.163
v -29.652 -76.030 -10.110
v -29.615 -76.196 -10.249
v -29.792 -75.457 -10.463
v -29.631 -75.291 -8.860
v -29.668 -75.925 -8.805
v -29.751 -76.059 -8.447
v -29.714 -76.120 -7.645
v -29.505 -75.938 -6.389
v -28.182 -74.418 -5.213
v -28.825 -74.442 -15.718
v -28.663 -74.301 -15.593
v -27.830 -74.329 -15.172
v -28.426 -76.440 -12.418
v -29.096 -76.322 -12.274
v -29.132 -76.307 -11.452
v -29.653 -76.026 -10.072
v -29.545 -76.203 -9.804
v -29.443 -75.273 -9.681
v -29.548 -76.028 -9.675
v -29.468 -76.119 -9.179
v -29.333 -76.118 -8.196
v -29.030 -76.184 -8.671
v -29.251 -76.115 -7.973
v -29.050 -75.951 -6.574
v -28.674 -74.399 -3.737
v -27.955 -75.171 -15.247
v -27.804 -75.544 -14.790
v -28.094 -76.290 -13.246
v -28.879 -76.279 -10.293
v -28.566 -76.212 -9.037
v -28.716 -76.129 -8.890
v -28.906 -73.622 -3.735
v -28.907 -73.631 -3.752
v -27.770 -74.359 -15.178
v -27.335 -75.021 -13.138
v -27.775 -76.420 -11.681
v -26.243 -75.039 -10.633
v -28.085 -76.152 -8.116
v -28.118 -76.063 -6.984
v -28.352 -73.719 -3.950
v -28.349 -73.717 -3.938
v -26.534 -74.345 -13.700
v -27.772 -74.359 -15.174
v -27.851 -74.331 -15.185
v -27.499 -74.330 -14.976
v -27.498 -74.329 -14.975
v -27.138 -76.039 -13.972
v -27.574 -76.368 -10.493
v -27.032 -76.269 -9.747
v -27.230 -76.292 -9.482
v -27.086 -75.567 -5.424
v -27.201 -74.984 -4.914
v -27.621 -73.737 -4.374
v -28.234 -73.672 -3.966
v -26.343 -75.034 -13.997
v -26.806 -74.362 -14.447
v -26.553 -75.029 -11.897
v -27.193 -76.270 -9.075
v -27.392 -76.233 -8.204
v -27.738 -76.188 -7.780
v -27.246 -75.907 -6.765
v -26.950 -73.781 -4.855
v -26.965 -73.806 -4.823
v -26.967 -74.613 -4.710
v -25.668 -75.090 -13.030
v -26.082 -74.821 -8.320
v -25.950 -74.375 -13.552
v -25.722 -76.105 -11.498
v -26.369 -76.131 -10.433
v -26.272 -76.095 -9.889
v -25.738 -75.755 -7.267
v -26.216 -74.355 -13.849
v -25.320 -74.351 -12.399
v -25.986 -74.407 -13.551
v -25.639 -75.909 -12.039
v -25.465 -74.415 -11.840
v -26.392 -75.642 -6.153
v -25.552 -74.000 -6.649
v -25.752 -74.770 -6.110
v -25.685 -74.002 -6.372
v -25.749 -74.035 -6.156
v -26.518 -73.882 -5.314
v -26.518 -73.882 -5.314
v -25.626 -74.368 -13.003
v -25.506 -74.447 -12.837
v -25.626 -74.368 -13.003
v -25.085 -74.366 -11.845
v -25.323 -75.971 -9.787
v -25.512 -74.448 -12.835
v -24.960 -75.092 -11.503
v -25.082 -74.373 -11.857
v -24.902 -74.273 -9.754
v -25.002 -74.123 -7.899
v -25.322 -75.625 -7.910
v -25.074 -74.822 -7.429
v -25.129 -74.119 -7.387
v -24.741 -74.394 -10.663
v -25.284 -75.946 -10.697
v -24.742 -74.294 -10.198
v -25.172 -75.899 -9.159
v -24.946 -75.317 -9.336
v -24.961 -74.159 -7.970
v -25.149 -74.131 -7.411
v -25.029 -74.125 -7.802
v -24.742 -74.297 -10.196
v -24.678 -74.932 -9.315
v -24.772 -74.213 -9.142
v 36.030 -72.984 -11.193
v 36.196 -72.430 -10.434
v 36.164 -73.064 -9.360
v 36.187 -72.560 -8.738
v 36.107 -71.992 -9.555
v 35.923 -71.993 -8.268
v 35.738 -73.642 -10.638
v 34.947 -74.292 -10.016
v 35.533 -73.659 -8.416
v 35.476 -73.441 -12.110
v 35.778 -73.144 -7.922
v 35.886 -72.552 -7.706
v 35.228 -72.954 -6.667
v 34.926 -73.137 -13.207
v 35.479 -72.792 -12.457
v 35.136 -72.373 -6.403
v 35.531 -72.130 -7.168
v 35.787 -72.299 -11.602
v 35.165 -71.954 -12.199
v 34.590 -71.481 -12.010
v 35.599 -71.553 -10.469
v 35.420 -71.450 -8.193
v 34.560 -70.881 -9.376
v 34.865 -73.873 -12.574
v 34.485 -74.324 -8.355
v 34.253 -73.571 -13.690
v 34.582 -73.666 -6.613
v 34.953 -72.537 -13.033
v 34.713 -71.812 -6.351
v 34.328 -71.335 -6.718
v 33.972 -70.897 -10.876
v 34.251 -70.868 -8.221
v 34.696 -74.338 -11.479
v 34.452 -72.665 -5.671
v 34.289 -72.165 -13.273
v 33.449 -74.853 -11.416
v 33.735 -74.077 -13.584
v 33.931 -73.170 -5.436
v 33.815 -73.201 -14.125
v 33.873 -72.090 -5.428
v 33.351 -72.794 -14.246
v 33.267 -71.946 -13.556
v 32.609 -71.050 -12.151
v 32.789 -70.735 -7.216
v 32.489 -70.560 -10.445
v 33.046 -75.005 -9.602
v 33.037 -74.614 -7.394
v 32.597 -74.638 -13.365
v 32.656 -74.094 -5.766
v 33.318 -72.598 -4.913
v 32.340 -70.467 -8.641
v 32.444 -73.589 -4.958
v 32.630 -73.961 -14.434
v 32.900 -73.415 -14.580
v 32.596 -72.899 -4.630
v 32.170 -72.436 -14.300
v 32.527 -71.349 -5.785
v 31.819 -75.117 -8.678
v 31.572 -73.564 -14.864
v 31.448 -73.218 -14.833
v 31.835 -72.094 -4.815
v 31.383 -71.733 -13.572
v 31.253 -70.732 -6.997
v 31.213 -75.292 -10.298
v 31.094 -75.160 -12.055
v 31.004 -74.430 -14.287
v 31.126 -74.026 -14.747
v 31.559 -73.093 -4.445
v 31.417 -72.594 -4.466
v 30.897 -71.713 -5.197
v 30.859 -70.504 -9.854
v 30.273 -74.908 -13.149
v 30.542 -71.142 -6.157
v 30.049 -71.235 -12.387
v 30.036 -70.844 -11.262
v 30.712 -75.077 -7.856
v 30.450 -74.342 -5.808
v 30.583 -73.571 -4.670
v 30.445 -72.871 -14.590
v 29.926 -70.612 -8.474
v 29.610 -75.263 -11.098
v 29.223 -74.754 -7.095
v 30.100 -73.092 -4.515
v 29.635 -73.573 -14.670
v 29.640 -71.855 -13.361
v 29.012 -74.640 -13.442
v 29.558 -74.077 -14.493
v 29.796 -72.554 -4.671
v 29.197 -72.807 -14.228
v 29.369 -71.729 -5.569
v 29.226 -71.008 -7.095
v 29.018 -73.761 -5.262
v 29.150 -73.245 -4.830
v 28.178 -71.813 -12.445
v 28.619 -70.895 -9.737
v 27.752 -71.297 -8.008
v 28.511 -75.035 -8.972
v 28.401 -74.264 -6.353
v 28.508 -73.555 -14.187
v 28.626 -72.765 -5.083
v 27.783 -72.695 -13.333
v 27.910 -72.133 -5.946
v 28.064 -71.283 -10.892
v 28.231 -71.368 -6.988
v 27.778 -74.635 -12.337
v 28.168 -75.023 -10.711
v 27.317 -74.493 -8.160
v 27.540 -73.624 -6.124
v 27.910 -73.989 -13.604
v 27.019 -74.055 -12.443
v 27.986 -73.315 -5.546
v 27.333 -73.479 -13.241
v 27.208 -72.096 -11.940
v 26.969 -71.655 -9.865
v 27.194 -74.660 -9.779
v 26.719 -74.248 -11.391
v 27.047 -73.911 -7.102
v 27.411 -72.884 -5.967
v 26.791 -72.986 -12.429
v 27.202 -72.413 -6.456
v 26.863 -72.125 -7.321
v 26.505 -74.248 -9.932
v 26.506 -73.620 -12.001
v 26.516 -72.779 -7.253
v 26.441 -72.279 -10.692
v 26.131 -73.782 -9.322
v 26.096 -73.592 -10.821
v 26.244 -73.725 -8.424
v 26.592 -73.292 -7.122
v 26.350 -72.881 -11.548
v 26.358 -72.156 -8.971
v 25.911 -73.120 -9.539
v 26.126 -73.120 -8.147
v 25.997 -72.847 -10.211
v 26.122 -72.665 -8.540
v -35.926 -72.984 -11.193
v -36.092 -72.430 -10.434
v -36.060 -73.064 -9.360
v -36.083 -72.560 -8.738
v -36.003 -71.992 -9.555
v -35.819 -71.993 -8.268
v -35.634 -73.642 -10.638
v -34.843 -74.292 -10.016
v -35.429 -73.659 -8.416
v -35.372 -73.441 -12.110
v -35.674 -73.144 -7.922
v -35.782 -72.552 -7.706
v -35.124 -72.954 -6.667
v -34.822 -73.137 -13.207
v -35.375 -72.792 -12.457
v -35.032 -72.373 -6.403
v -35.427 -72.130 -7.168
v -35.683 -72.299 -11.602
v -35.061 -71.954 -12.199
v -34.486 -71.481 -12.010
v -35.495 -71.553 -10.469
v -35.316 -71.450 -8.193
v -34.456 -70.881 -9.376
v -34.761 -73.873 -12.574
v -34.381 -74.324 -8.355
v -34.149 -73.571 -13.690
v -34.478 -73.666 -6.613
v -34.849 -72.537 -13.033
v -34.609 -71.812 -6.351
v -34.224 -71.335 -6.718
v -33.868 -70.897 -10.876
v -34.147 -70.868 -8.221
v -34.592 -74.338 -11.479
v -34.348 -72.665 -5.671
v -34.185 -72.165 -13.273
v -33.345 -74.853 -11.416
v -33.631 -74.077 -13.584
v -33.827 -73.170 -5.436
v -33.711 -73.201 -14.125
v -33.769 -72.090 -5.428
v -33.247 -72.794 -14.246
v -33.163 -71.946 -13.556
v -32.505 -71.050 -12.151
v -32.685 -70.735 -7.216
v -32.385 -70.560 -10.445
v -32.942 -75.005 -9.602
v -32.933 -74.614 -7.394
v -32.493 -74.638 -13.365
v -32.552 -74.094 -5.766
v -33.214 -72.598 -4.913
v -32.236 -70.467 -8.641
v -32.340 -73.589 -4.958
v -32.526 -73.961 -14.434
v -32.796 -73.415 -14.580
v -32.492 -72.899 -4.630
v -32.066 -72.436 -14.300
v -32.423 -71.349 -5.785
v -31.715 -75.117 -8.678
v -31.468 -73.564 -14.864
v -31.344 -73.218 -14.833
v -31.731 -72.094 -4.815
v -31.279 -71.733 -13.572
v -31.149 -70.732 -6.997
v -31.109 -75.292 -10.298
v -30.990 -75.160 -12.055
v -30.900 -74.430 -14.287
v -31.022 -74.026 -14.747
v -31.455 -73.093 -4.445
v -31.313 -72.594 -4.466
v -30.793 -71.713 -5.197
v -30.755 -70.504 -9.854
v -30.169 -74.908 -13.149
v -30.438 -71.142 -6.157
v -29.945 -71.235 -12.387
v -29.932 -70.844 -11.262
v -30.608 -75.077 -7.856
v -30.346 -74.342 -5.808
v -30.479 -73.571 -4.670
v -30.341 -72.871 -14.590
v -29.822 -70.612 -8.474
v -29.506 -75.263 -11.098
v -29.119 -74.754 -7.095
v -29.996 -73.092 -4.515
v -29.531 -73.573 -14.670
v -29.536 -71.855 -13.361
v -28.908 -74.640 -13.442
v -29.454 -74.077 -14.493
v -29.692 -72.554 -4.671
v -29.093 -72.807 -14.228
v -29.265 -71.729 -5.569
v -29.122 -71.008 -7.095
v -28.914 -73.761 -5.262
v -29.046 -73.245 -4.830
v -28.074 -71.813 -12.445
v -28.515 -70.895 -9.737
v -27.648 -71.297 -8.008
v -28.407 -75.035 -8.972
v -28.297 -74.264 -6.353
v -28.404 -73.555 -14.187
v -28.522 -72.765 -5.083
v -27.679 -72.695 -13.333
v -27.806 -72.133 -5.946
v -27.959 -71.283 -10.892
v -28.127 -71.368 -6.988
v -27.674 -74.635 -12.337
v -28.064 -75.023 -10.711
v -27.213 -74.493 -8.160
v -27.436 -73.624 -6.124
v -27.806 -73.989 -13.604
v -26.915 -74.055 -12.443
v -27.882 -73.315 -5.546
v -27.229 -73.479 -13.241
v -27.104 -72.096 -11.940
v -26.865 -71.655 -9.865
v -27.090 -74.660 -9.779
v -26.615 -74.248 -11.391
v -26.943 -73.911 -7.102
v -27.307 -72.884 -5.967
v -26.687 -72.986 -12.429
v -27.098 -72.413 -6.456
v -26.759 -72.125 -7.321
v -26.401 -74.248 -9.932
v -26.402 -73.620 -12.001
v -26.412 -72.779 -7.253
v -26.337 -72.279 -10.692
v -26.027 -73.782 -9.322
v -25.992 -73.592 -10.821
v -26.140 -73.725 -8.424
v -26.488 -73.292 -7.122
v -26.245 -72.881 -11.548
v -26.254 -72.156 -8.971
v -25.807 -73.120 -9.539
v -26.022 -73.120 -8.147
v -25.893 -72.847 -10.211
v -26.018 -72.665 -8.540
v 30.425 -71.924 1.405
v 30.233 -69.537 2.401
v 31.281 -65.627 2.978
v 31.131 -63.051 2.734
v 30.317 -59.401 1.463
v 30.169 -57.265 0.019
v 31.589 -56.196 -0.945
v 29.629 -54.667 -2.839
v 29.071 -52.695 -7.658
v 29.418 -74.446 -0.405
v 28.243 -72.055 1.091
v 27.928 -70.292 1.838
v 28.287 -68.381 2.482
v 28.713 -65.780 2.859
v 27.207 -63.148 2.308
v 27.351 -60.775 1.644
v 28.439 -58.294 0.577
v 28.392 -55.511 -1.949
v 29.668 -53.191 -5.705
v 27.372 -74.992 -1.483
v 26.159 -72.199 0.354
v 25.690 -70.448 1.043
v 26.487 -68.505 2.003
v 25.022 -66.015 1.749
v 25.552 -62.126 1.467
v 26.168 -59.556 0.659
v 26.527 -58.005 -0.220
v 25.947 -56.566 -1.765
v 28.250 -54.061 -4.172
v 24.973 -74.444 -2.116
v 24.259 -72.356 -0.778
v 24.225 -68.675 0.941
v 23.349 -66.152 0.788
v 23.691 -63.407 0.816
v 23.991 -61.019 0.259
v 24.435 -58.690 -0.797
v 24.335 -55.894 -3.780
v 25.646 -54.591 -4.817
v 27.034 -53.613 -5.880
v 22.906 -73.046 -2.483
v 23.234 -71.162 -0.724
v 21.324 -68.935 -1.429
v 21.814 -66.289 -0.387
v 21.857 -62.427 -0.851
v 21.354 -60.217 -2.491
v 22.344 -57.838 -3.434
v 27.976 -52.642 -9.596
v 23.014 -74.577 -4.125
v 21.288 -72.799 -4.215
v 21.361 -71.451 -2.803
v 19.838 -69.114 -3.432
v 19.226 -65.433 -3.546
v 19.174 -62.725 -4.257
v 20.557 -59.077 -4.670
v 22.373 -56.448 -5.426
v 23.502 -55.151 -6.309
v 25.453 -53.712 -7.510
v 22.777 -75.503 -6.282
v 21.062 -73.750 -6.069
v 19.907 -71.019 -4.723
v 18.853 -69.395 -5.573
v 18.261 -65.252 -5.596
v 18.215 -62.874 -6.570
v 19.660 -60.445 -4.897
v 20.116 -58.245 -7.056
v 21.736 -56.073 -7.939
v 22.374 -75.730 -8.207
v 20.676 -73.981 -7.756
v 19.520 -71.735 -6.452
v 17.932 -68.125 -7.517
v 17.924 -66.635 -6.769
v 17.755 -64.246 -7.692
v 18.768 -60.449 -7.522
v 19.410 -58.782 -8.895
v 22.930 -54.924 -8.905
v 24.537 -53.903 -9.010
v 26.648 -52.983 -10.547
v 22.111 -75.692 -9.982
v 20.585 -74.166 -9.424
v 19.032 -71.925 -10.460
v 17.737 -68.397 -10.544
v 17.449 -65.640 -9.527
v 17.690 -63.053 -9.670
v 18.428 -60.570 -9.826
v 20.424 -57.205 -9.618
v 22.451 -75.789 -12.182
v 20.598 -74.141 -11.312
v 19.377 -72.023 -12.760
v 18.162 -68.532 -13.355
v 17.740 -67.077 -12.678
v 17.813 -63.165 -12.165
v 18.912 -60.716 -13.839
v 19.405 -58.860 -12.106
v 20.496 -57.323 -12.003
v 22.379 -55.405 -11.954
v 24.277 -54.041 -11.348
v 26.928 -53.008 -11.891
v 21.098 -74.208 -13.322
v 20.156 -72.070 -14.964
v 19.239 -69.692 -15.445
v 18.722 -67.281 -15.597
v 18.253 -64.530 -14.621
v 18.722 -62.130 -14.675
v 20.641 -58.460 -15.035
v 20.989 -57.269 -13.654
v 23.320 -75.828 -14.210
v 21.906 -73.211 -16.543
v 20.887 -70.938 -17.308
v 20.390 -69.099 -17.699
v 19.631 -65.889 -17.481
v 19.274 -64.413 -16.776
v 20.109 -60.786 -16.524
v 21.318 -59.497 -17.259
v 22.184 -57.323 -16.079
v 23.332 -55.426 -14.461
v 25.259 -54.034 -13.730
v 24.668 -75.858 -15.985
v 23.233 -73.077 -18.161
v 22.091 -70.933 -18.690
v 21.969 -68.464 -19.701
v 21.780 -66.533 -19.885
v 20.962 -64.458 -19.067
v 21.197 -62.034 -18.677
v 23.104 -58.481 -18.353
v 24.452 -56.428 -17.409
v 27.689 -53.079 -13.295
v 26.395 -75.815 -17.373
v 24.759 -74.154 -18.355
v 23.461 -70.918 -19.893
v 24.571 -68.418 -21.557
v 23.345 -67.161 -21.032
v 23.256 -64.555 -21.070
v 24.000 -61.996 -20.985
v 24.449 -59.572 -20.148
v 25.424 -57.483 -19.207
v 25.724 -54.752 -15.927
v 27.368 -53.761 -15.050
v 27.986 -75.772 -18.146
v 26.861 -74.286 -19.402
v 26.891 -71.997 -21.091
v 26.892 -69.441 -22.237
v 24.946 -65.807 -22.062
v 26.122 -63.828 -22.411
v 26.195 -61.914 -22.025
v 26.449 -59.507 -21.096
v 26.313 -56.396 -18.598
v 27.903 -54.593 -16.997
v 29.430 -52.940 -13.848
v 30.162 -75.690 -18.670
v 28.411 -73.178 -20.746
v 29.078 -71.321 -21.935
v 28.705 -66.963 -23.132
v 28.386 -62.932 -22.873
v 28.423 -59.299 -21.537
v 27.618 -57.202 -19.891
v 29.468 -53.673 -15.744
v 30.405 -72.962 -21.120
v 31.439 -70.609 -22.335
v 31.149 -66.963 -23.256
v 29.860 -64.312 -23.255
v 29.283 -60.695 -22.344
v 30.531 -58.091 -21.006
v 29.137 -57.229 -20.269
v 28.810 -55.378 -18.358
v 32.377 -75.129 -19.159
v 33.691 -72.772 -20.807
v 33.703 -70.325 -22.076
v 32.172 -68.276 -22.998
v 32.493 -65.459 -23.202
v 32.472 -63.021 -22.945
v 31.560 -61.648 -22.714
v 31.898 -59.244 -21.643
v 32.178 -56.088 -19.207
v 34.803 -75.493 -17.855
v 35.092 -73.756 -19.546
v 35.599 -70.352 -21.421
v 35.079 -67.887 -22.346
v 35.598 -65.246 -22.366
v 34.714 -63.855 -22.555
v 35.547 -60.307 -21.171
v 34.890 -58.478 -20.379
v 34.273 -57.009 -19.477
v 31.385 -53.272 -14.920
v 31.685 -52.651 -12.688
v 36.573 -74.455 -17.949
v 37.670 -72.473 -18.940
v 38.075 -70.269 -19.970
v 37.387 -67.714 -21.261
v 37.354 -65.767 -21.456
v 36.994 -62.546 -21.272
v 37.201 -59.898 -20.041
v 36.478 -57.801 -19.027
v 35.269 -56.343 -18.323
v 34.409 -55.066 -17.173
v 37.462 -75.170 -16.124
v 38.824 -73.420 -16.917
v 39.292 -71.199 -18.337
v 39.330 -68.804 -19.505
v 39.517 -65.091 -19.843
v 38.752 -63.685 -20.353
v 38.681 -61.136 -19.565
v 38.333 -57.698 -17.374
v 36.748 -55.648 -16.292
v 33.200 -53.111 -13.667
v 39.391 -74.249 -14.888
v 40.931 -71.745 -15.667
v 40.442 -71.077 -17.029
v 41.711 -68.546 -16.611
v 41.113 -64.761 -18.055
v 40.675 -62.197 -17.938
v 40.494 -59.700 -16.562
v 35.241 -54.199 -14.973
v 39.315 -75.124 -12.956
v 40.945 -73.140 -13.399
v 42.090 -70.852 -13.951
v 42.976 -68.194 -13.934
v 42.507 -65.882 -15.788
v 42.147 -63.159 -16.000
v 41.798 -60.751 -15.162
v 40.419 -58.372 -15.165
v 38.730 -56.483 -15.180
v 37.143 -54.705 -13.762
v 35.317 -53.508 -12.677
v 39.927 -74.905 -11.013
v 41.452 -73.017 -11.398
v 43.202 -69.325 -11.379
v 43.625 -65.658 -12.107
v 43.046 -61.817 -12.213
v 41.798 -59.359 -13.193
v 40.423 -57.314 -13.110
v 38.745 -55.435 -12.346
v 32.559 -52.525 -10.604
v 39.953 -74.844 -8.880
v 41.485 -73.034 -9.471
v 42.685 -70.875 -10.910
v 43.682 -67.048 -10.584
v 43.683 -64.272 -10.235
v 43.168 -61.726 -10.345
v 42.168 -59.358 -11.035
v 40.974 -57.468 -9.338
v 38.894 -55.339 -10.196
v 37.296 -54.249 -11.025
v 35.389 -53.291 -10.764
v 40.568 -73.842 -7.511
v 42.118 -71.738 -8.240
v 43.082 -69.333 -8.178
v 43.328 -66.257 -6.758
v 43.590 -64.827 -8.267
v 43.361 -62.897 -8.385
v 42.602 -60.418 -8.583
v 41.167 -58.106 -7.760
v 39.512 -74.664 -6.637
v 40.689 -72.656 -5.419
v 41.994 -70.940 -6.136
v 42.692 -68.139 -5.608
v 42.507 -65.372 -4.555
v 42.529 -62.799 -5.314
v 42.272 -60.780 -6.348
v 40.422 -57.942 -5.874
v 39.317 -56.022 -7.628
v 37.524 -54.495 -8.377
v 34.011 -52.885 -8.925
v 39.418 -74.007 -5.046
v 40.026 -71.623 -3.177
v 41.759 -66.808 -3.286
v 40.730 -64.037 -1.882
v 41.326 -62.759 -3.056
v 40.297 -60.287 -3.018
v 39.898 -58.161 -4.536
v 38.469 -56.068 -5.572
v 36.333 -54.390 -6.152
v 31.601 -52.427 -9.385
v 38.120 -74.544 -4.027
v 38.332 -72.871 -2.301
v 40.071 -70.326 -2.272
v 40.228 -67.935 -1.487
v 39.928 -65.341 -0.859
v 38.986 -61.511 -0.881
v 38.272 -59.135 -1.636
v 38.625 -57.904 -3.103
v 37.332 -56.059 -4.040
v 32.851 -52.831 -7.567
v 36.358 -74.670 -2.470
v 36.463 -72.786 -0.778
v 37.985 -70.442 -0.380
v 38.509 -67.798 0.128
v 38.330 -65.528 0.485
v 36.565 -61.392 0.809
v 36.893 -59.171 -0.567
v 36.458 -57.025 -2.052
v 34.652 -55.215 -3.078
v 34.732 -54.420 -4.460
v 29.890 -52.375 -10.777
v 33.503 -74.732 -1.062
v 34.589 -72.846 0.118
v 35.129 -69.431 1.595
v 36.268 -66.719 1.664
v 36.221 -64.771 1.689
v 35.928 -63.001 1.581
v 35.373 -59.205 0.309
v 34.683 -57.068 -0.990
v 32.276 -55.266 -2.105
v 31.529 -52.905 -6.570
v 30.656 -52.462 -8.633
v 32.582 -72.935 0.624
v 32.496 -69.570 2.250
v 33.252 -68.132 2.498
v 33.792 -64.863 2.565
v 33.648 -62.926 2.355
v 33.501 -60.295 1.525
v 31.868 -58.222 0.672
v 31.361 -53.896 -4.061
v 30.109 -67.640 2.817
v 31.096 -74.451 -0.363
v 25.516 -75.779 -3.480
v 24.830 -76.832 -6.202
v 24.092 -77.135 -10.107
v 24.607 -77.249 -12.169
v 25.296 -77.296 -13.412
v 25.948 -77.316 -14.260
v 27.244 -77.317 -15.403
v 28.835 -77.279 -16.195
v 30.174 -77.224 -16.538
v 31.608 -77.144 -16.617
v 33.000 -77.047 -16.417
v 34.009 -76.963 -16.079
v 34.950 -76.875 -15.619
v 36.075 -76.748 -14.792
v 37.035 -76.626 -13.745
v 37.628 -76.044 -6.094
v 36.582 -76.003 -4.627
v 35.547 -75.999 -3.687
v 34.319 -76.020 -2.948
v 32.649 -76.080 -2.380
v 30.490 -76.204 -2.283
v 28.816 -76.330 -2.676
v 27.543 -76.448 -3.279
v 24.197 -76.978 -8.006
v 37.923 -76.453 -12.202
v 38.372 -76.309 -10.523
v 25.453 -75.703 -5.164
v 29.812 -76.240 -16.548
v 31.570 -76.143 -16.662
v 34.292 -75.934 -15.985
v 35.503 -75.811 -15.260
v 36.542 -75.683 -14.319
v 37.529 -75.044 -6.062
v 33.623 -75.046 -2.729
v 32.276 -75.102 -2.386
v 27.522 -75.448 -3.307
v 26.373 -75.577 -4.154
v 26.433 -76.571 -4.102
v 32.974 -76.045 -16.455
v 28.804 -75.331 -2.708
v 28.141 -76.299 -15.973
v 25.478 -76.702 -5.155
v 36.540 -75.007 -4.687
v 24.708 -75.834 -6.400
v 35.156 -75.005 -3.478
v 37.582 -75.518 -12.854
v 24.227 -75.957 -7.755
v 38.189 -75.368 -11.217
v 24.028 -76.067 -9.150
v 38.387 -75.259 -9.849
v 38.441 -76.205 -9.098
v 24.099 -76.159 -10.525
v 38.261 -75.142 -8.052
v 38.238 -76.122 -7.731
v 24.573 -76.253 -12.264
v 25.456 -76.306 -13.774
v 26.681 -76.324 -15.070
v 30.605 -75.196 -2.313
v 28.713 -63.308 2.652
v 28.051 -56.547 -0.909
v 29.608 -60.781 2.041
v 27.182 -73.781 -0.386
v 24.942 -64.075 1.602
v 26.119 -55.280 -3.284
v 26.824 -65.885 2.424
v 23.812 -57.594 -2.199
v 21.750 -64.345 -0.525
v 22.693 -68.803 -0.150
v 22.476 -59.840 -1.552
v 20.171 -67.115 -2.299
v 21.194 -57.481 -5.759
v 20.304 -62.439 -2.600
v 20.118 -65.009 -2.230
v 18.853 -67.288 -4.498
v 26.833 -53.032 -8.476
v 18.256 -70.151 -10.582
v 21.738 -55.841 -10.229
v 19.203 -71.960 -8.303
v 18.186 -69.584 -8.282
v 18.616 -70.241 -13.020
v 18.580 -60.527 -11.981
v 17.556 -65.580 -11.950
v 21.980 -74.346 -15.014
v 19.621 -62.651 -16.789
v 23.856 -74.719 -16.931
v 22.461 -60.668 -19.279
v 23.630 -55.990 -15.926
v 20.200 -67.348 -18.055
v 22.349 -63.290 -20.152
v 24.831 -71.649 -20.402
v 27.194 -66.202 -22.904
v 30.045 -74.523 -19.888
v 30.067 -55.786 -18.972
v 31.432 -54.484 -17.297
v 29.080 -69.646 -22.616
v 32.863 -57.960 -20.672
v 32.056 -72.871 -21.072
v 34.638 -62.093 -22.189
v 32.911 -54.049 -16.164
v 34.115 -60.127 -21.625
v 36.109 -71.611 -20.533
v 39.444 -66.887 -19.823
v 39.147 -59.729 -18.293
v 41.023 -67.832 -17.955
v 43.459 -63.714 -12.178
v 43.187 -65.771 -13.985
v 42.733 -62.741 -14.491
v 33.735 -52.809 -11.297
v 40.619 -57.101 -11.236
v 35.978 -53.579 -9.189
v 43.603 -66.631 -8.370
v 41.589 -68.583 -3.571
v 34.937 -53.535 -7.006
v 41.535 -60.459 -4.942
v 41.519 -70.594 -4.728
v 37.265 -68.613 0.770
v 38.315 -63.420 0.251
v 33.141 -53.557 -5.386
v 35.592 -70.670 0.955
v 32.640 -71.226 1.565
v 32.239 -61.112 2.082
v 33.504 -58.158 0.294
v 34.021 -66.642 2.501
v 29.393 -52.456 -9.298
v 28.373 -52.604 -11.232
v 29.225 -52.610 -12.240
v 30.463 -52.546 -12.287
v 31.343 -52.432 -11.217
v -30.321 -71.924 1.405
v -30.129 -69.537 2.401
v -31.177 -65.627 2.978
v -31.027 -63.051 2.734
v -30.213 -59.401 1.463
v -30.065 -57.265 0.019
v -31.485 -56.196 -0.945
v -29.525 -54.667 -2.839
v -28.967 -52.695 -7.658
v -29.314 -74.446 -0.405
v -28.139 -72.055 1.091
v -27.824 -70.292 1.838
v -28.183 -68.381 2.482
v -28.609 -65.780 2.859
v -27.103 -63.148 2.308
v -27.247 -60.775 1.644
v -28.335 -58.294 0.577
v -28.288 -55.511 -1.949
v -29.564 -53.191 -5.705
v -27.268 -74.992 -1.483
v -26.055 -72.199 0.354
v -25.586 -70.448 1.043
v -26.382 -68.507 2.002
v -24.918 -66.015 1.749
v -25.448 -62.126 1.467
v -26.064 -59.556 0.659
v -26.424 -58.005 -0.220
v -25.843 -56.566 -1.765
v -28.148 -54.060 -4.172
v -24.869 -74.444 -2.116
v -24.155 -72.356 -0.778
v -24.121 -68.675 0.941
v -23.245 -66.152 0.788
v -23.587 -63.407 0.816
v -23.887 -61.019 0.259
v -24.331 -58.690 -0.797
v -24.231 -55.894 -3.780
v -25.543 -54.591 -4.816
v -26.931 -53.614 -5.878
v -22.802 -73.046 -2.483
v -23.130 -71.162 -0.724
v -21.220 -68.935 -1.429
v -21.710 -66.289 -0.387
v -21.753 -62.427 -0.851
v -21.250 -60.217 -2.491
v -22.240 -57.838 -3.434
v -25.350 -53.711 -7.509
v -27.872 -52.642 -9.596
v -22.910 -74.577 -4.125
v -21.184 -72.799 -4.215
v -21.257 -71.451 -2.803
v -19.734 -69.114 -3.432
v -19.122 -65.433 -3.546
v -19.070 -62.725 -4.257
v -20.453 -59.077 -4.670
v -22.269 -56.448 -5.426
v -23.398 -55.151 -6.309
v -22.673 -75.503 -6.282
v -20.958 -73.750 -6.069
v -19.803 -71.019 -4.723
v -18.749 -69.395 -5.573
v -18.157 -65.252 -5.596
v -18.111 -62.874 -6.570
v -19.556 -60.445 -4.897
v -20.012 -58.245 -7.056
v -21.632 -56.073 -7.939
v -22.270 -75.730 -8.207
v -20.572 -73.981 -7.756
v -19.416 -71.735 -6.452
v -17.828 -68.125 -7.517
v -17.820 -66.635 -6.769
v -17.651 -64.246 -7.692
v -18.664 -60.449 -7.522
v -19.306 -58.782 -8.895
v -22.826 -54.924 -8.905
v -26.544 -52.983 -10.547
v -20.481 -74.166 -9.424
v -18.928 -71.925 -10.460
v -17.633 -68.397 -10.544
v -17.345 -65.640 -9.527
v -17.586 -63.053 -9.670
v -18.324 -60.570 -9.826
v -20.320 -57.205 -9.618
v -24.833 -53.662 -10.248
v -22.113 -75.796 -10.520
v -20.494 -74.141 -11.312
v -19.273 -72.023 -12.760
v -18.058 -68.532 -13.355
v -17.636 -67.077 -12.678
v -17.709 -63.165 -12.165
v -18.808 -60.716 -13.839
v -19.301 -58.860 -12.106
v -20.392 -57.323 -12.003
v -22.275 -55.405 -11.954
v -27.582 -52.840 -12.145
v -22.486 -75.792 -12.599
v -20.994 -74.208 -13.322
v -20.052 -72.070 -14.964
v -19.135 -69.692 -15.445
v -18.618 -67.281 -15.597
v -18.149 -64.530 -14.621
v -18.618 -62.130 -14.675
v -20.537 -58.460 -15.035
v -20.885 -57.269 -13.654
v -25.619 -53.491 -12.266
v -23.216 -75.828 -14.210
v -21.802 -73.211 -16.543
v -20.783 -70.938 -17.308
v -20.286 -69.099 -17.699
v -19.235 -66.526 -16.904
v -19.170 -64.413 -16.776
v -20.005 -60.786 -16.524
v -21.214 -59.497 -17.259
v -22.080 -57.323 -16.079
v -23.228 -55.426 -14.461
v -24.564 -75.858 -15.985
v -23.129 -73.077 -18.161
v -21.987 -70.933 -18.690
v -21.865 -68.464 -19.701
v -21.187 -65.890 -19.458
v -20.323 -64.581 -18.494
v -21.016 -61.883 -18.522
v -23.000 -58.481 -18.353
v -24.348 -56.428 -17.409
v -26.769 -53.461 -13.880
v -26.291 -75.815 -17.373
v -24.655 -74.154 -18.355
v -23.357 -70.918 -19.893
v -23.908 -68.425 -21.224
v -22.671 -66.519 -20.703
v -23.739 -63.896 -21.327
v -23.896 -61.996 -20.985
v -24.345 -59.572 -20.148
v -24.627 -57.404 -18.663
v -25.620 -54.752 -15.926
v -28.274 -53.479 -14.984
v -27.882 -75.772 -18.146
v -26.757 -74.286 -19.402
v -26.787 -71.997 -21.091
v -26.056 -68.191 -22.295
v -24.842 -65.807 -22.062
v -26.018 -63.828 -22.411
v -26.091 -61.914 -22.025
v -26.345 -59.507 -21.096
v -26.210 -56.395 -18.598
v -27.800 -54.593 -16.996
v -29.453 -52.815 -13.400
v -30.058 -75.690 -18.670
v -28.307 -73.178 -20.746
v -28.974 -71.321 -21.935
v -26.974 -69.602 -22.237
v -28.601 -66.963 -23.132
v -28.282 -62.932 -22.873
v -28.319 -59.299 -21.537
v -28.610 -57.261 -20.214
v -30.301 -72.962 -21.120
v -31.335 -70.609 -22.335
v -31.045 -66.963 -23.256
v -29.756 -64.312 -23.255
v -29.179 -60.695 -22.344
v -30.427 -58.091 -21.006
v -30.133 -56.138 -19.374
v -28.705 -55.378 -18.358
v -30.255 -53.903 -16.323
v -32.273 -75.129 -19.159
v -33.587 -72.772 -20.807
v -33.599 -70.325 -22.076
v -32.068 -68.276 -22.998
v -32.389 -65.459 -23.202
v -32.368 -63.021 -22.945
v -31.456 -61.648 -22.714
v -31.794 -59.244 -21.643
v -31.703 -54.851 -17.751
v -34.699 -75.493 -17.855
v -34.988 -73.756 -19.546
v -35.495 -70.352 -21.421
v -34.975 -67.887 -22.346
v -35.494 -65.246 -22.366
v -34.610 -63.855 -22.555
v -35.443 -60.307 -21.171
v -34.610 -57.938 -20.080
v -32.555 -56.072 -19.082
v -31.281 -53.272 -14.920
v -31.581 -52.651 -12.688
v -36.469 -74.455 -17.949
v -37.566 -72.473 -18.940
v -37.971 -70.269 -19.970
v -37.283 -67.714 -21.261
v -37.250 -65.767 -21.456
v -36.890 -62.546 -21.272
v -37.097 -59.898 -20.041
v -36.374 -57.801 -19.027
v -35.165 -56.343 -18.323
v -34.305 -55.066 -17.173
v -37.358 -75.170 -16.124
v -38.720 -73.420 -16.917
v -39.188 -71.199 -18.337
v -39.226 -68.804 -19.505
v -39.413 -65.091 -19.843
v -38.648 -63.685 -20.353
v -38.577 -61.136 -19.565
v -37.711 -57.548 -17.712
v -36.644 -55.648 -16.292
v -33.096 -53.111 -13.667
v -39.287 -74.249 -14.888
v -40.827 -71.746 -15.667
v -40.338 -71.077 -17.029
v -41.607 -68.546 -16.611
v -41.009 -64.761 -18.055
v -40.571 -62.197 -17.938
v -40.390 -59.700 -16.562
v -38.838 -57.530 -16.445
v -35.137 -54.199 -14.973
v -39.211 -75.124 -12.956
v -40.841 -73.137 -13.405
v -41.987 -70.850 -13.950
v -42.872 -68.194 -13.934
v -42.403 -65.882 -15.788
v -42.043 -63.159 -16.000
v -41.694 -60.751 -15.162
v -40.315 -58.373 -15.167
v -38.189 -56.025 -14.977
v -37.039 -54.705 -13.762
v -35.213 -53.508 -12.677
v -39.823 -74.905 -11.013
v -41.348 -73.017 -11.398
v -43.098 -69.325 -11.379
v -43.521 -65.658 -12.107
v -42.942 -61.817 -12.213
v -41.694 -59.360 -13.194
v -40.521 -57.257 -12.092
v -38.643 -55.437 -12.347
v -32.455 -52.525 -10.604
v -39.849 -74.844 -8.880
v -41.381 -73.034 -9.471
v -42.581 -70.875 -10.910
v -43.578 -67.048 -10.584
v -43.579 -64.272 -10.235
v -43.064 -61.726 -10.345
v -42.064 -59.358 -11.035
v -41.304 -58.073 -9.815
v -39.650 -56.109 -10.296
v -37.628 -54.493 -10.861
v -35.285 -53.291 -10.764
v -40.464 -73.842 -7.511
v -42.014 -71.738 -8.240
v -42.978 -69.333 -8.178
v -43.224 -66.257 -6.758
v -43.486 -64.827 -8.267
v -43.257 -62.897 -8.385
v -42.498 -60.418 -8.583
v -41.063 -58.106 -7.760
v -39.576 -56.131 -8.736
v -39.408 -74.664 -6.637
v -40.585 -72.656 -5.419
v -41.890 -70.940 -6.136
v -42.588 -68.139 -5.608
v -42.403 -65.372 -4.555
v -42.425 -62.799 -5.314
v -42.168 -60.780 -6.348
v -40.318 -57.942 -5.874
v -38.460 -55.982 -5.898
v -37.419 -54.495 -8.376
v -33.907 -52.885 -8.925
v -39.314 -74.007 -5.046
v -39.922 -71.623 -3.177
v -41.611 -67.942 -3.499
v -41.081 -65.345 -2.343
v -41.222 -62.759 -3.056
v -40.193 -60.287 -3.018
v -39.794 -58.161 -4.536
v -36.229 -54.390 -6.152
v -31.497 -52.427 -9.385
v -38.016 -74.544 -4.027
v -38.228 -72.871 -2.301
v -39.967 -70.326 -2.272
v -40.124 -67.936 -1.487
v -39.351 -65.348 -0.429
v -38.882 -61.511 -0.881
v -38.168 -59.135 -1.636
v -38.521 -57.904 -3.103
v -37.228 -56.059 -4.040
v -32.747 -52.831 -7.567
v -36.254 -74.670 -2.470
v -36.359 -72.786 -0.778
v -37.881 -70.442 -0.380
v -38.405 -67.798 0.128
v -36.887 -65.197 1.363
v -36.461 -61.392 0.809
v -36.789 -59.171 -0.567
v -36.354 -57.025 -2.052
v -34.548 -55.215 -3.078
v -34.628 -54.420 -4.460
v -29.786 -52.375 -10.777
v -33.399 -74.732 -1.062
v -34.485 -72.846 0.118
v -35.025 -69.431 1.595
v -36.164 -66.719 1.664
v -35.824 -63.001 1.581
v -35.269 -59.205 0.309
v -34.579 -57.068 -0.990
v -32.172 -55.266 -2.105
v -31.425 -52.905 -6.570
v -30.552 -52.462 -8.633
v -32.478 -72.935 0.624
v -32.392 -69.570 2.250
v -33.148 -68.132 2.498
v -33.688 -64.863 2.565
v -33.544 -62.926 2.355
v -33.397 -60.295 1.525
v -31.764 -58.222 0.672
v -31.257 -53.896 -4.061
v -30.005 -67.640 2.817
v -30.992 -74.451 -0.363
v -25.412 -75.779 -3.480
v -24.726 -76.832 -6.202
v -23.978 -77.112 -9.786
v -24.657 -77.262 -12.484
v -25.387 -77.304 -13.703
v -26.333 -77.321 -14.749
v -27.462 -77.312 -15.591
v -28.731 -77.279 -16.195
v -30.070 -77.224 -16.538
v -31.504 -77.144 -16.617
v -32.896 -77.047 -16.417
v -33.905 -76.963 -16.079
v -34.846 -76.875 -15.619
v -35.983 -76.746 -14.781
v -36.931 -76.626 -13.745
v -37.524 -76.044 -6.094
v -36.478 -76.003 -4.627
v -35.443 -75.999 -3.687
v -34.215 -76.020 -2.948
v -32.545 -76.080 -2.380
v -30.788 -76.177 -2.264
v -29.752 -76.249 -2.399
v -28.712 -76.330 -2.676
v -27.439 -76.448 -3.279
v -24.093 -76.978 -8.006
v -24.183 -77.196 -11.155
v -37.819 -76.453 -12.202
v -38.268 -76.309 -10.523
v -30.070 -75.227 -2.374
v -25.349 -75.703 -5.164
v -23.924 -76.067 -9.151
v -24.041 -76.182 -10.887
v -25.336 -76.305 -13.753
v -29.708 -76.240 -16.548
v -31.466 -76.143 -16.662
v -32.869 -76.045 -16.456
v -34.188 -75.934 -15.985
v -36.438 -75.683 -14.319
v -37.425 -75.044 -6.062
v -33.519 -75.046 -2.729
v -31.799 -75.121 -2.322
v -27.418 -75.448 -3.307
v -26.269 -75.577 -4.154
v -26.329 -76.571 -4.102
v -28.700 -75.331 -2.708
v -28.037 -76.299 -15.973
v -35.419 -75.809 -15.245
v -25.374 -76.702 -5.155
v -36.436 -75.007 -4.687
v -24.604 -75.834 -6.400
v -35.052 -75.005 -3.478
v -37.478 -75.518 -12.854
v -24.123 -75.957 -7.755
v -38.085 -75.368 -11.217
v -38.283 -75.259 -9.849
v -38.337 -76.205 -9.098
v -38.157 -75.142 -8.052
v -38.134 -76.122 -7.731
v -24.625 -76.265 -12.574
v -26.577 -76.324 -15.070
v -28.609 -63.308 2.652
v -27.947 -56.546 -0.910
v -29.504 -60.781 2.041
v -27.078 -73.781 -0.386
v -24.838 -64.075 1.602
v -26.015 -55.280 -3.284
v -26.720 -65.885 2.424
v -23.708 -57.594 -2.199
v -21.646 -64.345 -0.525
v -22.589 -68.803 -0.150
v -22.372 -59.840 -1.552
v -20.067 -67.115 -2.299
v -21.090 -57.481 -5.759
v -20.200 -62.439 -2.600
v -20.014 -65.009 -2.230
v -18.749 -67.288 -4.498
v -24.033 -54.188 -8.618
v -26.729 -53.032 -8.476
v -18.152 -70.151 -10.582
v -21.634 -55.841 -10.229
v -19.099 -71.960 -8.303
v -18.082 -69.584 -8.282
v -18.512 -70.241 -13.020
v -23.714 -54.313 -11.314
v -18.476 -60.527 -11.981
v -17.452 -65.580 -11.950
v -21.876 -74.346 -15.014
v -19.517 -62.651 -16.789
v -24.571 -54.400 -13.898
v -23.752 -74.719 -16.931
v -22.397 -60.195 -19.026
v -23.526 -55.990 -15.926
v -20.096 -67.348 -18.055
v -22.544 -64.703 -20.625
v -22.032 -62.178 -19.661
v -26.394 -57.494 -19.750
v -24.727 -71.649 -20.402
v -27.103 -65.564 -22.891
v -29.941 -74.523 -19.888
v -28.975 -69.646 -22.616
v -32.759 -57.960 -20.672
v -31.952 -72.871 -21.072
v -34.534 -62.093 -22.189
v -32.807 -54.049 -16.164
v -34.011 -60.127 -21.625
v -36.005 -71.611 -20.533
v -39.340 -66.887 -19.823
v -39.043 -59.729 -18.293
v -40.919 -67.832 -17.955
v -39.982 -57.267 -13.957
v -43.355 -63.714 -12.178
v -43.083 -65.771 -13.985
v -42.629 -62.741 -14.491
v -33.631 -52.809 -11.297
v -35.874 -53.579 -9.189
v -43.499 -66.631 -8.370
v -39.595 -56.571 -7.148
v -34.833 -53.535 -7.006
v -41.431 -60.459 -4.942
v -41.415 -70.594 -4.728
v -40.111 -63.399 -1.475
v -37.161 -68.613 0.770
v -38.211 -63.420 0.251
v -33.037 -53.557 -5.386
v -35.488 -70.670 0.955
v -32.536 -71.226 1.565
v -32.135 -61.112 2.082
v -33.400 -58.158 0.294
v -33.917 -66.642 2.501
v -29.289 -52.456 -9.298
v -28.269 -52.604 -11.232
v -29.121 -52.610 -12.240
v -30.359 -52.546 -12.287
v -31.239 -52.432 -11.217
f 44 1 3
f 44 3 4
f 138 44 4
f 138 4 45
f 45 4 46
f 26 145 148
f 6 2 148
f 6 148 145
f 1 2 6
f 3 1 6
f 4 3 5
f 4 5 47
f 46 4 47
f 3 6 7
f 5 3 7
f 7 6 140
f 5 7 8
f 47 5 48
f 48 5 8
f 10 6 145
f 140 6 10
f 7 140 9
f 48 8 129
f 8 7 9
f 8 9 11
f 8 11 129
f 26 10 145
f 9 140 14
f 129 11 49
f 9 14 12
f 11 9 12
f 49 11 50
f 50 11 12
f 26 13 10
f 140 10 14
f 14 10 13
f 12 14 15
f 50 12 51
f 12 15 51
f 15 14 17
f 51 15 134
f 14 13 19
f 26 146 13
f 19 13 146
f 17 14 19
f 16 15 17
f 134 15 16
f 134 16 135
f 16 18 52
f 135 16 52
f 16 17 18
f 17 19 21
f 18 17 20
f 20 17 21
f 52 18 127
f 23 19 146
f 21 19 141
f 141 19 23
f 127 18 53
f 18 20 53
f 20 21 22
f 53 20 22
f 53 22 54
f 26 23 146
f 21 141 24
f 22 21 24
f 54 22 132
f 141 23 28
f 24 141 27
f 22 24 25
f 132 22 55
f 55 22 25
f 27 141 28
f 25 24 27
f 55 25 137
f 27 28 29
f 25 27 142
f 27 29 142
f 137 25 56
f 25 142 56
f 28 23 147
f 26 147 23
f 56 142 30
f 56 30 57
f 30 142 143
f 142 29 143
f 57 30 58
f 32 28 147
f 29 28 32
f 29 32 34
f 30 143 31
f 143 29 34
f 58 30 31
f 58 31 59
f 59 31 33
f 26 35 147
f 32 147 35
f 31 143 33
f 34 32 144
f 144 32 35
f 33 143 36
f 143 34 36
f 59 33 60
f 60 33 61
f 33 36 61
f 26 39 35
f 34 144 37
f 36 34 37
f 144 35 39
f 36 37 38
f 61 36 38
f 61 38 126
f 37 144 40
f 38 37 40
f 26 148 39
f 38 40 41
f 126 38 62
f 62 38 41
f 2 39 148
f 40 144 2
f 40 2 42
f 144 39 2
f 41 40 42
f 62 41 63
f 41 42 43
f 43 42 44
f 63 41 43
f 63 43 121
f 42 2 1
f 44 42 1
f 43 44 138
f 121 43 138
f 64 66 157
f 103 67 64
f 65 104 67
f 65 67 103
f 104 139 67
f 68 158 102
f 85 102 158
f 66 68 157
f 67 149 64
f 64 149 66
f 67 69 149
f 139 124 69
f 139 69 67
f 71 158 68
f 69 150 149
f 149 150 66
f 66 150 71
f 66 71 68
f 69 70 150
f 124 128 69
f 69 128 70
f 70 72 150
f 128 105 70
f 150 73 71
f 73 75 71
f 72 73 150
f 70 105 72
f 71 75 158
f 85 158 75
f 72 74 73
f 106 107 74
f 106 74 72
f 105 106 72
f 74 76 73
f 73 76 75
f 76 79 75
f 108 77 107
f 107 77 74
f 77 80 74
f 74 80 76
f 108 109 77
f 79 159 75
f 85 75 159
f 80 79 76
f 77 78 80
f 109 110 77
f 110 111 77
f 77 111 78
f 78 151 80
f 83 159 79
f 80 81 83
f 80 83 79
f 151 81 80
f 111 112 78
f 78 82 151
f 112 113 82
f 112 82 78
f 82 152 151
f 151 152 81
f 113 130 82
f 83 86 159
f 85 159 86
f 81 152 83
f 82 84 152
f 130 131 84
f 130 84 82
f 152 88 83
f 88 86 83
f 84 153 152
f 131 133 84
f 84 87 153
f 153 88 152
f 133 87 84
f 88 90 86
f 87 154 153
f 153 154 88
f 133 114 87
f 90 160 86
f 85 86 160
f 87 89 154
f 114 136 89
f 114 89 87
f 89 91 154
f 154 91 88
f 88 91 90
f 94 160 90
f 91 93 90
f 93 94 90
f 89 92 91
f 136 115 89
f 115 92 89
f 115 116 92
f 85 160 94
f 92 155 91
f 91 155 93
f 92 95 155
f 116 117 95
f 116 95 92
f 117 118 96
f 117 96 95
f 93 99 94
f 95 96 155
f 85 94 99
f 93 97 156
f 93 156 99
f 96 97 155
f 155 97 93
f 118 125 96
f 97 100 156
f 96 98 97
f 125 122 96
f 96 122 98
f 98 100 97
f 122 123 98
f 100 157 156
f 157 102 99
f 156 157 99
f 98 101 100
f 123 120 101
f 123 101 98
f 100 64 157
f 101 103 100
f 103 64 100
f 120 119 103
f 120 103 101
f 85 99 102
f 157 68 102
f 119 65 103
f 130 113 53
f 138 65 119
f 138 119 121
f 115 136 58
f 46 139 45
f 139 104 45
f 57 136 56
f 136 114 56
f 137 133 55
f 134 109 51
f 51 109 108
f 47 124 139
f 47 139 46
f 50 107 106
f 50 106 49
f 48 128 124
f 48 124 47
f 45 104 65
f 45 65 138
f 52 111 135
f 111 110 135
f 56 114 137
f 114 133 137
f 58 136 57
f 63 120 123
f 63 123 62
f 127 112 52
f 52 112 111
f 54 130 53
f 61 118 117
f 61 117 60
f 135 110 134
f 134 110 109
f 55 131 132
f 55 133 131
f 122 125 126
f 59 116 115
f 59 115 58
f 51 108 107
f 51 107 50
f 106 105 129
f 49 106 129
f 132 131 130
f 132 130 54
f 129 128 48
f 129 105 128
f 53 113 127
f 113 112 127
f 126 125 61
f 61 125 118
f 62 123 122
f 62 122 126
f 60 117 116
f 60 116 59
f 121 119 63
f 63 119 120
f 202 161 163
f 202 163 164
f 296 202 164
f 296 164 203
f 203 164 204
f 185 304 307
f 166 162 307
f 166 307 304
f 161 162 166
f 163 161 166
f 164 163 165
f 164 165 205
f 204 164 205
f 163 166 167
f 165 163 167
f 167 166 168
f 205 165 206
f 206 165 298
f 170 166 304
f 168 166 170
f 165 167 298
f 206 298 287
f 298 167 169
f 167 168 169
f 298 169 287
f 185 170 304
f 169 168 173
f 287 169 207
f 207 169 171
f 169 173 299
f 171 169 299
f 171 299 174
f 207 171 208
f 185 172 170
f 168 170 173
f 173 170 172
f 208 171 174
f 208 174 209
f 299 173 176
f 174 299 175
f 209 174 292
f 292 174 175
f 173 172 178
f 185 305 172
f 178 172 305
f 176 173 178
f 175 299 176
f 292 175 293
f 175 177 210
f 293 175 210
f 175 176 177
f 176 178 180
f 177 176 179
f 179 176 180
f 210 177 285
f 182 178 305
f 180 178 300
f 300 178 182
f 285 177 211
f 177 179 211
f 179 180 181
f 211 179 181
f 211 181 212
f 185 182 305
f 180 300 183
f 181 180 183
f 212 181 290
f 300 182 187
f 183 300 186
f 181 183 184
f 290 181 213
f 213 181 184
f 186 300 187
f 184 183 186
f 213 184 295
f 186 187 188
f 184 186 301
f 186 188 301
f 295 184 214
f 184 301 214
f 187 182 306
f 185 306 182
f 214 301 189
f 214 189 215
f 189 301 302
f 301 188 302
f 215 189 216
f 191 187 306
f 188 187 191
f 188 191 193
f 189 302 190
f 302 188 193
f 216 189 190
f 216 190 217
f 217 190 192
f 185 197 306
f 191 306 197
f 190 302 192
f 193 191 303
f 303 191 197
f 192 302 194
f 302 193 194
f 217 192 218
f 218 192 219
f 192 194 219
f 193 303 195
f 194 193 195
f 194 195 196
f 219 194 196
f 219 196 284
f 195 303 198
f 196 195 198
f 185 307 197
f 196 198 199
f 284 196 220
f 220 196 199
f 162 197 307
f 198 303 162
f 198 162 200
f 303 197 162
f 199 198 200
f 220 199 221
f 199 200 201
f 201 200 202
f 221 199 201
f 221 201 279
f 200 162 161
f 202 200 161
f 201 202 296
f 279 201 296
f 222 224 316
f 261 225 222
f 223 262 225
f 223 225 261
f 262 297 225
f 226 317 260
f 243 260 317
f 224 226 316
f 225 308 222
f 222 308 224
f 225 227 308
f 297 282 227
f 297 227 225
f 229 317 226
f 227 309 308
f 308 309 224
f 224 309 229
f 224 229 226
f 227 228 309
f 282 286 227
f 227 286 228
f 228 230 309
f 286 263 228
f 309 231 229
f 231 233 229
f 230 231 309
f 228 263 230
f 233 317 229
f 230 232 231
f 264 265 232
f 264 232 230
f 263 264 230
f 232 234 231
f 243 317 233
f 231 234 233
f 234 237 233
f 266 235 265
f 265 235 232
f 235 238 232
f 232 238 234
f 266 267 235
f 237 318 233
f 243 233 318
f 238 237 234
f 235 236 238
f 267 268 235
f 268 269 235
f 235 269 236
f 236 310 238
f 241 318 237
f 238 239 241
f 238 241 237
f 310 239 238
f 269 270 236
f 236 240 310
f 270 271 240
f 270 240 236
f 240 311 310
f 310 311 239
f 271 288 240
f 241 244 318
f 243 318 244
f 239 311 241
f 240 242 311
f 288 289 242
f 288 242 240
f 311 246 241
f 246 244 241
f 242 312 311
f 289 291 242
f 242 245 312
f 312 246 311
f 291 245 242
f 246 248 244
f 245 313 312
f 312 313 246
f 291 272 245
f 248 319 244
f 243 244 319
f 245 247 313
f 272 294 247
f 272 247 245
f 247 249 313
f 313 249 246
f 246 249 248
f 252 319 248
f 249 251 248
f 251 252 248
f 247 250 249
f 294 273 247
f 273 250 247
f 273 274 250
f 243 319 252
f 250 314 249
f 249 314 251
f 250 253 314
f 274 275 253
f 274 253 250
f 275 276 254
f 275 254 253
f 251 257 252
f 253 254 314
f 243 252 257
f 251 255 315
f 251 315 257
f 254 255 314
f 314 255 251
f 276 283 254
f 255 258 315
f 254 256 255
f 283 280 254
f 254 280 256
f 256 258 255
f 280 281 256
f 258 316 315
f 316 260 257
f 315 316 257
f 256 259 258
f 281 278 259
f 281 259 256
f 258 222 316
f 259 261 222
f 259 222 258
f 278 277 259
f 277 261 259
f 243 257 260
f 316 226 260
f 277 223 261
f 288 271 211
f 296 223 277
f 296 277 279
f 273 294 216
f 204 297 203
f 297 262 203
f 215 294 214
f 294 272 214
f 295 291 213
f 292 267 266
f 292 266 209
f 205 282 297
f 205 297 204
f 208 265 264
f 208 264 207
f 206 286 282
f 206 282 205
f 203 262 223
f 203 223 296
f 210 269 293
f 269 268 293
f 214 272 295
f 272 291 295
f 216 294 215
f 221 278 281
f 221 281 220
f 285 270 210
f 210 270 269
f 212 288 211
f 219 276 275
f 219 275 218
f 293 268 292
f 292 268 267
f 213 289 290
f 213 291 289
f 280 283 284
f 217 274 273
f 217 273 216
f 209 266 265
f 209 265 208
f 264 263 287
f 207 264 287
f 290 289 288
f 290 288 212
f 287 286 206
f 287 263 286
f 211 271 285
f 271 270 285
f 284 283 219
f 219 283 276
f 220 281 280
f 220 280 284
f 218 275 274
f 218 274 217
f 279 277 221
f 221 277 278
f 320 321 322
f 323 324 325
f 326 327 328
f 321 320 329
f 330 321 329
f 331 333 320
f 329 320 332
f 320 333 332
f 334 326 329
f 329 335 334
f 329 332 336
f 332 333 338
f 338 337 332
f 336 337 338
f 339 329 336
f 338 340 341
f 333 340 338
f 342 336 338
f 343 338 341
f 339 336 343
f 343 336 342
f 341 340 344
f 345 322 346
f 348 325 324
f 361 349 327
f 320 322 345
f 334 361 327
f 320 345 331
f 331 345 350
f 334 327 326
f 333 331 352
f 339 335 329
f 333 353 340
f 341 339 343
f 341 355 339
f 340 356 344
f 357 339 355
f 361 362 349
f 360 363 345
f 345 363 364
f 365 361 366
f 364 350 345
f 334 366 361
f 366 334 367
f 351 331 350
f 367 334 368
f 335 368 334
f 351 352 331
f 352 351 369
f 368 335 370
f 353 333 352
f 371 353 352
f 335 339 354
f 335 354 370
f 339 372 354
f 373 339 358
f 359 356 340
f 374 372 339
f 375 339 373
f 340 376 359
f 378 377 359
f 345 346 379
f 379 360 345
f 347 379 346
f 380 362 361
f 350 364 381
f 350 381 382
f 351 350 382
f 367 368 383
f 369 371 352
f 353 371 384
f 372 374 385
f 353 376 340
f 378 359 376
f 379 386 360
f 387 388 389
f 380 390 362
f 361 391 380
f 363 393 364
f 366 367 383
f 351 382 394
f 368 370 383
f 370 354 395
f 376 353 384
f 397 354 372
f 398 376 384
f 376 405 378
f 399 387 389
f 360 392 363
f 391 400 380
f 363 392 393
f 401 364 393
f 391 361 365
f 384 371 396
f 397 372 404
f 376 398 405
f 406 404 372
f 386 407 360
f 407 392 360
f 391 410 400
f 393 392 411
f 412 391 365
f 364 401 381
f 402 351 394
f 413 402 394
f 402 369 351
f 403 396 371
f 370 395 414
f 395 354 397
f 405 398 415
f 386 409 407
f 400 410 408
f 410 391 412
f 420 382 381
f 382 420 394
f 394 420 413
f 369 403 371
f 414 383 370
f 403 369 423
f 403 423 396
f 395 397 414
f 396 424 384
f 426 427 428
f 418 392 407
f 409 417 430
f 410 431 416
f 410 432 431
f 418 411 392
f 451 365 419
f 411 401 393
f 401 434 381
f 365 366 419
f 434 420 381
f 366 383 421
f 413 435 402
f 369 402 436
f 436 422 369
f 423 437 396
f 438 414 397
f 437 424 396
f 424 398 384
f 415 398 429
f 440 415 429
f 441 407 430
f 430 407 409
f 411 418 433
f 412 365 451
f 421 419 366
f 420 434 443
f 443 413 420
f 444 421 383
f 369 422 423
f 422 445 423
f 414 446 383
f 398 424 439
f 429 398 447
f 398 439 447
f 448 441 430
f 407 441 418
f 442 418 441
f 469 432 410
f 410 449 469
f 418 442 450
f 451 410 412
f 433 418 450
f 434 401 452
f 434 452 443
f 443 454 413
f 453 454 443
f 435 413 454
f 454 455 435
f 435 436 402
f 456 423 445
f 456 437 423
f 438 446 414
f 456 424 437
f 447 404 425
f 458 442 441
f 458 459 442
f 451 449 410
f 419 470 451
f 452 411 433
f 411 452 401
f 455 454 453
f 455 453 462
f 421 444 463
f 435 455 436
f 422 436 464
f 436 455 464
f 464 455 445
f 446 444 383
f 464 445 422
f 465 456 445
f 456 466 467
f 456 467 424
f 468 439 424
f 397 404 447
f 469 448 457
f 470 449 451
f 450 442 459
f 472 452 433
f 443 475 453
f 473 474 475
f 460 419 421
f 476 419 460
f 476 474 473
f 476 460 474
f 474 461 453
f 453 475 474
f 474 460 477
f 453 461 462
f 460 421 477
f 477 421 455
f 477 455 462
f 421 463 455
f 463 478 455
f 446 463 444
f 480 463 446
f 445 455 478
f 445 478 465
f 465 478 479
f 465 481 456
f 466 456 481
f 482 467 466
f 424 484 468
f 483 438 397
f 483 397 447
f 486 448 469
f 448 458 441
f 450 459 471
f 471 472 450
f 433 450 472
f 472 475 452
f 475 443 452
f 479 478 463
f 479 463 480
f 490 480 446
f 465 491 481
f 481 482 466
f 492 438 483
f 484 424 467
f 483 447 493
f 447 485 493
f 486 494 448
f 494 458 448
f 458 487 459
f 459 487 495
f 475 496 473
f 488 473 497
f 498 419 476
f 476 473 488
f 488 498 476
f 479 480 489
f 479 499 465
f 500 490 446
f 499 491 465
f 491 501 481
f 482 481 501
f 438 502 446
f 484 467 482
f 493 503 504
f 447 439 485
f 506 485 439
f 505 485 506
f 493 485 503
f 507 458 494
f 469 449 508
f 509 449 470
f 459 495 471
f 495 510 471
f 419 555 470
f 511 472 471
f 471 510 511
f 511 510 524
f 472 496 475
f 472 488 497
f 513 488 472
f 512 419 498
f 514 498 488
f 489 480 500
f 515 500 446
f 489 499 479
f 501 491 528
f 501 516 482
f 482 516 484
f 502 438 492
f 468 484 517
f 468 506 439
f 507 494 518
f 519 520 486
f 519 486 469
f 508 519 469
f 518 520 519
f 519 508 521
f 522 518 519
f 507 487 458
f 523 449 509
f 509 470 555
f 555 419 512
f 511 513 472
f 511 540 513
f 525 526 514
f 526 498 514
f 489 527 499
f 500 515 489
f 527 489 515
f 528 491 499
f 544 499 529
f 499 544 528
f 530 501 528
f 530 516 501
f 516 517 484
f 503 505 504
f 504 531 483
f 504 505 531
f 533 534 535
f 468 536 506
f 518 522 507
f 538 495 487
f 449 539 508
f 449 523 539
f 538 510 495
f 540 511 524
f 541 525 513
f 541 513 540
f 542 526 525
f 545 544 515
f 515 544 527
f 502 546 515
f 548 547 515
f 548 515 546
f 502 515 446
f 549 516 530
f 550 516 549
f 483 551 492
f 552 531 532
f 505 506 552
f 532 505 552
f 551 483 531
f 522 537 554
f 553 507 522
f 538 487 507
f 509 555 523
f 541 556 525
f 540 557 541
f 557 556 541
f 543 542 558
f 558 542 525
f 556 558 525
f 561 544 560
f 545 547 548
f 545 548 559
f 544 545 560
f 528 544 562
f 528 562 530
f 562 563 530
f 563 549 530
f 550 517 516
f 536 517 550
f 468 517 536
f 552 551 531
f 552 506 536
f 553 522 565
f 554 565 522
f 565 508 539
f 565 539 566
f 507 553 538
f 523 567 539
f 524 510 568
f 524 568 569
f 540 524 569
f 571 556 557
f 573 543 558
f 556 573 558
f 556 574 573
f 571 575 574
f 571 557 575
f 573 574 560
f 574 575 560
f 559 548 573
f 560 559 573
f 545 559 560
f 560 575 561
f 575 576 561
f 577 576 575
f 544 561 562
f 561 576 562
f 576 578 562
f 562 579 563
f 502 492 551
f 581 582 553
f 553 582 538
f 510 538 568
f 569 570 540
f 555 512 543
f 540 570 584
f 584 557 540
f 584 572 557
f 577 575 572
f 585 577 572
f 563 579 549
f 564 502 551
f 550 580 536
f 580 587 552
f 580 552 536
f 589 581 565
f 565 566 567
f 565 567 589
f 553 565 581
f 590 523 555
f 583 568 538
f 570 569 568
f 555 543 590
f 568 591 570
f 591 584 570
f 573 592 543
f 584 585 572
f 586 577 585
f 593 576 577
f 593 578 576
f 593 594 578
f 578 579 562
f 594 579 578
f 595 551 552
f 588 595 552
f 567 523 597
f 600 598 599
f 538 582 602
f 597 523 590
f 591 568 583
f 584 604 605
f 586 593 577
f 585 593 586
f 594 549 579
f 546 502 564
f 606 550 549
f 607 580 550
f 595 608 551
f 587 580 596
f 610 582 581
f 589 611 581
f 589 601 611
f 583 538 602
f 601 567 597
f 583 602 591
f 612 590 543
f 603 584 591
f 604 584 603
f 584 605 585
f 614 593 585
f 573 548 546
f 593 615 594
f 594 606 549
f 564 551 617
f 619 580 607
f 618 609 619
f 596 580 619
f 609 596 619
f 611 610 581
f 610 620 582
f 592 612 543
f 585 605 613
f 573 621 592
f 614 585 613
f 573 546 621
f 593 614 615
f 615 614 616
f 594 615 616
f 594 616 606
f 606 607 550
f 617 551 608
f 620 602 582
f 622 611 601
f 623 591 602
f 597 590 612
f 591 623 603
f 624 603 623
f 603 624 604
f 604 624 625
f 617 546 564
f 610 611 627
f 597 628 601
f 628 622 601
f 627 629 610
f 630 623 602
f 631 597 612
f 653 624 623
f 604 613 605
f 616 614 626
f 633 546 617
f 616 632 606
f 606 632 607
f 634 607 632
f 635 633 617
f 618 636 638
f 618 619 636
f 639 622 628
f 629 640 610
f 641 640 629
f 630 602 620
f 628 597 642
f 612 592 631
f 624 653 625
f 625 643 604
f 604 643 655
f 633 621 546
f 619 634 636
f 635 617 637
f 638 636 635
f 619 607 634
f 610 640 620
f 628 644 639
f 620 640 628
f 642 597 631
f 645 620 628
f 623 630 653
f 592 647 631
f 643 625 653
f 621 647 592
f 655 613 604
f 613 626 614
f 621 648 647
f 626 655 649
f 633 648 621
f 616 626 632
f 634 649 650
f 649 634 626
f 626 634 632
f 635 636 648
f 634 651 636
f 628 646 645
f 630 620 645
f 646 642 652
f 631 647 642
f 646 652 645
f 630 645 653
f 642 647 654
f 652 642 654
f 643 653 655
f 649 655 656
f 613 655 626
f 651 657 659
f 648 636 658
f 650 651 634
f 654 660 652
f 645 652 661
f 645 661 653
f 655 653 656
f 654 647 662
f 652 660 662
f 652 662 661
f 661 656 653
f 662 647 648
f 662 657 661
f 662 648 657
f 657 650 661
f 649 656 650
f 656 661 650
f 650 657 651
f 663 664 665
f 666 667 668
f 669 670 671
f 664 663 672
f 673 664 672
f 674 676 663
f 672 663 675
f 663 676 675
f 677 669 672
f 672 678 677
f 672 675 679
f 675 676 681
f 681 680 675
f 679 680 681
f 682 672 679
f 681 683 684
f 676 683 681
f 685 679 681
f 686 681 684
f 682 679 686
f 686 679 685
f 684 683 687
f 688 665 689
f 691 668 667
f 704 692 670
f 663 665 688
f 677 704 670
f 663 688 674
f 674 688 693
f 677 670 669
f 676 674 695
f 682 678 672
f 676 696 683
f 684 682 686
f 684 698 682
f 683 699 687
f 700 682 698
f 704 705 692
f 703 706 688
f 688 706 707
f 708 704 709
f 707 693 688
f 677 709 704
f 709 677 710
f 694 674 693
f 710 677 711
f 678 711 677
f 694 695 674
f 695 694 712
f 711 678 713
f 696 676 695
f 714 696 695
f 678 682 697
f 678 697 713
f 682 715 697
f 716 682 701
f 702 699 683
f 717 715 682
f 718 682 716
f 683 719 702
f 721 720 702
f 688 689 722
f 722 703 688
f 690 722 689
f 723 705 704
f 693 707 724
f 693 724 725
f 694 693 725
f 710 711 726
f 712 714 695
f 696 714 727
f 715 717 728
f 696 719 683
f 721 702 719
f 722 729 703
f 730 731 732
f 723 733 705
f 704 734 723
f 706 736 707
f 709 710 726
f 694 725 737
f 711 713 726
f 713 697 738
f 719 696 727
f 740 697 715
f 741 719 727
f 719 748 721
f 742 730 732
f 703 735 706
f 734 743 723
f 706 735 736
f 744 707 736
f 734 704 708
f 727 714 739
f 740 715 747
f 719 741 748
f 749 747 715
f 729 750 703
f 750 735 703
f 734 753 743
f 736 735 754
f 755 734 708
f 707 744 724
f 745 694 737
f 756 745 737
f 745 712 694
f 746 739 714
f 713 738 757
f 738 697 740
f 748 741 758
f 729 752 750
f 743 753 751
f 753 734 755
f 763 725 724
f 725 763 737
f 737 763 756
f 712 746 714
f 757 726 713
f 746 712 766
f 746 766 739
f 738 740 757
f 739 767 727
f 769 770 771
f 761 735 750
f 752 760 773
f 753 774 759
f 753 775 774
f 761 754 735
f 794 708 762
f 754 744 736
f 744 777 724
f 708 709 762
f 777 763 724
f 709 726 764
f 756 778 745
f 712 745 779
f 779 765 712
f 766 780 739
f 781 757 740
f 780 767 739
f 767 741 727
f 758 741 772
f 783 758 772
f 784 750 773
f 773 750 752
f 754 761 776
f 755 708 794
f 764 762 709
f 763 777 786
f 786 756 763
f 787 764 726
f 712 765 766
f 765 788 766
f 757 789 726
f 741 767 782
f 772 741 790
f 741 782 790
f 791 784 773
f 750 784 761
f 785 761 784
f 812 775 753
f 753 792 812
f 761 785 793
f 794 753 755
f 776 761 793
f 777 744 795
f 777 795 786
f 786 797 756
f 796 797 786
f 778 756 797
f 797 798 778
f 778 779 745
f 799 766 788
f 799 780 766
f 781 789 757
f 799 767 780
f 790 747 768
f 801 785 784
f 801 802 785
f 794 792 753
f 762 813 794
f 795 754 776
f 754 795 744
f 798 797 796
f 798 796 805
f 764 787 806
f 778 798 779
f 765 779 807
f 779 798 807
f 807 798 788
f 789 787 726
f 807 788 765
f 808 799 788
f 799 809 810
f 799 810 767
f 811 782 767
f 740 747 790
f 812 791 800
f 813 792 794
f 793 785 802
f 815 795 776
f 786 818 796
f 816 817 818
f 803 762 764
f 819 762 803
f 819 817 816
f 819 803 817
f 817 804 796
f 796 818 817
f 817 803 820
f 796 804 805
f 803 764 820
f 820 764 798
f 820 798 805
f 764 806 798
f 806 821 798
f 789 806 787
f 823 806 789
f 788 798 821
f 788 821 808
f 808 821 822
f 808 824 799
f 809 799 824
f 825 810 809
f 767 827 811
f 826 781 740
f 826 740 790
f 829 791 812
f 791 801 784
f 793 802 814
f 814 815 793
f 776 793 815
f 815 818 795
f 818 786 795
f 822 821 806
f 822 806 823
f 833 823 789
f 808 834 824
f 824 825 809
f 835 781 826
f 827 767 810
f 826 790 836
f 790 828 836
f 829 837 791
f 837 801 791
f 801 830 802
f 802 830 838
f 818 839 816
f 831 816 840
f 841 762 819
f 819 816 831
f 831 841 819
f 822 823 832
f 822 842 808
f 843 833 789
f 842 834 808
f 834 844 824
f 825 824 844
f 781 845 789
f 827 810 825
f 836 846 847
f 790 782 828
f 849 828 782
f 848 828 849
f 836 828 846
f 850 801 837
f 812 792 851
f 852 792 813
f 802 838 814
f 838 853 814
f 762 898 813
f 854 815 814
f 814 853 854
f 854 853 867
f 815 839 818
f 815 831 840
f 856 831 815
f 855 762 841
f 857 841 831
f 832 823 843
f 858 843 789
f 832 842 822
f 844 834 871
f 844 859 825
f 825 859 827
f 845 781 835
f 811 827 860
f 811 849 782
f 850 837 861
f 862 863 829
f 862 829 812
f 851 862 812
f 861 863 862
f 862 851 864
f 865 861 862
f 850 830 801
f 866 792 852
f 852 813 898
f 898 762 855
f 854 856 815
f 854 883 856
f 868 869 857
f 869 841 857
f 832 870 842
f 843 858 832
f 870 832 858
f 871 834 842
f 887 842 872
f 842 887 871
f 873 844 871
f 873 859 844
f 859 860 827
f 846 848 847
f 847 874 826
f 847 848 874
f 876 877 878
f 811 879 849
f 861 865 850
f 881 838 830
f 792 882 851
f 792 866 882
f 881 853 838
f 883 854 867
f 884 868 856
f 884 856 883
f 885 869 868
f 888 887 858
f 858 887 870
f 845 889 858
f 891 890 858
f 891 858 889
f 845 858 789
f 892 859 873
f 893 859 892
f 826 894 835
f 895 874 875
f 848 849 895
f 875 848 895
f 894 826 874
f 865 880 897
f 896 850 865
f 881 830 850
f 852 898 866
f 884 899 868
f 883 900 884
f 900 899 884
f 886 885 901
f 901 885 868
f 899 901 868
f 904 887 903
f 888 890 891
f 888 891 902
f 887 888 903
f 871 887 905
f 871 905 873
f 905 906 873
f 906 892 873
f 893 860 859
f 879 860 893
f 811 860 879
f 895 894 874
f 895 849 879
f 896 865 908
f 897 908 865
f 908 851 882
f 908 882 909
f 850 896 881
f 866 910 882
f 867 853 911
f 867 911 912
f 883 867 912
f 914 899 900
f 916 886 901
f 899 916 901
f 899 917 916
f 914 918 917
f 914 900 918
f 916 917 903
f 917 918 903
f 902 891 916
f 903 902 916
f 888 902 903
f 903 918 904
f 918 919 904
f 920 919 918
f 887 904 905
f 904 919 905
f 919 921 905
f 905 922 906
f 845 835 894
f 924 925 896
f 896 925 881
f 853 881 911
f 912 913 883
f 898 855 886
f 883 913 927
f 927 900 883
f 927 915 900
f 920 918 915
f 928 920 915
f 906 922 892
f 907 845 894
f 893 923 879
f 923 930 895
f 923 895 879
f 932 924 908
f 908 909 910
f 908 910 932
f 896 908 924
f 933 866 898
f 926 911 881
f 913 912 911
f 898 886 933
f 911 934 913
f 934 927 913
f 916 935 886
f 927 928 915
f 929 920 928
f 936 919 920
f 936 921 919
f 936 937 921
f 921 922 905
f 937 922 921
f 938 894 895
f 931 938 895
f 910 866 940
f 943 941 942
f 881 925 945
f 940 866 933
f 934 911 926
f 927 947 948
f 929 936 920
f 928 936 929
f 937 892 922
f 889 845 907
f 949 893 892
f 950 923 893
f 938 951 894
f 930 923 939
f 953 925 924
f 932 954 924
f 932 944 954
f 926 881 945
f 944 910 940
f 926 945 934
f 955 933 886
f 946 927 934
f 947 927 946
f 927 948 928
f 957 936 928
f 916 891 889
f 936 958 937
f 937 949 892
f 907 894 960
f 962 923 950
f 961 952 962
f 939 923 962
f 952 939 962
f 954 953 924
f 953 963 925
f 935 955 886
f 928 948 956
f 916 964 935
f 957 928 956
f 916 889 964
f 936 957 958
f 958 957 959
f 937 958 959
f 937 959 949
f 949 950 893
f 960 894 951
f 963 945 925
f 965 954 944
f 966 934 945
f 940 933 955
f 934 966 946
f 967 946 966
f 946 967 947
f 947 967 968
f 960 889 907
f 953 954 970
f 940 971 944
f 971 965 944
f 970 972 953
f 973 966 945
f 974 940 955
f 996 967 966
f 947 956 948
f 959 957 969
f 976 889 960
f 959 975 949
f 949 975 950
f 977 950 975
f 978 976 960
f 961 979 981
f 961 962 979
f 982 965 971
f 972 983 953
f 984 983 972
f 973 945 963
f 971 940 985
f 955 935 974
f 967 996 968
f 968 986 947
f 947 986 998
f 976 964 889
f 962 977 979
f 978 960 980
f 981 979 978
f 962 950 977
f 953 983 963
f 971 987 982
f 963 983 971
f 985 940 974
f 988 963 971
f 966 973 996
f 935 990 974
f 986 968 996
f 964 990 935
f 998 956 947
f 956 969 957
f 964 991 990
f 969 998 992
f 976 991 964
f 959 969 975
f 977 992 993
f 992 977 969
f 969 977 975
f 978 979 991
f 977 994 979
f 971 989 988
f 973 963 988
f 989 985 995
f 974 990 985
f 989 995 988
f 973 988 996
f 985 990 997
f 995 985 997
f 986 996 998
f 992 998 999
f 956 998 969
f 994 1000 1002
f 991 979 1001
f 993 994 977
f 997 1003 995
f 988 995 1004
f 988 1004 996
f 998 996 999
f 997 990 1005
f 995 1003 1005
f 995 1005 1004
f 1004 999 996
f 1005 990 991
f 1005 1000 1004
f 1005 991 1000
f 1000 993 1004
f 992 999 993
f 999 1004 993
f 993 1000 994
f 1007 1006 1008
f 1007 1008 1009
f 1026 1023 1007
f 1009 1010 1007
f 1009 1011 1010
f 1012 1038 1013
f 1008 1006 1012
f 1012 1006 1015
f 1008 1012 1014
f 1008 1014 1016
f 1008 1016 1017
f 1015 1006 1020
f 1019 1015 1020
f 1017 1009 1008
f 1017 1018 1021
f 1017 1021 1022
f 1024 1033 1023
f 1023 1020 1006
f 1007 1023 1006
f 1009 1017 1011
f 1022 1011 1017
f 1026 1024 1023
f 1025 1024 1026
f 1010 1026 1007
f 1010 1011 1027
f 1010 1028 1026
f 1010 1027 1028
f 1012 1029 1038
f 1014 1012 1013
f 1015 1019 1031
f 1015 1029 1012
f 1016 1032 1018
f 1032 1016 1014
f 1017 1016 1018
f 1019 1020 1033
f 1023 1033 1020
f 1022 1027 1011
f 1027 1022 1034
f 1035 1027 1034
f 1025 1026 1036
f 1037 1028 1027
f 1036 1026 1028
f 1030 1014 1013
f 1015 1031 1029
f 1039 1021 1018
f 1034 1022 1021
f 1033 1024 1040
f 1035 1037 1027
f 1041 1013 1038
f 1029 1042 1038
f 1030 1032 1014
f 1029 1031 1042
f 1018 1043 1039
f 1043 1018 1032
f 1031 1019 1044
f 1033 1046 1044
f 1044 1019 1033
f 1046 1033 1040
f 1039 1045 1021
f 1034 1021 1045
f 1025 1040 1024
f 1035 1049 1037
f 1041 1051 1013
f 1030 1013 1051
f 1030 1051 1052
f 1030 1052 1032
f 1053 1038 1042
f 1032 1054 1043
f 1055 1045 1039
f 1043 1055 1039
f 1046 1040 1047
f 1034 1045 1035
f 1040 1025 1047
f 1047 1025 1048
f 1048 1025 1036
f 1028 1050 1036
f 1028 1037 1056
f 1041 1038 1053
f 1032 1052 1054
f 1057 1043 1054
f 1031 1058 1042
f 1031 1059 1058
f 1053 1042 1058
f 1059 1031 1044
f 1046 1059 1044
f 1035 1062 1049
f 1045 1062 1035
f 1037 1049 1056
f 1056 1050 1028
f 1051 1063 1052
f 1043 1057 1060
f 1065 1064 1059
f 1055 1043 1060
f 1059 1046 1065
f 1061 1065 1046
f 1066 1045 1055
f 1061 1046 1047
f 1067 1061 1047
f 1049 1062 1068
f 1048 1036 1050
f 1069 1051 1041
f 1052 1063 1081
f 1069 1041 1070
f 1052 1081 1054
f 1060 1057 1073
f 1072 1058 1059
f 1060 1074 1055
f 1074 1066 1055
f 1066 1062 1045
f 1062 1066 1075
f 1047 1048 1067
f 1076 1050 1056
f 1077 1070 1053
f 1053 1070 1041
f 1071 1053 1058
f 1072 1071 1058
f 1064 1072 1059
f 1073 1074 1060
f 1078 1068 1062
f 1079 1067 1048
f 1050 1076 1080
f 1069 1063 1051
f 1053 1071 1077
f 1057 1054 1082
f 1083 1073 1057
f 1061 1084 1065
f 1062 1075 1078
f 1079 1048 1080
f 1048 1050 1080
f 1068 1056 1049
f 1070 1086 1069
f 1069 1081 1063
f 1077 1086 1070
f 1081 1082 1054
f 1081 1087 1082
f 1083 1057 1082
f 1073 1083 1088
f 1089 1072 1064
f 1089 1064 1065
f 1088 1074 1073
f 1084 1089 1065
f 1093 1066 1074
f 1061 1067 1084
f 1066 1093 1075
f 1067 1094 1084
f 1079 1090 1067
f 1056 1085 1076
f 1085 1056 1068
f 1092 1071 1072
f 1071 1092 1091
f 1071 1091 1077
f 1092 1072 1089
f 1093 1074 1088
f 1094 1089 1084
f 1067 1090 1094
f 1075 1095 1078
f 1096 1085 1068
f 1086 1081 1069
f 1083 1082 1097
f 1083 1098 1088
f 1078 1096 1068
f 1078 1095 1096
f 1109 1096 1095
f 1100 1080 1076
f 1076 1085 1100
f 1101 1085 1096
f 1102 1081 1086
f 1087 1081 1102
f 1077 1091 1086
f 1082 1103 1097
f 1104 1092 1089
f 1098 1083 1097
f 1098 1093 1088
f 1093 1098 1105
f 1094 1104 1089
f 1090 1106 1094
f 1093 1095 1075
f 1099 1106 1090
f 1090 1079 1099
f 1079 1080 1108
f 1102 1086 1111
f 1110 1086 1091
f 1086 1110 1111
f 1103 1082 1087
f 1092 1114 1091
f 1104 1114 1092
f 1105 1107 1093
f 1093 1107 1095
f 1107 1109 1095
f 1108 1099 1079
f 1080 1100 1108
f 1100 1085 1101
f 1102 1112 1087
f 1112 1103 1087
f 1103 1113 1097
f 1116 1097 1113
f 1116 1098 1097
f 1114 1104 1117
f 1105 1098 1116
f 1094 1106 1104
f 1117 1104 1106
f 1118 1106 1099
f 1108 1118 1099
f 1100 1101 1119
f 1109 1101 1096
f 1111 1120 1102
f 1112 1102 1120
f 1111 1110 1121
f 1112 1122 1103
f 1113 1103 1122
f 1091 1114 1110
f 1114 1115 1110
f 1116 1123 1105
f 1123 1116 1113
f 1105 1123 1107
f 1107 1126 1109
f 1100 1119 1108
f 1121 1120 1111
f 1110 1115 1121
f 1114 1117 1115
f 1117 1128 1115
f 1134 1123 1113
f 1123 1134 1129
f 1106 1124 1117
f 1107 1123 1125
f 1106 1118 1124
f 1125 1126 1107
f 1119 1118 1108
f 1119 1101 1136
f 1126 1101 1109
f 1127 1120 1121
f 1127 1112 1120
f 1128 1121 1115
f 1133 1112 1127
f 1133 1122 1112
f 1122 1133 1134
f 1113 1122 1134
f 1128 1117 1124
f 1128 1124 1135
f 1129 1126 1125
f 1125 1123 1129
f 1135 1118 1130
f 1124 1118 1135
f 1101 1126 1136
f 1129 1140 1126
f 1126 1140 1136
f 1118 1119 1130
f 1130 1119 1136
f 1127 1121 1132
f 1131 1127 1132
f 1133 1127 1131
f 1121 1128 1132
f 1132 1137 1131
f 1131 1137 1133
f 1133 1138 1134
f 1128 1135 1132
f 1135 1139 1132
f 1132 1139 1137
f 1133 1137 1138
f 1137 1140 1138
f 1140 1129 1138
f 1129 1134 1138
f 1135 1130 1139
f 1130 1136 1139
f 1136 1137 1139
f 1136 1140 1137
f 1142 1141 1143
f 1142 1143 1144
f 1161 1158 1142
f 1144 1145 1142
f 1144 1146 1145
f 1147 1173 1148
f 1143 1141 1147
f 1147 1141 1150
f 1143 1147 1149
f 1143 1149 1151
f 1143 1151 1152
f 1150 1141 1155
f 1154 1150 1155
f 1152 1144 1143
f 1152 1153 1156
f 1152 1156 1157
f 1159 1168 1158
f 1158 1155 1141
f 1142 1158 1141
f 1144 1152 1146
f 1157 1146 1152
f 1161 1159 1158
f 1160 1159 1161
f 1145 1161 1142
f 1145 1146 1162
f 1145 1163 1161
f 1145 1162 1163
f 1147 1164 1173
f 1149 1147 1148
f 1150 1154 1166
f 1150 1164 1147
f 1151 1167 1153
f 1167 1151 1149
f 1152 1151 1153
f 1154 1155 1168
f 1158 1168 1155
f 1157 1162 1146
f 1162 1157 1169
f 1170 1162 1169
f 1160 1161 1171
f 1172 1163 1162
f 1171 1161 1163
f 1165 1149 1148
f 1150 1166 1164
f 1174 1156 1153
f 1169 1157 1156
f 1168 1159 1175
f 1170 1172 1162
f 1176 1148 1173
f 1164 1177 1173
f 1165 1167 1149
f 1164 1166 1177
f 1153 1178 1174
f 1178 1153 1167
f 1166 1154 1179
f 1168 1181 1179
f 1179 1154 1168
f 1181 1168 1175
f 1174 1180 1156
f 1169 1156 1180
f 1160 1175 1159
f 1170 1184 1172
f 1176 1186 1148
f 1165 1148 1186
f 1165 1186 1187
f 1165 1187 1167
f 1188 1173 1177
f 1167 1189 1178
f 1190 1180 1174
f 1178 1190 1174
f 1181 1175 1182
f 1169 1180 1170
f 1175 1160 1182
f 1182 1160 1183
f 1183 1160 1171
f 1163 1185 1171
f 1163 1172 1191
f 1176 1173 1188
f 1167 1187 1189
f 1192 1178 1189
f 1166 1193 1177
f 1166 1194 1193
f 1188 1177 1193
f 1194 1166 1179
f 1181 1194 1179
f 1170 1197 1184
f 1180 1197 1170
f 1172 1184 1191
f 1191 1185 1163
f 1186 1198 1187
f 1178 1192 1195
f 1200 1199 1194
f 1190 1178 1195
f 1194 1181 1200
f 1196 1200 1181
f 1201 1180 1190
f 1196 1181 1182
f 1202 1196 1182
f 1184 1197 1203
f 1183 1171 1185
f 1204 1186 1176
f 1187 1198 1216
f 1204 1176 1205
f 1187 1216 1189
f 1195 1192 1208
f 1207 1193 1194
f 1195 1209 1190
f 1209 1201 1190
f 1201 1197 1180
f 1197 1201 1210
f 1182 1183 1202
f 1211 1185 1191
f 1212 1205 1188
f 1188 1205 1176
f 1206 1188 1193
f 1207 1206 1193
f 1199 1207 1194
f 1208 1209 1195
f 1213 1203 1197
f 1214 1202 1183
f 1185 1211 1215
f 1204 1198 1186
f 1188 1206 1212
f 1192 1189 1217
f 1218 1208 1192
f 1196 1219 1200
f 1197 1210 1213
f 1214 1183 1215
f 1183 1185 1215
f 1203 1191 1184
f 1205 1221 1204
f 1204 1216 1198
f 1212 1221 1205
f 1216 1217 1189
f 1216 1222 1217
f 1218 1192 1217
f 1208 1218 1223
f 1224 1207 1199
f 1224 1199 1200
f 1223 1209 1208
f 1219 1224 1200
f 1228 1201 1209
f 1196 1202 1219
f 1201 1228 1210
f 1202 1229 1219
f 1214 1225 1202
f 1191 1220 1211
f 1220 1191 1203
f 1227 1206 1207
f 1206 1227 1226
f 1206 1226 1212
f 1227 1207 1224
f 1228 1209 1223
f 1229 1224 1219
f 1202 1225 1229
f 1210 1230 1213
f 1231 1220 1203
f 1221 1216 1204
f 1218 1217 1232
f 1218 1233 1223
f 1213 1231 1203
f 1213 1230 1231
f 1244 1231 1230
f 1235 1215 1211
f 1211 1220 1235
f 1236 1220 1231
f 1237 1216 1221
f 1222 1216 1237
f 1212 1226 1221
f 1217 1238 1232
f 1239 1227 1224
f 1233 1218 1232
f 1233 1228 1223
f 1228 1233 1240
f 1229 1239 1224
f 1225 1241 1229
f 1228 1230 1210
f 1234 1241 1225
f 1225 1214 1234
f 1214 1215 1243
f 1237 1221 1246
f 1245 1221 1226
f 1221 1245 1246
f 1238 1217 1222
f 1227 1249 1226
f 1239 1249 1227
f 1240 1242 1228
f 1228 1242 1230
f 1242 1244 1230
f 1243 1234 1214
f 1215 1235 1243
f 1235 1220 1236
f 1237 1247 1222
f 1247 1238 1222
f 1238 1248 1232
f 1251 1232 1248
f 1251 1233 1232
f 1249 1239 1252
f 1240 1233 1251
f 1229 1241 1239
f 1252 1239 1241
f 1253 1241 1234
f 1243 1253 1234
f 1235 1236 1254
f 1244 1236 1231
f 1246 1255 1237
f 1247 1237 1255
f 1246 1245 1256
f 1247 1257 1238
f 1248 1238 1257
f 1226 1249 1245
f 1249 1250 1245
f 1251 1258 1240
f 1258 1251 1248
f 1240 1258 1242
f 1242 1261 1244
f 1235 1254 1243
f 1256 1255 1246
f 1245 1250 1256
f 1249 1252 1250
f 1252 1263 1250
f 1269 1258 1248
f 1258 1269 1264
f 1241 1259 1252
f 1242 1258 1260
f 1241 1253 1259
f 1260 1261 1242
f 1254 1253 1243
f 1254 1236 1271
f 1261 1236 1244
f 1262 1255 1256
f 1262 1247 1255
f 1263 1256 1250
f 1268 1247 1262
f 1268 1257 1247
f 1257 1268 1269
f 1248 1257 1269
f 1263 1252 1259
f 1263 1259 1270
f 1264 1261 1260
f 1260 1258 1264
f 1270 1253 1265
f 1259 1253 1270
f 1236 1261 1271
f 1264 1275 1261
f 1261 1275 1271
f 1253 1254 1265
f 1265 1254 1271
f 1262 1256 1267
f 1266 1262 1267
f 1268 1262 1266
f 1256 1263 1267
f 1267 1272 1266
f 1266 1272 1268
f 1268 1273 1269
f 1263 1270 1267
f 1270 1274 1267
f 1267 1274 1272
f 1268 1272 1273
f 1272 1275 1273
f 1275 1264 1273
f 1264 1269 1273
f 1270 1265 1274
f 1265 1271 1274
f 1271 1272 1274
f 1271 1275 1272
f 1283 1282 1293
f 1283 1293 1304
f 1277 1276 1286
f 1277 1286 1287
f 1294 1587 1304
f 1587 1283 1304
f 1277 1287 1288
f 1588 1277 1288
f 1278 1588 1289
f 1289 1588 1288
f 1279 1278 1289
f 1279 1289 1648
f 1650 1279 1648
f 1650 1648 1290
f 1650 1290 1291
f 1281 1280 1292
f 1280 1650 1291
f 1280 1291 1292
f 1282 1281 1649
f 1282 1649 1293
f 1281 1292 1649
f 1276 1589 1285
f 1276 1285 1286
f 1649 1292 1302
f 1649 1302 1303
f 1286 1285 1651
f 1651 1285 1295
f 1286 1651 1296
f 1293 1649 1303
f 1293 1303 1653
f 1304 1293 1653
f 1287 1286 1296
f 1287 1296 1297
f 1294 1304 1314
f 1288 1287 1298
f 1298 1287 1297
f 1284 1294 1314
f 1289 1288 1298
f 1289 1298 1654
f 1654 1298 1299
f 1648 1289 1654
f 1648 1654 1290
f 1290 1654 1299
f 1290 1299 1652
f 1290 1652 1300
f 1291 1290 1300
f 1291 1300 1301
f 1292 1301 1302
f 1292 1291 1301
f 1299 1298 1307
f 1299 1307 1308
f 1300 1652 1309
f 1652 1299 1308
f 1652 1308 1309
f 1301 1300 1310
f 1300 1309 1310
f 1302 1301 1311
f 1301 1310 1311
f 1303 1302 1311
f 1303 1311 1655
f 1303 1655 1312
f 1651 1295 1305
f 1296 1651 1305
f 1296 1305 1306
f 1304 1653 1313
f 1653 1303 1312
f 1297 1296 1306
f 1297 1306 1316
f 1314 1304 1313
f 1298 1297 1307
f 1307 1297 1316
f 1284 1314 1664
f 1312 1655 1321
f 1306 1305 1315
f 1313 1653 1312
f 1306 1315 1316
f 1314 1313 1332
f 1307 1316 1657
f 1657 1316 1317
f 1284 1664 1322
f 1664 1314 1332
f 1308 1307 1657
f 1308 1657 1318
f 1318 1657 1317
f 1284 1322 1713
f 1309 1656 1319
f 1309 1308 1318
f 1309 1318 1656
f 1310 1319 1658
f 1310 1309 1319
f 1658 1319 1320
f 1311 1658 1655
f 1311 1310 1658
f 1655 1658 1321
f 1568 1713 1322
f 1319 1656 1662
f 1319 1662 1661
f 1656 1318 1662
f 1661 1662 1328
f 1320 1319 1661
f 1320 1661 1339
f 1321 1658 1320
f 1320 1339 1329
f 1321 1320 1329
f 1312 1321 1330
f 1321 1329 1660
f 1330 1321 1660
f 1315 1305 1323
f 1315 1323 1324
f 1313 1312 1331
f 1312 1330 1331
f 1316 1315 1325
f 1325 1315 1324
f 1332 1313 1331
f 1317 1316 1325
f 1317 1325 1326
f 1318 1659 1662
f 1318 1317 1659
f 1659 1317 1326
f 1662 1659 1327
f 1331 1330 1341
f 1331 1341 1350
f 1325 1324 1335
f 1324 1334 1344
f 1335 1324 1344
f 1332 1331 1351
f 1351 1331 1350
f 1326 1325 1335
f 1326 1335 1336
f 1327 1659 1663
f 1659 1326 1663
f 1663 1326 1336
f 1327 1663 1337
f 1328 1662 1327
f 1328 1327 1337
f 1328 1337 1338
f 1339 1661 1328
f 1329 1339 1340
f 1660 1329 1340
f 1330 1660 1341
f 1323 1333 1334
f 1324 1323 1334
f 1339 1328 1338
f 1339 1338 1348
f 1340 1339 1348
f 1340 1348 1349
f 1341 1660 1340
f 1340 1349 1360
f 1341 1340 1360
f 1334 1333 1343
f 1343 1333 1342
f 1344 1334 1343
f 1344 1343 1667
f 1336 1335 1344
f 1336 1344 1668
f 1345 1336 1668
f 1322 1664 1352
f 1664 1332 1351
f 1664 1351 1352
f 1337 1663 1346
f 1663 1336 1345
f 1663 1345 1346
f 1337 1346 1347
f 1338 1337 1347
f 1667 1343 1354
f 1667 1354 1355
f 1351 1350 1371
f 1371 1350 1370
f 1668 1344 1667
f 1668 1667 1355
f 1668 1355 1665
f 1668 1665 1356
f 1352 1351 1371
f 1346 1345 1357
f 1345 1668 1356
f 1357 1345 1356
f 1568 1322 1714
f 1352 1714 1322
f 1347 1357 1358
f 1347 1346 1357
f 1348 1338 1358
f 1348 1358 1359
f 1338 1347 1358
f 1349 1348 1359
f 1349 1359 1368
f 1360 1349 1368
f 1343 1342 1354
f 1354 1342 1353
f 1350 1341 1666
f 1341 1360 1666
f 1350 1666 1370
f 1359 1358 1366
f 1359 1366 1670
f 1670 1366 1367
f 1368 1359 1670
f 1360 1368 1369
f 1354 1353 1362
f 1362 1353 1361
f 1666 1360 1369
f 1666 1369 1370
f 1355 1354 1362
f 1355 1362 1363
f 1665 1355 1363
f 1665 1363 1669
f 1356 1665 1669
f 1356 1669 1364
f 1352 1371 1372
f 1357 1356 1365
f 1357 1365 1671
f 1365 1356 1364
f 1352 1372 1714
f 1358 1357 1671
f 1358 1671 1366
f 1371 1370 1390
f 1371 1390 1391
f 1669 1363 1374
f 1669 1374 1375
f 1364 1669 1375
f 1372 1371 1391
f 1364 1375 1376
f 1365 1364 1376
f 1366 1671 1377
f 1671 1365 1377
f 1377 1365 1376
f 1367 1366 1378
f 1366 1377 1378
f 1368 1670 1367
f 1368 1367 1379
f 1369 1368 1380
f 1380 1368 1379
f 1362 1361 1373
f 1370 1369 1380
f 1370 1380 1390
f 1363 1362 1373
f 1363 1373 1374
f 1379 1367 1387
f 1367 1378 1387
f 1379 1387 1388
f 1380 1379 1389
f 1379 1388 1389
f 1373 1361 1381
f 1373 1381 1672
f 1390 1380 1389
f 1390 1389 1676
f 1374 1373 1672
f 1374 1672 1382
f 1374 1382 1383
f 1375 1374 1383
f 1375 1383 1384
f 1372 1391 1401
f 1376 1375 1384
f 1376 1384 1677
f 1385 1376 1677
f 1377 1376 1385
f 1377 1385 1386
f 1378 1673 1387
f 1378 1377 1386
f 1378 1386 1673
f 1384 1383 1394
f 1384 1394 1395
f 1677 1384 1395
f 1677 1395 1396
f 1568 1714 1715
f 1372 1401 1714
f 1401 1715 1714
f 1386 1385 1397
f 1385 1677 1396
f 1385 1396 1397
f 1387 1673 1398
f 1673 1386 1397
f 1673 1397 1398
f 1387 1398 1388
f 1388 1398 1675
f 1388 1675 1399
f 1389 1388 1399
f 1389 1399 1400
f 1382 1672 1674
f 1672 1381 1392
f 1672 1392 1674
f 1382 1674 1393
f 1676 1389 1400
f 1390 1676 1411
f 1383 1382 1393
f 1383 1393 1394
f 1391 1390 1411
f 1675 1408 1409
f 1399 1675 1409
f 1399 1409 1410
f 1400 1399 1410
f 1393 1674 1403
f 1674 1392 1402
f 1674 1402 1403
f 1411 1676 1400
f 1394 1393 1404
f 1393 1403 1679
f 1404 1393 1679
f 1391 1411 1412
f 1395 1394 1404
f 1395 1404 1405
f 1401 1391 1412
f 1395 1405 1406
f 1396 1395 1406
f 1397 1407 1678
f 1397 1396 1407
f 1407 1396 1406
f 1398 1678 1675
f 1398 1397 1678
f 1678 1407 1408
f 1675 1678 1408
f 1401 1412 1423
f 1406 1405 1417
f 1401 1423 1715
f 1407 1406 1417
f 1407 1417 1418
f 1408 1407 1418
f 1408 1418 1419
f 1409 1408 1419
f 1409 1419 1420
f 1410 1409 1420
f 1403 1402 1414
f 1414 1402 1413
f 1411 1400 1421
f 1411 1421 1422
f 1400 1410 1421
f 1679 1403 1414
f 1679 1414 1415
f 1412 1411 1422
f 1405 1404 1679
f 1679 1415 1416
f 1405 1679 1416
f 1421 1410 1430
f 1410 1420 1430
f 1430 1420 1429
f 1430 1429 1438
f 1414 1413 1424
f 1414 1424 1681
f 1425 1414 1681
f 1422 1421 1439
f 1421 1430 1439
f 1415 1414 1425
f 1415 1425 1426
f 1412 1422 1431
f 1416 1415 1426
f 1416 1426 1684
f 1423 1412 1431
f 1417 1405 1680
f 1405 1416 1680
f 1680 1416 1427
f 1418 1417 1680
f 1418 1680 1428
f 1419 1418 1428
f 1419 1428 1436
f 1420 1419 1436
f 1420 1436 1429
f 1568 1715 1716
f 1423 1716 1715
f 1428 1680 1435
f 1680 1427 1435
f 1435 1427 1434
f 1428 1435 1446
f 1436 1428 1446
f 1429 1436 1437
f 1438 1429 1437
f 1425 1681 1432
f 1439 1430 1438
f 1439 1438 1682
f 1426 1425 1432
f 1426 1432 1433
f 1422 1439 1683
f 1431 1422 1683
f 1684 1426 1433
f 1684 1433 1443
f 1423 1431 1458
f 1427 1416 1684
f 1427 1684 1443
f 1427 1443 1434
f 1432 1681 1440
f 1432 1440 1686
f 1681 1424 1440
f 1686 1440 1441
f 1439 1682 1683
f 1682 1438 1448
f 1683 1682 1448
f 1433 1432 1686
f 1433 1686 1441
f 1433 1441 1442
f 1431 1683 1458
f 1443 1433 1442
f 1444 1434 1443
f 1435 1444 1445
f 1435 1434 1444
f 1446 1435 1445
f 1437 1436 1447
f 1436 1446 1447
f 1438 1437 1448
f 1437 1447 1685
f 1448 1437 1685
f 1445 1444 1454
f 1444 1453 1454
f 1446 1445 1687
f 1446 1687 1689
f 1445 1454 1687
f 1689 1687 1455
f 1447 1689 1685
f 1447 1446 1689
f 1685 1689 1456
f 1685 1456 1457
f 1448 1685 1457
f 1441 1440 1450
f 1440 1449 1450
f 1442 1441 1451
f 1441 1450 1690
f 1451 1441 1690
f 1458 1683 1688
f 1443 1442 1452
f 1452 1442 1451
f 1423 1458 1459
f 1444 1443 1452
f 1444 1452 1453
f 1423 1459 1716
f 1683 1448 1469
f 1448 1457 1468
f 1448 1468 1469
f 1690 1450 1461
f 1690 1461 1462
f 1688 1683 1469
f 1452 1451 1463
f 1451 1690 1462
f 1463 1451 1462
f 1459 1458 1479
f 1453 1452 1463
f 1453 1463 1464
f 1454 1453 1465
f 1453 1464 1475
f 1465 1453 1475
f 1455 1687 1465
f 1687 1454 1465
f 1455 1465 1466
f 1456 1689 1455
f 1456 1455 1466
f 1456 1466 1467
f 1457 1456 1467
f 1468 1457 1467
f 1450 1449 1460
f 1450 1460 1461
f 1466 1465 1476
f 1465 1475 1476
f 1466 1476 1692
f 1467 1466 1692
f 1467 1692 1477
f 1468 1467 1477
f 1468 1477 1478
f 1460 1470 1471
f 1461 1460 1471
f 1469 1468 1478
f 1469 1478 1487
f 1461 1471 1472
f 1462 1461 1472
f 1458 1688 1479
f 1688 1469 1487
f 1479 1688 1487
f 1463 1462 1473
f 1473 1462 1472
f 1464 1463 1691
f 1464 1691 1474
f 1463 1473 1691
f 1568 1716 1717
f 1459 1717 1716
f 1475 1464 1474
f 1472 1471 1482
f 1482 1471 1481
f 1473 1472 1482
f 1473 1482 1693
f 1693 1482 1483
f 1474 1691 1693
f 1474 1693 1484
f 1691 1473 1693
f 1475 1474 1484
f 1475 1484 1485
f 1476 1485 1692
f 1476 1475 1485
f 1692 1485 1486
f 1477 1692 1486
f 1478 1477 1496
f 1471 1470 1480
f 1471 1480 1481
f 1486 1485 1494
f 1485 1493 1494
f 1477 1486 1495
f 1486 1494 1495
f 1496 1477 1495
f 1480 1488 1489
f 1481 1480 1489
f 1487 1478 1497
f 1478 1496 1497
f 1481 1489 1490
f 1479 1487 1498
f 1487 1497 1498
f 1483 1482 1481
f 1483 1481 1490
f 1483 1490 1491
f 1479 1498 1697
f 1459 1479 1697
f 1484 1693 1492
f 1693 1483 1492
f 1492 1483 1491
f 1485 1484 1493
f 1484 1492 1493
f 1493 1492 1696
f 1498 1497 1517
f 1491 1490 1501
f 1459 1697 1507
f 1697 1498 1518
f 1492 1491 1695
f 1695 1491 1502
f 1459 1507 1717
f 1696 1492 1695
f 1696 1695 1502
f 1696 1502 1694
f 1696 1694 1503
f 1494 1493 1696
f 1494 1696 1503
f 1494 1503 1504
f 1495 1504 1505
f 1495 1494 1504
f 1496 1505 1506
f 1496 1495 1505
f 1489 1488 1499
f 1489 1499 1500
f 1497 1496 1506
f 1497 1506 1517
f 1490 1489 1500
f 1490 1500 1510
f 1490 1510 1501
f 1505 1504 1514
f 1505 1514 1698
f 1698 1514 1515
f 1506 1505 1698
f 1506 1698 1516
f 1500 1499 1508
f 1500 1508 1509
f 1517 1506 1516
f 1510 1500 1509
f 1498 1517 1518
f 1491 1501 1511
f 1502 1491 1511
f 1502 1511 1512
f 1694 1502 1512
f 1503 1694 1512
f 1503 1512 1513
f 1504 1503 1514
f 1514 1503 1513
f 1697 1518 1537
f 1507 1697 1537
f 1512 1511 1700
f 1512 1700 1523
f 1513 1512 1524
f 1512 1523 1524
f 1514 1513 1525
f 1513 1524 1525
f 1514 1525 1515
f 1515 1525 1526
f 1516 1698 1515
f 1516 1515 1535
f 1509 1508 1519
f 1520 1509 1519
f 1516 1535 1536
f 1517 1516 1536
f 1510 1520 1521
f 1510 1509 1520
f 1518 1517 1699
f 1699 1517 1536
f 1511 1501 1521
f 1511 1521 1700
f 1501 1510 1521
f 1700 1521 1522
f 1515 1526 1535
f 1535 1526 1534
f 1520 1519 1529
f 1519 1527 1528
f 1529 1519 1528
f 1521 1520 1529
f 1529 1528 1704
f 1518 1699 1537
f 1522 1521 1530
f 1521 1529 1530
f 1523 1700 1522
f 1522 1530 1531
f 1568 1717 1547
f 1507 1547 1717
f 1524 1532 1533
f 1524 1523 1522
f 1524 1522 1532
f 1532 1522 1531
f 1525 1524 1533
f 1533 1532 1703
f 1526 1525 1533
f 1526 1533 1534
f 1531 1530 1540
f 1531 1540 1541
f 1532 1531 1542
f 1542 1531 1541
f 1703 1532 1542
f 1703 1542 1543
f 1534 1533 1703
f 1534 1703 1544
f 1544 1703 1543
f 1535 1534 1545
f 1545 1534 1544
f 1528 1527 1538
f 1528 1538 1539
f 1536 1535 1545
f 1536 1545 1546
f 1704 1528 1539
f 1704 1539 1550
f 1537 1699 1702
f 1699 1536 1546
f 1699 1546 1702
f 1530 1701 1540
f 1530 1529 1704
f 1530 1704 1701
f 1701 1704 1550
f 1507 1537 1547
f 1547 1537 1557
f 1545 1544 1555
f 1545 1555 1556
f 1539 1538 1549
f 1538 1548 1549
f 1546 1545 1556
f 1546 1556 1567
f 1539 1549 1550
f 1537 1702 1557
f 1540 1701 1551
f 1701 1550 1551
f 1541 1540 1552
f 1540 1551 1552
f 1542 1541 1553
f 1543 1542 1553
f 1543 1553 1554
f 1544 1543 1555
f 1555 1543 1554
f 1553 1541 1706
f 1541 1552 1706
f 1706 1552 1562
f 1553 1706 1563
f 1554 1553 1563
f 1554 1563 1564
f 1555 1554 1565
f 1565 1554 1564
f 1556 1565 1566
f 1556 1555 1565
f 1549 1548 1558
f 1549 1558 1559
f 1567 1556 1566
f 1550 1549 1560
f 1560 1549 1559
f 1557 1702 1707
f 1702 1546 1567
f 1702 1567 1707
f 1557 1707 1578
f 1551 1550 1560
f 1551 1560 1561
f 1561 1560 1705
f 1552 1551 1561
f 1552 1561 1562
f 1559 1558 1569
f 1559 1569 1570
f 1567 1566 1587
f 1560 1559 1708
f 1708 1559 1570
f 1707 1567 1587
f 1561 1705 1572
f 1705 1560 1708
f 1705 1708 1571
f 1572 1705 1571
f 1547 1557 1579
f 1579 1557 1578
f 1562 1572 1573
f 1562 1561 1572
f 1568 1547 1579
f 1563 1706 1574
f 1706 1562 1573
f 1706 1573 1574
f 1564 1563 1575
f 1565 1564 1575
f 1565 1575 1576
f 1566 1565 1576
f 1566 1576 1577
f 1574 1573 1583
f 1574 1583 1584
f 1575 1563 1585
f 1563 1574 1584
f 1563 1584 1585
f 1585 1584 1710
f 1576 1575 1711
f 1575 1585 1711
f 1711 1585 1586
f 1577 1576 1282
f 1576 1711 1282
f 1282 1711 1586
f 1570 1569 1580
f 1587 1566 1577
f 1708 1570 1580
f 1708 1580 1709
f 1571 1708 1709
f 1571 1709 1581
f 1578 1707 1587
f 1578 1587 1294
f 1572 1571 1582
f 1572 1582 1712
f 1582 1571 1581
f 1573 1572 1712
f 1573 1712 1583
f 1577 1282 1283
f 1587 1577 1283
f 1709 1580 1276
f 1581 1709 1276
f 1581 1276 1277
f 1582 1581 1277
f 1582 1277 1588
f 1579 1578 1284
f 1578 1294 1284
f 1583 1712 1278
f 1712 1582 1278
f 1278 1582 1588
f 1568 1579 1713
f 1579 1284 1713
f 1584 1583 1278
f 1584 1278 1279
f 1585 1710 1280
f 1710 1584 1279
f 1710 1279 1650
f 1280 1710 1650
f 1586 1585 1280
f 1586 1280 1281
f 1282 1586 1281
f 1580 1569 1589
f 1580 1589 1276
f 1590 1591 1323
f 1590 1323 1305
f 1591 1333 1323
f 1342 1592 1353
f 1592 1361 1353
f 1592 1593 1361
f 1593 1381 1361
f 1593 1594 1381
f 1594 1595 1392
f 1594 1392 1381
f 1595 1596 1392
f 1596 1402 1392
f 1596 1597 1413
f 1596 1413 1402
f 1597 1598 1424
f 1597 1424 1413
f 1598 1599 1424
f 1599 1440 1424
f 1599 1600 1440
f 1600 1449 1440
f 1600 1601 1449
f 1601 1602 1449
f 1602 1603 1470
f 1602 1470 1449
f 1449 1470 1460
f 1603 1604 1470
f 1604 1480 1470
f 1604 1488 1480
f 1508 1643 1527
f 1643 1605 1527
f 1508 1527 1519
f 1605 1538 1527
f 1605 1548 1538
f 1605 1606 1548
f 1606 1558 1548
f 1606 1607 1558
f 1607 1608 1558
f 1608 1569 1558
f 1608 1609 1569
f 1609 1610 1589
f 1609 1589 1569
f 1610 1285 1589
f 1610 1611 1285
f 1611 1295 1285
f 1611 1612 1295
f 1612 1590 1295
f 1295 1590 1305
f 1612 1627 1590
f 1640 1643 1508
f 1615 1640 1508
f 1615 1508 1499
f 1614 1615 1499
f 1614 1499 1488
f 1604 1614 1488
f 1613 1592 1342
f 1613 1342 1333
f 1591 1613 1333
f 1631 1591 1590
f 1627 1631 1590
f 1629 1610 1647
f 1633 1631 1616
f 1599 1598 1617
f 1599 1617 1618
f 1610 1609 1647
f 1647 1609 1624
f 1597 1596 1630
f 1596 1646 1630
f 1609 1623 1624
f 1609 1608 1623
f 1596 1595 1646
f 1607 1606 1632
f 1607 1632 1634
f 1595 1594 1645
f 1595 1645 1646
f 1594 1593 1644
f 1594 1644 1645
f 1605 1643 1642
f 1605 1642 1622
f 1593 1592 1641
f 1593 1641 1644
f 1640 1639 1642
f 1643 1640 1642
f 1592 1638 1641
f 1640 1615 1639
f 1615 1637 1639
f 1592 1613 1638
f 1613 1636 1638
f 1615 1614 1637
f 1614 1635 1637
f 1613 1591 1633
f 1613 1633 1636
f 1614 1604 1635
f 1608 1607 1634
f 1608 1634 1623
f 1591 1631 1633
f 1604 1603 1621
f 1604 1621 1635
f 1606 1605 1622
f 1606 1622 1632
f 1631 1627 1626
f 1631 1626 1616
f 1603 1602 1620
f 1603 1620 1621
f 1600 1599 1618
f 1600 1618 1628
f 1612 1611 1625
f 1625 1611 1629
f 1602 1601 1619
f 1602 1619 1620
f 1598 1597 1617
f 1597 1630 1617
f 1611 1610 1629
f 1601 1600 1628
f 1601 1628 1619
f 1627 1612 1625
f 1627 1625 1626
f 1725 1724 1735
f 1725 1735 1746
f 1719 1718 1728
f 1719 1728 1729
f 1736 2029 1746
f 2029 1725 1746
f 1719 1729 1730
f 2030 1719 1730
f 1720 2030 1731
f 1731 2030 1730
f 1721 1720 1731
f 1721 1731 2092
f 2094 1721 2092
f 2094 2092 1732
f 2094 1732 1733
f 1723 1722 1734
f 1722 2094 1733
f 1722 1733 1734
f 1724 1723 2093
f 1724 2093 1735
f 1723 1734 2093
f 1718 2031 1727
f 1718 1727 1728
f 2093 1734 1744
f 2093 1744 1745
f 1728 1727 2095
f 2095 1727 1737
f 1728 2095 1738
f 1735 2093 1745
f 1735 1745 2097
f 1746 1735 2097
f 1729 1728 1738
f 1729 1738 1739
f 1736 1746 1756
f 1730 1729 1740
f 1740 1729 1739
f 1726 1736 1756
f 1731 1730 1740
f 1731 1740 2098
f 2098 1740 1741
f 2092 1731 2098
f 2092 2098 1732
f 1732 2098 1741
f 1732 1741 2096
f 1732 2096 1742
f 1733 1732 1742
f 1733 1742 1743
f 1734 1743 1744
f 1734 1733 1743
f 1741 1740 1749
f 1741 1749 1750
f 1742 2096 1751
f 2096 1741 1750
f 2096 1750 1751
f 1743 1742 1752
f 1742 1751 1752
f 1744 1743 1753
f 1743 1752 1753
f 1745 1744 1753
f 1745 1753 2099
f 1745 2099 1754
f 2095 1737 1747
f 1738 2095 1747
f 1738 1747 1748
f 1746 2097 1755
f 2097 1745 1754
f 1739 1738 1748
f 1739 1748 1758
f 1756 1746 1755
f 1740 1739 1749
f 1749 1739 1758
f 1726 1756 2109
f 1754 2099 1763
f 1748 1747 1757
f 1755 2097 1754
f 1748 1757 1758
f 1756 1755 1764
f 1749 1758 2101
f 2101 1758 1759
f 1726 2109 1765
f 2109 1756 1764
f 1750 1749 2101
f 1750 2101 1760
f 1760 2101 1759
f 1726 1765 2161
f 1751 2100 1761
f 1751 1750 1760
f 1751 1760 2100
f 1752 1761 2102
f 1752 1751 1761
f 2102 1761 1762
f 1753 2102 2099
f 1753 1752 2102
f 2099 2102 1763
f 2011 2161 1765
f 1761 2100 2106
f 1761 2106 2105
f 2100 1760 2106
f 2105 2106 1771
f 1762 1761 2105
f 1762 2105 1781
f 1763 2102 1762
f 1762 1781 1772
f 1763 1762 1772
f 1754 1763 1773
f 1763 1772 2104
f 1773 1763 2104
f 1757 1747 1766
f 1757 1766 1767
f 1755 1754 1774
f 1754 1773 1774
f 1758 1757 1768
f 1768 1757 1767
f 1764 1755 1774
f 1759 1758 1768
f 1759 1768 1769
f 1760 2103 2106
f 1760 1759 2103
f 2103 1759 1769
f 2106 2103 1770
f 1774 1773 1783
f 1774 1783 1792
f 1768 1767 1777
f 1767 1776 1786
f 1777 1767 1786
f 1764 1774 2108
f 2108 1774 1792
f 1769 1768 1777
f 1769 1777 1778
f 1770 2103 2107
f 2103 1769 2107
f 2107 1769 1778
f 1770 2107 1779
f 1771 2106 1770
f 1771 1770 1779
f 1771 1779 1780
f 1781 2105 1771
f 1772 1781 1782
f 2104 1772 1782
f 1773 2104 1783
f 1766 1775 1776
f 1767 1766 1776
f 1781 1771 1780
f 1781 1780 1790
f 1782 1781 1790
f 1782 1790 1791
f 1783 2104 1782
f 1782 1791 1800
f 1783 1782 1800
f 1776 1775 1785
f 1785 1775 1784
f 1786 1776 1785
f 1786 1785 2112
f 1764 2108 1801
f 1778 1777 1786
f 1778 1786 2113
f 1787 1778 2113
f 1765 2109 1793
f 2109 1764 1801
f 2109 1801 1793
f 1779 2107 1788
f 2107 1778 1787
f 2107 1787 1788
f 1779 1788 1789
f 1780 1779 1789
f 2112 1785 1794
f 2112 1794 1795
f 1801 2108 2115
f 2108 1792 2115
f 2115 1792 1811
f 2113 1786 2112
f 2113 2112 1795
f 2113 1795 2110
f 2113 2110 1796
f 1788 1787 1797
f 1787 2113 1796
f 1797 1787 1796
f 2011 1765 2162
f 1793 2162 1765
f 1789 1797 1798
f 1789 1788 1797
f 1790 1780 1798
f 1790 1798 1799
f 1780 1789 1798
f 1791 1790 1799
f 1791 1799 1809
f 1800 1791 1809
f 1785 1784 1794
f 1794 1784 1802
f 1792 1783 2111
f 1783 1800 2111
f 1792 2111 1811
f 1799 1798 1807
f 1799 1807 2116
f 2116 1807 1808
f 1809 1799 2116
f 1800 1809 1810
f 1794 1802 1803
f 2111 1800 1810
f 2111 1810 1811
f 1795 1794 1803
f 1795 1803 1804
f 1801 2115 1822
f 2110 1795 1804
f 2110 1804 2114
f 1796 2110 2114
f 1796 2114 1805
f 1793 1801 1822
f 1812 1793 1822
f 1797 1796 1806
f 1797 1806 2117
f 1806 1796 1805
f 1793 1812 2162
f 1798 1797 2117
f 1798 2117 1807
f 2115 1811 1832
f 2115 1832 2120
f 1822 2115 2120
f 2114 1804 1815
f 2114 1815 1816
f 1805 2114 1816
f 1805 1816 1817
f 1806 1805 1817
f 1807 2117 1818
f 2117 1806 1818
f 1818 1806 1817
f 1808 1807 1819
f 1807 1818 1819
f 1809 2116 1808
f 1809 1808 1820
f 1810 1809 1821
f 1821 1809 1820
f 1803 1802 1813
f 1803 1813 1814
f 1811 1810 1821
f 1811 1821 1832
f 1804 1803 1814
f 1804 1814 1815
f 1820 1808 1829
f 1808 1819 1829
f 1820 1829 1830
f 1821 1820 1831
f 1820 1830 1831
f 1814 1813 1823
f 1814 1823 2118
f 1832 1821 1831
f 1832 1831 2123
f 1815 1814 2118
f 1815 2118 1824
f 1815 1824 1825
f 1822 2120 1842
f 1816 1815 1825
f 1816 1825 1826
f 1812 1822 1842
f 1817 1816 1826
f 1817 1826 2124
f 1827 1817 2124
f 1818 1817 1827
f 1818 1827 1828
f 1828 1827 1838
f 1819 2119 1829
f 1819 1818 1828
f 1819 1828 2119
f 1826 1825 1835
f 1826 1835 1836
f 2124 1826 1836
f 2124 1836 1837
f 2011 2162 2163
f 1812 2163 2162
f 1838 1827 2124
f 1838 2124 1837
f 1829 2119 1839
f 2119 1828 1838
f 2119 1838 1839
f 1839 1838 2126
f 1829 1839 1830
f 1830 1839 2122
f 1830 2122 1840
f 1831 1830 1840
f 1831 1840 1841
f 1824 2118 2121
f 2118 1823 1833
f 2118 1833 2121
f 1824 2121 1834
f 2123 1831 1841
f 1832 2123 1852
f 1825 1824 1834
f 1825 1834 1835
f 2120 1832 1852
f 1842 2120 1852
f 2122 1839 2126
f 2122 2126 1849
f 2122 1849 1850
f 1840 2122 1850
f 1840 1850 1851
f 1841 1840 1851
f 1834 2121 1844
f 2121 1833 1843
f 2121 1843 1844
f 1852 2123 1841
f 1835 1834 1845
f 1834 1844 2128
f 1845 1834 2128
f 1842 1852 1853
f 1836 1835 1845
f 1836 1845 1846
f 1837 1836 1847
f 1847 1836 1846
f 1838 1837 2125
f 1837 1847 2125
f 2126 1838 2125
f 2126 2125 1848
f 2126 1848 1849
f 1812 1842 1864
f 1864 1842 1853
f 1847 1846 1858
f 1858 1846 1857
f 1812 1864 2163
f 1848 2125 1858
f 2125 1847 1858
f 1848 1858 1859
f 1849 1848 1859
f 1849 1859 1860
f 1850 1849 1860
f 1850 1860 1861
f 1851 2127 1862
f 1851 1850 2127
f 2127 1850 1861
f 1844 1843 1855
f 1855 1843 1854
f 1852 1841 1862
f 1852 1862 1863
f 1841 1851 1862
f 2128 1844 1855
f 2128 1855 1856
f 1853 1852 1863
f 1846 1845 2128
f 2128 1856 1868
f 1846 2128 1868
f 1846 1868 1857
f 2127 1861 1871
f 2127 1871 1872
f 1855 1854 1865
f 1855 1865 2130
f 1866 1855 2130
f 1863 1862 1880
f 1862 2127 1880
f 1880 2127 1872
f 1856 1855 1866
f 1856 1866 1867
f 1868 1856 1867
f 1868 1867 2131
f 1858 1857 2129
f 1857 1868 1869
f 2129 1857 1869
f 1859 1858 2129
f 1859 2129 1870
f 1860 1859 1870
f 1860 1870 1877
f 1861 1860 1877
f 1861 1877 1871
f 2011 2163 2164
f 1864 2164 2163
f 1870 2129 1876
f 2129 1869 1876
f 1876 1869 1875
f 1870 1876 1888
f 1877 1870 1888
f 1871 1877 1878
f 1872 1871 1878
f 1872 1878 1879
f 1866 2130 1873
f 1880 1872 1879
f 1867 1866 1873
f 1867 1873 1874
f 1853 1863 1881
f 1863 1880 1881
f 2131 1867 1874
f 2131 1874 1885
f 1853 1881 1900
f 1864 1853 1900
f 1869 1868 2131
f 1869 2131 1885
f 1869 1885 1875
f 1873 2130 1882
f 1873 1882 2133
f 2130 1865 1882
f 2133 1882 1883
f 1880 1879 1890
f 1890 1879 1899
f 1874 1873 2133
f 1874 2133 1883
f 1874 1883 1884
f 1881 1880 1890
f 1885 1874 1884
f 1886 1875 1885
f 1876 1886 1887
f 1876 1875 1886
f 1888 1876 1887
f 1878 1877 1889
f 1877 1888 1889
f 1878 1889 2132
f 1879 1878 2132
f 1879 2132 1899
f 1887 1886 1896
f 1886 1895 1896
f 1888 1887 2134
f 1888 2134 2136
f 1887 1896 2134
f 2136 2134 1897
f 1889 2136 2132
f 1889 1888 2136
f 2132 2136 1898
f 1899 2132 1898
f 1883 1882 1892
f 1882 1891 1892
f 1884 1883 1893
f 1883 1892 2137
f 1893 1883 2137
f 1900 1881 2135
f 1881 1890 2135
f 1885 1884 1894
f 1894 1884 1893
f 1864 1900 1901
f 1886 1885 1894
f 1886 1894 1895
f 1864 1901 2164
f 1890 1899 1911
f 1899 1910 1911
f 2137 1892 1903
f 2137 1903 1904
f 2135 1890 1911
f 1894 1893 1905
f 1893 2137 1904
f 1905 1893 1904
f 1901 1900 1921
f 1895 1894 1905
f 1895 1905 1906
f 1896 1895 1907
f 1895 1906 1917
f 1907 1895 1917
f 1897 2134 1907
f 2134 1896 1907
f 1897 1907 1908
f 1898 2136 1897
f 1898 1897 1908
f 1898 1908 1909
f 1899 1898 1910
f 1910 1898 1909
f 1892 1891 1902
f 1892 1902 1903
f 1908 1907 1918
f 1907 1917 1918
f 1908 1918 2139
f 1909 1908 2139
f 1909 2139 1919
f 1910 1909 1919
f 1910 1919 1920
f 1902 1912 1913
f 1903 1902 1913
f 1911 1910 1920
f 1911 1920 1930
f 1903 1913 1914
f 1904 1903 1914
f 1900 2135 1921
f 2135 1911 1930
f 1921 2135 1930
f 1905 1904 1915
f 1915 1904 1914
f 1906 1905 2138
f 1906 2138 1916
f 1905 1915 2138
f 2011 2164 2165
f 1901 2165 2164
f 1917 1906 1916
f 1914 1913 1924
f 1924 1913 1923
f 1915 1914 1924
f 1915 1924 2140
f 2140 1924 1925
f 1916 2138 2140
f 1916 2140 1926
f 2138 1915 2140
f 1917 1916 1926
f 1917 1926 1927
f 1918 1927 2139
f 1918 1917 1927
f 2139 1927 1928
f 1919 2139 1929
f 1929 2139 1928
f 1920 1919 1929
f 1920 1929 1939
f 1913 1912 1922
f 1913 1922 1923
f 1928 1927 1937
f 1927 1936 1937
f 1929 1928 1938
f 1928 1937 1938
f 1929 1938 2141
f 1939 1929 2141
f 1922 1931 1932
f 1923 1922 1932
f 1930 1920 1940
f 1920 1939 1940
f 1923 1932 1933
f 1921 1930 1941
f 1930 1940 1941
f 1925 1924 1923
f 1925 1923 1933
f 1925 1933 1934
f 1921 1941 2145
f 1901 1921 2145
f 1926 2140 1935
f 2140 1925 1935
f 1935 1925 1934
f 1927 1926 1936
f 1926 1935 1936
f 1936 1935 2144
f 1941 1940 1960
f 1934 1933 1944
f 1901 2145 1950
f 2145 1941 1961
f 1935 1934 2143
f 2143 1934 1945
f 1901 1950 2165
f 2144 1935 2143
f 2144 2143 1945
f 2144 1945 2142
f 2144 2142 1946
f 1937 1936 2144
f 1937 2144 1946
f 1937 1946 1947
f 1938 1947 2141
f 1938 1937 1947
f 2141 1947 1948
f 1939 2141 1949
f 1949 2141 1948
f 1932 1931 1942
f 1932 1942 1943
f 1940 1939 1949
f 1940 1949 1960
f 1933 1932 1943
f 1933 1943 1953
f 1933 1953 1944
f 1948 1947 1957
f 1948 1957 1958
f 1948 1958 1959
f 1949 1948 1959
f 1943 1942 1951
f 1943 1951 1952
f 1949 1959 1960
f 1953 1943 1952
f 1941 1960 1961
f 1934 1944 1954
f 1945 1934 1954
f 1945 1954 1955
f 2142 1945 1955
f 1946 2142 1955
f 1946 1955 1956
f 1947 1946 1957
f 1957 1946 1956
f 2145 1961 1981
f 1950 2145 1981
f 1955 1954 2147
f 1955 2147 1966
f 1956 1955 1967
f 1955 1966 1967
f 1957 1956 1968
f 1956 1967 1968
f 1957 1968 1958
f 1958 1968 1969
f 1959 1958 1970
f 1970 1958 1969
f 1952 1951 1962
f 1963 1952 1962
f 1960 1959 1970
f 1960 1970 1980
f 1953 1963 1964
f 1953 1952 1963
f 1961 1960 2146
f 2146 1960 1980
f 1954 1944 1964
f 1954 1964 2147
f 1944 1953 1964
f 2147 1964 1965
f 1970 1969 2148
f 2148 1969 1978
f 1970 2148 1979
f 1963 1962 1973
f 1962 1971 1972
f 1973 1962 1972
f 1980 1970 1979
f 1964 1963 1973
f 1973 1972 2151
f 1961 2146 1981
f 1965 1964 1974
f 1964 1973 1974
f 1966 2147 1965
f 1965 1974 1975
f 2011 2165 1990
f 1950 1990 2165
f 1967 1976 1977
f 1967 1966 1965
f 1967 1965 1976
f 1976 1965 1975
f 1968 1967 1977
f 1977 1976 2150
f 1969 1968 1977
f 1969 1977 1978
f 1975 1974 1984
f 1975 1984 1985
f 1976 1975 1986
f 1986 1975 1985
f 2150 1976 1986
f 2150 1986 1987
f 1978 1977 2150
f 1978 2150 1988
f 1988 2150 1987
f 2148 1978 1979
f 1979 1978 1988
f 1972 1971 1982
f 1972 1982 1983
f 1980 1979 1989
f 2151 1972 1983
f 2151 1983 1993
f 1981 2146 2149
f 2146 1980 1989
f 2146 1989 2149
f 1974 1973 2151
f 1974 2151 1984
f 1984 2151 1993
f 1950 1981 1990
f 1990 1981 2000
f 1979 1988 1998
f 1979 1998 1999
f 1983 1982 1992
f 1982 1991 1992
f 1989 1979 1999
f 1989 1999 2010
f 1983 1992 1993
f 1981 2149 2000
f 1984 1993 1994
f 1985 1984 1994
f 1985 1994 1995
f 1986 1985 2152
f 2152 1985 1995
f 1986 2152 1996
f 1987 1986 1996
f 1987 1996 1997
f 1988 1987 1998
f 1998 1987 1997
f 1996 2152 2154
f 2152 1995 2154
f 2154 1995 2005
f 1996 2154 2006
f 1997 1996 2006
f 1997 2006 2007
f 1998 1997 2008
f 2008 1997 2007
f 1999 2008 2009
f 1999 1998 2008
f 1992 1991 2001
f 1992 2001 2002
f 2010 1999 2009
f 1993 1992 2003
f 2003 1992 2002
f 2000 2149 2155
f 2149 1989 2010
f 2149 2010 2155
f 2000 2155 2020
f 1994 1993 2003
f 1994 2003 2004
f 2004 2003 2153
f 1995 1994 2004
f 1995 2004 2005
f 2002 2001 2012
f 2002 2012 2013
f 2010 2009 2029
f 2003 2002 2156
f 2156 2002 2013
f 2155 2010 2029
f 2004 2153 2015
f 2153 2003 2156
f 2153 2156 2014
f 2015 2153 2014
f 1990 2000 2021
f 2021 2000 2020
f 2005 2004 2015
f 2011 1990 2021
f 2006 2154 2016
f 2154 2005 2016
f 2007 2006 2017
f 2008 2007 2017
f 2008 2017 2018
f 2009 2008 2018
f 2009 2018 2019
f 2016 2005 2025
f 2016 2025 2026
f 2017 2006 2027
f 2006 2016 2026
f 2006 2026 2027
f 2027 2026 2158
f 2018 2017 2159
f 2017 2027 2159
f 2159 2027 2028
f 2019 2018 1724
f 2018 2159 1724
f 1724 2159 2028
f 2013 2012 2022
f 2029 2009 2019
f 2156 2013 2022
f 2156 2022 2157
f 2014 2156 2157
f 2014 2157 2023
f 2020 2155 2029
f 2020 2029 1736
f 2015 2014 2024
f 2015 2024 2160
f 2024 2014 2023
f 2005 2015 2160
f 2005 2160 2025
f 2019 1724 1725
f 2029 2019 1725
f 2157 2022 1718
f 2023 2157 1718
f 2023 1718 1719
f 2024 2023 1719
f 2024 1719 2030
f 2021 2020 1726
f 2020 1736 1726
f 2025 2160 1720
f 2160 2024 1720
f 1720 2024 2030
f 2011 2021 2161
f 2021 1726 2161
f 2026 2025 1720
f 2026 1720 1721
f 2027 2158 1722
f 2158 2026 1721
f 2158 1721 2094
f 1722 2158 2094
f 2028 2027 1722
f 2028 1722 1723
f 1724 2028 1723
f 2022 2012 2031
f 2022 2031 1718
f 2032 2033 1766
f 2032 1766 1747
f 2033 1775 1766
f 1784 2034 1802
f 1802 2057 1813
f 2057 2035 1813
f 2035 1823 1813
f 2035 2036 1823
f 2036 1833 1823
f 2036 2037 1833
f 2037 2038 1843
f 2037 1843 1833
f 2038 2039 1854
f 2038 1854 1843
f 2039 2040 1865
f 2039 1865 1854
f 2040 2041 1865
f 2041 1882 1865
f 2041 2042 1882
f 2042 1891 1882
f 2042 2043 1891
f 2043 2044 1891
f 2044 2045 1912
f 2044 1912 1891
f 1891 1912 1902
f 2045 2046 1912
f 2046 1922 1912
f 2046 1931 1922
f 1951 2089 1971
f 2089 2047 1971
f 1951 1971 1962
f 2047 1982 1971
f 2047 1991 1982
f 2047 2048 1991
f 2048 2001 1991
f 2048 2049 2001
f 2049 2050 2001
f 2050 2012 2001
f 2050 2051 2012
f 2051 2052 2031
f 2051 2031 2012
f 2052 2053 1727
f 2052 1727 2031
f 2053 2054 1727
f 2054 1737 1727
f 2054 2055 1737
f 2055 2032 1737
f 1737 2032 1747
f 2055 2075 2032
f 2087 2089 1951
f 2059 2087 1951
f 2059 1951 1942
f 2058 2059 1942
f 2058 1942 1931
f 2046 2058 1931
f 2034 2057 1802
f 2056 2034 1784
f 2056 1784 1775
f 2033 2056 1775
f 2079 2033 2032
f 2075 2079 2032
f 2076 2053 2060
f 2081 2079 2061
f 2052 2072 2060
f 2053 2052 2060
f 2041 2040 2065
f 2041 2065 2066
f 2052 2051 2072
f 2039 2038 2077
f 2038 2091 2077
f 2051 2071 2072
f 2051 2050 2071
f 2038 2037 2091
f 2049 2048 2080
f 2049 2080 2082
f 2037 2036 2064
f 2037 2064 2091
f 2036 2035 2090
f 2036 2090 2064
f 2047 2089 2088
f 2047 2088 2070
f 2035 2057 2063
f 2035 2063 2090
f 2087 2086 2088
f 2089 2087 2088
f 2034 2062 2063
f 2057 2034 2063
f 2087 2059 2086
f 2059 2085 2086
f 2034 2056 2062
f 2056 2084 2062
f 2059 2058 2085
f 2058 2083 2085
f 2056 2033 2081
f 2056 2081 2084
f 2058 2046 2083
f 2050 2049 2082
f 2050 2082 2071
f 2033 2079 2081
f 2046 2045 2069
f 2046 2069 2083
f 2048 2047 2070
f 2048 2070 2080
f 2079 2075 2074
f 2079 2074 2061
f 2045 2044 2078
f 2045 2078 2069
f 2042 2041 2066
f 2042 2066 2067
f 2055 2054 2073
f 2073 2054 2076
f 2044 2043 2068
f 2044 2068 2078
f 2040 2039 2065
f 2039 2077 2065
f 2054 2053 2076
f 2043 2042 2067
f 2043 2067 2068
f 2075 2055 2073
f 2075 2073 2074
