# Z-Anatomy (CC BY-SA 4.0, BodyParts3D), head layer 'facial_muscles'
# millimeters, Blender frame: z up, -y front; recentered on the skull's bbox center
o facial_muscles
v 35.383 -58.968 -61.448
v 35.786 -57.688 -60.850
v 35.798 -56.860 -60.891
v 35.472 -58.744 -62.529
v 35.610 -56.065 -59.235
v 35.637 -53.786 -57.881
v 35.752 -54.202 -61.821
v 35.807 -52.377 -60.591
v 35.908 -53.941 -58.810
v 35.443 -54.096 -63.614
v 35.677 -51.463 -57.727
v 35.478 -54.562 -61.574
v 35.729 -51.771 -56.952
v 34.415 -62.825 -66.000
v 35.370 -59.695 -64.160
v 34.482 -62.367 -63.288
v 35.098 -60.666 -63.972
v 34.274 -63.856 -65.629
v 35.012 -61.682 -62.394
v 33.824 -65.097 -64.080
v 35.229 -59.932 -61.399
v 35.095 -59.794 -59.278
v 34.667 -62.615 -60.215
v 34.723 -61.100 -68.094
v 34.815 -59.523 -65.830
v 35.337 -58.487 -66.003
v 33.984 -62.927 -69.037
v 35.136 -59.671 -63.717
v 35.535 -58.744 -59.896
v 34.766 -60.294 -58.347
v 34.746 -58.332 -56.285
v 34.907 -58.854 -65.500
v 35.349 -56.730 -63.925
v 35.521 -57.504 -62.220
v 34.903 -58.573 -57.930
v 34.418 -60.967 -56.311
v 34.746 -58.899 -55.866
v 35.148 -57.969 -65.938
v 34.902 -59.364 -67.364
v 35.221 -57.659 -65.009
v 35.633 -56.948 -61.242
v 35.671 -54.715 -57.106
v 35.589 -56.896 -57.673
v 34.644 -58.253 -55.038
v 34.870 -54.924 -55.540
v 33.638 -59.403 -70.109
v 34.838 -56.262 -66.357
v 35.563 -56.053 -64.427
v 33.429 -60.139 -69.813
v 35.414 -55.965 -63.419
v 35.641 -55.110 -63.346
v 35.736 -56.730 -62.220
v 34.094 -57.225 -54.080
v 34.402 -57.727 -69.489
v 34.593 -52.647 -66.324
v 34.565 -55.833 -66.844
v 35.017 -55.800 -65.163
v 34.649 -53.998 -54.487
v 34.286 -52.870 -53.272
v 35.167 -54.096 -64.544
v 35.252 -52.701 -63.925
v 35.087 -54.199 -55.495
v 35.009 -52.889 -54.374
v 34.696 -53.141 -54.242
v 33.872 -54.666 -69.456
v 34.228 -52.546 -67.333
v 35.298 -51.899 -61.476
v 35.330 -50.751 -58.113
v 35.171 -51.858 -55.166
v 34.947 -51.865 -54.852
v 34.854 -51.493 -54.026
v 34.858 -50.819 -65.117
v 34.581 -51.276 -66.854
v 34.533 -50.287 -65.169
v 34.945 -50.147 -62.271
v 35.480 -50.997 -61.291
v 34.128 -54.546 -71.020
v 34.516 -51.241 -68.992
v 34.271 -51.419 -68.172
v 34.669 -49.447 -65.473
v 34.523 -48.569 -64.471
v 35.042 -50.067 -62.994
v 34.873 -49.201 -63.982
v 35.401 -49.340 -60.681
v 35.118 -49.076 -59.402
v 35.058 -49.778 -57.076
v 35.322 -49.858 -55.501
v 35.235 -50.709 -54.677
v 34.128 -46.450 -52.640
v 34.190 -49.438 -53.187
v 34.051 -49.031 -52.063
v 34.361 -49.757 -66.404
v 35.090 -48.573 -61.401
v 35.395 -49.045 -60.004
v 34.732 -46.713 -57.564
v 34.867 -48.053 -55.557
v 34.968 -46.738 -56.947
v 33.935 -48.185 -52.701
v 34.902 -48.255 -63.149
v 34.105 -48.057 -65.316
v 34.407 -46.276 -60.676
v 35.015 -47.170 -58.782
v 34.889 -47.315 -59.484
v 34.860 -47.202 -59.958
v 34.773 -46.726 -58.156
v 34.490 -45.827 -57.639
v 34.265 -46.039 -59.296
v 34.088 -45.178 -54.155
v 34.437 -46.867 -53.722
v 33.818 -45.574 -59.276
v 33.734 -45.116 -56.314
v 32.795 -68.988 -62.181
v 32.865 -68.828 -61.651
v 32.051 -68.696 -64.759
v 32.638 -69.485 -61.491
v 33.524 -65.042 -67.641
v 32.733 -66.586 -67.798
v 33.286 -66.646 -63.305
v 33.146 -66.337 -63.769
v 33.570 -65.407 -58.965
v 32.909 -68.256 -58.435
v 33.511 -63.588 -70.925
v 30.715 -69.280 -73.841
v 33.528 -65.218 -65.045
v 34.160 -61.068 -55.712
v 33.889 -60.398 -54.983
v 32.559 -66.949 -57.201
v 34.171 -58.995 -53.766
v 33.434 -63.396 -55.154
v 33.584 -61.966 -54.304
v 34.099 -58.269 -53.172
v 32.935 -61.799 -53.905
v 33.136 -61.472 -72.333
v 32.113 -64.632 -72.829
v 33.651 -58.705 -53.028
v 33.508 -58.761 -71.826
v 34.321 -54.882 -68.437
v 33.368 -58.549 -72.037
v 32.450 -60.991 -74.013
v 33.818 -56.730 -52.551
v 33.685 -57.514 -72.472
v 33.564 -57.079 -73.189
v 33.822 -54.940 -71.741
v 34.005 -55.445 -70.707
v 33.758 -56.730 -71.051
v 33.724 -52.390 -51.993
v 33.087 -55.789 -73.138
v 34.186 -55.055 -69.265
v 33.482 -54.085 -73.303
v 33.146 -55.180 -74.615
v 32.911 -57.504 -75.390
v 33.481 -53.091 -71.203
v 34.054 -54.342 -70.189
v 33.066 -49.011 -50.858
v 33.390 -52.236 -71.826
v 33.043 -53.320 -73.511
v 33.752 -51.447 -70.385
v 33.973 -51.651 -69.968
v 33.051 -48.865 -51.275
v 32.807 -47.909 -67.893
v 34.378 -48.975 -66.543
v 32.896 -47.816 -67.714
v 33.386 -46.658 -51.528
v 33.014 -47.529 -66.447
v 33.894 -46.123 -61.533
v 33.390 -46.221 -51.872
v 32.578 -44.954 -51.631
v 32.839 -47.356 -65.835
v 33.463 -45.535 -59.508
v 32.999 -45.866 -59.821
v 33.610 -44.686 -57.104
v 34.313 -45.453 -56.080
v 32.704 -44.032 -54.479
v 34.130 -45.833 -53.637
v 33.637 -45.577 -52.302
v 32.608 -44.489 -52.304
v 33.254 -44.557 -57.438
v 32.876 -44.375 -56.175
v 32.168 -71.139 -60.205
v 31.562 -71.915 -59.121
v 32.147 -71.172 -59.536
v 31.918 -70.985 -62.994
v 31.957 -70.719 -63.656
v 31.980 -71.071 -61.682
v 32.528 -69.911 -61.764
v 31.508 -71.428 -62.690
v 32.249 -69.785 -62.184
v 32.291 -70.520 -58.810
v 32.445 -69.493 -59.469
v 32.022 -69.727 -65.616
v 31.789 -69.774 -65.382
v 32.263 -69.628 -63.393
v 31.430 -70.832 -65.367
v 31.447 -71.406 -58.591
v 32.030 -69.590 -57.106
v 31.493 -70.252 -67.333
v 31.846 -69.122 -68.212
v 32.423 -66.852 -55.712
v 31.281 -70.196 -69.173
v 31.566 -65.208 -74.471
v 32.767 -63.236 -54.502
v 31.911 -63.393 -74.770
v 32.378 -63.011 -73.599
v 32.381 -63.393 -72.911
v 31.851 -64.477 -73.532
v 34.112 -59.674 -68.418
v 32.044 -63.238 -65.318
v 32.473 -61.843 -64.234
v 31.478 -65.252 -65.163
v 32.846 -59.674 -63.614
v 30.851 -67.576 -60.205
v 31.766 -63.702 -63.149
v 32.148 -59.984 -59.121
v 32.113 -63.393 -54.855
v 31.129 -63.405 -75.914
v 32.888 -60.294 -74.047
v 31.322 -63.228 -76.411
v 32.957 -61.177 -73.508
v 32.128 -62.278 -66.993
v 32.692 -59.506 -65.158
v 32.323 -60.758 -65.473
v 32.113 -57.659 -68.262
v 31.869 -62.927 -63.586
v 33.035 -59.332 -74.514
v 31.332 -62.244 -76.851
v 32.387 -58.701 -75.091
v 32.802 -57.504 -65.163
v 32.268 -58.830 -75.701
v 32.704 -56.841 -63.925
v 33.213 -55.492 -60.709
v 32.499 -58.278 -53.077
v 31.477 -59.844 -78.014
v 31.091 -61.227 -78.254
v 32.653 -58.248 -75.516
v 33.039 -55.645 -64.389
v 32.974 -57.504 -63.769
v 32.046 -57.250 -53.777
v 32.611 -57.659 -74.615
v 32.514 -50.687 -64.544
v 33.006 -52.253 -57.714
v 31.816 -57.755 -55.413
v 31.997 -53.612 -54.183
v 31.952 -59.364 -55.092
v 30.277 -60.090 -79.178
v 32.592 -55.269 -75.354
v 31.999 -55.410 -75.573
v 30.874 -56.264 -72.374
v 33.102 -54.472 -62.634
v 33.038 -54.535 -62.050
v 33.017 -54.715 -61.136
v 32.211 -53.804 -53.097
v 33.073 -53.166 -60.050
v 32.703 -50.842 -56.486
v 32.652 -53.979 -51.635
v 30.880 -46.389 -52.447
v 31.825 -50.396 -50.743
v 31.652 -48.362 -52.148
v 32.268 -48.982 -50.257
v 32.991 -49.912 -60.205
v 32.140 -50.708 -71.190
v 31.287 -52.171 -71.630
v 32.539 -50.854 -63.409
v 32.855 -49.292 -61.445
v 32.790 -47.086 -59.842
v 32.867 -51.125 -61.448
v 32.693 -49.248 -56.877
v 31.730 -47.433 -54.317
v 31.879 -50.811 -68.993
v 31.698 -50.074 -68.985
v 32.078 -49.757 -67.333
v 32.423 -48.207 -65.855
v 32.878 -49.251 -57.341
v 32.618 -47.743 -57.416
v 32.502 -47.123 -56.021
v 31.388 -44.334 -53.388
v 31.506 -48.383 -50.128
v 32.486 -47.745 -67.196
v 32.855 -48.583 -50.827
v 32.185 -44.482 -55.105
v 32.423 -46.658 -50.681
v 31.648 -46.188 -50.288
v 31.707 -47.175 -49.857
v 33.050 -44.705 -57.781
v 32.430 -44.174 -55.081
v 32.075 -43.774 -54.063
v 32.082 -43.801 -52.629
v 31.456 -43.653 -52.493
v 31.208 -71.794 -61.666
v 31.492 -71.819 -60.928
v 30.564 -71.630 -62.994
v 29.438 -72.255 -60.616
v 30.815 -72.462 -58.663
v 31.154 -72.227 -58.949
v 31.155 -72.057 -57.588
v 31.457 -71.491 -57.420
v 31.029 -71.604 -57.096
v 30.458 -72.562 -57.909
v 31.372 -69.107 -56.414
v 30.362 -72.320 -57.449
v 30.929 -69.655 -72.721
v 30.595 -70.201 -71.664
v 30.967 -70.062 -71.026
v 31.029 -70.480 -69.037
v 31.373 -70.225 -68.697
v 31.112 -69.280 -71.051
v 31.528 -70.041 -56.707
v 30.004 -68.514 -75.513
v 30.393 -69.746 -61.136
v 30.156 -68.925 -59.322
v 30.524 -68.506 -57.261
v 30.989 -66.027 -74.461
v 29.861 -69.474 -66.396
v 30.621 -67.730 -64.700
v 31.648 -60.913 -57.405
v 30.434 -68.011 -58.944
v 30.719 -67.543 -58.347
v 31.121 -64.285 -57.551
v 31.457 -62.871 -55.701
v 30.972 -65.717 -75.390
v 29.111 -70.205 -68.887
v 31.261 -64.382 -56.803
v 30.552 -63.947 -76.605
v 30.986 -64.477 -76.010
v 31.508 -63.923 -56.968
v 30.567 -63.393 -71.826
v 29.911 -65.264 -72.438
v 30.768 -61.222 -78.799
v 30.662 -61.626 -77.739
v 31.132 -61.533 -76.785
v 31.584 -59.005 -56.121
v 30.073 -62.539 -78.334
v 30.444 -60.603 -72.757
v 31.338 -54.273 -73.997
v 30.621 -56.930 -75.701
v 30.408 -55.955 -74.615
v 30.635 -54.560 -72.911
v 31.338 -48.420 -50.444
v 30.851 -46.376 -49.848
v 30.469 -44.624 -52.367
v 31.638 -44.254 -51.728
v 30.689 -46.187 -50.102
v 31.029 -43.792 -52.408
v 30.099 -71.668 -62.065
v 29.851 -71.192 -62.297
v 29.130 -72.235 -58.887
v 30.314 -69.536 -73.943
v 29.125 -69.885 -72.492
v 29.253 -70.558 -69.599
v 29.244 -70.226 -71.337
v 29.789 -70.950 -67.798
v 29.314 -70.623 -68.439
v 29.558 -70.927 -66.882
v 29.369 -70.711 -66.056
v 29.587 -71.074 -65.822
v 26.380 -67.707 -77.404
v 29.237 -70.215 -67.812
v 29.737 -68.971 -67.644
v 30.044 -66.646 -75.855
v 29.313 -69.274 -69.826
v 29.098 -72.070 -60.205
v 28.236 -67.111 -78.334
v 28.275 -67.701 -77.742
v 30.560 -67.421 -58.036
v 29.269 -67.010 -72.139
v 29.241 -64.579 -78.068
v 29.393 -64.322 -78.334
v 29.791 -63.234 -78.676
v 29.166 -62.618 -80.348
v 29.221 -62.153 -80.503
v 29.800 -62.410 -79.201
v 29.005 -62.631 -74.646
v 29.717 -60.496 -79.502
v 30.254 -59.314 -78.490
v 29.016 -60.758 -79.110
v 29.367 -59.876 -77.341
v 28.833 -61.250 -76.172
v 29.270 -59.519 -76.165
v 28.607 -62.766 -75.647
v 29.187 -62.308 -74.926
v 30.099 -44.763 -51.528
v 29.726 -44.298 -51.239
v 29.653 -44.353 -51.368
v 30.108 -44.705 -51.252
v 30.164 -44.977 -50.676
v 29.944 -44.817 -50.908
v 30.099 -44.489 -51.064
v 28.721 -69.695 -72.148
v 29.044 -70.055 -69.968
v 29.258 -70.625 -67.528
v 28.218 -69.063 -72.981
v 28.744 -69.436 -71.517
v 28.505 -65.233 -74.093
v 26.284 -65.306 -81.296
v 27.000 -65.717 -76.134
v 26.022 -65.097 -81.898
v 27.706 -62.999 -81.713
v 28.131 -63.276 -75.606
v 28.008 -62.082 -77.132
v 27.536 -61.968 -78.042
v 27.576 -62.406 -77.063
v 28.781 -61.283 -75.786
v 29.014 -61.533 -80.555
v 28.549 -61.292 -80.194
v 28.822 -60.591 -77.443
v 28.696 -60.793 -76.623
v 27.185 -68.305 -74.918
v 24.389 -65.844 -82.387
v 26.071 -67.576 -76.561
v 25.393 -66.177 -81.498
v 23.222 -64.723 -81.166
v 25.451 -63.809 -83.912
v 25.357 -63.951 -83.544
v 25.481 -62.791 -83.539
v 23.202 -63.420 -82.448
v 24.521 -66.783 -78.799
v 24.521 -66.492 -78.614
v 25.359 -65.671 -81.972
v 22.646 -65.562 -81.743
v 25.524 -63.160 -83.943
v 24.416 -63.779 -84.993
v 23.436 -63.393 -83.645
v 23.340 -63.835 -81.730
v 23.436 -65.752 -84.223
v 22.592 -66.199 -86.159
v 23.443 -64.712 -85.644
v 22.778 -63.893 -84.200
v 23.429 -64.160 -81.709
v 22.869 -64.614 -81.735
v 22.299 -66.412 -85.763
v 20.931 -66.233 -84.599
v 22.816 -65.851 -82.209
v 22.506 -65.862 -82.674
v 22.483 -65.113 -82.098
v 22.195 -65.779 -82.603
v 22.671 -65.497 -82.134
v 22.264 -65.402 -82.176
v 22.192 -64.942 -85.153
v 21.212 -65.507 -84.481
v 22.178 -64.971 -82.659
v 22.113 -65.499 -82.661
v 21.936 -64.477 -83.447
v 21.362 -66.135 -85.238
v 21.628 -65.669 -83.289
v 21.736 -65.871 -83.447
v -35.279 -58.968 -61.448
v -35.682 -57.688 -60.850
v -35.694 -56.860 -60.891
v -35.369 -58.744 -62.529
v -35.506 -56.065 -59.235
v -35.533 -53.786 -57.881
v -35.648 -54.202 -61.821
v -35.703 -52.377 -60.591
v -35.804 -53.941 -58.810
v -35.339 -54.096 -63.614
v -35.573 -51.463 -57.727
v -35.374 -54.562 -61.574
v -35.625 -51.771 -56.952
v -34.311 -62.825 -66.000
v -35.266 -59.695 -64.160
v -34.378 -62.367 -63.288
v -34.994 -60.666 -63.972
v -34.170 -63.856 -65.629
v -34.908 -61.682 -62.394
v -33.720 -65.097 -64.080
v -35.125 -59.932 -61.399
v -34.991 -59.794 -59.278
v -34.563 -62.615 -60.215
v -34.619 -61.100 -68.094
v -34.711 -59.523 -65.830
v -35.233 -58.487 -66.003
v -33.880 -62.927 -69.037
v -35.032 -59.671 -63.717
v -35.431 -58.744 -59.896
v -34.662 -60.294 -58.347
v -34.642 -58.332 -56.285
v -34.803 -58.854 -65.500
v -35.245 -56.730 -63.925
v -35.417 -57.504 -62.220
v -34.799 -58.573 -57.930
v -34.314 -60.967 -56.311
v -34.642 -58.899 -55.866
v -35.044 -57.969 -65.938
v -34.798 -59.364 -67.364
v -35.117 -57.659 -65.009
v -35.529 -56.948 -61.242
v -35.567 -54.715 -57.106
v -35.485 -56.896 -57.673
v -34.540 -58.253 -55.038
v -34.766 -54.924 -55.540
v -33.534 -59.403 -70.109
v -34.734 -56.262 -66.357
v -35.459 -56.053 -64.427
v -33.325 -60.139 -69.813
v -35.310 -55.965 -63.419
v -35.537 -55.110 -63.346
v -35.632 -56.730 -62.220
v -33.990 -57.225 -54.080
v -34.298 -57.727 -69.489
v -34.489 -52.647 -66.324
v -34.461 -55.833 -66.844
v -34.913 -55.800 -65.163
v -34.545 -53.998 -54.487
v -34.182 -52.870 -53.272
v -35.063 -54.096 -64.544
v -35.148 -52.701 -63.925
v -34.983 -54.199 -55.495
v -34.905 -52.889 -54.374
v -34.592 -53.141 -54.242
v -33.768 -54.666 -69.456
v -34.124 -52.546 -67.333
v -35.194 -51.899 -61.476
v -35.226 -50.751 -58.113
v -35.067 -51.858 -55.166
v -34.843 -51.865 -54.852
v -34.750 -51.493 -54.026
v -34.754 -50.819 -65.117
v -34.477 -51.276 -66.854
v -34.429 -50.287 -65.169
v -34.841 -50.147 -62.271
v -35.376 -50.997 -61.291
v -34.024 -54.546 -71.020
v -34.412 -51.241 -68.992
v -34.167 -51.419 -68.172
v -34.565 -49.447 -65.473
v -34.419 -48.569 -64.471
v -34.938 -50.067 -62.994
v -34.769 -49.201 -63.982
v -35.297 -49.340 -60.681
v -35.014 -49.076 -59.402
v -34.954 -49.778 -57.076
v -35.218 -49.858 -55.501
v -35.132 -50.709 -54.677
v -34.024 -46.450 -52.640
v -34.086 -49.438 -53.187
v -33.947 -49.031 -52.063
v -34.257 -49.757 -66.404
v -34.986 -48.573 -61.401
v -35.291 -49.045 -60.004
v -34.628 -46.713 -57.564
v -34.763 -48.053 -55.557
v -34.864 -46.738 -56.947
v -33.831 -48.185 -52.701
v -34.798 -48.255 -63.149
v -34.001 -48.057 -65.316
v -34.303 -46.276 -60.676
v -34.911 -47.170 -58.782
v -34.785 -47.315 -59.484
v -34.756 -47.202 -59.958
v -34.669 -46.726 -58.156
v -34.386 -45.827 -57.639
v -34.161 -46.039 -59.296
v -33.984 -45.178 -54.155
v -34.333 -46.867 -53.722
v -33.714 -45.574 -59.276
v -33.630 -45.116 -56.314
v -32.691 -68.988 -62.181
v -32.761 -68.828 -61.651
v -31.947 -68.696 -64.759
v -32.534 -69.485 -61.491
v -33.420 -65.042 -67.641
v -32.629 -66.586 -67.798
v -33.182 -66.646 -63.305
v -33.042 -66.337 -63.769
v -33.466 -65.407 -58.965
v -32.805 -68.256 -58.435
v -33.407 -63.588 -70.925
v -30.611 -69.280 -73.841
v -33.424 -65.218 -65.045
v -34.056 -61.068 -55.712
v -33.785 -60.398 -54.983
v -32.455 -66.949 -57.201
v -34.067 -58.995 -53.766
v -33.330 -63.396 -55.154
v -33.480 -61.966 -54.304
v -33.995 -58.269 -53.172
v -32.831 -61.799 -53.905
v -33.032 -61.472 -72.333
v -32.009 -64.632 -72.829
v -33.547 -58.705 -53.028
v -33.404 -58.761 -71.826
v -34.217 -54.882 -68.437
v -33.264 -58.549 -72.037
v -32.346 -60.991 -74.013
v -33.714 -56.730 -52.551
v -33.581 -57.514 -72.472
v -33.460 -57.079 -73.189
v -33.718 -54.940 -71.741
v -33.901 -55.445 -70.707
v -33.654 -56.730 -71.051
v -33.620 -52.390 -51.993
v -32.983 -55.789 -73.138
v -34.082 -55.055 -69.265
v -33.378 -54.085 -73.303
v -33.042 -55.180 -74.615
v -32.807 -57.504 -75.390
v -33.377 -53.091 -71.203
v -33.950 -54.342 -70.189
v -32.962 -49.011 -50.858
v -33.286 -52.236 -71.826
v -32.939 -53.320 -73.511
v -33.648 -51.447 -70.385
v -33.869 -51.651 -69.968
v -32.947 -48.865 -51.275
v -32.703 -47.909 -67.893
v -34.274 -48.975 -66.543
v -32.792 -47.816 -67.714
v -33.282 -46.658 -51.528
v -32.910 -47.529 -66.447
v -33.790 -46.123 -61.533
v -33.286 -46.221 -51.872
v -32.474 -44.954 -51.631
v -32.735 -47.356 -65.835
v -33.359 -45.535 -59.508
v -32.895 -45.866 -59.821
v -33.506 -44.686 -57.104
v -34.209 -45.453 -56.080
v -32.600 -44.032 -54.479
v -34.026 -45.833 -53.637
v -33.533 -45.577 -52.302
v -32.504 -44.489 -52.304
v -33.150 -44.557 -57.438
v -32.772 -44.375 -56.175
v -32.064 -71.139 -60.205
v -31.458 -71.915 -59.121
v -32.043 -71.172 -59.536
v -31.814 -70.985 -62.994
v -31.853 -70.719 -63.656
v -31.876 -71.071 -61.682
v -32.424 -69.911 -61.764
v -31.404 -71.428 -62.690
v -32.145 -69.785 -62.184
v -32.187 -70.520 -58.810
v -32.341 -69.493 -59.469
v -31.918 -69.727 -65.616
v -31.685 -69.774 -65.382
v -32.159 -69.628 -63.393
v -31.326 -70.832 -65.367
v -31.343 -71.406 -58.591
v -31.926 -69.590 -57.106
v -31.389 -70.252 -67.333
v -31.742 -69.122 -68.212
v -32.319 -66.852 -55.712
v -31.177 -70.196 -69.173
v -31.462 -65.208 -74.471
v -32.663 -63.236 -54.502
v -31.807 -63.393 -74.770
v -32.274 -63.011 -73.599
v -32.277 -63.393 -72.911
v -31.747 -64.477 -73.532
v -34.008 -59.674 -68.418
v -31.940 -63.238 -65.318
v -32.369 -61.843 -64.234
v -31.374 -65.252 -65.163
v -32.742 -59.674 -63.614
v -30.747 -67.576 -60.205
v -31.662 -63.702 -63.149
v -32.044 -59.984 -59.121
v -32.009 -63.393 -54.855
v -31.025 -63.405 -75.914
v -32.784 -60.294 -74.047
v -31.218 -63.228 -76.411
v -32.853 -61.177 -73.508
v -32.024 -62.278 -66.993
v -32.588 -59.506 -65.158
v -32.219 -60.758 -65.473
v -32.009 -57.659 -68.262
v -31.765 -62.927 -63.586
v -32.931 -59.332 -74.514
v -31.228 -62.244 -76.851
v -32.283 -58.701 -75.091
v -32.698 -57.504 -65.163
v -32.164 -58.830 -75.701
v -32.600 -56.841 -63.925
v -33.109 -55.492 -60.709
v -32.395 -58.278 -53.077
v -31.373 -59.844 -78.014
v -30.987 -61.227 -78.254
v -32.549 -58.248 -75.516
v -32.935 -55.645 -64.389
v -32.870 -57.504 -63.769
v -31.942 -57.250 -53.777
v -32.507 -57.659 -74.615
v -32.410 -50.687 -64.544
v -32.902 -52.253 -57.714
v -31.712 -57.755 -55.413
v -31.893 -53.612 -54.183
v -31.848 -59.364 -55.092
v -30.173 -60.090 -79.178
v -32.488 -55.269 -75.354
v -31.895 -55.410 -75.573
v -30.770 -56.264 -72.374
v -32.998 -54.472 -62.634
v -32.934 -54.535 -62.050
v -32.913 -54.715 -61.136
v -32.107 -53.804 -53.097
v -32.969 -53.166 -60.050
v -32.599 -50.842 -56.486
v -32.548 -53.979 -51.635
v -30.776 -46.389 -52.447
v -31.721 -50.396 -50.743
v -31.548 -48.362 -52.148
v -32.164 -48.982 -50.257
v -32.887 -49.912 -60.205
v -32.036 -50.708 -71.190
v -31.183 -52.171 -71.630
v -32.435 -50.854 -63.409
v -32.751 -49.292 -61.445
v -32.686 -47.086 -59.842
v -32.763 -51.125 -61.448
v -32.589 -49.248 -56.877
v -31.626 -47.433 -54.317
v -31.775 -50.811 -68.993
v -31.594 -50.074 -68.985
v -31.974 -49.757 -67.333
v -32.319 -48.207 -65.855
v -32.774 -49.251 -57.341
v -32.514 -47.743 -57.416
v -32.398 -47.123 -56.021
v -31.284 -44.334 -53.388
v -31.402 -48.383 -50.128
v -32.382 -47.745 -67.196
v -32.751 -48.583 -50.827
v -32.081 -44.482 -55.105
v -32.319 -46.658 -50.681
v -31.544 -46.188 -50.288
v -31.603 -47.175 -49.857
v -32.946 -44.705 -57.781
v -32.326 -44.174 -55.081
v -31.971 -43.774 -54.063
v -31.978 -43.801 -52.629
v -31.352 -43.653 -52.493
v -31.104 -71.794 -61.666
v -31.388 -71.819 -60.928
v -30.460 -71.630 -62.994
v -29.334 -72.255 -60.616
v -30.711 -72.462 -58.663
v -31.050 -72.227 -58.949
v -31.051 -72.057 -57.588
v -31.353 -71.491 -57.420
v -30.925 -71.604 -57.096
v -30.354 -72.562 -57.909
v -31.268 -69.107 -56.414
v -30.258 -72.320 -57.449
v -30.825 -69.655 -72.721
v -30.491 -70.201 -71.664
v -30.863 -70.062 -71.026
v -30.925 -70.480 -69.037
v -31.269 -70.225 -68.697
v -31.008 -69.280 -71.051
v -31.424 -70.041 -56.707
v -29.900 -68.514 -75.513
v -30.289 -69.746 -61.136
v -30.052 -68.925 -59.322
v -30.420 -68.506 -57.261
v -30.885 -66.027 -74.461
v -29.757 -69.474 -66.396
v -30.517 -67.730 -64.700
v -31.544 -60.913 -57.405
v -30.330 -68.011 -58.944
v -30.615 -67.543 -58.347
v -31.017 -64.285 -57.551
v -31.353 -62.871 -55.701
v -30.868 -65.717 -75.390
v -29.007 -70.205 -68.887
v -31.157 -64.382 -56.803
v -30.448 -63.947 -76.605
v -30.882 -64.477 -76.010
v -31.404 -63.923 -56.968
v -30.463 -63.393 -71.826
v -29.807 -65.264 -72.438
v -30.664 -61.222 -78.799
v -30.558 -61.626 -77.739
v -31.028 -61.533 -76.785
v -31.480 -59.005 -56.121
v -29.969 -62.539 -78.334
v -30.340 -60.603 -72.757
v -31.234 -54.273 -73.997
v -30.517 -56.930 -75.701
v -30.304 -55.955 -74.615
v -30.531 -54.560 -72.911
v -31.234 -48.420 -50.444
v -30.747 -46.376 -49.848
v -30.365 -44.624 -52.367
v -31.534 -44.254 -51.728
v -30.585 -46.187 -50.102
v -30.925 -43.792 -52.408
v -29.995 -71.668 -62.065
v -29.747 -71.192 -62.297
v -29.026 -72.235 -58.887
v -30.210 -69.536 -73.943
v -29.021 -69.885 -72.492
v -29.149 -70.558 -69.599
v -29.140 -70.226 -71.337
v -29.685 -70.950 -67.798
v -29.210 -70.623 -68.439
v -29.454 -70.927 -66.882
v -29.265 -70.711 -66.056
v -29.483 -71.074 -65.822
v -26.276 -67.707 -77.404
v -29.133 -70.215 -67.812
v -29.633 -68.971 -67.644
v -29.940 -66.646 -75.855
v -29.209 -69.274 -69.826
v -28.994 -72.070 -60.205
v -28.132 -67.111 -78.334
v -28.171 -67.701 -77.742
v -30.456 -67.421 -58.036
v -29.165 -67.010 -72.139
v -29.137 -64.579 -78.068
v -29.289 -64.322 -78.334
v -29.687 -63.234 -78.676
v -29.062 -62.618 -80.348
v -29.117 -62.153 -80.503
v -29.696 -62.410 -79.201
v -28.901 -62.631 -74.646
v -29.613 -60.496 -79.502
v -30.150 -59.314 -78.490
v -28.912 -60.758 -79.110
v -29.263 -59.876 -77.341
v -28.729 -61.250 -76.172
v -29.166 -59.519 -76.165
v -28.504 -62.766 -75.647
v -29.083 -62.308 -74.926
v -29.995 -44.763 -51.528
v -29.622 -44.298 -51.239
v -29.549 -44.353 -51.368
v -30.004 -44.705 -51.252
v -30.060 -44.977 -50.676
v -29.840 -44.817 -50.908
v -29.995 -44.489 -51.064
v -28.617 -69.695 -72.148
v -28.940 -70.055 -69.968
v -29.154 -70.625 -67.528
v -28.114 -69.063 -72.981
v -28.640 -69.436 -71.517
v -28.401 -65.233 -74.093
v -26.180 -65.306 -81.296
v -26.896 -65.717 -76.134
v -25.918 -65.097 -81.898
v -27.602 -62.999 -81.713
v -28.027 -63.276 -75.606
v -27.904 -62.082 -77.132
v -27.432 -61.968 -78.042
v -27.472 -62.406 -77.063
v -28.677 -61.283 -75.786
v -28.910 -61.533 -80.555
v -28.445 -61.292 -80.194
v -28.718 -60.591 -77.443
v -28.592 -60.793 -76.623
v -27.081 -68.305 -74.918
v -24.285 -65.844 -82.387
v -25.967 -67.576 -76.561
v -25.289 -66.177 -81.498
v -23.118 -64.723 -81.166
v -25.347 -63.809 -83.912
v -25.253 -63.951 -83.544
v -25.377 -62.791 -83.539
v -23.098 -63.420 -82.448
v -24.417 -66.783 -78.799
v -24.417 -66.492 -78.614
v -25.255 -65.671 -81.972
v -22.542 -65.562 -81.743
v -25.420 -63.160 -83.943
v -24.312 -63.779 -84.993
v -23.332 -63.393 -83.645
v -23.236 -63.835 -81.730
v -23.332 -65.752 -84.223
v -22.488 -66.199 -86.159
v -23.339 -64.712 -85.644
v -22.674 -63.893 -84.200
v -23.325 -64.160 -81.709
v -22.765 -64.614 -81.735
v -22.195 -66.412 -85.763
v -20.827 -66.233 -84.599
v -22.712 -65.851 -82.209
v -22.402 -65.862 -82.674
v -22.379 -65.113 -82.098
v -22.091 -65.779 -82.603
v -22.567 -65.497 -82.134
v -22.160 -65.402 -82.176
v -22.088 -64.942 -85.153
v -21.108 -65.507 -84.481
v -22.074 -64.971 -82.659
v -22.009 -65.499 -82.661
v -21.832 -64.477 -83.447
v -21.258 -66.135 -85.238
v -21.524 -65.669 -83.289
v -21.632 -65.871 -83.447
v 30.739 -81.632 16.418
v 30.520 -81.729 16.402
v 30.625 -81.632 16.796
v 30.575 -81.535 16.364
v 30.919 -82.486 19.025
v 31.260 -82.215 19.256
v 31.609 -82.089 19.287
v 31.077 -82.220 18.550
v 31.092 -82.241 19.251
v 26.116 -84.730 16.456
v 30.958 -82.390 19.551
v 30.423 -82.041 17.671
v 30.738 -82.252 18.780
v 31.031 -82.043 18.541
v 30.381 -82.695 19.264
v 30.122 -82.716 19.400
v 29.230 -82.607 17.851
v 29.913 -83.025 19.400
v 30.176 -82.855 20.000
v 30.234 -82.853 19.889
v 30.196 -83.007 20.164
v 30.126 -83.001 19.858
v 29.986 -82.979 20.085
v 29.540 -81.558 15.681
v 29.695 -81.848 16.145
v 30.117 -81.954 16.672
v 30.565 -81.941 17.385
v 30.005 -81.696 16.145
v 30.394 -81.767 16.848
v 30.007 -81.591 15.965
v 29.907 -81.872 16.590
v 29.695 -81.632 15.547
v 29.852 -81.777 15.977
v 29.901 -81.641 16.075
v 29.845 -81.776 16.194
v 30.487 -82.097 17.540
v 30.633 -82.552 19.578
v 28.145 -82.716 15.484
v 28.920 -81.124 14.752
v 25.666 -82.451 13.047
v 29.361 -81.935 16.124
v 29.230 -81.786 15.929
v 26.189 -79.519 13.394
v 28.309 -80.987 14.472
v 28.455 -83.491 19.585
v 28.455 -83.914 19.089
v 25.046 -84.715 18.314
v 29.110 -83.491 19.865
v 23.497 -84.599 17.540
v 25.976 -83.336 13.491
v 29.017 -81.632 14.596
v 26.749 -81.891 12.856
v 26.337 -82.755 13.988
v 24.117 -81.477 11.600
v 25.201 -80.701 12.354
v 22.872 -83.438 11.665
v 23.125 -82.340 11.248
v 24.468 -80.868 11.953
v 25.129 -80.237 12.737
v 25.371 -79.960 12.794
v 25.505 -80.081 13.047
v 25.501 -79.866 12.957
v 22.905 -84.728 12.691
v 18.538 -85.564 12.737
v 19.778 -85.326 15.370
v 24.106 -80.527 12.027
v 23.187 -80.856 11.683
v 23.664 -80.197 11.827
v 14.718 -82.407 9.173
v 23.486 -80.392 11.652
v 23.386 -80.417 11.726
v 23.040 -79.774 11.665
v 22.820 -79.765 11.703
v 17.005 -85.201 11.173
v 21.680 -82.575 11.266
v 20.753 -82.271 10.597
v 23.894 -82.769 12.558
v 22.603 -79.586 11.616
v 22.537 -79.917 11.544
v 21.482 -79.153 11.467
v 17.919 -83.731 9.372
v 20.553 -83.025 10.816
v 19.967 -81.632 9.948
v 22.393 -79.790 11.320
v 21.420 -79.300 11.492
v 20.247 -79.010 11.341
v 17.299 -85.387 13.976
v 20.614 -85.064 16.091
v 17.429 -83.377 9.083
v 18.538 -83.025 9.783
v 18.229 -81.322 9.266
v 21.496 -81.037 10.803
v 20.512 -78.992 11.330
v 18.939 -78.623 11.054
v 17.783 -78.533 10.703
v 17.764 -78.752 10.103
v 16.369 -80.392 10.000
v 13.926 -79.715 6.996
v 14.510 -84.421 8.129
v 14.008 -83.701 6.835
v 15.710 -78.799 9.284
v 16.571 -78.688 10.103
v 11.161 -84.516 9.030
v 12.960 -85.036 8.244
v 14.045 -84.885 11.621
v 13.735 -85.058 11.188
v 10.765 -83.025 3.595
v 12.185 -82.541 7.468
v 12.881 -80.999 4.650
v 11.884 -80.856 5.299
v 13.713 -79.742 6.958
v 11.256 -84.437 6.539
v 11.148 -84.390 9.140
v 12.291 -81.350 4.267
v 11.101 -82.407 2.985
v 14.510 -81.012 6.734
v 12.013 -80.084 4.738
v 12.109 -80.252 4.817
v 13.270 -79.926 6.498
v 12.650 -80.081 5.496
v 9.396 -83.015 2.820
v 10.636 -82.716 2.820
v 11.596 -80.468 4.362
v 11.887 -80.074 4.385
v 9.279 -82.872 3.129
v 9.650 -83.892 6.395
v 9.362 -83.800 5.919
v 9.700 -83.956 6.848
v 10.387 -84.271 7.483
v 10.157 -84.027 7.529
v 10.171 -84.110 7.810
v 9.086 -82.252 1.829
v 9.209 -81.743 1.186
v 9.658 -81.207 1.421
v 10.230 -80.847 2.126
v 9.861 -80.856 1.559
v 9.920 -80.755 1.942
v 10.568 -80.932 2.673
v 10.636 -81.012 2.583
v 10.276 -81.166 1.891
v 8.959 -82.016 1.767
v -30.635 -81.632 16.418
v -30.416 -81.729 16.402
v -30.521 -81.632 16.796
v -30.471 -81.535 16.364
v -30.815 -82.486 19.025
v -31.156 -82.215 19.256
v -31.505 -82.089 19.287
v -30.973 -82.220 18.550
v -30.988 -82.241 19.251
v -26.012 -84.730 16.456
v -30.854 -82.390 19.551
v -30.319 -82.041 17.671
v -30.634 -82.252 18.780
v -30.927 -82.043 18.541
v -30.277 -82.695 19.264
v -30.018 -82.716 19.400
v -29.126 -82.607 17.851
v -29.809 -83.025 19.400
v -30.072 -82.855 20.000
v -30.130 -82.853 19.889
v -30.092 -83.007 20.164
v -30.022 -83.001 19.858
v -29.882 -82.979 20.085
v -29.436 -81.558 15.681
v -29.591 -81.848 16.145
v -30.013 -81.954 16.672
v -30.461 -81.941 17.385
v -29.901 -81.696 16.145
v -30.290 -81.767 16.848
v -29.903 -81.591 15.965
v -29.803 -81.872 16.590
v -29.591 -81.632 15.547
v -29.748 -81.777 15.977
v -29.797 -81.641 16.075
v -29.741 -81.776 16.194
v -30.383 -82.097 17.540
v -30.529 -82.552 19.578
v -28.041 -82.716 15.484
v -28.816 -81.124 14.752
v -25.562 -82.451 13.047
v -29.257 -81.935 16.124
v -29.126 -81.786 15.929
v -26.085 -79.519 13.394
v -28.205 -80.987 14.472
v -28.351 -83.491 19.585
v -28.351 -83.914 19.089
v -24.942 -84.715 18.314
v -29.006 -83.491 19.865
v -23.393 -84.599 17.540
v -25.872 -83.336 13.491
v -28.913 -81.632 14.596
v -26.645 -81.891 12.856
v -26.233 -82.755 13.988
v -24.013 -81.477 11.600
v -25.097 -80.701 12.354
v -22.768 -83.438 11.665
v -23.021 -82.340 11.248
v -24.364 -80.868 11.953
v -25.025 -80.237 12.737
v -25.267 -79.960 12.794
v -25.401 -80.081 13.047
v -25.397 -79.866 12.957
v -22.801 -84.728 12.691
v -18.434 -85.564 12.737
v -19.674 -85.326 15.370
v -24.002 -80.527 12.027
v -23.083 -80.856 11.683
v -23.560 -80.197 11.827
v -14.614 -82.407 9.173
v -23.382 -80.392 11.652
v -23.282 -80.417 11.726
v -22.936 -79.774 11.665
v -22.716 -79.765 11.703
v -16.901 -85.201 11.173
v -21.576 -82.575 11.266
v -20.649 -82.271 10.597
v -23.790 -82.769 12.558
v -22.499 -79.586 11.616
v -22.433 -79.917 11.544
v -21.378 -79.153 11.467
v -17.815 -83.731 9.372
v -20.449 -83.025 10.816
v -19.863 -81.632 9.948
v -22.289 -79.790 11.320
v -21.316 -79.300 11.492
v -20.143 -79.010 11.341
v -17.195 -85.387 13.976
v -20.510 -85.064 16.091
v -17.325 -83.377 9.083
v -18.434 -83.025 9.783
v -18.125 -81.322 9.266
v -21.392 -81.037 10.803
v -20.408 -78.992 11.330
v -18.835 -78.623 11.054
v -17.679 -78.533 10.703
v -17.660 -78.752 10.103
v -16.265 -80.392 10.000
v -13.822 -79.715 6.996
v -14.406 -84.421 8.129
v -13.904 -83.701 6.835
v -15.606 -78.799 9.284
v -16.467 -78.688 10.103
v -11.057 -84.516 9.030
v -12.856 -85.036 8.244
v -13.941 -84.885 11.621
v -13.631 -85.058 11.188
v -10.661 -83.025 3.595
v -12.081 -82.541 7.468
v -12.777 -80.999 4.650
v -11.780 -80.856 5.299
v -13.609 -79.742 6.958
v -11.152 -84.437 6.539
v -11.044 -84.390 9.140
v -12.187 -81.350 4.267
v -10.997 -82.407 2.985
v -14.406 -81.012 6.734
v -11.909 -80.084 4.738
v -12.005 -80.252 4.817
v -13.166 -79.926 6.498
v -12.546 -80.081 5.496
v -9.292 -83.015 2.820
v -10.532 -82.716 2.820
v -11.492 -80.468 4.362
v -11.783 -80.074 4.385
v -9.175 -82.872 3.129
v -9.546 -83.892 6.395
v -9.258 -83.800 5.919
v -9.596 -83.956 6.848
v -10.283 -84.271 7.483
v -10.053 -84.027 7.529
v -10.067 -84.110 7.810
v -8.982 -82.252 1.829
v -9.105 -81.743 1.186
v -9.554 -81.207 1.421
v -10.126 -80.847 2.126
v -9.757 -80.856 1.559
v -9.816 -80.755 1.942
v -10.464 -80.932 2.673
v -10.532 -81.012 2.583
v -10.172 -81.166 1.891
v -8.855 -82.016 1.767
v 36.103 -58.868 -76.993
v 36.038 -58.437 -76.674
v 35.707 -54.613 -84.018
v 34.191 -66.528 -68.697
v 34.170 -66.137 -68.532
v 35.569 -61.652 -74.224
v 35.767 -60.570 -74.442
v 35.069 -56.102 -87.633
v 35.329 -61.382 -73.254
v 34.718 -59.932 -75.402
v 35.782 -58.656 -76.270
v 35.782 -57.166 -78.130
v 35.144 -53.962 -83.801
v 34.718 -53.655 -84.440
v 35.182 -53.549 -86.146
v 31.541 -68.196 -65.446
v 32.165 -69.082 -65.133
v 29.772 -62.698 -89.555
v 33.523 -62.698 -76.352
v 31.101 -67.634 -77.209
v 33.528 -65.544 -68.822
v 32.377 -61.635 -89.636
v 32.115 -56.839 -93.735
v 33.616 -56.102 -83.171
v 32.195 -53.336 -94.170
v 32.323 -53.526 -93.779
v 32.525 -54.187 -93.809
v 33.695 -53.157 -90.544
v 32.590 -52.637 -93.809
v 34.130 -52.521 -90.068
v 33.872 -52.653 -90.912
v 33.941 -53.090 -90.533
v 34.228 -53.973 -90.618
v 30.462 -72.438 -68.905
v 30.888 -72.463 -68.274
v 31.101 -70.529 -75.722
v 29.809 -70.772 -73.094
v 31.919 -66.100 -82.314
v 30.630 -69.296 -79.978
v 31.297 -69.518 -69.070
v 30.505 -69.934 -72.096
v 31.979 -68.552 -69.986
v 31.830 -68.869 -67.634
v 31.642 -69.642 -68.697
v 31.770 -69.082 -68.697
v 30.770 -70.573 -65.712
v 32.019 -65.727 -83.861
v 30.554 -59.720 -94.440
v 30.675 -54.187 -95.793
v 32.130 -54.825 -92.952
v 32.101 -53.242 -93.989
v 31.328 -53.973 -94.656
v 31.526 -52.910 -95.019
v 31.025 -54.400 -95.505
v 31.432 -52.264 -95.021
v 32.080 -52.485 -94.234
v 29.225 -72.700 -65.289
v 29.769 -70.785 -72.314
v 30.005 -72.931 -63.540
v 30.037 -73.040 -64.649
v 29.310 -72.062 -65.083
v 29.425 -72.640 -64.615
v 28.951 -72.630 -62.986
v 29.398 -72.912 -62.727
v 29.118 -72.503 -61.288
v 28.555 -72.346 -61.594
v 29.131 -70.159 -78.653
v 29.074 -69.934 -77.850
v 29.017 -69.451 -78.136
v 29.523 -70.997 -68.905
v 30.196 -71.275 -66.851
v 29.921 -71.812 -64.752
v 26.441 -71.849 -87.425
v 30.392 -68.687 -63.629
v 28.973 -72.274 -61.229
v 28.547 -67.167 -91.475
v 28.331 -69.645 -80.451
v 28.013 -68.444 -84.018
v 28.143 -65.677 -94.440
v 27.598 -64.614 -91.041
v 25.403 -64.223 -94.255
v 29.824 -57.211 -95.080
v 30.401 -55.420 -95.283
v 30.591 -55.541 -95.294
v 30.535 -55.298 -95.497
v 29.185 -56.816 -96.144
v 29.385 -55.576 -96.387
v 30.229 -55.449 -95.601
v 30.138 -56.560 -96.056
v 30.845 -53.852 -95.515
v 30.700 -53.962 -95.364
v 30.382 -54.042 -95.637
v 30.350 -53.911 -95.999
v 29.917 -54.088 -96.346
v 29.851 -55.107 -96.105
v 29.959 -53.518 -96.082
v 30.919 -52.918 -95.423
v 30.769 -52.283 -95.577
v 26.979 -70.451 -83.078
v 28.777 -70.364 -81.311
v 27.009 -69.771 -84.877
v 27.331 -69.674 -82.494
v 26.956 -66.954 -88.696
v 27.886 -68.035 -85.500
v 26.723 -68.934 -87.376
v 26.187 -66.720 -95.742
v 27.528 -63.975 -96.568
v 26.844 -61.635 -97.787
v 28.547 -59.932 -96.630
v 28.475 -57.451 -97.118
v 28.011 -56.898 -97.461
v 27.879 -57.215 -97.430
v 27.710 -57.638 -97.574
v 27.805 -56.944 -97.410
v 27.377 -57.973 -97.595
v 28.973 -56.041 -96.568
v 28.334 -56.528 -97.054
v 28.549 -56.080 -97.041
v 25.568 -71.555 -85.299
v 25.457 -71.132 -85.055
v 24.801 -69.475 -94.411
v 26.171 -69.508 -87.209
v 24.104 -71.505 -87.366
v 22.333 -69.759 -93.735
v 26.090 -64.956 -93.029
v 26.383 -66.406 -90.960
v 24.717 -63.975 -99.192
v 23.791 -63.550 -98.696
v 25.571 -60.175 -98.779
v 24.842 -60.869 -99.177
v 27.270 -59.507 -98.014
v 25.533 -58.931 -98.786
v 25.440 -60.997 -98.272
v 25.321 -60.054 -98.685
v 27.495 -57.693 -97.682
v 28.121 -58.868 -97.870
v 26.816 -58.055 -98.037
v 22.861 -73.586 -89.836
v 22.801 -73.957 -88.931
v 24.078 -71.849 -88.336
v 23.394 -71.983 -87.551
v 23.810 -72.752 -87.054
v 23.484 -72.443 -87.044
v 22.496 -67.160 -95.955
v 22.801 -65.252 -99.926
v 25.038 -60.096 -99.054
v 24.484 -61.273 -99.061
v 24.717 -60.443 -99.203
v 25.551 -59.609 -98.786
v 23.174 -71.842 -94.339
v 21.950 -74.045 -92.312
v 23.558 -73.126 -91.465
v 21.908 -74.879 -91.450
v 22.376 -74.403 -91.228
v 22.163 -73.551 -89.916
v 21.331 -74.006 -88.650
v 19.678 -73.861 -90.559
v 22.566 -73.551 -89.978
v 21.934 -71.409 -92.947
v 21.950 -66.954 -99.885
v 21.737 -64.614 -100.587
v 22.801 -63.298 -99.761
v 23.227 -63.125 -99.833
v 22.758 -63.308 -100.049
v 22.507 -63.550 -100.193
v 22.350 -63.322 -100.173
v 20.673 -74.507 -93.809
v 21.832 -74.729 -91.900
v 21.195 -74.511 -92.167
v 19.181 -75.267 -93.673
v 20.184 -75.190 -91.784
v 20.491 -74.934 -91.416
v 21.737 -73.977 -90.101
v 20.009 -74.918 -91.421
v 20.899 -73.822 -88.801
v 18.120 -74.573 -98.490
v 18.545 -74.799 -96.144
v 19.271 -73.977 -93.377
v 24.399 -70.785 -89.555
v 19.969 -73.764 -92.312
v 19.925 -73.769 -89.967
v 20.035 -68.869 -99.058
v 20.901 -65.602 -100.813
v 20.878 -66.004 -100.670
v 20.775 -65.447 -100.664
v 20.443 -65.897 -100.862
v 20.918 -64.826 -100.824
v 20.813 -66.090 -100.420
v 20.675 -65.780 -100.618
v 21.749 -64.035 -100.631
v 21.560 -64.309 -100.423
v 22.371 -63.581 -100.049
v 18.893 -75.258 -95.500
v 20.472 -74.499 -92.178
v 18.285 -75.602 -94.947
v 19.208 -75.025 -94.031
v 18.250 -74.403 -94.656
v 20.248 -74.189 -91.992
v 20.445 -74.635 -91.998
v 19.850 -75.041 -91.681
v 17.581 -75.739 -93.406
v 20.422 -74.373 -91.782
v 18.921 -74.533 -91.352
v 19.093 -74.010 -90.547
v 18.758 -75.041 -91.144
v 18.224 -75.181 -90.068
v 18.402 -75.558 -90.403
v 17.529 -72.122 -100.670
v 15.594 -73.764 -98.696
v 18.545 -69.296 -100.711
v 21.107 -68.019 -99.977
v 17.683 -68.745 -102.105
v 19.821 -67.484 -101.032
v 19.724 -67.225 -100.824
v 18.596 -67.839 -101.647
v 19.399 -67.593 -100.930
v 19.397 -66.954 -101.393
v 19.368 -67.217 -101.146
v 19.600 -67.282 -101.254
v 19.020 -67.588 -101.288
v 17.180 -75.829 -96.128
v 17.148 -76.231 -95.565
v 16.959 -76.100 -95.184
v 17.694 -75.466 -93.851
v 17.907 -75.254 -94.720
v 17.056 -75.680 -94.967
v 17.221 -75.267 -93.619
v 17.278 -75.504 -93.305
v 17.907 -74.324 -95.505
v 17.875 -74.552 -96.177
v 17.967 -73.508 -95.955
v 16.148 -75.089 -96.748
v 18.817 -75.023 -94.169
v 18.601 -74.591 -94.092
v 18.566 -74.817 -94.180
v 17.522 -75.163 -93.842
v 17.917 -74.616 -93.593
v 17.377 -75.119 -93.254
v 18.512 -74.730 -91.346
v 18.545 -74.424 -91.041
v 18.230 -75.394 -90.629
v 17.965 -75.225 -90.384
v 18.175 -74.816 -90.992
v 15.393 -74.381 -98.421
v 16.205 -72.379 -101.465
v 17.910 -67.590 -101.889
v 17.984 -67.893 -101.802
v 17.532 -68.383 -101.874
v 14.715 -75.892 -98.562
v 15.830 -76.063 -95.984
v 16.052 -76.015 -95.644
v 16.339 -75.466 -96.786
v 15.661 -75.811 -95.711
v 15.709 -75.709 -96.023
v 16.341 -75.575 -97.183
v 13.836 -76.077 -97.808
v 18.198 -72.912 -96.144
v 15.301 -74.449 -98.109
v 14.874 -74.993 -97.165
v 15.566 -75.254 -98.459
v 15.531 -71.849 -102.322
v 15.747 -70.527 -102.456
v 16.822 -70.154 -101.627
v 15.790 -71.249 -101.910
v 16.848 -68.562 -102.311
v 16.633 -69.011 -102.458
v 16.461 -69.160 -102.325
v 17.157 -69.958 -101.676
v 19.202 -70.997 -100.400
v 13.864 -75.680 -98.313
v 14.715 -76.240 -98.065
v 13.618 -76.035 -97.939
v 13.013 -75.041 -102.116
v 13.516 -74.200 -102.234
v 15.304 -74.811 -98.506
v 14.427 -75.041 -99.337
v 13.373 -75.464 -99.977
v 16.205 -75.102 -98.696
v 13.620 -75.675 -97.980
v 13.440 -72.992 -102.711
v 15.089 -73.150 -101.601
v 14.921 -73.089 -101.496
v 15.325 -71.603 -102.191
v 15.792 -71.120 -102.175
v 14.289 -72.062 -102.880
v 13.013 -75.864 -100.618
v 13.161 -75.330 -101.199
v 12.858 -75.707 -100.906
v 13.952 -73.684 -102.083
v 12.773 -74.761 -102.036
v 13.033 -74.367 -102.337
v 13.069 -74.352 -102.232
v 12.548 -75.027 -102.376
v 11.768 -75.294 -102.564
v 12.577 -74.872 -102.123
v 12.374 -75.466 -102.085
v 13.680 -73.004 -102.831
v 14.928 -72.650 -102.322
v 11.912 -75.254 -102.322
v -35.999 -58.868 -76.993
v -35.934 -58.437 -76.674
v -35.603 -54.613 -84.018
v -34.087 -66.528 -68.697
v -34.066 -66.137 -68.532
v -35.465 -61.652 -74.224
v -35.663 -60.570 -74.442
v -34.965 -56.102 -87.633
v -35.225 -61.382 -73.254
v -34.614 -59.932 -75.402
v -35.678 -58.656 -76.270
v -35.678 -57.166 -78.130
v -35.040 -53.962 -83.801
v -34.614 -53.655 -84.440
v -35.078 -53.549 -86.146
v -31.437 -68.196 -65.446
v -32.061 -69.082 -65.133
v -29.668 -62.698 -89.555
v -33.419 -62.698 -76.352
v -30.997 -67.634 -77.209
v -33.424 -65.544 -68.822
v -32.273 -61.635 -89.636
v -32.011 -56.839 -93.735
v -33.512 -56.102 -83.171
v -32.091 -53.336 -94.170
v -32.219 -53.526 -93.779
v -32.421 -54.187 -93.809
v -33.591 -53.157 -90.544
v -32.486 -52.637 -93.809
v -34.026 -52.521 -90.068
v -33.768 -52.653 -90.912
v -33.837 -53.090 -90.533
v -34.124 -53.973 -90.618
v -30.358 -72.438 -68.905
v -30.784 -72.463 -68.274
v -30.997 -70.529 -75.722
v -29.705 -70.772 -73.094
v -31.815 -66.100 -82.314
v -30.526 -69.296 -79.978
v -31.193 -69.518 -69.070
v -30.401 -69.934 -72.096
v -31.875 -68.552 -69.986
v -31.726 -68.869 -67.634
v -31.538 -69.642 -68.697
v -31.666 -69.082 -68.697
v -30.666 -70.573 -65.712
v -31.915 -65.727 -83.861
v -30.450 -59.720 -94.440
v -30.571 -54.187 -95.793
v -32.026 -54.825 -92.952
v -31.997 -53.242 -93.989
v -31.224 -53.973 -94.656
v -31.422 -52.910 -95.019
v -30.921 -54.400 -95.505
v -31.328 -52.264 -95.021
v -31.976 -52.485 -94.234
v -29.121 -72.700 -65.289
v -29.665 -70.785 -72.314
v -29.901 -72.931 -63.540
v -29.933 -73.040 -64.649
v -29.206 -72.062 -65.083
v -29.321 -72.640 -64.615
v -28.847 -72.630 -62.986
v -29.294 -72.912 -62.727
v -29.014 -72.503 -61.288
v -28.451 -72.346 -61.594
v -29.027 -70.159 -78.653
v -28.970 -69.934 -77.850
v -28.913 -69.451 -78.136
v -29.419 -70.997 -68.905
v -30.092 -71.275 -66.851
v -29.817 -71.812 -64.752
v -26.337 -71.849 -87.425
v -30.288 -68.687 -63.629
v -28.869 -72.274 -61.229
v -28.443 -67.167 -91.475
v -28.227 -69.645 -80.451
v -27.909 -68.444 -84.018
v -28.039 -65.677 -94.440
v -27.494 -64.614 -91.041
v -25.299 -64.223 -94.255
v -29.720 -57.211 -95.080
v -30.297 -55.420 -95.283
v -30.487 -55.541 -95.294
v -30.431 -55.298 -95.497
v -29.081 -56.816 -96.144
v -29.281 -55.576 -96.387
v -30.125 -55.449 -95.601
v -30.034 -56.560 -96.056
v -30.741 -53.852 -95.515
v -30.596 -53.962 -95.364
v -30.278 -54.042 -95.637
v -30.246 -53.911 -95.999
v -29.813 -54.088 -96.346
v -29.747 -55.107 -96.105
v -29.855 -53.518 -96.082
v -30.815 -52.918 -95.423
v -30.665 -52.283 -95.577
v -26.875 -70.451 -83.078
v -28.673 -70.364 -81.311
v -26.905 -69.771 -84.877
v -27.227 -69.674 -82.494
v -26.852 -66.954 -88.696
v -27.782 -68.035 -85.500
v -26.619 -68.934 -87.376
v -26.084 -66.720 -95.742
v -27.424 -63.975 -96.568
v -26.740 -61.635 -97.787
v -28.443 -59.932 -96.630
v -28.371 -57.451 -97.118
v -27.907 -56.898 -97.461
v -27.775 -57.215 -97.430
v -27.606 -57.638 -97.574
v -27.701 -56.944 -97.410
v -27.273 -57.973 -97.595
v -28.869 -56.041 -96.568
v -28.230 -56.528 -97.054
v -28.445 -56.080 -97.041
v -25.464 -71.555 -85.299
v -25.353 -71.132 -85.055
v -24.697 -69.475 -94.411
v -26.067 -69.508 -87.209
v -24.000 -71.505 -87.366
v -22.229 -69.759 -93.735
v -25.986 -64.956 -93.029
v -26.279 -66.406 -90.960
v -24.613 -63.975 -99.192
v -23.687 -63.550 -98.696
v -25.467 -60.175 -98.779
v -24.738 -60.869 -99.177
v -27.166 -59.507 -98.014
v -25.429 -58.931 -98.786
v -25.336 -60.997 -98.272
v -25.217 -60.054 -98.685
v -27.391 -57.693 -97.682
v -28.017 -58.868 -97.870
v -26.712 -58.055 -98.037
v -22.757 -73.586 -89.836
v -22.697 -73.957 -88.931
v -23.974 -71.849 -88.336
v -23.290 -71.983 -87.551
v -23.706 -72.752 -87.054
v -23.380 -72.443 -87.044
v -22.392 -67.160 -95.955
v -22.697 -65.252 -99.926
v -24.934 -60.096 -99.054
v -24.380 -61.273 -99.061
v -24.613 -60.443 -99.203
v -25.447 -59.609 -98.786
v -23.070 -71.842 -94.339
v -21.846 -74.045 -92.312
v -23.454 -73.126 -91.465
v -21.804 -74.879 -91.450
v -22.272 -74.403 -91.228
v -22.059 -73.551 -89.916
v -21.227 -74.006 -88.650
v -19.574 -73.861 -90.559
v -22.462 -73.551 -89.978
v -21.830 -71.409 -92.947
v -21.846 -66.954 -99.885
v -21.633 -64.614 -100.587
v -22.697 -63.298 -99.761
v -23.123 -63.125 -99.833
v -22.654 -63.308 -100.049
v -22.403 -63.550 -100.193
v -22.246 -63.322 -100.173
v -20.569 -74.507 -93.809
v -21.728 -74.729 -91.900
v -21.091 -74.511 -92.167
v -19.077 -75.267 -93.673
v -20.080 -75.190 -91.784
v -20.387 -74.934 -91.416
v -21.633 -73.977 -90.101
v -19.905 -74.918 -91.421
v -20.795 -73.822 -88.801
v -18.016 -74.573 -98.490
v -18.441 -74.799 -96.144
v -19.167 -73.977 -93.377
v -24.295 -70.785 -89.555
v -19.865 -73.764 -92.312
v -19.821 -73.769 -89.967
v -19.931 -68.869 -99.058
v -20.797 -65.602 -100.813
v -20.774 -66.004 -100.670
v -20.671 -65.447 -100.664
v -20.339 -65.897 -100.862
v -20.814 -64.826 -100.824
v -20.709 -66.090 -100.420
v -20.571 -65.780 -100.618
v -21.645 -64.035 -100.631
v -21.456 -64.309 -100.423
v -22.267 -63.581 -100.049
v -18.789 -75.258 -95.500
v -20.368 -74.499 -92.178
v -18.181 -75.602 -94.947
v -19.104 -75.025 -94.031
v -18.146 -74.403 -94.656
v -20.144 -74.189 -91.992
v -20.341 -74.635 -91.998
v -19.746 -75.041 -91.681
v -17.477 -75.739 -93.406
v -20.318 -74.373 -91.782
v -18.817 -74.533 -91.352
v -18.989 -74.010 -90.547
v -18.654 -75.041 -91.144
v -18.120 -75.181 -90.068
v -18.298 -75.558 -90.403
v -17.425 -72.122 -100.670
v -15.490 -73.764 -98.696
v -18.441 -69.296 -100.711
v -21.003 -68.019 -99.977
v -17.579 -68.745 -102.105
v -19.717 -67.484 -101.032
v -19.620 -67.225 -100.824
v -18.492 -67.839 -101.647
v -19.295 -67.593 -100.930
v -19.293 -66.954 -101.393
v -19.264 -67.217 -101.146
v -19.496 -67.282 -101.254
v -18.916 -67.588 -101.288
v -17.076 -75.829 -96.128
v -17.044 -76.231 -95.565
v -16.855 -76.100 -95.184
v -17.590 -75.466 -93.851
v -17.803 -75.254 -94.720
v -16.952 -75.680 -94.967
v -17.117 -75.267 -93.619
v -17.174 -75.504 -93.305
v -17.803 -74.324 -95.505
v -17.771 -74.552 -96.177
v -17.863 -73.508 -95.955
v -16.044 -75.089 -96.748
v -18.713 -75.023 -94.169
v -18.497 -74.591 -94.092
v -18.462 -74.817 -94.180
v -17.418 -75.163 -93.842
v -17.813 -74.616 -93.593
v -17.273 -75.119 -93.254
v -18.408 -74.730 -91.346
v -18.441 -74.424 -91.041
v -18.126 -75.394 -90.629
v -17.861 -75.225 -90.384
v -18.071 -74.816 -90.992
v -15.289 -74.381 -98.421
v -16.101 -72.379 -101.465
v -17.806 -67.590 -101.889
v -17.880 -67.893 -101.802
v -17.428 -68.383 -101.874
v -14.611 -75.892 -98.562
v -15.726 -76.063 -95.984
v -15.948 -76.015 -95.644
v -16.235 -75.466 -96.786
v -15.557 -75.811 -95.711
v -15.605 -75.709 -96.023
v -16.237 -75.575 -97.183
v -13.732 -76.077 -97.808
v -18.094 -72.912 -96.144
v -15.197 -74.449 -98.109
v -14.770 -74.993 -97.165
v -15.462 -75.254 -98.459
v -15.427 -71.849 -102.322
v -15.643 -70.527 -102.456
v -16.718 -70.154 -101.627
v -15.686 -71.249 -101.910
v -16.744 -68.562 -102.311
v -16.529 -69.011 -102.458
v -16.357 -69.160 -102.325
v -17.053 -69.958 -101.676
v -19.098 -70.997 -100.400
v -13.760 -75.680 -98.313
v -14.611 -76.240 -98.065
v -13.514 -76.035 -97.939
v -12.909 -75.041 -102.116
v -13.412 -74.200 -102.234
v -15.200 -74.811 -98.506
v -14.323 -75.041 -99.337
v -13.269 -75.464 -99.977
v -16.101 -75.102 -98.696
v -13.516 -75.675 -97.980
v -13.336 -72.992 -102.711
v -14.985 -73.150 -101.601
v -14.817 -73.089 -101.496
v -15.221 -71.603 -102.191
v -15.688 -71.120 -102.175
v -14.186 -72.062 -102.880
v -12.909 -75.864 -100.618
v -13.057 -75.330 -101.199
v -12.754 -75.707 -100.906
v -13.848 -73.684 -102.083
v -12.669 -74.761 -102.036
v -12.929 -74.367 -102.337
v -12.965 -74.352 -102.232
v -12.444 -75.027 -102.376
v -11.664 -75.294 -102.564
v -12.473 -74.872 -102.123
v -12.270 -75.466 -102.085
v -13.576 -73.004 -102.831
v -14.824 -72.650 -102.322
v -11.808 -75.254 -102.322
v 31.212 -62.122 -82.199
v 30.712 -62.586 -80.338
v 29.607 -69.559 -76.620
v 30.179 -63.882 -83.287
v 30.328 -65.530 -78.480
v 29.332 -66.770 -75.493
v 29.874 -64.255 -78.325
v 30.880 -62.741 -82.973
v 29.926 -61.347 -85.762
v 30.670 -60.338 -84.571
v 31.038 -59.917 -83.588
v 29.135 -62.352 -84.533
v 30.571 -61.037 -81.857
v 27.731 -74.545 -73.609
v 28.757 -73.283 -72.770
v 28.379 -73.853 -73.699
v 29.212 -72.193 -74.296
v 29.103 -72.503 -72.901
v 28.831 -71.457 -75.819
v 29.316 -72.107 -72.423
v 29.522 -71.728 -73.830
v 28.966 -72.406 -72.431
v 29.138 -72.184 -72.337
v 28.450 -72.771 -72.338
v 29.609 -69.287 -77.682
v 29.315 -70.738 -76.411
v 27.782 -72.360 -78.480
v 29.050 -70.334 -77.860
v 29.563 -70.799 -72.281
v 28.867 -69.843 -72.436
v 29.177 -68.519 -73.365
v 29.060 -70.713 -72.163
v 28.092 -68.938 -73.241
v 29.050 -63.051 -86.226
v 26.999 -68.165 -84.057
v 28.247 -65.480 -77.240
v 28.402 -64.446 -86.040
v 28.764 -63.724 -82.762
v 29.553 -62.122 -82.507
v 28.736 -62.603 -84.394
v 28.440 -64.756 -78.634
v 28.557 -63.051 -87.167
v 29.087 -62.340 -86.426
v 28.903 -62.520 -86.532
v 29.516 -61.709 -86.233
v 28.867 -62.412 -87.001
v 28.402 -63.332 -84.988
v 26.388 -67.523 -82.044
v 29.531 -61.812 -86.496
v 29.468 -61.730 -86.561
v 27.176 -75.223 -73.316
v 27.765 -74.518 -74.605
v 26.914 -75.209 -74.294
v 27.216 -74.979 -73.112
v 28.092 -73.898 -73.117
v 27.584 -74.293 -73.328
v 26.852 -74.052 -73.562
v 27.032 -74.915 -73.066
v 27.070 -73.438 -73.432
v 28.137 -72.850 -76.339
v 26.829 -72.971 -73.557
v 28.201 -71.763 -72.505
v 27.619 -70.954 -72.901
v 28.092 -71.573 -71.838
v 28.332 -71.616 -72.274
v 28.142 -71.708 -71.465
v 28.557 -71.691 -71.507
v 28.347 -71.583 -71.123
v 27.570 -70.023 -73.056
v 27.017 -69.880 -74.514
v 27.539 -69.094 -73.521
v 28.480 -71.276 -71.030
v 28.092 -71.263 -71.342
v 27.052 -70.023 -77.705
v 27.800 -67.079 -77.549
v 27.176 -67.700 -75.845
v 27.472 -67.545 -75.071
v 27.258 -66.459 -85.606
v 24.528 -68.335 -86.846
v 27.476 -64.230 -88.140
v 27.377 -64.188 -88.238
v 27.348 -64.390 -88.395
v 27.933 -63.693 -87.453
v 27.787 -63.751 -87.683
v 27.907 -63.874 -87.206
v 27.840 -63.951 -87.495
v 27.608 -63.956 -87.976
v 27.822 -63.880 -87.010
v 28.420 -62.935 -87.808
v 28.352 -63.129 -87.023
v 29.050 -62.586 -86.846
v 25.331 -76.973 -76.493
v 26.627 -75.354 -74.548
v 25.768 -76.222 -75.493
v 25.868 -76.532 -77.240
v 26.733 -74.536 -78.261
v 26.457 -74.672 -79.254
v 25.378 -75.021 -75.176
v 26.313 -74.839 -74.170
v 26.795 -75.328 -73.635
v 26.904 -75.262 -73.269
v 26.603 -75.197 -74.203
v 26.655 -75.014 -73.426
v 26.270 -68.784 -85.297
v 26.551 -73.426 -74.078
v 26.718 -71.708 -75.078
v 24.993 -73.747 -76.929
v 25.890 -67.390 -87.466
v 26.852 -65.426 -87.621
v 26.391 -65.256 -89.170
v 26.630 -65.241 -89.048
v 27.081 -64.674 -88.449
v 26.609 -65.388 -87.677
v 24.551 -77.917 -76.609
v 23.878 -79.154 -77.837
v 25.009 -76.999 -76.331
v 23.660 -78.862 -79.432
v 24.927 -75.920 -75.516
v 24.531 -75.895 -75.788
v 23.680 -74.895 -84.558
v 24.680 -73.408 -78.879
v 24.718 -73.278 -84.988
v 24.528 -68.938 -89.285
v 24.693 -66.971 -91.462
v 25.830 -66.305 -89.635
v 25.772 -65.931 -90.163
v 25.535 -66.278 -89.952
v 25.595 -66.393 -90.026
v 24.905 -67.545 -87.777
v 25.431 -66.418 -90.201
v 24.902 -66.941 -90.544
v 25.923 -65.956 -89.170
v 25.981 -66.270 -88.670
v 25.925 -65.943 -89.656
v 24.058 -78.387 -77.039
v 23.575 -79.326 -77.546
v 23.015 -79.041 -76.973
v 23.556 -78.157 -77.095
v 23.482 -77.867 -77.145
v 24.647 -76.908 -76.327
v 23.753 -77.307 -76.527
v 24.472 -76.637 -76.316
v 24.170 -75.765 -76.674
v 23.296 -76.545 -77.716
v 24.683 -76.376 -75.577
v 23.631 -75.291 -85.142
v 23.427 -75.689 -78.184
v 23.785 -71.599 -88.148
v 22.363 -74.672 -88.086
v 21.429 -75.911 -83.282
v 24.379 -67.674 -90.780
v 22.979 -68.847 -91.185
v 23.974 -66.900 -93.083
v 23.556 -67.092 -93.305
v 24.839 -66.445 -91.651
v 24.666 -66.641 -91.655
v 22.861 -79.659 -79.900
v 22.358 -78.877 -81.296
v 22.979 -79.731 -78.014
v 22.056 -80.544 -78.470
v 22.956 -79.391 -79.527
v 23.329 -76.996 -82.507
v 22.765 -78.794 -76.983
v 21.783 -79.657 -77.729
v 22.815 -77.160 -77.988
v 20.654 -80.095 -82.870
v 22.899 -67.545 -94.278
v 22.702 -68.784 -93.354
v 22.614 -68.319 -94.129
v 21.924 -69.249 -94.440
v 22.295 -69.559 -91.959
v 22.529 -67.727 -94.650
v 22.380 -67.835 -94.800
v 23.313 -67.599 -93.439
v 22.812 -67.541 -94.049
v 22.669 -68.010 -94.108
v 22.529 -67.934 -94.039
v 21.245 -81.409 -79.162
v 19.570 -82.681 -80.029
v 21.906 -79.978 -80.796
v 21.512 -80.519 -78.205
v 21.429 -80.095 -77.819
v 21.119 -79.786 -77.994
v 21.614 -76.454 -87.461
v 21.341 -76.842 -88.241
v 21.274 -73.898 -91.236
v 20.202 -77.646 -88.262
v 20.770 -72.503 -93.510
v 21.587 -72.666 -88.053
v 18.844 -77.727 -85.564
v 20.244 -69.650 -97.049
v 21.466 -70.611 -91.504
v 21.886 -69.443 -91.020
v 20.489 -72.813 -89.635
v 20.552 -70.179 -94.129
v 20.910 -68.924 -96.099
v 21.960 -68.268 -94.811
v 22.122 -68.165 -94.594
v 21.928 -68.175 -95.248
v 19.415 -82.434 -80.493
v 19.105 -83.181 -78.634
v 18.795 -82.729 -78.396
v 20.994 -80.444 -78.331
v 20.810 -80.095 -78.676
v 19.880 -77.813 -89.015
v 20.158 -78.654 -86.365
v 20.828 -74.672 -90.876
v 20.777 -75.291 -91.030
v 20.500 -73.588 -93.189
v 19.818 -75.395 -91.802
v 19.755 -74.052 -93.665
v 19.660 -71.109 -96.763
v 19.975 -69.599 -97.435
v 20.634 -69.293 -95.929
v 20.764 -69.088 -95.991
v 20.808 -69.301 -95.917
v 17.246 -83.765 -80.338
v 18.636 -83.162 -79.290
v 17.887 -83.622 -79.481
v 18.279 -83.104 -79.051
v 18.175 -82.729 -79.141
v 16.390 -81.879 -81.481
v 17.619 -81.651 -84.661
v 19.517 -77.638 -89.411
v 18.795 -78.422 -89.635
v 17.451 -80.383 -82.729
v 19.415 -79.065 -87.621
v 18.480 -77.013 -93.017
v 18.935 -73.623 -95.950
v 18.744 -75.399 -93.881
v 19.271 -74.267 -94.278
v 19.415 -74.910 -93.199
v 19.239 -74.952 -93.843
v 18.640 -78.081 -89.924
v 19.690 -76.066 -92.114
v 19.179 -70.334 -98.158
v 18.284 -73.169 -97.159
v 18.639 -70.784 -98.318
v 19.333 -70.076 -97.824
v 16.179 -74.207 -96.143
v 16.878 -83.809 -80.004
v 17.674 -83.505 -79.254
v 17.815 -83.074 -79.111
v 16.801 -83.505 -81.578
v 16.486 -83.195 -80.029
v 18.475 -79.989 -88.086
v 17.763 -79.631 -89.481
v 17.516 -79.940 -88.241
v 18.302 -78.235 -90.410
v 17.361 -77.802 -92.494
v 17.865 -78.274 -91.650
v 17.401 -76.066 -95.214
v 17.710 -74.363 -96.257
v 17.034 -75.864 -96.344
v 17.160 -78.828 -91.954
v 16.952 -77.771 -89.326
v 17.368 -73.122 -98.622
v 18.527 -70.820 -98.564
v 14.921 -84.713 -80.649
v 16.631 -83.532 -79.857
v 13.062 -85.399 -82.199
v 16.667 -81.122 -83.411
v 16.573 -81.696 -82.855
v 15.465 -82.427 -81.954
v 16.781 -78.619 -92.890
v 15.541 -81.711 -89.015
v 14.934 -81.455 -89.494
v 16.531 -77.820 -93.830
v 16.627 -74.508 -97.685
v 15.851 -78.855 -93.333
v 16.316 -76.376 -95.690
v 15.696 -78.855 -90.225
v 14.770 -84.734 -80.106
v 14.765 -84.174 -82.651
v 14.921 -84.434 -81.795
v 14.774 -84.182 -80.004
v 14.781 -84.521 -79.929
v 14.315 -84.017 -80.709
v 15.491 -79.688 -93.212
v 14.053 -81.024 -87.312
v 15.170 -78.701 -95.058
v 15.696 -78.391 -94.924
v 14.766 -80.181 -92.734
v 14.729 -80.095 -93.510
v 14.766 -78.170 -96.609
v 11.977 -77.771 -96.495
v 15.233 -73.847 -100.384
v 14.285 -84.668 -80.814
v 13.023 -85.378 -81.264
v 11.203 -85.403 -84.833
v 13.531 -84.342 -83.748
v 14.155 -84.516 -80.562
v 13.744 -82.818 -83.292
v 13.588 -81.734 -91.143
v 13.217 -82.845 -89.635
v 12.132 -83.728 -86.846
v 11.203 -84.679 -82.199
v 12.381 -82.424 -86.187
v 13.630 -82.489 -84.666
v 14.216 -79.689 -94.965
v 13.528 -81.005 -93.359
v 14.115 -80.787 -93.258
v 12.597 -82.075 -91.805
v 11.667 -82.860 -87.001
v 13.974 -78.281 -96.576
v 13.100 -79.600 -96.269
v 14.223 -76.389 -99.399
v 14.611 -75.607 -99.242
v 14.411 -74.923 -100.124
v 13.047 -76.066 -100.343
v 14.147 -74.982 -100.533
v 14.152 -74.896 -100.201
v 12.310 -76.657 -98.214
v 12.254 -85.207 -82.566
v 12.631 -85.481 -81.664
v 8.455 -85.722 -86.875
v 10.583 -80.169 -92.890
v 11.950 -80.411 -95.317
v 10.273 -82.441 -92.579
v 13.366 -79.760 -94.666
v 11.554 -81.988 -92.033
v 13.372 -77.617 -98.706
v 12.287 -77.995 -98.622
v 12.315 -79.477 -96.917
v 12.375 -76.682 -99.690
v 11.515 -78.188 -96.591
v 10.344 -86.315 -81.946
v 10.530 -85.703 -84.339
v 11.277 -85.983 -82.044
v 10.893 -86.277 -81.424
v 9.166 -86.511 -84.370
v 10.763 -85.194 -84.962
v 9.840 -84.761 -83.081
v 9.653 -81.757 -94.129
v 7.788 -85.046 -85.546
v 12.566 -78.963 -97.049
v 11.119 -79.939 -96.393
v 11.656 -79.432 -97.060
v 11.094 -79.562 -96.689
v 12.194 -77.307 -98.933
v 11.369 -79.236 -96.874
v 10.557 -79.526 -94.859
v 10.428 -79.707 -93.819
v 9.507 -86.193 -84.159
v 8.878 -86.837 -82.507
v 9.963 -86.648 -82.044
v 10.893 -85.828 -81.166
v 10.034 -86.143 -81.704
v 9.948 -85.674 -81.888
v 9.659 -84.283 -84.746
v 6.709 -85.633 -84.213
v 11.208 -83.374 -84.975
v 10.273 -83.660 -84.244
v 9.134 -81.361 -94.111
v 10.987 -79.682 -96.208
v 8.104 -85.828 -82.662
v 9.093 -85.104 -83.153
v 9.173 -86.545 -81.499
v 8.715 -86.878 -81.854
v 9.305 -84.279 -83.902
v 9.808 -83.750 -84.677
v 10.758 -83.388 -85.075
v 9.026 -84.686 -84.051
v 5.098 -85.549 -87.711
v 8.614 -80.870 -92.425
v 8.320 -86.751 -82.500
v 8.011 -86.696 -82.412
v 8.259 -86.449 -82.178
v 7.893 -86.295 -82.420
v 6.864 -87.183 -82.662
v 7.387 -86.740 -82.270
v 6.953 -86.970 -82.345
v 6.145 -86.195 -83.444
v 8.206 -82.071 -92.991
v 6.277 -82.575 -91.341
v 5.797 -87.157 -83.464
v 6.033 -86.977 -83.082
v 6.146 -86.635 -85.680
v 6.554 -86.992 -84.833
v 5.997 -86.946 -84.628
v 6.657 -86.710 -82.386
v 6.358 -83.039 -91.341
v 5.005 -82.689 -89.481
v 5.005 -87.118 -84.522
v 5.548 -86.834 -83.094
v 4.850 -87.067 -83.004
v 4.695 -86.758 -82.973
v 2.990 -85.107 -87.932
v 4.324 -83.441 -89.949
v 3.427 -87.087 -83.586
v 3.300 -86.719 -85.297
v 3.610 -86.915 -83.282
v 3.556 -86.441 -83.544
v 3.610 -86.121 -84.057
v 1.182 -85.345 -86.563
v 2.835 -85.614 -84.833
v 2.243 -84.576 -87.798
v 2.063 -84.424 -86.790
v 3.124 -86.798 -84.304
v 3.065 -86.549 -84.100
v 2.031 -86.322 -84.620
v 2.157 -86.080 -84.491
v 1.809 -85.378 -84.859
v 1.791 -86.445 -84.242
v 1.822 -86.369 -84.901
v 1.083 -85.923 -85.251
v 1.306 -86.139 -84.368
v 1.596 -86.449 -84.687
v 1.910 -86.090 -84.116
v 1.677 -85.907 -84.095
v 1.621 -86.104 -84.049
v 1.286 -85.674 -84.481
v 1.131 -84.779 -85.451
v 1.362 -85.413 -84.790
v 0.614 -85.519 -85.606
v 1.062 -85.610 -84.986
v 0.666 -85.349 -85.297
v 0.771 -84.898 -85.762
v -31.108 -62.122 -82.199
v -30.608 -62.586 -80.338
v -29.503 -69.559 -76.620
v -30.075 -63.882 -83.287
v -30.224 -65.530 -78.480
v -29.228 -66.770 -75.493
v -29.770 -64.255 -78.325
v -30.776 -62.741 -82.973
v -29.822 -61.347 -85.762
v -30.566 -60.338 -84.571
v -30.934 -59.917 -83.588
v -29.031 -62.352 -84.533
v -30.467 -61.037 -81.857
v -27.627 -74.545 -73.609
v -28.653 -73.283 -72.770
v -28.275 -73.853 -73.699
v -29.108 -72.193 -74.296
v -28.999 -72.503 -72.901
v -28.727 -71.457 -75.819
v -29.212 -72.107 -72.423
v -29.418 -71.728 -73.830
v -28.862 -72.406 -72.431
v -29.034 -72.184 -72.337
v -28.346 -72.771 -72.338
v -29.505 -69.287 -77.682
v -29.211 -70.738 -76.411
v -27.678 -72.360 -78.480
v -28.946 -70.334 -77.860
v -29.459 -70.799 -72.281
v -28.763 -69.843 -72.436
v -29.073 -68.519 -73.365
v -28.956 -70.713 -72.163
v -27.988 -68.938 -73.241
v -28.946 -63.051 -86.226
v -26.895 -68.165 -84.057
v -28.143 -65.480 -77.240
v -28.298 -64.446 -86.040
v -28.660 -63.724 -82.762
v -29.449 -62.122 -82.507
v -28.632 -62.603 -84.394
v -28.336 -64.756 -78.634
v -28.453 -63.051 -87.167
v -28.983 -62.340 -86.426
v -28.799 -62.520 -86.532
v -29.412 -61.709 -86.233
v -28.763 -62.412 -87.001
v -28.298 -63.332 -84.988
v -26.284 -67.523 -82.044
v -29.427 -61.812 -86.496
v -29.364 -61.730 -86.561
v -27.072 -75.223 -73.316
v -27.661 -74.518 -74.605
v -26.810 -75.209 -74.294
v -27.112 -74.979 -73.112
v -27.988 -73.898 -73.117
v -27.480 -74.293 -73.328
v -26.749 -74.052 -73.562
v -26.928 -74.915 -73.066
v -26.966 -73.438 -73.432
v -28.033 -72.850 -76.339
v -26.725 -72.971 -73.557
v -28.097 -71.763 -72.505
v -27.515 -70.954 -72.901
v -27.988 -71.573 -71.838
v -28.228 -71.616 -72.274
v -28.038 -71.708 -71.465
v -28.453 -71.691 -71.507
v -28.243 -71.583 -71.123
v -27.466 -70.023 -73.056
v -26.913 -69.880 -74.514
v -27.435 -69.094 -73.521
v -28.376 -71.276 -71.030
v -27.988 -71.263 -71.342
v -26.948 -70.023 -77.705
v -27.696 -67.079 -77.549
v -27.072 -67.700 -75.845
v -27.368 -67.545 -75.071
v -27.154 -66.459 -85.606
v -24.424 -68.335 -86.846
v -27.372 -64.230 -88.140
v -27.273 -64.188 -88.238
v -27.244 -64.390 -88.395
v -27.829 -63.693 -87.453
v -27.683 -63.751 -87.683
v -27.803 -63.874 -87.206
v -27.736 -63.951 -87.495
v -27.504 -63.956 -87.976
v -27.718 -63.880 -87.010
v -28.316 -62.935 -87.808
v -28.248 -63.129 -87.023
v -28.946 -62.586 -86.846
v -25.227 -76.973 -76.493
v -26.523 -75.354 -74.548
v -25.664 -76.222 -75.493
v -25.764 -76.532 -77.240
v -26.629 -74.536 -78.261
v -26.353 -74.672 -79.254
v -25.274 -75.021 -75.176
v -26.209 -74.839 -74.170
v -26.691 -75.328 -73.635
v -26.800 -75.262 -73.269
v -26.499 -75.197 -74.203
v -26.551 -75.014 -73.426
v -26.166 -68.784 -85.297
v -26.447 -73.426 -74.078
v -26.614 -71.708 -75.078
v -24.889 -73.747 -76.929
v -25.786 -67.390 -87.466
v -26.749 -65.426 -87.621
v -26.287 -65.256 -89.170
v -26.526 -65.241 -89.048
v -26.977 -64.674 -88.449
v -26.505 -65.388 -87.677
v -24.447 -77.917 -76.609
v -23.774 -79.154 -77.837
v -24.905 -76.999 -76.331
v -23.556 -78.862 -79.432
v -24.823 -75.920 -75.516
v -24.427 -75.895 -75.788
v -23.576 -74.895 -84.558
v -24.576 -73.408 -78.879
v -24.614 -73.278 -84.988
v -24.424 -68.938 -89.285
v -24.589 -66.971 -91.462
v -25.726 -66.305 -89.635
v -25.668 -65.931 -90.163
v -25.431 -66.278 -89.952
v -25.491 -66.393 -90.026
v -24.801 -67.545 -87.777
v -25.327 -66.418 -90.201
v -24.798 -66.941 -90.544
v -25.819 -65.956 -89.170
v -25.877 -66.270 -88.670
v -25.821 -65.943 -89.656
v -23.954 -78.387 -77.039
v -23.471 -79.326 -77.546
v -22.911 -79.041 -76.973
v -23.452 -78.157 -77.095
v -23.378 -77.867 -77.145
v -24.543 -76.908 -76.327
v -23.650 -77.307 -76.527
v -24.368 -76.637 -76.316
v -24.066 -75.765 -76.674
v -23.192 -76.545 -77.716
v -24.579 -76.376 -75.577
v -23.527 -75.291 -85.142
v -23.323 -75.689 -78.184
v -23.681 -71.599 -88.148
v -22.259 -74.672 -88.086
v -21.325 -75.911 -83.282
v -24.275 -67.674 -90.780
v -22.875 -68.847 -91.185
v -23.870 -66.900 -93.083
v -23.452 -67.092 -93.305
v -24.735 -66.445 -91.651
v -24.562 -66.641 -91.655
v -22.757 -79.659 -79.900
v -22.254 -78.877 -81.296
v -22.875 -79.731 -78.014
v -21.952 -80.544 -78.470
v -22.852 -79.391 -79.527
v -23.225 -76.996 -82.507
v -22.661 -78.794 -76.983
v -21.679 -79.657 -77.729
v -22.711 -77.160 -77.988
v -20.551 -80.095 -82.870
v -22.795 -67.545 -94.278
v -22.598 -68.784 -93.354
v -22.510 -68.319 -94.129
v -21.820 -69.249 -94.440
v -22.191 -69.559 -91.959
v -22.425 -67.727 -94.650
v -22.276 -67.835 -94.800
v -23.209 -67.599 -93.439
v -22.708 -67.541 -94.049
v -22.565 -68.010 -94.108
v -22.425 -67.934 -94.039
v -21.141 -81.409 -79.162
v -19.466 -82.681 -80.029
v -21.802 -79.978 -80.796
v -21.408 -80.519 -78.205
v -21.325 -80.095 -77.819
v -21.015 -79.786 -77.994
v -21.510 -76.454 -87.461
v -21.237 -76.842 -88.241
v -21.170 -73.898 -91.236
v -20.098 -77.646 -88.262
v -20.666 -72.503 -93.510
v -21.483 -72.666 -88.053
v -18.740 -77.727 -85.564
v -20.140 -69.650 -97.049
v -21.362 -70.611 -91.504
v -21.782 -69.443 -91.020
v -20.385 -72.813 -89.635
v -20.448 -70.179 -94.129
v -20.806 -68.924 -96.099
v -21.856 -68.268 -94.811
v -22.018 -68.165 -94.594
v -21.824 -68.175 -95.248
v -19.311 -82.434 -80.493
v -19.001 -83.181 -78.634
v -18.691 -82.729 -78.396
v -20.890 -80.444 -78.331
v -20.706 -80.095 -78.676
v -19.776 -77.813 -89.015
v -20.054 -78.654 -86.365
v -20.724 -74.672 -90.876
v -20.673 -75.291 -91.030
v -20.396 -73.588 -93.189
v -19.714 -75.395 -91.802
v -19.651 -74.052 -93.665
v -19.556 -71.109 -96.763
v -19.871 -69.599 -97.435
v -20.530 -69.293 -95.929
v -20.660 -69.088 -95.991
v -20.704 -69.301 -95.917
v -17.142 -83.765 -80.338
v -18.532 -83.162 -79.290
v -17.783 -83.622 -79.481
v -18.175 -83.104 -79.051
v -18.071 -82.729 -79.141
v -16.286 -81.879 -81.481
v -17.515 -81.651 -84.661
v -19.413 -77.638 -89.411
v -18.691 -78.422 -89.635
v -17.347 -80.383 -82.729
v -19.311 -79.065 -87.621
v -18.376 -77.013 -93.017
v -18.831 -73.623 -95.950
v -18.640 -75.399 -93.881
v -19.167 -74.267 -94.278
v -19.311 -74.910 -93.199
v -19.135 -74.952 -93.843
v -18.536 -78.081 -89.924
v -19.586 -76.066 -92.114
v -19.075 -70.334 -98.158
v -18.180 -73.169 -97.159
v -18.535 -70.784 -98.318
v -19.229 -70.076 -97.824
v -16.075 -74.207 -96.143
v -16.774 -83.809 -80.004
v -17.570 -83.505 -79.254
v -17.711 -83.074 -79.111
v -16.697 -83.505 -81.578
v -16.382 -83.195 -80.029
v -18.371 -79.989 -88.086
v -17.659 -79.631 -89.481
v -17.412 -79.940 -88.241
v -18.198 -78.235 -90.410
v -17.257 -77.802 -92.494
v -17.762 -78.274 -91.650
v -17.297 -76.066 -95.214
v -17.606 -74.363 -96.257
v -16.930 -75.864 -96.344
v -17.056 -78.828 -91.954
v -16.848 -77.771 -89.326
v -17.264 -73.122 -98.622
v -18.423 -70.820 -98.564
v -14.817 -84.713 -80.649
v -16.527 -83.532 -79.857
v -12.958 -85.399 -82.199
v -16.563 -81.122 -83.411
v -16.469 -81.696 -82.855
v -15.361 -82.427 -81.954
v -16.677 -78.619 -92.890
v -15.437 -81.711 -89.015
v -14.830 -81.455 -89.494
v -16.427 -77.820 -93.830
v -16.523 -74.508 -97.685
v -15.747 -78.855 -93.333
v -16.212 -76.376 -95.690
v -15.592 -78.855 -90.225
v -14.666 -84.734 -80.106
v -14.661 -84.174 -82.651
v -14.817 -84.434 -81.795
v -14.670 -84.182 -80.004
v -14.677 -84.521 -79.929
v -14.211 -84.017 -80.709
v -15.387 -79.688 -93.212
v -13.949 -81.024 -87.312
v -15.066 -78.701 -95.058
v -15.592 -78.391 -94.924
v -14.663 -80.181 -92.734
v -14.625 -80.095 -93.510
v -14.663 -78.170 -96.609
v -11.873 -77.771 -96.495
v -15.129 -73.847 -100.384
v -14.181 -84.668 -80.814
v -12.920 -85.378 -81.264
v -11.099 -85.403 -84.833
v -13.427 -84.342 -83.748
v -14.051 -84.516 -80.562
v -13.640 -82.818 -83.292
v -13.484 -81.734 -91.143
v -13.113 -82.845 -89.635
v -12.028 -83.728 -86.846
v -11.099 -84.679 -82.199
v -12.277 -82.424 -86.187
v -13.526 -82.489 -84.666
v -14.112 -79.689 -94.965
v -13.424 -81.005 -93.359
v -14.011 -80.787 -93.258
v -12.493 -82.075 -91.805
v -11.564 -82.860 -87.001
v -13.870 -78.281 -96.576
v -12.996 -79.600 -96.269
v -14.119 -76.389 -99.399
v -14.507 -75.607 -99.242
v -14.307 -74.923 -100.124
v -12.943 -76.066 -100.343
v -14.043 -74.982 -100.533
v -14.048 -74.896 -100.201
v -12.206 -76.657 -98.214
v -12.150 -85.207 -82.566
v -12.527 -85.481 -81.664
v -8.351 -85.722 -86.875
v -10.479 -80.169 -92.890
v -11.846 -80.411 -95.317
v -10.169 -82.441 -92.579
v -13.262 -79.760 -94.666
v -11.450 -81.988 -92.033
v -13.268 -77.617 -98.706
v -12.183 -77.995 -98.622
v -12.211 -79.477 -96.917
v -12.271 -76.682 -99.690
v -11.411 -78.188 -96.591
v -10.240 -86.315 -81.946
v -10.426 -85.703 -84.339
v -11.173 -85.983 -82.044
v -10.789 -86.277 -81.424
v -9.062 -86.511 -84.370
v -10.659 -85.194 -84.962
v -9.736 -84.761 -83.081
v -9.549 -81.757 -94.129
v -7.684 -85.046 -85.546
v -12.462 -78.963 -97.049
v -11.015 -79.939 -96.393
v -11.552 -79.432 -97.060
v -10.990 -79.562 -96.689
v -12.090 -77.307 -98.933
v -11.265 -79.236 -96.874
v -10.453 -79.526 -94.859
v -10.324 -79.707 -93.819
v -9.403 -86.193 -84.159
v -8.774 -86.837 -82.507
v -9.859 -86.648 -82.044
v -10.789 -85.828 -81.166
v -9.930 -86.143 -81.704
v -9.844 -85.674 -81.888
v -9.555 -84.283 -84.746
v -6.605 -85.633 -84.213
v -11.104 -83.374 -84.975
v -10.169 -83.660 -84.244
v -9.030 -81.361 -94.111
v -10.883 -79.682 -96.208
v -8.000 -85.828 -82.662
v -8.989 -85.104 -83.153
v -9.069 -86.545 -81.499
v -8.611 -86.878 -81.854
v -9.201 -84.279 -83.902
v -9.704 -83.750 -84.677
v -10.654 -83.388 -85.075
v -8.922 -84.686 -84.051
v -4.994 -85.549 -87.711
v -8.510 -80.870 -92.425
v -8.216 -86.751 -82.500
v -7.907 -86.696 -82.412
v -8.155 -86.449 -82.178
v -7.789 -86.295 -82.420
v -6.760 -87.183 -82.662
v -7.283 -86.740 -82.270
v -6.849 -86.970 -82.345
v -6.041 -86.195 -83.444
v -8.102 -82.071 -92.991
v -6.173 -82.575 -91.341
v -5.693 -87.157 -83.464
v -5.929 -86.977 -83.082
v -6.042 -86.635 -85.680
v -6.450 -86.992 -84.833
v -5.893 -86.946 -84.628
v -6.553 -86.710 -82.386
v -6.254 -83.039 -91.341
v -4.901 -82.689 -89.481
v -4.901 -87.118 -84.522
v -5.444 -86.834 -83.094
v -4.746 -87.067 -83.004
v -4.591 -86.758 -82.973
v -2.886 -85.107 -87.932
v -4.220 -83.441 -89.949
v -3.323 -87.087 -83.586
v -3.196 -86.719 -85.297
v -3.506 -86.915 -83.282
v -3.452 -86.441 -83.544
v -3.506 -86.121 -84.057
v -1.078 -85.345 -86.563
v -2.731 -85.614 -84.833
v -2.139 -84.576 -87.798
v -1.959 -84.424 -86.790
v -3.020 -86.798 -84.304
v -2.961 -86.549 -84.100
v -1.927 -86.322 -84.620
v -2.053 -86.080 -84.491
v -1.705 -85.378 -84.859
v -1.688 -86.445 -84.242
v -1.718 -86.369 -84.901
v -0.979 -85.923 -85.251
v -1.202 -86.139 -84.368
v -1.492 -86.449 -84.687
v -1.806 -86.090 -84.116
v -1.573 -85.907 -84.095
v -1.517 -86.104 -84.049
v -1.182 -85.674 -84.481
v -1.027 -84.779 -85.451
v -1.258 -85.413 -84.790
v -0.510 -85.519 -85.606
v -0.958 -85.610 -84.986
v -0.562 -85.349 -85.297
v -0.667 -84.898 -85.762
v 16.748 -85.448 -57.148
v 14.454 -87.284 -58.419
v 15.748 -86.236 -57.320
v 14.454 -87.474 -58.143
v 16.729 -85.446 -57.609
v 16.329 -85.520 -58.020
v 16.073 -84.585 -56.146
v 15.267 -84.616 -56.641
v 16.207 -84.328 -55.212
v 14.568 -86.620 -58.702
v 12.700 -84.842 -54.531
v 11.081 -86.318 -53.756
v 14.441 -84.628 -54.621
v 15.601 -83.542 -54.539
v 16.094 -83.911 -55.151
v 11.529 -84.833 -52.575
v 14.028 -83.224 -53.880
v 12.626 -88.435 -58.110
v 12.616 -88.404 -56.862
v 13.561 -87.786 -58.437
v 13.373 -87.254 -57.858
v 11.081 -86.425 -55.771
v 11.570 -85.786 -52.734
v 12.321 -84.996 -52.971
v 13.120 -84.973 -53.902
v 9.842 -88.096 -57.600
v 10.302 -87.035 -56.270
v 11.395 -86.250 -55.501
v 10.724 -85.152 -53.138
v 12.011 -84.500 -52.982
v 10.115 -89.645 -57.786
v 9.532 -89.335 -58.085
v 8.696 -89.215 -55.693
v 10.002 -86.911 -55.187
v 9.532 -86.810 -52.673
v 7.828 -85.771 -50.079
v 8.999 -87.795 -56.924
v 9.562 -86.944 -54.765
v 8.018 -86.391 -50.349
v 8.137 -89.257 -58.022
v 8.602 -90.110 -58.002
v 8.324 -90.290 -57.639
v 9.037 -88.671 -57.870
v 8.292 -89.329 -56.082
v 5.658 -89.464 -52.362
v 7.903 -88.663 -57.269
v 8.745 -88.066 -57.338
v 6.669 -88.096 -55.307
v 5.922 -88.694 -50.135
v 6.197 -87.476 -52.827
v 9.534 -86.869 -55.146
v 7.128 -90.538 -57.755
v 7.823 -89.054 -57.943
v 5.660 -90.156 -57.798
v 7.518 -89.335 -57.755
v 5.749 -88.209 -49.425
v 4.729 -87.923 -47.094
v 3.732 -86.907 -46.723
v 9.164 -84.738 -51.499
v 5.471 -85.926 -48.954
v 6.254 -90.765 -57.274
v 5.158 -90.772 -57.189
v 5.650 -90.423 -56.412
v 5.106 -90.623 -56.595
v 7.033 -90.463 -57.286
v 6.187 -90.313 -55.693
v 5.015 -89.645 -55.307
v 5.591 -89.450 -53.341
v 5.348 -88.406 -54.119
v 5.193 -88.965 -56.237
v 4.264 -86.920 -50.349
v 4.892 -90.394 -57.716
v 4.350 -90.262 -57.850
v 4.638 -90.797 -56.908
v 4.570 -90.419 -56.427
v 4.275 -90.730 -56.391
v 4.464 -90.552 -57.726
v 4.650 -90.430 -56.137
v 4.142 -90.136 -54.966
v 4.110 -89.560 -57.338
v 4.131 -89.300 -52.495
v 3.660 -89.565 -49.791
v 2.930 -89.497 -49.651
v 3.871 -89.253 -47.729
v 3.812 -89.289 -49.180
v 5.193 -88.866 -48.954
v 2.714 -87.825 -54.067
v 4.732 -88.861 -47.408
v 3.851 -88.561 -45.390
v 3.570 -88.251 -44.616
v 3.545 -90.420 -56.857
v 3.808 -90.359 -55.866
v 3.411 -90.232 -57.981
v 3.473 -89.928 -54.801
v 2.738 -90.148 -51.823
v 3.024 -89.782 -50.967
v 3.895 -89.414 -48.707
v 2.404 -89.920 -47.714
v 3.140 -88.871 -45.864
v 2.648 -88.907 -43.643
v 3.024 -87.543 -48.488
v 3.089 -87.183 -45.143
v 3.024 -90.396 -58.095
v 1.784 -90.264 -58.188
v 1.622 -90.264 -52.827
v 2.457 -90.305 -58.771
v 2.496 -89.987 -56.195
v 1.201 -89.748 -59.163
v 2.869 -90.220 -54.687
v 1.726 -89.983 -53.875
v 2.425 -89.842 -52.187
v 2.083 -90.062 -50.480
v 0.749 -90.551 -48.239
v 2.739 -89.645 -45.699
v 2.094 -89.475 -44.305
v 2.063 -88.894 -43.769
v 2.002 -88.694 -50.189
v 1.618 -89.395 -49.441
v 3.178 -88.096 -43.375
v 2.713 -87.934 -43.033
v 2.337 -87.526 -43.264
v 2.714 -86.946 -44.305
v 2.439 -87.146 -43.473
v 0.726 -90.271 -55.365
v 1.242 -90.396 -54.250
v 0.855 -90.351 -52.052
v 1.120 -90.264 -46.785
v 1.784 -90.274 -45.854
v 0.133 -89.651 -56.425
v 1.019 -89.731 -46.798
v 0.596 -89.962 -47.191
v 1.320 -89.989 -45.699
v 0.390 -89.276 -58.560
v 0.111 -89.180 -56.857
v 1.177 -88.973 -45.220
v 1.518 -88.326 -44.332
v 0.368 -90.506 -49.098
v 0.306 -89.645 -58.715
v 0.101 -90.110 -53.602
v 0.101 -90.110 -50.658
v -16.644 -85.448 -57.148
v -14.350 -87.284 -58.419
v -15.644 -86.236 -57.320
v -14.350 -87.474 -58.143
v -16.626 -85.446 -57.609
v -16.225 -85.520 -58.020
v -15.969 -84.585 -56.146
v -15.163 -84.616 -56.641
v -16.103 -84.328 -55.212
v -14.464 -86.620 -58.702
v -12.596 -84.842 -54.531
v -10.977 -86.318 -53.756
v -14.337 -84.628 -54.621
v -15.497 -83.542 -54.539
v -15.990 -83.911 -55.151
v -11.425 -84.833 -52.575
v -13.924 -83.224 -53.880
v -12.522 -88.435 -58.110
v -12.512 -88.404 -56.862
v -13.457 -87.786 -58.437
v -13.269 -87.254 -57.858
v -10.977 -86.425 -55.771
v -11.466 -85.786 -52.734
v -12.217 -84.996 -52.971
v -13.016 -84.973 -53.902
v -9.738 -88.096 -57.600
v -10.198 -87.035 -56.270
v -11.291 -86.250 -55.501
v -10.620 -85.152 -53.138
v -11.907 -84.500 -52.982
v -10.011 -89.645 -57.786
v -9.428 -89.335 -58.085
v -8.592 -89.215 -55.693
v -9.898 -86.911 -55.187
v -9.428 -86.810 -52.673
v -7.724 -85.771 -50.079
v -8.895 -87.795 -56.924
v -9.458 -86.944 -54.765
v -7.914 -86.391 -50.349
v -8.033 -89.257 -58.022
v -8.498 -90.110 -58.002
v -8.220 -90.290 -57.639
v -8.933 -88.671 -57.870
v -8.188 -89.329 -56.082
v -5.554 -89.464 -52.362
v -7.799 -88.663 -57.269
v -8.641 -88.066 -57.338
v -6.565 -88.096 -55.307
v -5.818 -88.694 -50.135
v -6.093 -87.476 -52.827
v -9.430 -86.869 -55.146
v -7.024 -90.538 -57.755
v -7.719 -89.054 -57.943
v -5.556 -90.156 -57.798
v -7.414 -89.335 -57.755
v -5.645 -88.209 -49.425
v -4.625 -87.923 -47.094
v -3.628 -86.907 -46.723
v -9.060 -84.738 -51.499
v -5.367 -85.926 -48.954
v -6.150 -90.765 -57.274
v -5.054 -90.772 -57.189
v -5.546 -90.423 -56.412
v -5.002 -90.623 -56.595
v -6.929 -90.463 -57.286
v -6.083 -90.313 -55.693
v -4.911 -89.645 -55.307
v -5.487 -89.450 -53.341
v -5.244 -88.406 -54.119
v -5.089 -88.965 -56.237
v -4.160 -86.920 -50.349
v -4.788 -90.394 -57.716
v -4.246 -90.262 -57.850
v -4.534 -90.797 -56.908
v -4.466 -90.419 -56.427
v -4.171 -90.730 -56.391
v -4.360 -90.552 -57.726
v -4.546 -90.430 -56.137
v -4.038 -90.136 -54.966
v -4.006 -89.560 -57.338
v -4.027 -89.300 -52.495
v -3.556 -89.565 -49.791
v -2.826 -89.497 -49.651
v -3.767 -89.253 -47.729
v -3.708 -89.289 -49.180
v -5.089 -88.866 -48.954
v -2.610 -87.825 -54.067
v -4.628 -88.861 -47.408
v -3.747 -88.561 -45.390
v -3.466 -88.251 -44.616
v -3.441 -90.420 -56.857
v -3.704 -90.359 -55.866
v -3.307 -90.232 -57.981
v -3.369 -89.928 -54.801
v -2.634 -90.148 -51.823
v -2.920 -89.782 -50.967
v -3.791 -89.414 -48.707
v -2.300 -89.920 -47.714
v -3.036 -88.871 -45.864
v -2.544 -88.907 -43.643
v -2.920 -87.543 -48.488
v -2.985 -87.183 -45.143
v -2.920 -90.396 -58.095
v -1.680 -90.264 -58.188
v -1.518 -90.264 -52.827
v -2.353 -90.305 -58.771
v -2.392 -89.987 -56.195
v -1.097 -89.748 -59.163
v -2.765 -90.220 -54.687
v -1.622 -89.983 -53.875
v -2.321 -89.842 -52.187
v -1.979 -90.062 -50.480
v -0.645 -90.551 -48.239
v -2.635 -89.645 -45.699
v -1.990 -89.475 -44.305
v -1.959 -88.894 -43.769
v -1.898 -88.694 -50.189
v -1.514 -89.395 -49.441
v -3.074 -88.096 -43.375
v -2.609 -87.934 -43.033
v -2.233 -87.526 -43.264
v -2.610 -86.946 -44.305
v -2.335 -87.146 -43.473
v -0.622 -90.271 -55.365
v -1.138 -90.396 -54.250
v -0.751 -90.351 -52.052
v -1.016 -90.264 -46.785
v -1.680 -90.274 -45.854
v -0.029 -89.651 -56.425
v -0.915 -89.731 -46.798
v -0.492 -89.962 -47.191
v -1.216 -89.989 -45.699
v -0.286 -89.276 -58.560
v -0.007 -89.180 -56.857
v -1.073 -88.973 -45.220
v -1.414 -88.326 -44.332
v -0.264 -90.506 -49.098
v -0.202 -89.645 -58.715
v 0.003 -90.110 -53.602
v 0.003 -90.110 -50.658
v 28.457 -69.793 -58.056
v 28.768 -70.388 -58.429
v 28.457 -69.411 -53.872
v 28.785 -69.904 -52.014
v 29.107 -70.215 -55.887
v 27.626 -72.686 -57.227
v 27.361 -72.229 -57.591
v 28.405 -71.144 -51.083
v 26.753 -72.314 -46.744
v 27.405 -71.764 -43.955
v 23.344 -74.552 -41.105
v 28.032 -69.802 -58.182
v 27.218 -70.650 -44.575
v 27.153 -71.031 -43.455
v 26.463 -74.398 -56.661
v 26.290 -74.213 -56.941
v 26.257 -75.118 -56.631
v 26.008 -73.004 -46.589
v 26.381 -73.623 -56.972
v 27.063 -72.069 -42.406
v 26.170 -72.147 -40.710
v 24.363 -77.926 -55.221
v 20.710 -78.271 -49.855
v 25.114 -73.045 -38.605
v 23.672 -78.385 -55.087
v 24.174 -78.271 -55.266
v 24.093 -77.957 -55.359
v 23.921 -78.207 -55.405
v 23.189 -77.807 -54.989
v 23.865 -78.427 -54.803
v 23.311 -78.736 -52.943
v 24.584 -76.412 -56.010
v 22.424 -75.970 -44.268
v 23.952 -74.227 -40.393
v 23.963 -74.187 -39.951
v 23.896 -74.061 -39.915
v 23.857 -74.087 -40.383
v 17.372 -79.879 -44.363
v 24.119 -74.015 -38.532
v 24.648 -73.516 -38.450
v 24.431 -73.548 -38.378
v 24.587 -73.779 -38.998
v 24.769 -73.245 -38.679
v 24.756 -73.320 -38.458
v 24.584 -73.396 -38.687
v 22.273 -80.306 -53.846
v 22.413 -80.218 -53.478
v 23.698 -79.032 -54.469
v 23.090 -79.099 -54.636
v 23.034 -79.341 -54.338
v 22.790 -79.834 -54.139
v 21.639 -76.097 -44.111
v 20.774 -81.829 -53.077
v 20.856 -81.886 -52.909
v 22.090 -80.780 -53.759
v 22.104 -80.595 -53.965
v 21.872 -80.206 -54.006
v 21.419 -80.571 -53.962
v 21.601 -79.999 -53.849
v 21.058 -80.653 -53.607
v 21.860 -79.977 -51.239
v 21.788 -80.922 -53.548
v 20.555 -81.215 -53.448
v 21.955 -79.562 -54.080
v 20.303 -77.528 -40.297
v 22.282 -75.694 -42.150
v 23.045 -75.131 -41.299
v 20.166 -82.146 -52.943
v 19.925 -82.778 -52.318
v 20.939 -80.595 -50.619
v 20.609 -82.395 -52.922
v 20.637 -82.176 -53.190
v 20.542 -81.766 -53.170
v 20.245 -81.371 -53.077
v 21.485 -81.180 -53.563
v 18.695 -79.374 -44.266
v 19.839 -77.962 -40.082
v 20.320 -77.370 -40.301
v 19.240 -82.599 -51.543
v 18.850 -80.660 -47.984
v 19.031 -83.127 -51.919
v 19.128 -82.935 -52.289
v 19.999 -81.676 -53.049
v 18.850 -82.611 -52.436
v 17.301 -80.733 -47.984
v 19.335 -78.449 -40.383
v 19.656 -77.924 -40.702
v 19.792 -77.850 -39.776
v 19.233 -78.242 -40.164
v 18.448 -79.173 -39.997
v 17.921 -79.260 -41.322
v 18.794 -78.608 -39.937
v 18.076 -79.257 -40.082
v 19.470 -78.117 -39.680
v 17.673 -83.729 -51.654
v 17.325 -83.842 -51.286
v 18.293 -83.361 -51.590
v 18.540 -83.484 -52.014
v 18.113 -83.354 -51.850
v 17.768 -82.763 -52.294
v 17.146 -82.712 -51.703
v 17.934 -79.447 -40.357
v 17.983 -79.521 -41.541
v 17.438 -80.062 -40.612
v 17.460 -79.790 -40.406
v 17.493 -79.837 -39.919
v 17.268 -83.701 -51.592
v 16.836 -84.225 -51.473
v 16.286 -83.765 -51.417
v 16.543 -83.295 -51.700
v 16.374 -83.579 -50.233
v 17.077 -83.240 -52.016
v 16.991 -82.215 -50.774
v 16.824 -83.145 -52.045
v 16.526 -81.920 -48.139
v 16.216 -82.100 -50.463
v 17.301 -80.176 -39.618
v 17.146 -80.252 -40.547
v 16.752 -80.297 -40.643
v 16.875 -80.434 -40.691
v 16.681 -80.498 -40.856
v 16.836 -80.440 -40.733
v 16.644 -80.632 -41.283
v 16.837 -80.428 -40.969
v 16.679 -80.289 -40.982
v 16.216 -81.031 -40.702
v 16.461 -80.682 -40.408
v 16.620 -80.405 -40.746
v 15.623 -81.202 -40.606
v 15.331 -83.586 -51.442
v 16.248 -83.850 -51.083
v 15.402 -83.259 -51.376
v 14.736 -83.534 -51.185
v 15.397 -82.611 -48.759
v 15.441 -82.146 -49.948
v 14.806 -81.574 -41.600
v 15.132 -81.731 -46.280
v 14.322 -81.526 -44.628
v 15.883 -81.174 -41.435
v 15.476 -81.285 -41.142
v 15.595 -81.047 -41.196
v 14.983 -84.300 -50.769
v 13.892 -84.634 -50.308
v 13.927 -83.683 -51.002
v 13.520 -84.590 -50.483
v 13.217 -84.015 -50.889
v 13.525 -84.615 -50.267
v 14.047 -83.526 -49.070
v 14.347 -83.618 -51.262
v 13.120 -83.239 -50.531
v 14.357 -82.643 -48.139
v 12.784 -84.991 -50.105
v 14.202 -81.769 -45.815
v 13.892 -81.403 -47.364
v 14.132 -81.371 -44.731
v 13.540 -82.146 -48.139
v 13.079 -83.727 -50.833
v 12.962 -84.935 -50.473
v 12.495 -84.720 -50.532
v 12.077 -84.326 -50.202
v 12.061 -84.146 -50.413
v 13.582 -82.077 -48.915
v 12.719 -83.384 -49.379
v 13.314 -83.076 -48.915
v 25.103 -73.035 -40.910
v -28.353 -69.793 -58.056
v -28.664 -70.388 -58.429
v -28.353 -69.411 -53.872
v -28.681 -69.904 -52.014
v -29.003 -70.215 -55.887
v -27.522 -72.686 -57.227
v -27.257 -72.229 -57.591
v -28.301 -71.144 -51.083
v -26.649 -72.314 -46.744
v -27.301 -71.764 -43.955
v -23.240 -74.552 -41.105
v -27.928 -69.802 -58.182
v -27.114 -70.650 -44.575
v -27.049 -71.031 -43.455
v -26.359 -74.398 -56.661
v -26.186 -74.213 -56.941
v -26.153 -75.118 -56.631
v -25.904 -73.004 -46.589
v -26.277 -73.623 -56.972
v -26.959 -72.069 -42.406
v -26.066 -72.147 -40.710
v -24.259 -77.926 -55.221
v -20.606 -78.271 -49.855
v -25.010 -73.045 -38.605
v -23.568 -78.385 -55.087
v -24.070 -78.271 -55.266
v -23.989 -77.957 -55.359
v -23.817 -78.207 -55.405
v -23.085 -77.807 -54.989
v -23.761 -78.427 -54.803
v -23.207 -78.736 -52.943
v -24.480 -76.412 -56.010
v -22.320 -75.970 -44.268
v -23.848 -74.227 -40.393
v -23.859 -74.187 -39.951
v -23.792 -74.061 -39.915
v -23.753 -74.087 -40.383
v -17.268 -79.879 -44.363
v -24.015 -74.015 -38.532
v -24.544 -73.516 -38.450
v -24.327 -73.548 -38.378
v -24.483 -73.779 -38.998
v -24.665 -73.245 -38.679
v -24.652 -73.320 -38.458
v -24.480 -73.396 -38.687
v -22.169 -80.306 -53.846
v -22.309 -80.218 -53.478
v -23.594 -79.032 -54.469
v -22.986 -79.099 -54.636
v -22.930 -79.341 -54.338
v -22.686 -79.834 -54.139
v -21.535 -76.097 -44.111
v -20.670 -81.829 -53.077
v -20.752 -81.886 -52.909
v -21.986 -80.780 -53.759
v -22.000 -80.595 -53.965
v -21.768 -80.206 -54.006
v -21.315 -80.571 -53.962
v -21.497 -79.999 -53.849
v -20.954 -80.653 -53.607
v -21.756 -79.977 -51.239
v -21.684 -80.922 -53.548
v -20.451 -81.215 -53.448
v -21.851 -79.562 -54.080
v -20.199 -77.528 -40.297
v -22.178 -75.694 -42.150
v -22.941 -75.131 -41.299
v -20.062 -82.146 -52.943
v -19.821 -82.778 -52.318
v -20.835 -80.595 -50.619
v -20.505 -82.395 -52.922
v -20.533 -82.176 -53.190
v -20.438 -81.766 -53.170
v -20.141 -81.371 -53.077
v -21.381 -81.180 -53.563
v -18.591 -79.374 -44.266
v -19.735 -77.962 -40.082
v -20.216 -77.370 -40.301
v -19.136 -82.599 -51.543
v -18.746 -80.660 -47.984
v -18.927 -83.127 -51.919
v -19.024 -82.935 -52.289
v -19.895 -81.676 -53.049
v -18.746 -82.611 -52.436
v -17.197 -80.733 -47.984
v -19.231 -78.449 -40.383
v -19.552 -77.924 -40.702
v -19.688 -77.850 -39.776
v -19.129 -78.242 -40.164
v -18.344 -79.173 -39.997
v -17.817 -79.260 -41.322
v -18.690 -78.608 -39.937
v -17.972 -79.257 -40.082
v -19.366 -78.117 -39.680
v -17.569 -83.729 -51.654
v -17.221 -83.842 -51.286
v -18.189 -83.361 -51.590
v -18.436 -83.484 -52.014
v -18.009 -83.354 -51.850
v -17.664 -82.763 -52.294
v -17.042 -82.712 -51.703
v -17.830 -79.447 -40.357
v -17.879 -79.521 -41.541
v -17.334 -80.062 -40.612
v -17.356 -79.790 -40.406
v -17.389 -79.837 -39.919
v -17.164 -83.701 -51.592
v -16.732 -84.225 -51.473
v -16.182 -83.765 -51.417
v -16.439 -83.295 -51.700
v -16.270 -83.579 -50.233
v -16.973 -83.240 -52.016
v -16.887 -82.215 -50.774
v -16.720 -83.145 -52.045
v -16.422 -81.920 -48.139
v -16.112 -82.100 -50.463
v -17.197 -80.176 -39.618
v -17.042 -80.252 -40.547
v -16.648 -80.297 -40.643
v -16.772 -80.434 -40.691
v -16.577 -80.498 -40.856
v -16.732 -80.440 -40.733
v -16.540 -80.632 -41.283
v -16.733 -80.428 -40.969
v -16.575 -80.289 -40.982
v -16.112 -81.031 -40.702
v -16.357 -80.682 -40.408
v -16.516 -80.405 -40.746
v -15.519 -81.202 -40.606
v -15.227 -83.586 -51.442
v -16.144 -83.850 -51.083
v -15.298 -83.259 -51.376
v -14.632 -83.534 -51.185
v -15.293 -82.611 -48.759
v -15.337 -82.146 -49.948
v -14.702 -81.574 -41.600
v -15.028 -81.731 -46.280
v -14.218 -81.526 -44.628
v -15.779 -81.174 -41.435
v -15.372 -81.285 -41.142
v -15.491 -81.047 -41.196
v -14.879 -84.300 -50.769
v -13.788 -84.634 -50.308
v -13.823 -83.683 -51.002
v -13.416 -84.590 -50.483
v -13.113 -84.015 -50.889
v -13.421 -84.615 -50.267
v -13.943 -83.526 -49.070
v -14.243 -83.618 -51.262
v -13.016 -83.239 -50.531
v -14.253 -82.643 -48.139
v -12.680 -84.991 -50.105
v -14.098 -81.769 -45.815
v -13.788 -81.403 -47.364
v -14.028 -81.371 -44.731
v -13.436 -82.146 -48.139
v -12.975 -83.727 -50.833
v -12.858 -84.935 -50.473
v -12.391 -84.720 -50.532
v -11.973 -84.326 -50.202
v -11.957 -84.146 -50.413
v -13.478 -82.077 -48.915
v -12.615 -83.384 -49.379
v -13.210 -83.076 -48.915
v -24.999 -73.035 -40.910
v 38.615 -70.946 -29.951
v 38.880 -70.587 -29.623
v 38.466 -71.158 -29.335
v 38.156 -70.558 -29.335
v 36.197 -72.692 -30.164
v 36.435 -72.283 -30.854
v 36.761 -71.263 -29.552
v 36.916 -71.107 -29.986
v 36.296 -71.728 -29.418
v 35.246 -72.689 -31.466
v 35.032 -72.756 -31.193
v 33.817 -73.547 -31.350
v 34.592 -72.626 -29.644
v 33.043 -73.742 -29.976
v 35.832 -71.728 -30.182
v 34.583 -72.919 -31.721
v 31.257 -74.265 -33.154
v 34.430 -73.113 -31.857
v 33.744 -73.177 -32.359
v 34.229 -72.976 -31.585
v 34.141 -73.073 -31.634
v 30.815 -74.563 -32.253
v 33.197 -73.889 -30.574
v 35.047 -72.658 -31.206
v 34.437 -72.511 -30.574
v 35.002 -72.862 -31.503
v 35.000 -72.729 -31.391
v 34.590 -72.966 -31.350
v 34.785 -72.830 -31.574
v 33.507 -72.931 -31.194
v 33.273 -71.771 -29.991
v 35.259 -71.548 -29.891
v 30.668 -74.160 -34.474
v 32.790 -72.871 -32.925
v 32.024 -72.448 -31.235
v 31.814 -74.237 -32.266
v 33.134 -72.367 -30.278
v 33.802 -72.334 -29.667
v 31.648 -73.587 -29.716
v 32.692 -72.299 -29.901
v 32.187 -71.780 -30.314
v 30.931 -74.810 -30.753
v 29.752 -73.486 -34.191
v 30.833 -74.368 -29.688
v 31.521 -72.155 -29.817
v 30.298 -72.100 -29.945
v 29.929 -75.243 -32.423
v 30.563 -74.773 -31.505
v 28.704 -75.866 -32.125
v 29.453 -75.363 -30.396
v 30.718 -73.587 -29.408
v 30.472 -73.884 -34.626
v 26.218 -75.108 -37.547
v 30.563 -72.876 -31.039
v 29.770 -72.660 -29.384
v 29.107 -74.822 -29.305
v 29.880 -73.382 -30.787
v 28.582 -75.828 -33.443
v 30.123 -74.969 -33.520
v 29.634 -75.090 -33.363
v 28.513 -75.668 -32.686
v 24.410 -75.601 -36.190
v 31.958 -72.650 -31.970
v 27.307 -74.997 -32.799
v 28.859 -73.842 -30.885
v 28.551 -73.825 -28.826
v 28.704 -72.704 -29.644
v 28.859 -72.812 -29.253
v 26.281 -76.416 -35.316
v 24.816 -77.046 -36.299
v 27.229 -76.734 -32.565
v 27.993 -76.155 -30.928
v 27.464 -74.982 -28.890
v 28.041 -75.633 -29.498
v 25.186 -76.141 -37.781
v 28.334 -73.903 -28.662
v 24.092 -75.198 -37.505
v 27.639 -74.678 -31.402
v 27.987 -73.770 -28.720
v 27.908 -73.339 -28.811
v 26.999 -76.618 -30.574
v 25.295 -76.531 -28.456
v 27.147 -73.752 -28.288
v 25.334 -75.757 -38.167
v 26.122 -75.471 -33.623
v 24.911 -73.859 -28.599
v 26.535 -73.205 -28.715
v 24.760 -74.101 -27.715
v 25.265 -77.654 -34.297
v 23.937 -77.926 -35.532
v 24.210 -77.995 -34.603
v 23.900 -76.713 -38.015
v 24.963 -76.724 -37.063
v 24.066 -76.972 -37.220
v 24.047 -76.345 -35.391
v 23.126 -77.448 -34.294
v 25.295 -76.305 -31.814
v 25.783 -76.995 -29.955
v 24.699 -75.679 -34.971
v 22.870 -75.310 -26.929
v 25.295 -74.722 -29.490
v 23.916 -78.546 -33.363
v 21.886 -80.130 -33.983
v 22.803 -79.257 -32.086
v 23.579 -77.151 -38.013
v 22.661 -78.754 -28.870
v 22.506 -76.351 -40.182
v 22.971 -77.090 -39.096
v 25.486 -76.327 -36.821
v 22.586 -76.841 -37.083
v 23.972 -76.759 -30.630
v 24.520 -74.982 -28.890
v 23.701 -75.305 -28.908
v 23.977 -74.083 -27.751
v 21.886 -74.982 -27.372
v 18.639 -80.250 -42.195
v 22.722 -79.478 -31.911
v 22.737 -76.841 -40.027
v 23.591 -77.562 -37.238
v 20.378 -78.413 -39.119
v 20.492 -80.021 -33.828
v 23.382 -76.503 -29.726
v 22.506 -77.616 -27.599
v 23.049 -76.120 -37.367
v 21.849 -76.591 -38.659
v 23.281 -75.963 -29.335
v 22.077 -77.575 -29.845
v 22.661 -76.272 -28.715
v 21.731 -76.282 -40.027
v 19.252 -82.167 -34.914
v 20.281 -81.114 -31.435
v 22.089 -78.619 -28.325
v 21.421 -78.638 -27.321
v 22.196 -76.221 -26.597
v 21.098 -77.461 -41.885
v 20.419 -78.050 -39.881
v 21.788 -77.933 -29.765
v 19.352 -78.081 -41.731
v 21.421 -76.856 -28.095
v 20.912 -76.356 -27.570
v 22.478 -75.154 -26.672
v 22.526 -74.882 -27.032
v 22.077 -74.899 -26.816
v 21.843 -75.202 -26.726
v 20.353 -80.715 -29.799
v 19.252 -79.010 -45.108
v 21.459 -77.782 -41.137
v 17.754 -80.715 -40.336
v 20.646 -79.333 -31.350
v 21.461 -77.864 -29.659
v 20.539 -78.701 -29.490
v 20.492 -77.771 -28.425
v 19.407 -80.575 -28.406
v 19.464 -78.855 -26.546
v 19.252 -79.189 -43.746
v 20.182 -77.343 -42.195
v 20.492 -76.246 -27.475
v 19.717 -76.159 -27.010
v 18.620 -76.800 -26.001
v 19.250 -82.249 -33.080
v 15.153 -85.010 -39.472
v 17.857 -82.828 -37.083
v 19.097 -79.540 -44.829
v 18.787 -81.024 -34.902
v 18.761 -80.870 -31.350
v 19.485 -79.292 -29.446
v 18.632 -80.165 -29.490
v 16.964 -80.125 -45.792
v 19.872 -77.306 -27.724
v 19.683 -78.235 -27.941
v 18.137 -77.544 -26.799
v 19.234 -77.564 -25.967
v 18.477 -76.695 -26.235
v 17.033 -83.759 -35.648
v 17.884 -83.141 -31.989
v 17.907 -82.244 -29.323
v 17.703 -80.419 -26.639
v 18.282 -80.211 -47.524
v 18.477 -81.207 -36.618
v 17.449 -82.139 -36.181
v 19.521 -80.396 -32.482
v 18.649 -81.275 -34.459
v 18.009 -81.337 -48.599
v 18.900 -79.709 -45.846
v 16.308 -81.490 -48.280
v 18.298 -79.340 -46.304
v 16.928 -81.490 -46.399
v 17.857 -80.913 -30.110
v 18.632 -79.319 -28.394
v 17.908 -79.824 -28.272
v 18.477 -79.010 -25.761
v 18.632 -77.616 -25.648
v 17.871 -78.849 -25.638
v 17.634 -77.938 -25.373
v 17.805 -77.761 -26.803
v 17.679 -76.995 -25.617
v 17.076 -84.908 -52.356
v 17.202 -84.990 -53.229
v 17.566 -83.908 -51.566
v 16.496 -85.078 -53.115
v 16.774 -85.024 -52.567
v 17.088 -84.864 -53.565
v 17.489 -83.504 -50.408
v 17.633 -82.740 -50.035
v 16.773 -84.182 -35.687
v 16.463 -84.411 -32.279
v 17.250 -83.130 -30.234
v 16.413 -83.788 -30.478
v 17.238 -82.676 -48.859
v 16.928 -81.954 -47.619
v 16.830 -82.263 -37.411
v 17.350 -82.077 -35.462
v 14.755 -84.434 -36.618
v 15.533 -83.038 -40.740
v 16.921 -81.643 -29.809
v 17.083 -81.788 -27.475
v 16.541 -82.400 -28.432
v 15.843 -80.250 -25.555
v 12.822 -85.288 -50.349
v 17.083 -80.870 -29.335
v 16.766 -81.110 -29.065
v 17.188 -78.701 -27.010
v 17.401 -79.396 -25.440
v 17.209 -79.345 -25.028
v 16.985 -79.650 -25.326
v 16.927 -79.035 -25.089
v 17.838 -78.351 -27.032
v 15.059 -79.079 -24.974
v 17.247 -77.469 -25.463
v 16.090 -78.414 -24.698
v 17.119 -77.461 -25.617
v 16.417 -85.254 -52.335
v 16.459 -84.870 -53.090
v 15.364 -85.237 -52.873
v 15.802 -85.007 -53.079
v 13.736 -85.433 -51.648
v 15.533 -85.042 -35.998
v 15.423 -84.971 -34.076
v 15.818 -83.504 -33.363
v 15.319 -84.279 -34.138
v 15.697 -82.984 -29.937
v 15.482 -84.123 -32.403
v 16.096 -82.369 -30.720
v 16.153 -81.478 -29.335
v 16.414 -82.404 -28.347
v 15.614 -81.104 -26.912
v 15.498 -80.405 -26.391
v 16.773 -80.341 -28.250
v 15.678 -78.482 -25.120
v 16.928 -77.391 -25.306
v 15.479 -79.253 -24.627
v 13.928 -85.166 -52.017
v 12.459 -83.724 -48.386
v 14.773 -84.898 -52.577
v 13.674 -84.589 -51.234
v 13.674 -85.200 -42.040
v 14.312 -85.139 -38.883
v 14.732 -84.815 -36.286
v 15.469 -84.565 -33.126
v 14.604 -82.263 -44.891
v 15.201 -78.822 -24.716
v 12.875 -85.316 -50.975
v 12.434 -84.839 -50.501
v 13.364 -84.528 -45.295
v 12.474 -83.575 -46.502
v 12.609 -84.917 -44.304
v 13.604 -84.809 -40.751
v 11.999 -84.758 -49.443
v 11.891 -84.279 -47.310
v 12.434 -84.779 -47.155
v 11.969 -84.754 -47.773
v 12.007 -84.389 -45.894
v -38.511 -70.946 -29.951
v -38.776 -70.587 -29.623
v -38.362 -71.158 -29.335
v -38.052 -70.558 -29.335
v -36.093 -72.692 -30.164
v -36.331 -72.283 -30.854
v -36.657 -71.263 -29.552
v -36.812 -71.107 -29.986
v -36.192 -71.728 -29.418
v -35.142 -72.689 -31.466
v -34.928 -72.756 -31.193
v -33.713 -73.547 -31.350
v -34.488 -72.626 -29.644
v -32.939 -73.742 -29.976
v -35.728 -71.728 -30.182
v -34.479 -72.919 -31.721
v -31.153 -74.265 -33.154
v -34.326 -73.113 -31.857
v -33.640 -73.177 -32.359
v -34.125 -72.976 -31.585
v -34.037 -73.073 -31.634
v -30.711 -74.563 -32.253
v -33.093 -73.889 -30.574
v -34.943 -72.658 -31.206
v -34.333 -72.511 -30.574
v -34.898 -72.862 -31.503
v -34.896 -72.729 -31.391
v -34.486 -72.966 -31.350
v -34.681 -72.830 -31.574
v -33.403 -72.931 -31.194
v -33.169 -71.771 -29.991
v -35.155 -71.548 -29.891
v -30.564 -74.160 -34.474
v -32.686 -72.871 -32.925
v -31.920 -72.448 -31.235
v -31.710 -74.237 -32.266
v -33.030 -72.367 -30.278
v -33.698 -72.334 -29.667
v -31.544 -73.587 -29.716
v -32.588 -72.299 -29.901
v -32.083 -71.780 -30.314
v -30.827 -74.810 -30.753
v -29.648 -73.486 -34.191
v -30.729 -74.368 -29.688
v -31.417 -72.155 -29.817
v -30.194 -72.100 -29.945
v -29.825 -75.243 -32.423
v -30.459 -74.773 -31.505
v -28.600 -75.866 -32.125
v -29.349 -75.363 -30.396
v -30.614 -73.587 -29.408
v -30.368 -73.884 -34.626
v -26.114 -75.108 -37.547
v -30.459 -72.876 -31.039
v -29.666 -72.660 -29.384
v -29.003 -74.822 -29.305
v -29.776 -73.382 -30.787
v -28.478 -75.828 -33.443
v -30.019 -74.969 -33.520
v -29.530 -75.090 -33.363
v -28.409 -75.668 -32.686
v -24.306 -75.601 -36.190
v -31.854 -72.650 -31.970
v -27.203 -74.997 -32.799
v -28.755 -73.842 -30.885
v -28.447 -73.825 -28.826
v -28.600 -72.704 -29.644
v -28.755 -72.812 -29.253
v -26.177 -76.416 -35.316
v -24.712 -77.046 -36.299
v -27.125 -76.734 -32.565
v -27.889 -76.155 -30.928
v -27.360 -74.982 -28.890
v -27.937 -75.633 -29.498
v -25.082 -76.141 -37.781
v -28.230 -73.903 -28.662
v -23.988 -75.198 -37.505
v -27.535 -74.678 -31.402
v -27.883 -73.770 -28.720
v -27.804 -73.339 -28.811
v -26.895 -76.618 -30.574
v -25.191 -76.531 -28.456
v -27.043 -73.752 -28.288
v -25.230 -75.757 -38.167
v -26.018 -75.471 -33.623
v -24.807 -73.859 -28.599
v -26.431 -73.205 -28.715
v -24.656 -74.101 -27.715
v -25.161 -77.654 -34.297
v -23.833 -77.926 -35.532
v -24.106 -77.995 -34.603
v -23.796 -76.713 -38.015
v -24.859 -76.724 -37.063
v -23.962 -76.972 -37.220
v -23.943 -76.345 -35.391
v -23.022 -77.448 -34.294
v -25.191 -76.305 -31.814
v -25.679 -76.995 -29.955
v -24.595 -75.679 -34.971
v -22.766 -75.310 -26.929
v -25.191 -74.722 -29.490
v -23.812 -78.546 -33.363
v -21.782 -80.130 -33.983
v -22.699 -79.257 -32.086
v -23.475 -77.151 -38.013
v -22.557 -78.754 -28.870
v -22.402 -76.351 -40.182
v -22.867 -77.090 -39.096
v -25.383 -76.327 -36.821
v -22.482 -76.841 -37.083
v -23.868 -76.759 -30.630
v -24.416 -74.982 -28.890
v -23.597 -75.305 -28.908
v -23.873 -74.083 -27.751
v -21.782 -74.982 -27.372
v -18.535 -80.250 -42.195
v -22.618 -79.478 -31.911
v -22.633 -76.841 -40.027
v -23.487 -77.562 -37.238
v -20.274 -78.413 -39.119
v -20.388 -80.021 -33.828
v -23.278 -76.503 -29.726
v -22.402 -77.616 -27.599
v -22.945 -76.120 -37.367
v -21.745 -76.591 -38.659
v -23.177 -75.963 -29.335
v -21.973 -77.575 -29.845
v -22.557 -76.272 -28.715
v -21.627 -76.282 -40.027
v -19.148 -82.167 -34.914
v -20.178 -81.114 -31.435
v -21.985 -78.619 -28.325
v -21.317 -78.638 -27.321
v -22.092 -76.221 -26.597
v -20.994 -77.461 -41.885
v -20.315 -78.050 -39.881
v -21.684 -77.933 -29.765
v -19.248 -78.081 -41.731
v -21.317 -76.856 -28.095
v -20.808 -76.356 -27.570
v -22.374 -75.154 -26.672
v -22.422 -74.882 -27.032
v -21.973 -74.899 -26.816
v -21.739 -75.202 -26.726
v -20.249 -80.715 -29.799
v -19.148 -79.010 -45.108
v -21.355 -77.782 -41.137
v -17.650 -80.715 -40.336
v -20.542 -79.333 -31.350
v -21.358 -77.864 -29.659
v -20.435 -78.701 -29.490
v -20.388 -77.771 -28.425
v -19.303 -80.575 -28.406
v -19.360 -78.855 -26.546
v -19.148 -79.189 -43.746
v -20.078 -77.343 -42.195
v -20.388 -76.246 -27.475
v -19.613 -76.159 -27.010
v -18.516 -76.800 -26.001
v -19.146 -82.249 -33.080
v -15.049 -85.010 -39.472
v -17.753 -82.828 -37.083
v -18.993 -79.540 -44.829
v -18.683 -81.024 -34.902
v -18.657 -80.870 -31.350
v -19.381 -79.292 -29.446
v -18.528 -80.165 -29.490
v -16.860 -80.125 -45.792
v -19.768 -77.306 -27.724
v -19.579 -78.235 -27.941
v -18.033 -77.544 -26.799
v -19.130 -77.564 -25.967
v -18.373 -76.695 -26.235
v -16.929 -83.759 -35.648
v -17.780 -83.141 -31.989
v -17.804 -82.244 -29.323
v -17.599 -80.419 -26.639
v -18.178 -80.211 -47.524
v -18.373 -81.207 -36.618
v -17.345 -82.139 -36.181
v -19.417 -80.396 -32.482
v -18.545 -81.275 -34.459
v -17.905 -81.337 -48.599
v -18.796 -79.709 -45.846
v -16.204 -81.490 -48.280
v -18.194 -79.340 -46.304
v -16.824 -81.490 -46.399
v -17.753 -80.913 -30.110
v -18.528 -79.319 -28.394
v -17.804 -79.824 -28.272
v -18.373 -79.010 -25.761
v -18.528 -77.616 -25.648
v -17.767 -78.849 -25.638
v -17.530 -77.938 -25.373
v -17.701 -77.761 -26.803
v -17.575 -76.995 -25.617
v -16.972 -84.908 -52.356
v -17.098 -84.990 -53.229
v -17.462 -83.908 -51.566
v -16.392 -85.078 -53.115
v -16.670 -85.024 -52.567
v -16.984 -84.864 -53.565
v -17.385 -83.504 -50.408
v -17.530 -82.740 -50.035
v -16.669 -84.182 -35.687
v -16.359 -84.411 -32.279
v -17.146 -83.130 -30.234
v -16.309 -83.788 -30.478
v -17.134 -82.676 -48.859
v -16.824 -81.954 -47.619
v -16.726 -82.263 -37.411
v -17.246 -82.077 -35.462
v -14.651 -84.434 -36.618
v -15.429 -83.038 -40.740
v -16.817 -81.643 -29.809
v -16.979 -81.788 -27.475
v -16.437 -82.400 -28.432
v -15.739 -80.250 -25.555
v -12.718 -85.288 -50.349
v -16.979 -80.870 -29.335
v -16.662 -81.110 -29.065
v -17.084 -78.701 -27.010
v -17.297 -79.396 -25.440
v -17.105 -79.345 -25.028
v -16.881 -79.650 -25.326
v -16.823 -79.035 -25.089
v -17.734 -78.351 -27.032
v -14.955 -79.079 -24.974
v -17.143 -77.469 -25.463
v -15.986 -78.414 -24.698
v -17.015 -77.461 -25.617
v -16.313 -85.254 -52.335
v -16.355 -84.870 -53.090
v -15.260 -85.237 -52.873
v -15.698 -85.007 -53.079
v -13.632 -85.433 -51.648
v -15.429 -85.042 -35.998
v -15.319 -84.971 -34.076
v -15.714 -83.504 -33.363
v -15.215 -84.279 -34.138
v -15.593 -82.984 -29.937
v -15.378 -84.123 -32.403
v -15.992 -82.369 -30.720
v -16.049 -81.478 -29.335
v -16.310 -82.404 -28.347
v -15.510 -81.104 -26.912
v -15.394 -80.405 -26.391
v -16.669 -80.341 -28.250
v -15.574 -78.482 -25.120
v -16.824 -77.391 -25.306
v -15.375 -79.253 -24.627
v -13.824 -85.166 -52.017
v -12.355 -83.724 -48.386
v -14.669 -84.898 -52.577
v -13.570 -84.589 -51.234
v -13.570 -85.200 -42.040
v -14.208 -85.139 -38.883
v -14.628 -84.815 -36.286
v -15.365 -84.565 -33.126
v -14.500 -82.263 -44.891
v -15.097 -78.822 -24.716
v -12.771 -85.316 -50.975
v -12.330 -84.839 -50.501
v -13.260 -84.528 -45.295
v -12.370 -83.575 -46.502
v -12.505 -84.917 -44.304
v -13.500 -84.809 -40.751
v -11.895 -84.758 -49.443
v -11.787 -84.279 -47.310
v -12.330 -84.779 -47.155
v -11.865 -84.754 -47.773
v -11.903 -84.389 -45.894
v 14.624 -85.606 -34.670
v 16.039 -82.833 -30.795
v 15.589 -83.299 -33.895
v 15.692 -83.436 -27.019
v 16.141 -81.620 -28.640
v 15.603 -80.594 -26.837
v 15.929 -80.119 -25.076
v 15.441 -79.452 -22.452
v 15.211 -85.062 -30.434
v 14.314 -85.929 -31.260
v 15.105 -84.383 -26.922
v 13.849 -84.925 -26.611
v 14.469 -84.026 -43.036
v 14.993 -83.608 -36.994
v 14.659 -83.299 -41.796
v 14.965 -83.095 -35.846
v 14.993 -84.074 -31.415
v 15.244 -83.164 -34.050
v 15.199 -83.453 -29.866
v 14.084 -84.649 -33.185
v 13.792 -85.312 -30.951
v 13.670 -84.971 -27.452
v 15.312 -84.228 -28.767
v 15.261 -83.355 -26.217
v 15.005 -82.679 -24.598
v 14.662 -84.223 -25.471
v 13.731 -83.608 -23.203
v 14.515 -82.702 -38.563
v 14.711 -83.090 -36.963
v 15.775 -82.479 -30.800
v 14.314 -81.595 -25.620
v 15.178 -79.243 -25.267
v 14.464 -80.561 -25.269
v 14.580 -79.284 -21.016
v 14.887 -78.763 -22.843
v 14.598 -78.869 -24.045
v 14.492 -78.989 -23.764
v 14.509 -78.744 -22.804
v 14.779 -78.701 -22.118
v 13.849 -85.854 -34.515
v 13.694 -85.215 -42.261
v 14.209 -85.159 -38.852
v 13.539 -85.312 -39.297
v 12.989 -83.919 -41.641
v 13.475 -85.582 -35.115
v 13.632 -84.445 -35.509
v 14.207 -84.535 -35.144
v 13.849 -85.817 -30.795
v 13.045 -83.908 -42.784
v 13.388 -83.453 -40.866
v 13.879 -83.628 -38.262
v 13.585 -83.292 -38.442
v 13.888 -83.246 -38.424
v 13.694 -83.930 -37.459
v 13.384 -84.248 -23.978
v 13.759 -83.003 -43.314
v 13.794 -82.567 -41.355
v 14.033 -82.468 -40.333
v 13.694 -82.705 -21.654
v 14.000 -79.698 -23.062
v 13.335 -79.790 -22.483
v 12.192 -79.424 -18.865
v 13.185 -80.045 -18.710
v 13.992 -79.072 -20.880
v 12.709 -78.826 -18.809
v 13.799 -78.883 -19.866
v 13.768 -79.280 -19.421
v 13.520 -78.960 -19.385
v 13.151 -78.759 -18.090
v 12.926 -84.383 -42.261
v 11.417 -82.489 -20.445
v 12.145 -82.214 -18.803
v 12.035 -81.964 -21.202
v 13.271 -83.608 -24.752
v 12.281 -80.622 -17.058
v 12.316 -81.439 -20.723
v 11.089 -80.507 -14.209
v 12.887 -79.889 -17.779
v 11.682 -81.563 -20.504
v 11.600 -81.735 -20.062
v 11.293 -81.165 -19.331
v 11.060 -81.278 -18.554
v 10.689 -80.820 -15.455
v 12.300 -78.961 -17.583
v 11.330 -79.894 -14.550
v 10.784 -80.604 -14.228
v 11.308 -79.607 -14.977
v 11.480 -79.580 -16.384
v -14.520 -85.606 -34.670
v -15.935 -82.833 -30.795
v -15.485 -83.299 -33.895
v -15.588 -83.436 -27.019
v -16.037 -81.620 -28.640
v -15.499 -80.594 -26.837
v -15.825 -80.119 -25.076
v -15.337 -79.452 -22.452
v -15.107 -85.062 -30.434
v -14.210 -85.929 -31.260
v -15.001 -84.383 -26.922
v -13.745 -84.925 -26.611
v -14.365 -84.026 -43.036
v -14.889 -83.608 -36.994
v -14.555 -83.299 -41.796
v -14.861 -83.095 -35.846
v -14.889 -84.074 -31.415
v -15.140 -83.164 -34.050
v -15.095 -83.453 -29.866
v -13.980 -84.649 -33.185
v -13.688 -85.312 -30.951
v -13.566 -84.971 -27.452
v -15.208 -84.228 -28.767
v -15.157 -83.355 -26.217
v -14.901 -82.679 -24.598
v -14.558 -84.223 -25.471
v -13.627 -83.608 -23.203
v -14.411 -82.702 -38.563
v -14.607 -83.090 -36.963
v -15.671 -82.479 -30.800
v -14.210 -81.595 -25.620
v -15.074 -79.243 -25.267
v -14.360 -80.561 -25.269
v -14.476 -79.284 -21.016
v -14.783 -78.763 -22.843
v -14.494 -78.869 -24.045
v -14.388 -78.989 -23.764
v -14.405 -78.744 -22.804
v -14.675 -78.701 -22.118
v -13.745 -85.854 -34.515
v -13.590 -85.215 -42.261
v -14.105 -85.159 -38.852
v -13.435 -85.312 -39.297
v -12.885 -83.919 -41.641
v -13.371 -85.582 -35.115
v -13.528 -84.445 -35.509
v -14.103 -84.535 -35.144
v -13.745 -85.817 -30.795
v -12.941 -83.908 -42.784
v -13.284 -83.453 -40.866
v -13.775 -83.628 -38.262
v -13.481 -83.292 -38.442
v -13.784 -83.246 -38.424
v -13.590 -83.930 -37.459
v -13.280 -84.248 -23.978
v -13.655 -83.003 -43.314
v -13.690 -82.567 -41.355
v -13.929 -82.468 -40.333
v -13.590 -82.705 -21.654
v -13.896 -79.698 -23.062
v -13.231 -79.790 -22.483
v -12.088 -79.424 -18.865
v -13.081 -80.045 -18.710
v -13.888 -79.072 -20.880
v -12.605 -78.826 -18.809
v -13.695 -78.883 -19.866
v -13.664 -79.280 -19.421
v -13.416 -78.960 -19.385
v -13.047 -78.759 -18.090
v -12.822 -84.383 -42.261
v -11.313 -82.489 -20.445
v -12.041 -82.214 -18.803
v -11.931 -81.964 -21.202
v -13.167 -83.608 -24.752
v -12.177 -80.622 -17.058
v -12.212 -81.439 -20.723
v -10.985 -80.507 -14.209
v -12.783 -79.889 -17.779
v -11.578 -81.563 -20.504
v -11.496 -81.735 -20.062
v -11.189 -81.165 -19.331
v -10.956 -81.278 -18.554
v -10.585 -80.820 -15.455
v -12.196 -78.961 -17.583
v -11.226 -79.894 -14.550
v -10.680 -80.604 -14.228
v -11.204 -79.607 -14.977
v -11.376 -79.580 -16.384
v 13.339 -78.393 -91.179
v 13.408 -78.515 -91.944
v 12.936 -77.466 -95.832
v 14.222 -77.628 -92.860
v 12.471 -77.036 -94.705
v 14.150 -77.116 -92.814
v 14.512 -77.345 -90.709
v 12.626 -77.230 -93.312
v 14.132 -77.613 -90.045
v 13.584 -77.794 -90.196
v 14.228 -77.397 -90.058
v 14.330 -76.901 -91.606
v 14.530 -77.157 -91.606
v 11.469 -78.312 -98.685
v 12.420 -78.732 -94.201
v 13.415 -78.150 -89.442
v 12.626 -78.320 -89.748
v 11.231 -79.674 -91.143
v 12.038 -78.785 -89.278
v 7.358 -79.703 -92.381
v 11.541 -77.540 -97.651
v 11.076 -79.187 -98.580
v 10.302 -80.421 -97.031
v 10.862 -79.232 -89.177
v 8.517 -80.683 -100.358
v 7.358 -82.032 -98.114
v 9.206 -80.375 -88.912
v 10.028 -79.726 -88.841
v 9.976 -79.492 -88.789
v 8.635 -79.783 -101.145
v 10.455 -79.479 -88.632
v 8.092 -80.896 -101.166
v 9.874 -79.480 -100.440
v 7.445 -81.597 -95.173
v 8.725 -79.755 -88.753
v 9.347 -79.979 -88.305
v 8.884 -80.033 -88.024
v 8.994 -79.072 -95.512
v 7.855 -81.519 -96.398
v 5.773 -81.495 -92.692
v 6.738 -81.324 -101.833
v 7.017 -80.755 -102.285
v 8.400 -79.480 -99.044
v 7.519 -80.402 -97.963
v 7.205 -80.256 -97.651
v 7.752 -80.033 -96.475
v 6.332 -80.203 -90.503
v 8.041 -80.661 -89.005
v 5.108 -82.073 -101.050
v 4.723 -82.414 -100.904
v 3.329 -83.269 -100.284
v 5.984 -80.840 -102.782
v 5.188 -81.440 -97.185
v 5.653 -80.328 -91.452
v 4.831 -82.271 -94.612
v 5.498 -81.651 -101.761
v 5.033 -81.186 -102.268
v 4.529 -81.844 -102.386
v 5.804 -80.338 -102.605
v 4.511 -81.785 -98.557
v 5.030 -81.344 -96.897
v 5.060 -80.810 -102.350
v 4.354 -81.905 -101.488
v 3.605 -82.048 -101.742
v 4.113 -82.253 -101.707
v 4.739 -81.981 -97.630
v 4.197 -81.976 -98.070
v 2.709 -82.949 -99.200
v 3.560 -83.510 -97.805
v 4.259 -81.495 -102.299
v 3.995 -81.641 -101.792
v 3.931 -81.471 -101.694
v 1.540 -83.625 -100.175
v 2.144 -83.259 -100.096
v 2.760 -83.984 -97.484
v 1.934 -83.893 -98.889
v 5.407 -80.876 -91.606
v 2.338 -83.244 -97.527
v 2.015 -82.866 -100.472
v 1.740 -83.147 -100.338
v 1.810 -83.384 -98.889
v 1.852 -83.039 -99.985
v 1.784 -82.833 -100.564
v 1.470 -82.890 -100.646
v 0.837 -83.182 -100.047
v -13.235 -78.393 -91.179
v -13.304 -78.515 -91.944
v -12.832 -77.466 -95.832
v -14.118 -77.628 -92.860
v -12.367 -77.036 -94.705
v -14.046 -77.116 -92.814
v -14.408 -77.345 -90.709
v -12.522 -77.230 -93.312
v -14.028 -77.613 -90.045
v -13.480 -77.794 -90.196
v -14.124 -77.397 -90.058
v -14.226 -76.901 -91.606
v -14.426 -77.157 -91.606
v -11.365 -78.312 -98.685
v -12.316 -78.732 -94.201
v -13.311 -78.150 -89.442
v -12.522 -78.320 -89.748
v -11.127 -79.674 -91.143
v -11.934 -78.785 -89.278
v -7.254 -79.703 -92.381
v -11.437 -77.540 -97.651
v -10.972 -79.187 -98.580
v -10.198 -80.421 -97.031
v -10.758 -79.232 -89.177
v -8.413 -80.683 -100.358
v -7.254 -82.032 -98.114
v -9.102 -80.375 -88.912
v -9.924 -79.726 -88.841
v -9.872 -79.492 -88.789
v -8.531 -79.783 -101.145
v -10.351 -79.479 -88.632
v -7.988 -80.896 -101.166
v -9.770 -79.480 -100.440
v -7.341 -81.597 -95.173
v -8.621 -79.755 -88.753
v -9.243 -79.979 -88.305
v -8.780 -80.033 -88.024
v -8.890 -79.072 -95.512
v -7.751 -81.519 -96.398
v -5.669 -81.495 -92.692
v -6.634 -81.324 -101.833
v -6.913 -80.755 -102.285
v -8.296 -79.480 -99.044
v -7.415 -80.402 -97.963
v -7.101 -80.256 -97.651
v -7.648 -80.033 -96.475
v -6.228 -80.203 -90.503
v -7.937 -80.661 -89.005
v -5.004 -82.073 -101.050
v -4.619 -82.414 -100.904
v -3.225 -83.269 -100.284
v -5.880 -80.840 -102.782
v -5.084 -81.440 -97.185
v -5.549 -80.328 -91.452
v -4.727 -82.271 -94.612
v -5.394 -81.651 -101.761
v -4.929 -81.186 -102.268
v -4.425 -81.844 -102.386
v -5.700 -80.338 -102.605
v -4.407 -81.785 -98.557
v -4.926 -81.344 -96.897
v -4.956 -80.810 -102.350
v -4.250 -81.905 -101.488
v -3.501 -82.048 -101.742
v -4.009 -82.253 -101.707
v -4.635 -81.981 -97.630
v -4.093 -81.976 -98.070
v -2.605 -82.949 -99.200
v -3.456 -83.510 -97.805
v -4.155 -81.495 -102.299
v -3.891 -81.641 -101.792
v -3.827 -81.471 -101.694
v -1.436 -83.625 -100.175
v -2.040 -83.259 -100.096
v -2.657 -83.984 -97.484
v -1.830 -83.893 -98.889
v -5.303 -80.876 -91.606
v -2.234 -83.244 -97.527
v -1.911 -82.866 -100.472
v -1.636 -83.147 -100.338
v -1.706 -83.384 -98.889
v -1.748 -83.039 -99.985
v -1.680 -82.833 -100.564
v -1.366 -82.890 -100.646
v -0.733 -83.182 -100.047
v 14.566 -84.701 -35.493
v 14.850 -83.798 -35.702
v 14.339 -84.392 -36.733
v 14.343 -85.632 -31.620
v 14.909 -83.694 -34.734
v 14.518 -84.701 -31.464
v 14.289 -84.582 -31.309
v 13.705 -84.141 -37.563
v 14.534 -83.539 -36.530
v 14.765 -83.483 -35.949
v 14.788 -83.361 -35.524
v 14.596 -83.382 -36.064
v 13.979 -83.589 -37.197
v 13.990 -85.990 -32.670
v 12.847 -88.412 -29.349
v 13.159 -87.244 -29.526
v 13.125 -87.038 -28.869
v 12.997 -87.533 -27.179
v 13.049 -86.809 -28.039
v 12.237 -88.266 -25.422
v 12.294 -87.306 -34.338
v 12.326 -88.574 -32.112
v 13.244 -85.763 -36.793
v 12.739 -87.653 -32.240
v 13.794 -86.257 -30.499
v 13.959 -85.812 -28.808
v 13.668 -85.635 -26.742
v 12.535 -87.067 -26.356
v 10.508 -89.350 -28.986
v 12.219 -85.905 -23.015
v 13.204 -84.701 -37.611
v 12.739 -85.012 -36.826
v 12.752 -85.084 -34.881
v 13.979 -84.237 -35.514
v 13.512 -84.306 -35.573
v 12.982 -85.696 -33.365
v 13.803 -85.271 -27.424
v 13.758 -85.050 -27.892
v 13.678 -84.914 -27.434
v 12.980 -85.166 -24.801
v 12.886 -84.595 -24.956
v 9.053 -89.969 -20.772
v 13.213 -84.451 -24.624
v 12.896 -84.613 -24.469
v 13.529 -83.575 -37.315
v 13.359 -84.081 -37.694
v 13.049 -84.062 -37.352
v 13.521 -83.727 -36.425
v 13.343 -84.084 -35.777
v 13.273 -83.926 -24.647
v 13.359 -83.697 -25.267
v 13.396 -84.321 -25.726
v 12.430 -84.812 -22.787
v 12.813 -83.764 -23.989
v 11.989 -89.048 -29.137
v 9.950 -92.668 -22.012
v 10.458 -91.893 -22.584
v 11.050 -89.288 -31.834
v 11.099 -91.054 -29.451
v 13.359 -87.158 -31.775
v 12.910 -88.266 -30.069
v 11.703 -89.988 -29.261
v 12.681 -87.964 -30.820
v 11.893 -89.090 -30.473
v 11.763 -89.350 -26.351
v 12.907 -87.839 -28.170
v 10.785 -90.009 -22.320
v 11.906 -86.565 -34.199
v 11.947 -87.485 -25.076
v 8.615 -89.814 -16.124
v 12.489 -85.459 -34.104
v 11.886 -86.176 -34.125
v 10.766 -88.468 -30.653
v 10.346 -90.435 -26.042
v 11.655 -85.941 -21.950
v 10.725 -84.392 -20.133
v 12.066 -84.534 -21.603
v 12.792 -83.617 -23.563
v 13.058 -83.935 -23.697
v 12.542 -84.392 -22.323
v 12.928 -83.382 -23.695
v 11.586 -84.701 -20.308
v 12.584 -83.617 -22.261
v 12.777 -82.749 -22.835
v 12.748 -82.395 -22.467
v 12.647 -82.714 -22.802
v 12.725 -82.376 -22.797
v 12.745 -82.973 -23.206
v 12.315 -82.723 -21.623
v 12.418 -81.686 -21.741
v 12.277 -81.743 -21.741
v 12.024 -81.603 -19.999
v 12.299 -80.357 -21.683
v 11.953 -79.864 -19.071
v 11.750 -81.082 -17.241
v 11.678 -82.222 -19.534
v 11.821 -80.518 -17.984
v 11.046 -82.682 -16.719
v 11.958 -80.072 -20.852
v 10.629 -92.664 -28.044
v 10.004 -94.336 -26.865
v 9.859 -94.125 -26.518
v 10.369 -93.022 -28.065
v 11.162 -90.744 -29.140
v 11.008 -91.266 -27.217
v 9.950 -93.797 -23.716
v 10.518 -91.210 -22.167
v 12.180 -88.179 -26.793
v 10.627 -90.253 -22.988
v 10.415 -90.635 -30.380
v 9.371 -93.648 -21.114
v 11.261 -90.744 -26.971
v 10.260 -90.435 -20.908
v 10.165 -91.240 -20.581
v 10.315 -89.849 -20.185
v 9.818 -90.435 -30.069
v 10.835 -88.302 -32.122
v 9.901 -89.660 -29.606
v 10.085 -90.125 -20.617
v 10.122 -89.514 -20.344
v 10.420 -85.409 -16.011
v 10.646 -84.857 -17.054
v 10.450 -84.237 -13.490
v 9.061 -84.081 -6.518
v 10.717 -81.806 -14.330
v 11.230 -81.448 -15.659
v 11.207 -80.734 -16.482
v 11.220 -81.137 -14.884
v 10.880 -80.606 -15.350
v 10.216 -81.636 -9.382
v 11.742 -79.842 -19.331
v 11.190 -80.541 -17.519
v 11.199 -80.502 -17.516
v 11.190 -80.673 -17.241
v 11.101 -80.493 -16.940
v 11.847 -80.982 -20.928
v 11.186 -80.518 -17.519
v 11.177 -80.518 -17.365
v 11.190 -80.558 -17.365
v 10.725 -80.797 -15.970
v 9.176 -96.504 -25.112
v 9.325 -96.223 -24.897
v 9.824 -94.350 -24.083
v 9.121 -95.802 -23.590
v 9.131 -96.396 -21.741
v 9.383 -95.470 -22.532
v 9.354 -95.366 -20.846
v 8.873 -95.657 -19.567
v 7.396 -95.181 -17.643
v 9.176 -94.929 -27.199
v 8.407 -96.478 -20.308
v 10.187 -92.981 -23.106
v 9.695 -93.318 -20.795
v 9.300 -93.605 -20.093
v 9.368 -93.376 -19.456
v 7.678 -94.464 -17.054
v 8.293 -96.323 -24.801
v 9.491 -92.643 -26.772
v 8.314 -94.374 -22.959
v 9.208 -92.485 -19.750
v 9.486 -91.054 -28.283
v 8.677 -93.534 -22.907
v 9.581 -91.321 -19.292
v 8.009 -93.234 -17.776
v 10.260 -90.834 -21.392
v 8.346 -91.830 -17.512
v 8.401 -92.449 -17.375
v 10.199 -90.064 -20.097
v 9.486 -92.119 -29.140
v 8.717 -92.892 -27.706
v 11.617 -88.421 -23.716
v 9.251 -90.246 -18.455
v 9.228 -91.015 -18.134
v 8.957 -87.336 -14.266
v 9.506 -86.250 -14.266
v 9.950 -85.310 -14.420
v 7.230 -86.443 -11.206
v 9.208 -83.152 -7.447
v 9.795 -82.346 -9.107
v 10.105 -81.315 -10.857
v 9.549 -82.050 -8.520
v 9.504 -82.057 -7.718
v 9.329 -82.388 -7.398
v 9.329 -82.252 -7.638
v 9.469 -82.208 -7.823
v 9.334 -82.239 -7.282
v 9.283 -82.378 -7.447
v 10.349 -81.293 -10.702
v 10.102 -81.292 -9.313
v 9.766 -82.076 -8.981
v 7.945 -99.174 -24.137
v 8.250 -98.117 -23.569
v 8.246 -97.896 -20.617
v 7.848 -98.342 -19.794
v 8.255 -97.025 -26.106
v 8.073 -96.433 -26.461
v 8.866 -97.429 -25.112
v 8.082 -97.189 -25.841
v 8.298 -98.183 -21.703
v 6.399 -100.275 -21.562
v 8.003 -98.155 -20.851
v 7.400 -97.904 -18.423
v 8.332 -95.394 -26.196
v 7.707 -96.942 -18.139
v 8.556 -94.929 -27.199
v 8.339 -94.480 -27.113
v 8.044 -95.394 -26.507
v 8.235 -94.787 -21.708
v 7.194 -96.632 -20.617
v 7.936 -94.593 -18.293
v 8.599 -94.314 -18.530
v 7.954 -93.736 -17.555
v 6.685 -93.859 -15.785
v 9.341 -92.140 -18.914
v 7.286 -92.347 -15.713
v 7.861 -90.608 -18.173
v 7.799 -91.733 -18.657
v 5.538 -92.295 -12.560
v 5.280 -90.084 -8.432
v 6.763 -88.095 -8.786
v 5.147 -87.956 -1.704
v 8.191 -82.993 -2.856
v 8.129 -82.994 -3.229
v 5.767 -85.518 -2.334
v 7.233 -99.986 -23.263
v 6.182 -101.113 -22.823
v 7.161 -98.646 -25.174
v 7.267 -98.939 -25.025
v 6.290 -100.375 -24.171
v 7.070 -98.028 -22.478
v 6.255 -99.267 -22.478
v 7.058 -98.663 -24.963
v 6.075 -100.499 -18.772
v 6.696 -99.179 -18.579
v 6.232 -97.115 -17.519
v 5.922 -98.183 -16.042
v 7.340 -93.253 -18.371
v 6.287 -95.971 -16.085
v 6.472 -95.394 -16.899
v 4.004 -96.632 -12.871
v 5.395 -92.295 -13.646
v 7.228 -92.417 -18.044
v 7.190 -92.141 -17.575
v 3.816 -93.978 -10.569
v 5.457 -92.913 -13.005
v 7.148 -84.857 -0.630
v 6.413 -85.237 0.236
v 7.474 -84.144 -0.777
v 7.626 -83.397 -1.869
v 7.626 -83.493 -0.939
v 7.898 -83.772 -1.250
v 7.241 -83.704 0.841
v 7.083 -83.676 1.125
v 6.088 -84.237 1.076
v 5.825 -101.209 -22.652
v 6.077 -101.075 -23.252
v 5.564 -101.145 -22.128
v 5.634 -100.424 -22.992
v 4.992 -101.396 -21.237
v 5.457 -101.043 -19.068
v 5.832 -100.447 -24.065
v 6.085 -98.917 -24.474
v 4.800 -100.718 -19.552
v 5.191 -98.884 -17.295
v 6.060 -99.268 -23.474
v 6.273 -98.990 -24.464
v 5.807 -99.267 -23.716
v 6.037 -99.112 -16.899
v 5.191 -99.030 -15.860
v 5.005 -99.576 -15.970
v 5.457 -96.323 -15.753
v 3.752 -97.873 -13.914
v 3.907 -94.948 -11.786
v 3.640 -91.725 -6.770
v 4.567 -91.298 -11.055
v 4.625 -90.397 -7.385
v 4.664 -88.864 -2.769
v 4.527 -88.260 -5.743
v 5.302 -86.548 0.610
v 4.199 -85.941 0.610
v 5.922 -84.702 2.010
v 4.062 -101.634 -20.308
v 4.124 -100.752 -18.070
v 4.527 -101.050 -20.154
v 5.266 -100.298 -21.217
v 3.164 -101.071 -19.691
v 4.062 -101.120 -19.843
v 4.837 -100.352 -16.961
v 5.302 -100.120 -21.858
v 3.120 -101.641 -19.989
v 4.372 -100.352 -21.196
v 5.457 -99.576 -22.766
v 4.527 -100.661 -21.073
v 3.274 -100.375 -16.124
v 4.372 -98.801 -14.668
v 2.858 -98.773 -15.025
v 2.894 -92.295 -8.996
v 3.287 -93.224 -9.379
v 4.527 -90.305 -5.945
v 3.768 -90.676 -5.237
v 3.948 -88.927 -2.661
v 4.062 -87.935 -1.250
v 3.870 -87.066 -0.502
v 4.041 -87.169 -0.250
v 4.063 -86.529 0.417
v 4.243 -85.261 2.076
v 4.594 -85.220 2.625
v 2.928 -101.441 -19.969
v 3.753 -101.584 -19.179
v 4.400 -101.282 -17.673
v 3.590 -101.547 -19.215
v 2.766 -101.421 -19.361
v 2.978 -101.614 -19.379
v 3.146 -101.515 -17.553
v 3.451 -101.556 -18.492
v 2.823 -101.429 -17.673
v 3.070 -100.145 -16.297
v 2.823 -101.127 -17.002
v 2.891 -99.420 -14.917
v 2.842 -99.365 -15.210
v 2.736 -98.529 -13.793
v 2.864 -98.097 -13.538
v 3.287 -95.702 -13.553
v 2.477 -93.992 -9.606
v 1.848 -94.929 -11.011
v 2.851 -92.882 -8.564
v 2.513 -91.857 -6.362
v 3.133 -90.744 -4.989
v 3.287 -89.887 -5.587
v 2.524 -92.224 -7.903
v 2.949 -90.351 -4.907
v 2.647 -91.054 -5.432
v 3.439 -89.506 -3.785
v 3.438 -89.211 -3.742
v 3.660 -88.434 -2.272
v 3.620 -88.140 -1.829
v 3.779 -87.686 -1.402
v 3.906 -86.879 -0.016
v 2.481 -98.360 -13.942
v 2.623 -99.114 -14.825
v 2.622 -98.101 -13.628
v 2.579 -97.815 -13.850
v 2.474 -97.759 -13.448
v 1.676 -95.830 -11.183
v 1.893 -95.394 -10.535
v 1.657 -95.023 -10.430
v 2.240 -93.688 -9.616
v 2.553 -92.576 -8.325
v 2.630 -92.913 -8.842
v 2.678 -92.487 -7.740
v 2.428 -92.295 -7.447
v 2.331 -91.803 -6.606
v -14.462 -84.701 -35.493
v -14.746 -83.798 -35.702
v -14.235 -84.392 -36.733
v -14.239 -85.632 -31.620
v -14.805 -83.694 -34.734
v -14.414 -84.701 -31.464
v -14.185 -84.582 -31.309
v -13.601 -84.141 -37.563
v -14.430 -83.539 -36.530
v -14.661 -83.483 -35.949
v -14.684 -83.361 -35.524
v -14.492 -83.382 -36.064
v -13.875 -83.589 -37.197
v -13.886 -85.990 -32.670
v -12.743 -88.412 -29.349
v -13.055 -87.244 -29.526
v -13.021 -87.038 -28.869
v -12.893 -87.533 -27.179
v -12.945 -86.809 -28.039
v -12.133 -88.266 -25.422
v -12.190 -87.306 -34.338
v -12.222 -88.574 -32.112
v -13.140 -85.763 -36.793
v -12.635 -87.653 -32.240
v -13.690 -86.257 -30.499
v -13.855 -85.812 -28.808
v -13.564 -85.635 -26.742
v -12.431 -87.067 -26.356
v -10.404 -89.350 -28.986
v -12.115 -85.905 -23.015
v -13.100 -84.701 -37.611
v -12.635 -85.012 -36.826
v -12.648 -85.084 -34.881
v -13.875 -84.237 -35.514
v -13.408 -84.306 -35.573
v -12.878 -85.696 -33.365
v -13.699 -85.271 -27.424
v -13.654 -85.050 -27.892
v -13.574 -84.914 -27.434
v -12.876 -85.166 -24.801
v -12.782 -84.595 -24.956
v -8.949 -89.969 -20.772
v -13.109 -84.451 -24.624
v -12.792 -84.613 -24.469
v -13.425 -83.575 -37.315
v -13.255 -84.081 -37.694
v -12.945 -84.062 -37.352
v -13.417 -83.727 -36.425
v -13.239 -84.084 -35.777
v -13.169 -83.926 -24.647
v -13.255 -83.697 -25.267
v -13.292 -84.321 -25.726
v -12.326 -84.812 -22.787
v -12.709 -83.764 -23.989
v -11.885 -89.048 -29.137
v -9.846 -92.668 -22.012
v -10.354 -91.893 -22.584
v -10.946 -89.288 -31.834
v -10.995 -91.054 -29.451
v -13.255 -87.158 -31.775
v -12.806 -88.266 -30.069
v -11.599 -89.988 -29.261
v -12.577 -87.964 -30.820
v -11.789 -89.090 -30.473
v -11.659 -89.350 -26.351
v -12.803 -87.839 -28.170
v -10.681 -90.009 -22.320
v -11.802 -86.565 -34.199
v -11.843 -87.485 -25.076
v -8.511 -89.814 -16.124
v -12.385 -85.459 -34.104
v -11.782 -86.176 -34.125
v -10.662 -88.468 -30.653
v -10.242 -90.435 -26.042
v -11.551 -85.941 -21.950
v -10.621 -84.392 -20.133
v -11.962 -84.534 -21.603
v -12.688 -83.617 -23.563
v -12.954 -83.935 -23.697
v -12.438 -84.392 -22.323
v -12.824 -83.382 -23.695
v -11.482 -84.701 -20.308
v -12.481 -83.617 -22.261
v -12.673 -82.749 -22.835
v -12.644 -82.395 -22.467
v -12.543 -82.714 -22.802
v -12.621 -82.376 -22.797
v -12.641 -82.973 -23.206
v -12.211 -82.723 -21.623
v -12.314 -81.686 -21.741
v -12.173 -81.743 -21.741
v -11.920 -81.603 -19.999
v -12.195 -80.357 -21.683
v -11.849 -79.864 -19.071
v -11.646 -81.082 -17.241
v -11.574 -82.222 -19.534
v -11.717 -80.518 -17.984
v -10.942 -82.682 -16.719
v -11.854 -80.072 -20.852
v -10.525 -92.664 -28.044
v -9.900 -94.336 -26.865
v -9.755 -94.125 -26.518
v -10.265 -93.022 -28.065
v -11.058 -90.744 -29.140
v -10.904 -91.266 -27.217
v -9.846 -93.797 -23.716
v -10.414 -91.210 -22.167
v -12.076 -88.179 -26.793
v -10.523 -90.253 -22.988
v -10.311 -90.635 -30.380
v -9.267 -93.648 -21.114
v -11.157 -90.744 -26.971
v -10.156 -90.435 -20.908
v -10.061 -91.240 -20.581
v -10.211 -89.849 -20.185
v -9.714 -90.435 -30.069
v -10.731 -88.302 -32.122
v -9.797 -89.660 -29.606
v -9.981 -90.125 -20.617
v -10.018 -89.514 -20.344
v -10.316 -85.409 -16.011
v -10.542 -84.857 -17.054
v -10.346 -84.237 -13.490
v -8.957 -84.081 -6.518
v -10.613 -81.806 -14.330
v -11.126 -81.448 -15.659
v -11.103 -80.734 -16.482
v -11.116 -81.137 -14.884
v -10.776 -80.606 -15.350
v -10.112 -81.636 -9.382
v -11.638 -79.842 -19.331
v -11.086 -80.541 -17.519
v -11.095 -80.502 -17.516
v -11.086 -80.673 -17.241
v -10.997 -80.493 -16.940
v -11.743 -80.982 -20.928
v -11.082 -80.518 -17.519
v -11.073 -80.518 -17.365
v -11.086 -80.558 -17.365
v -10.621 -80.797 -15.970
v -9.072 -96.504 -25.112
v -9.221 -96.223 -24.897
v -9.720 -94.350 -24.083
v -9.017 -95.802 -23.590
v -9.027 -96.396 -21.741
v -9.279 -95.470 -22.532
v -9.250 -95.366 -20.846
v -8.769 -95.657 -19.567
v -7.292 -95.181 -17.643
v -9.072 -94.929 -27.199
v -8.303 -96.478 -20.308
v -10.083 -92.981 -23.106
v -9.591 -93.318 -20.795
v -9.196 -93.605 -20.093
v -9.264 -93.376 -19.456
v -7.574 -94.464 -17.054
v -8.189 -96.323 -24.801
v -9.387 -92.643 -26.772
v -8.210 -94.374 -22.959
v -9.104 -92.485 -19.750
v -9.382 -91.054 -28.283
v -8.573 -93.534 -22.907
v -9.477 -91.321 -19.292
v -7.905 -93.234 -17.776
v -10.156 -90.834 -21.392
v -8.242 -91.830 -17.512
v -8.297 -92.449 -17.375
v -10.095 -90.064 -20.097
v -9.382 -92.119 -29.140
v -8.613 -92.892 -27.706
v -11.513 -88.421 -23.716
v -9.147 -90.246 -18.455
v -9.125 -91.015 -18.134
v -8.853 -87.336 -14.266
v -9.402 -86.250 -14.266
v -9.846 -85.310 -14.420
v -7.126 -86.443 -11.206
v -9.104 -83.152 -7.447
v -9.691 -82.346 -9.107
v -10.001 -81.315 -10.857
v -9.445 -82.050 -8.520
v -9.400 -82.057 -7.718
v -9.225 -82.388 -7.398
v -9.225 -82.252 -7.638
v -9.365 -82.208 -7.823
v -9.230 -82.239 -7.282
v -9.179 -82.378 -7.447
v -10.245 -81.293 -10.702
v -9.998 -81.292 -9.313
v -9.662 -82.076 -8.981
v -7.841 -99.174 -24.137
v -8.146 -98.117 -23.569
v -8.142 -97.896 -20.617
v -7.744 -98.342 -19.794
v -8.151 -97.025 -26.106
v -7.969 -96.433 -26.461
v -8.762 -97.429 -25.112
v -7.978 -97.189 -25.841
v -8.194 -98.183 -21.703
v -6.295 -100.275 -21.562
v -7.899 -98.155 -20.851
v -7.296 -97.904 -18.423
v -8.228 -95.394 -26.196
v -7.603 -96.942 -18.139
v -8.452 -94.929 -27.199
v -8.235 -94.480 -27.113
v -7.940 -95.394 -26.507
v -8.131 -94.787 -21.708
v -7.090 -96.632 -20.617
v -7.832 -94.593 -18.293
v -8.495 -94.314 -18.530
v -7.850 -93.736 -17.555
v -6.581 -93.859 -15.785
v -9.237 -92.140 -18.914
v -7.182 -92.347 -15.713
v -7.757 -90.608 -18.173
v -7.695 -91.733 -18.657
v -5.434 -92.295 -12.560
v -5.176 -90.084 -8.432
v -6.659 -88.095 -8.786
v -5.043 -87.956 -1.704
v -8.087 -82.993 -2.856
v -8.025 -82.994 -3.229
v -5.663 -85.518 -2.334
v -7.129 -99.986 -23.263
v -6.078 -101.113 -22.823
v -7.057 -98.646 -25.174
v -7.163 -98.939 -25.025
v -6.186 -100.375 -24.171
v -6.966 -98.028 -22.478
v -6.151 -99.267 -22.478
v -6.954 -98.663 -24.963
v -5.971 -100.499 -18.772
v -6.593 -99.179 -18.579
v -6.128 -97.115 -17.519
v -5.818 -98.183 -16.042
v -7.236 -93.253 -18.371
v -6.183 -95.971 -16.085
v -6.368 -95.394 -16.899
v -3.900 -96.632 -12.871
v -5.291 -92.295 -13.646
v -7.124 -92.417 -18.044
v -7.086 -92.141 -17.575
v -3.713 -93.978 -10.569
v -5.353 -92.913 -13.005
v -7.044 -84.857 -0.630
v -6.309 -85.237 0.236
v -7.370 -84.144 -0.777
v -7.522 -83.397 -1.869
v -7.522 -83.493 -0.939
v -7.794 -83.772 -1.250
v -7.137 -83.704 0.841
v -6.979 -83.676 1.125
v -5.984 -84.237 1.076
v -5.721 -101.209 -22.652
v -5.973 -101.075 -23.252
v -5.460 -101.145 -22.128
v -5.530 -100.424 -22.992
v -4.888 -101.396 -21.237
v -5.353 -101.043 -19.068
v -5.728 -100.447 -24.065
v -5.981 -98.917 -24.474
v -4.696 -100.718 -19.552
v -5.087 -98.884 -17.295
v -5.956 -99.268 -23.474
v -6.169 -98.990 -24.464
v -5.703 -99.267 -23.716
v -5.933 -99.112 -16.899
v -5.087 -99.030 -15.860
v -4.901 -99.576 -15.970
v -5.353 -96.323 -15.753
v -3.648 -97.873 -13.914
v -3.803 -94.948 -11.786
v -3.536 -91.725 -6.770
v -4.463 -91.298 -11.055
v -4.521 -90.397 -7.385
v -4.560 -88.864 -2.769
v -4.423 -88.260 -5.743
v -5.198 -86.548 0.610
v -4.095 -85.941 0.610
v -5.818 -84.702 2.010
v -3.958 -101.634 -20.308
v -4.020 -100.752 -18.070
v -4.423 -101.050 -20.154
v -5.162 -100.298 -21.217
v -3.060 -101.071 -19.691
v -3.958 -101.120 -19.843
v -4.733 -100.352 -16.961
v -5.198 -100.120 -21.858
v -3.016 -101.641 -19.989
v -4.268 -100.352 -21.196
v -5.353 -99.576 -22.766
v -4.423 -100.661 -21.073
v -3.170 -100.375 -16.124
v -4.268 -98.801 -14.668
v -2.754 -98.773 -15.025
v -2.790 -92.295 -8.996
v -3.184 -93.224 -9.379
v -4.423 -90.305 -5.945
v -3.664 -90.676 -5.237
v -3.844 -88.927 -2.661
v -3.958 -87.935 -1.250
v -3.766 -87.066 -0.502
v -3.937 -87.169 -0.250
v -3.959 -86.529 0.417
v -4.139 -85.261 2.076
v -4.490 -85.220 2.625
v -2.824 -101.441 -19.969
v -3.649 -101.584 -19.179
v -4.296 -101.282 -17.673
v -3.486 -101.547 -19.215
v -2.662 -101.421 -19.361
v -2.874 -101.614 -19.379
v -3.042 -101.515 -17.553
v -3.347 -101.556 -18.492
v -2.719 -101.429 -17.673
v -2.966 -100.145 -16.297
v -2.719 -101.127 -17.002
v -2.787 -99.420 -14.917
v -2.738 -99.365 -15.210
v -2.632 -98.529 -13.793
v -2.760 -98.097 -13.538
v -3.184 -95.702 -13.553
v -2.373 -93.992 -9.606
v -1.744 -94.929 -11.011
v -2.747 -92.882 -8.564
v -2.409 -91.857 -6.362
v -3.029 -90.744 -4.989
v -3.184 -89.887 -5.587
v -2.420 -92.224 -7.903
v -2.845 -90.351 -4.907
v -2.543 -91.054 -5.432
v -3.335 -89.506 -3.785
v -3.335 -89.211 -3.742
v -3.556 -88.434 -2.272
v -3.516 -88.140 -1.829
v -3.675 -87.686 -1.402
v -3.802 -86.879 -0.016
v -2.377 -98.360 -13.942
v -2.519 -99.114 -14.825
v -2.518 -98.101 -13.628
v -2.475 -97.815 -13.850
v -2.370 -97.759 -13.448
v -1.572 -95.830 -11.183
v -1.789 -95.394 -10.535
v -1.553 -95.023 -10.430
v -2.136 -93.688 -9.616
v -2.449 -92.576 -8.325
v -2.526 -92.913 -8.842
v -2.574 -92.487 -7.740
v -2.324 -92.295 -7.447
v -2.227 -91.803 -6.606
v 32.195 -71.001 -68.786
v 31.867 -71.460 -67.029
v 32.014 -70.686 -67.958
v 30.901 -73.009 -71.211
v 30.590 -73.533 -70.858
v 30.590 -74.790 -66.828
v 31.085 -73.475 -69.662
v 30.872 -74.249 -67.338
v 31.045 -72.963 -69.021
v 30.533 -73.592 -66.548
v 29.938 -74.557 -64.548
v 31.191 -73.136 -65.910
v 31.293 -73.362 -63.779
v 30.912 -73.370 -64.623
v 30.091 -74.461 -62.379
v 30.664 -72.595 -72.086
v 31.790 -71.670 -70.763
v 31.711 -70.886 -71.318
v 29.206 -73.164 -76.015
v 30.992 -72.291 -70.987
v 31.331 -72.506 -68.112
v 31.840 -72.666 -66.313
v 30.081 -74.733 -64.286
v 31.346 -73.009 -63.619
v 30.709 -73.637 -62.417
v 30.673 -72.224 -63.586
v 31.765 -71.460 -69.353
v 31.722 -70.531 -71.056
v 29.353 -69.465 -73.645
v 31.765 -69.892 -68.956
v 31.620 -71.151 -65.943
v 31.024 -69.743 -68.882
v 31.021 -69.601 -69.839
v 30.866 -69.433 -68.423
v 30.695 -69.757 -67.253
v 30.249 -75.129 -68.390
v 29.813 -75.318 -68.100
v 28.465 -77.709 -63.905
v 29.429 -75.191 -70.928
v 29.936 -74.577 -71.087
v 29.637 -75.111 -68.916
v 29.452 -75.484 -70.282
v 29.482 -75.489 -69.353
v 30.488 -74.862 -68.804
v 30.042 -75.105 -66.151
v 30.246 -74.468 -67.493
v 29.247 -76.108 -67.183
v 30.246 -75.198 -65.323
v 27.382 -78.091 -60.974
v 29.774 -75.179 -63.154
v 29.968 -74.868 -64.379
v 30.052 -74.714 -64.240
v 29.561 -75.193 -63.488
v 29.195 -75.661 -61.761
v 30.427 -73.990 -61.689
v 29.654 -74.874 -60.506
v 27.276 -77.039 -58.661
v 29.939 -74.303 -61.062
v 29.032 -75.179 -73.846
v 30.065 -74.590 -71.429
v 29.639 -74.248 -72.914
v 30.246 -73.740 -72.142
v 30.216 -73.884 -71.214
v 30.622 -74.249 -70.282
v 30.352 -73.856 -70.001
v 30.711 -74.171 -68.423
v 30.528 -74.405 -65.634
v 30.074 -74.912 -64.329
v 30.246 -74.249 -65.521
v 28.812 -73.133 -60.421
v 29.316 -71.924 -75.447
v 30.339 -70.623 -65.192
v 29.062 -71.873 -62.682
v 29.006 -72.458 -62.070
v 30.191 -69.877 -66.767
v 29.042 -69.982 -72.160
v 29.317 -70.206 -68.308
v 30.160 -69.143 -70.691
v 30.444 -69.067 -68.997
v 28.148 -78.433 -65.478
v 28.157 -77.322 -64.929
v 27.742 -76.728 -74.188
v 28.297 -76.178 -73.581
v 28.851 -75.461 -72.142
v 27.948 -77.205 -70.747
v 28.541 -76.108 -70.531
v 29.109 -75.965 -69.404
v 28.696 -76.581 -68.267
v 29.181 -76.937 -67.472
v 26.992 -79.443 -65.478
v 25.382 -78.950 -58.076
v 27.309 -76.201 -76.298
v 25.355 -78.550 -77.216
v 28.528 -75.501 -73.534
v 28.232 -75.953 -72.276
v 27.985 -75.644 -76.170
v 25.800 -75.338 -80.667
v 28.077 -70.686 -75.881
v 29.028 -71.882 -65.173
v 28.502 -72.503 -64.749
v 29.165 -71.151 -67.029
v 28.412 -71.615 -68.440
v 26.899 -74.161 -62.364
v 28.474 -72.898 -63.434
v 29.037 -71.460 -63.774
v 28.011 -72.933 -61.201
v 27.257 -74.161 -60.395
v 27.612 -73.868 -59.590
v 28.621 -70.646 -69.198
v 28.714 -71.080 -67.554
v 27.457 -72.943 -65.789
v 29.223 -71.305 -64.859
v 26.460 -71.673 -76.766
v 28.077 -71.460 -69.404
v 29.161 -69.365 -73.382
v 26.625 -79.208 -69.507
v 27.132 -79.064 -68.794
v 27.123 -79.055 -67.860
v 26.627 -79.827 -66.098
v 24.048 -83.052 -61.759
v 26.500 -79.278 -60.696
v 25.312 -80.989 -59.916
v 27.038 -77.658 -73.993
v 27.809 -76.685 -73.153
v 27.457 -76.883 -73.246
v 27.100 -77.967 -72.917
v 27.457 -77.349 -73.040
v 26.527 -78.277 -73.835
v 26.867 -78.152 -71.674
v 25.382 -78.514 -78.514
v 25.540 -78.927 -76.802
v 26.988 -77.812 -74.775
v 27.584 -76.912 -72.858
v 26.302 -76.615 -78.964
v 24.882 -78.331 -79.828
v 26.634 -76.130 -57.508
v 27.678 -74.405 -78.030
v 25.912 -72.729 -79.162
v 26.438 -75.749 -79.792
v 26.354 -75.602 -60.066
v 26.400 -75.380 -58.661
v 27.302 -74.721 -58.815
v 27.018 -72.910 -66.172
v 26.763 -73.009 -68.578
v 26.036 -74.783 -62.403
v 26.038 -72.194 -74.711
v 26.840 -71.169 -76.985
v 24.203 -83.855 -68.897
v 25.238 -82.307 -65.634
v 26.801 -80.005 -66.779
v 26.393 -79.118 -71.789
v 25.652 -80.293 -72.142
v 26.887 -78.743 -71.522
v 26.108 -80.836 -62.497
v 25.436 -80.903 -61.484
v 25.645 -79.983 -58.970
v 24.049 -81.067 -74.775
v 27.081 -77.808 -71.120
v 25.812 -77.127 -70.734
v 24.308 -79.208 -55.717
v 24.482 -79.101 -79.358
v 25.862 -76.720 -70.923
v 25.688 -76.559 -71.247
v 26.198 -75.660 -69.587
v 25.428 -77.225 -67.809
v 25.078 -77.234 -67.294
v 24.459 -77.464 -55.637
v 27.010 -72.235 -70.438
v 26.358 -74.791 -69.756
v 25.846 -75.333 -71.831
v 25.907 -75.854 -70.747
v 25.457 -76.380 -70.151
v 26.062 -75.381 -68.423
v 25.299 -76.619 -66.790
v 26.552 -73.904 -68.419
v 25.734 -75.543 -66.275
v 25.472 -75.590 -61.494
v 25.986 -75.263 -61.739
v 25.510 -75.227 -62.446
v 26.125 -74.989 -61.479
v 25.957 -75.198 -61.005
v 26.098 -75.401 -61.380
v 25.847 -75.748 -61.399
v 25.323 -77.033 -60.426
v 24.522 -78.069 -58.038
v 26.136 -74.405 -68.732
v 26.588 -73.586 -66.154
v 26.073 -73.825 -66.128
v 24.879 -76.949 -64.934
v 23.704 -75.046 -81.998
v 23.583 -73.851 -80.974
v 24.771 -72.875 -76.226
v 25.597 -72.545 -73.599
v 25.692 -72.071 -78.408
v 23.950 -83.094 -61.195
v 24.676 -82.307 -60.830
v 23.879 -83.099 -60.312
v 24.981 -80.854 -72.171
v 24.203 -82.617 -70.778
v 21.846 -86.608 -62.225
v 22.300 -84.576 -61.849
v 23.188 -82.927 -58.352
v 22.646 -82.543 -56.512
v 20.296 -84.785 -76.790
v 24.823 -80.757 -73.081
v 25.686 -78.588 -70.902
v 24.294 -80.464 -71.695
v 25.675 -77.967 -71.522
v 24.873 -79.227 -71.870
v 25.824 -77.967 -70.438
v 25.539 -78.210 -70.079
v 25.349 -78.277 -69.198
v 25.011 -78.851 -68.565
v 25.680 -77.124 -69.530
v 23.761 -81.996 -69.198
v 25.060 -78.024 -67.438
v 24.569 -78.942 -66.695
v 23.318 -80.293 -55.406
v 22.963 -79.983 -81.221
v 25.476 -77.678 -71.422
v 23.645 -79.598 -72.762
v 25.426 -77.003 -69.252
v 24.978 -78.123 -68.226
v 24.813 -76.975 -66.007
v 24.158 -78.433 -65.634
v 23.005 -79.566 -63.447
v 24.668 -77.967 -59.291
v 22.056 -81.221 -59.435
v 23.968 -78.479 -60.437
v 22.963 -79.673 -54.301
v 24.072 -76.952 -82.415
v 25.734 -76.246 -71.023
v 24.449 -77.504 -72.606
v 25.037 -76.264 -65.951
v 24.723 -76.561 -62.420
v 25.278 -75.339 -63.460
v 25.986 -74.714 -63.465
v 22.612 -78.442 -54.953
v 25.133 -76.476 -57.112
v 23.265 -75.800 -75.191
v 24.693 -74.353 -74.181
v 24.321 -74.387 -75.389
v 24.341 -73.366 -76.587
v 22.421 -74.478 -79.803
v 24.371 -73.289 -75.608
v 22.511 -86.174 -68.231
v 20.982 -87.844 -66.334
v 22.534 -84.064 -69.901
v 23.738 -82.462 -70.840
v 23.478 -82.101 -70.534
v 22.425 -83.547 -69.507
v 23.922 -82.762 -60.060
v 23.124 -83.650 -59.131
v 21.458 -84.831 -58.607
v 20.342 -84.862 -74.440
v 24.048 -81.048 -72.762
v 20.323 -84.574 -74.226
v 23.583 -80.757 -72.803
v 22.998 -80.603 -73.846
v 24.356 -80.585 -72.042
v 24.531 -80.787 -72.075
v 24.251 -80.241 -72.088
v 23.158 -80.944 -73.066
v 23.151 -81.687 -67.649
v 22.188 -83.081 -67.122
v 22.363 -81.872 -64.716
v 22.611 -80.777 -64.490
v 19.497 -81.996 -84.538
v 23.746 -78.728 -73.797
v 21.569 -81.221 -75.881
v 23.802 -79.045 -64.649
v 22.730 -79.827 -62.070
v 21.563 -81.218 -57.230
v 21.161 -79.636 -84.638
v 22.814 -78.743 -75.240
v 22.771 -79.579 -56.311
v 23.174 -77.864 -54.999
v 23.164 -78.192 -54.665
v 22.343 -78.277 -83.732
v 21.703 -80.034 -76.828
v 22.653 -75.780 -82.834
v 22.471 -74.174 -82.078
v 23.893 -73.117 -80.199
v 22.932 -74.559 -78.030
v 22.592 -74.933 -77.590
v 20.819 -87.888 -67.652
v 20.779 -87.602 -62.744
v 18.282 -90.064 -64.085
v 21.077 -87.489 -62.214
v 19.899 -86.955 -58.506
v 20.157 -87.492 -68.239
v 18.625 -87.549 -57.421
v 19.759 -85.249 -55.554
v 20.824 -85.096 -56.646
v 22.563 -82.760 -68.153
v 21.438 -84.243 -66.102
v 21.146 -84.631 -63.465
v 21.569 -82.351 -79.270
v 20.369 -83.237 -76.326
v 22.323 -81.416 -63.866
v 21.918 -82.103 -62.094
v 22.108 -81.922 -61.617
v 21.225 -80.724 -56.247
v 22.938 -79.529 -56.803
v 21.595 -80.370 -55.817
v 22.866 -78.487 -54.608
v 18.935 -81.841 -51.450
v 21.977 -77.039 -76.790
v 19.554 -75.953 -83.504
v 21.277 -84.839 -67.806
v 21.737 -84.438 -67.515
v 20.258 -86.232 -66.262
v 20.787 -85.464 -64.824
v 21.569 -84.321 -65.478
v 20.292 -85.904 -63.153
v 21.342 -84.785 -64.240
v 19.249 -87.985 -59.868
v 20.137 -87.434 -59.638
v 19.312 -87.635 -67.691
v 21.559 -83.471 -63.457
v 21.458 -83.848 -61.939
v 21.063 -84.631 -62.534
v 21.071 -83.547 -60.830
v 20.410 -85.404 -61.934
v 20.329 -83.701 -54.487
v 20.280 -84.086 -74.201
v 18.061 -86.101 -76.646
v 20.639 -83.446 -59.126
v 21.178 -82.771 -59.126
v 19.919 -84.549 -57.606
v 21.198 -83.209 -58.004
v 19.049 -84.165 -52.927
v 20.174 -82.510 -54.942
v 20.180 -80.857 -84.877
v 22.000 -80.041 -55.704
v 20.449 -81.558 -54.777
v 21.329 -80.136 -55.246
v 19.288 -80.911 -53.082
v 18.709 -82.507 -51.168
v 20.794 -76.883 -84.414
v 18.912 -78.854 -79.981
v 18.563 -78.056 -81.679
v 19.536 -89.308 -67.211
v 15.931 -91.808 -62.446
v 19.877 -88.326 -62.147
v 20.119 -88.325 -61.213
v 19.517 -88.660 -61.296
v 17.532 -89.674 -60.148
v 17.636 -90.834 -66.798
v 19.275 -88.080 -59.427
v 19.268 -86.851 -65.176
v 19.734 -86.487 -64.311
v 17.733 -87.259 -61.604
v 19.244 -86.560 -63.465
v 19.709 -85.848 -62.070
v 17.119 -89.124 -57.639
v 18.935 -86.918 -56.491
v 17.154 -87.898 -55.333
v 19.536 -86.044 -74.316
v 20.165 -84.321 -57.112
v 19.672 -85.005 -54.631
v 17.230 -85.836 -53.393
v 18.914 -86.254 -74.587
v 19.089 -84.656 -58.197
v 19.045 -84.646 -55.503
v 18.496 -85.276 -56.579
v 18.423 -83.604 -82.966
v 18.160 -84.479 -82.368
v 19.635 -81.871 -78.063
v 19.709 -81.458 -85.217
v 17.599 -83.974 -83.730
v 18.470 -81.335 -51.844
v 17.844 -81.377 -86.552
v 18.230 -79.493 -86.149
v 14.094 -79.910 -87.445
v 19.709 -76.388 -84.538
v 17.269 -91.026 -64.867
v 17.204 -90.327 -60.503
v 16.991 -88.896 -66.142
v 16.382 -88.395 -63.993
v 16.928 -88.083 -63.311
v 19.371 -85.406 -77.875
v 18.017 -86.760 -77.721
v 17.596 -87.824 -77.132
v 18.795 -87.669 -74.813
v 16.820 -89.173 -74.772
v 17.371 -88.261 -74.824
v 17.302 -86.787 -59.798
v 18.374 -84.996 -80.328
v 18.625 -85.332 -59.435
v 18.712 -84.232 -55.032
v 19.119 -83.855 -81.128
v 15.718 -86.181 -81.903
v 17.850 -83.392 -78.174
v 17.695 -84.453 -54.788
v 18.780 -83.701 -54.065
v 17.674 -83.980 -53.524
v 18.935 -82.689 -53.702
v 18.674 -82.277 -85.683
v 17.806 -82.969 -85.565
v 14.286 -83.392 -49.561
v 17.997 -80.288 -86.179
v 18.159 -79.916 -80.590
v 19.108 -78.492 -85.698
v 16.145 -78.743 -86.439
v 15.865 -90.985 -60.284
v 15.689 -91.114 -59.960
v 15.836 -89.799 -58.197
v 15.520 -90.777 -67.029
v 16.172 -87.403 -79.473
v 16.931 -87.976 -55.846
v 12.737 -89.339 -54.013
v 15.681 -88.461 -54.633
v 16.694 -86.662 -53.687
v 17.459 -87.272 -78.503
v 15.422 -87.205 -77.575
v 15.836 -86.491 -81.573
v 17.540 -85.331 -58.506
v 16.783 -85.364 -56.906
v 16.178 -85.481 -57.582
v 17.230 -84.998 -55.562
v 15.371 -84.112 -54.788
v 14.242 -85.913 -50.604
v 17.399 -84.159 -84.208
v 17.064 -84.062 -53.756
v 16.936 -83.006 -52.783
v 17.326 -83.035 -86.385
v 17.851 -82.814 -79.113
v 14.943 -83.837 -80.385
v 15.138 -83.701 -49.829
v 17.695 -81.841 -79.744
v 16.920 -81.067 -81.326
v 14.751 -83.048 -80.974
v 17.189 -81.841 -51.844
v 20.949 -79.827 -53.403
v 14.729 -82.640 -50.573
v 16.508 -80.881 -86.758
v 15.597 -81.474 -82.348
v 13.526 -93.451 -64.087
v 15.858 -91.585 -63.200
v 15.670 -91.139 -60.676
v 16.082 -90.125 -66.931
v 13.049 -89.743 -79.618
v 10.976 -90.958 -79.118
v 16.151 -88.390 -78.495
v 13.301 -91.337 -76.810
v 15.184 -90.521 -76.193
v 15.247 -90.493 -75.586
v 16.469 -89.623 -66.311
v 16.459 -89.015 -64.787
v 13.258 -90.833 -64.466
v 13.051 -91.007 -64.957
v 14.036 -90.211 -62.845
v 15.289 -89.900 -64.170
v 12.450 -89.734 -54.651
v 14.770 -89.458 -77.991
v 13.356 -88.905 -53.393
v 11.497 -89.900 -81.295
v 14.906 -87.252 -59.281
v 15.532 -85.850 -58.249
v 15.936 -86.824 -59.263
v 15.744 -84.164 -86.267
v 14.531 -85.617 -85.232
v 15.815 -85.551 -83.858
v 14.702 -85.574 -84.620
v 12.427 -86.922 -84.538
v 13.987 -86.955 -51.844
v 12.896 -84.822 -88.289
v 13.201 -84.165 -88.266
v 16.156 -83.317 -52.588
v 11.331 -83.868 -88.706
v 13.894 -82.560 -83.182
v 14.261 -81.377 -85.467
v 14.287 -92.729 -63.310
v 9.553 -93.757 -60.599
v 14.159 -92.224 -60.830
v 14.206 -92.361 -66.463
v 11.523 -94.242 -64.085
v 11.836 -92.317 -59.325
v 11.634 -92.119 -58.123
v 14.935 -90.327 -65.730
v 10.654 -91.567 -56.875
v 11.427 -90.674 -55.406
v 13.821 -88.600 -60.365
v 13.089 -87.883 -58.107
v 14.286 -86.454 -58.041
v 12.478 -86.336 -85.439
v 15.290 -85.288 -57.045
v 12.785 -86.635 -56.810
v 15.216 -84.940 -56.265
v 14.348 -85.477 -56.378
v 14.187 -83.701 -53.548
v 15.350 -83.584 -52.950
v 13.636 -83.740 -52.361
v 13.132 -84.594 -49.487
v 13.850 -80.609 -88.066
v 12.195 -82.083 -88.531
v 13.632 -82.621 -83.774
v 13.976 -79.887 -87.016
v 12.910 -91.665 -76.049
v 11.343 -91.426 -78.158
v 12.428 -91.004 -78.277
v 14.086 -90.701 -75.230
v 13.862 -91.019 -65.673
v 13.433 -91.067 -65.894
v 11.865 -91.497 -63.550
v 13.138 -90.312 -62.032
v 12.136 -90.283 -76.205
v 12.425 -88.562 -58.666
v 11.187 -88.969 -82.162
v 11.814 -88.191 -82.989
v 11.032 -87.480 -80.045
v 11.371 -85.865 -54.513
v 13.617 -83.667 -52.881
v 14.322 -83.124 -52.106
v 12.117 -84.436 -51.844
v 12.737 -84.011 -49.137
v 12.582 -83.547 -49.322
v 13.821 -82.962 -51.069
v 12.411 -83.395 -50.138
v 12.891 -82.307 -88.421
v 13.046 -80.265 -87.791
v 12.851 -81.146 -86.800
v 12.485 -80.588 -87.592
v 10.618 -92.781 -76.005
v 11.735 -91.732 -64.566
v 11.676 -91.429 -64.139
v 10.323 -91.139 -62.225
v 13.640 -90.416 -75.204
v 11.807 -89.394 -60.365
v 10.567 -87.988 -56.957
v 11.714 -88.062 -51.085
v 11.889 -87.685 -51.100
v 11.807 -87.392 -50.449
v 10.140 -86.777 -80.994
v 10.869 -85.565 -88.614
v 7.871 -86.202 -47.140
v 10.674 -84.273 -88.967
v 10.217 -84.321 -49.363
v 13.527 -82.184 -85.042
v 14.613 -81.855 -84.376
v 10.658 -82.382 -86.429
v 11.422 -83.448 -84.921
v 9.483 -83.563 -84.538
v 10.830 -83.692 -49.209
v 12.369 -81.817 -86.810
v 12.272 -82.070 -86.396
v 11.557 -81.377 -88.567
v 11.497 -80.973 -88.102
v 8.670 -92.826 -58.259
v 9.792 -91.802 -78.959
v 10.899 -92.211 -77.569
v 11.268 -91.595 -75.328
v 8.382 -91.493 -76.332
v 9.807 -91.842 -63.933
v 11.491 -91.188 -61.988
v 10.412 -90.877 -55.406
v 9.792 -90.828 -61.254
v 9.483 -90.820 -53.702
v 8.436 -90.718 -52.573
v 10.400 -89.207 -58.666
v 9.237 -90.204 -51.793
v 10.205 -87.539 -84.803
v 10.306 -87.674 -85.178
v 9.565 -88.815 -83.608
v 8.284 -88.850 -49.716
v 9.321 -87.860 -49.801
v 9.328 -86.147 -88.411
v 9.330 -85.950 -54.345
v 8.398 -85.871 -47.143
v 9.653 -84.234 -48.097
v 10.257 -84.355 -48.187
v 9.638 -82.617 -88.989
v 9.450 -82.668 -87.188
v 9.534 -81.518 -88.498
v 10.722 -82.307 -87.203
v 9.328 -82.307 -87.502
v 8.278 -95.323 -62.845
v 6.396 -95.473 -64.456
v 7.459 -92.811 -78.786
v 7.127 -93.756 -76.031
v 9.601 -92.840 -66.205
v 8.779 -91.457 -80.055
v 9.503 -92.797 -75.722
v 8.313 -91.730 -62.919
v 6.848 -92.105 -63.465
v 8.303 -91.580 -62.461
v 9.947 -91.629 -62.999
v 6.176 -90.909 -60.575
v 4.991 -91.044 -61.036
v 6.296 -92.882 -56.381
v 3.594 -91.017 -82.989
v 8.708 -88.895 -79.579
v 7.853 -89.435 -58.197
v 8.125 -89.280 -50.485
v 7.933 -87.903 -85.158
v 9.383 -87.392 -81.316
v 9.229 -88.758 -79.731
v 8.656 -87.109 -55.562
v 9.018 -86.571 -87.172
v 9.083 -85.343 -89.301
v 7.142 -84.481 -89.373
v 10.531 -85.799 -53.126
v 11.370 -85.607 -53.525
v 8.613 -85.481 -51.783
v 8.688 -84.802 -49.572
v 8.123 -85.483 -47.050
v 9.579 -84.679 -47.822
v 8.466 -84.188 -89.036
v 8.190 -83.562 -85.719
v 7.468 -83.984 -85.467
v 10.092 -83.433 -84.998
v 9.184 -84.574 -48.257
v 8.398 -82.045 -89.059
v 1.770 -93.781 -58.287
v 7.468 -92.614 -64.703
v 4.207 -92.674 -80.130
v 7.468 -90.897 -81.439
v 5.356 -91.492 -61.854
v 6.957 -91.654 -54.227
v 6.548 -91.393 -53.236
v 7.961 -91.508 -53.918
v 8.192 -90.507 -77.821
v 8.245 -90.985 -77.451
v 11.087 -89.783 -52.788
v 6.693 -90.920 -51.378
v 6.539 -89.125 -80.261
v 12.171 -87.921 -78.768
v 7.313 -87.420 -81.625
v 8.553 -87.729 -81.355
v 9.743 -85.993 -53.877
v 9.018 -85.802 -53.237
v 7.969 -86.434 -53.409
v 8.567 -86.187 -53.249
v 5.675 -87.567 -53.110
v 7.625 -86.093 -51.839
v 6.326 -86.229 -89.337
v 8.087 -85.207 -47.374
v 8.013 -83.641 -89.468
v 7.638 -82.921 -89.102
v 7.003 -82.036 -88.567
v 7.651 -93.482 -76.470
v 6.693 -93.856 -76.326
v 5.902 -93.622 -75.873
v 6.948 -93.308 -78.030
v 7.153 -93.308 -77.410
v 5.454 -92.844 -75.809
v 7.102 -92.348 -56.013
v 6.384 -91.491 -77.564
v 3.660 -92.122 -76.247
v 5.179 -91.091 -51.509
v 5.779 -88.674 -55.552
v 4.679 -89.992 -57.886
v 5.725 -89.468 -48.440
v 7.417 -88.030 -85.821
v 5.919 -87.026 -52.462
v 4.989 -86.603 -50.138
v 7.354 -86.020 -47.055
v 5.596 -87.559 -46.793
v 5.919 -85.561 -89.888
v 6.074 -85.704 -83.763
v 7.592 -84.476 -84.438
v 7.165 -85.634 -48.229
v 7.003 -85.301 -48.900
v 4.806 -84.423 -89.983
v 4.430 -83.313 -86.720
v 7.059 -84.643 -84.803
v 5.612 -84.489 -85.405
v 7.778 -82.307 -89.062
v 6.025 -82.551 -89.435
v 6.693 -82.845 -87.636
v 5.919 -82.462 -88.421
v 4.325 -96.371 -63.285
v 4.834 -94.548 -65.593
v 6.539 -94.660 -61.141
v 3.430 -93.821 -78.037
v 5.143 -94.066 -76.195
v 4.852 -93.643 -65.747
v 6.693 -94.519 -60.521
v 2.820 -93.866 -59.126
v 2.936 -92.844 -56.491
v 2.432 -91.091 -82.281
v 3.749 -91.704 -52.153
v 5.348 -87.760 -85.964
v 4.103 -87.329 -86.954
v 4.009 -87.802 -81.843
v 4.718 -86.319 -89.131
v 5.380 -87.340 -46.888
v 5.831 -82.201 -89.059
v 5.764 -82.771 -87.605
v 4.524 -95.478 -61.327
v 5.299 -93.407 -78.650
v 3.942 -93.297 -78.778
v 3.636 -93.715 -77.446
v 4.738 -94.043 -76.565
v 4.806 -93.634 -75.909
v 4.737 -93.936 -76.177
v 3.749 -93.618 -75.840
v 2.510 -94.477 -59.901
v 4.194 -93.397 -65.217
v 4.989 -92.999 -63.825
v 4.524 -92.562 -55.406
v 2.045 -92.477 -54.013
v 3.130 -92.534 -63.092
v 2.510 -90.683 -60.055
v 1.576 -90.593 -60.779
v 1.979 -91.197 -61.545
v 4.806 -91.676 -52.019
v 3.354 -89.465 -79.759
v 4.419 -88.155 -53.834
v 2.433 -88.469 -55.061
v 3.655 -89.158 -46.980
v 2.564 -87.575 -86.552
v 3.059 -87.630 -51.175
v 4.038 -87.270 -51.584
v 4.047 -87.259 -51.180
v 4.961 -87.265 -48.434
v 4.039 -88.413 -46.921
v 4.679 -86.025 -90.003
v 4.333 -86.250 -89.757
v 4.786 -86.612 -49.531
v 4.049 -87.190 -49.742
v 5.542 -86.181 -48.900
v 4.703 -81.816 -89.852
v 4.989 -83.604 -86.087
v 4.328 -82.388 -89.116
v 2.975 -95.701 -64.859
v 3.786 -96.205 -61.396
v 2.665 -96.392 -61.914
v 10.722 -94.367 -62.534
v 3.594 -95.013 -60.985
v 0.152 -95.943 -60.568
v 0.960 -95.478 -60.552
v 3.130 -94.237 -76.800
v 2.674 -93.672 -65.845
v 2.526 -93.287 -65.372
v 2.850 -93.153 -64.394
v 3.275 -92.785 -79.841
v 2.263 -92.618 -76.049
v 1.779 -91.705 -81.908
v 4.115 -91.141 -51.028
v 2.818 -91.750 -50.395
v 2.200 -92.069 -51.574
v 1.735 -90.793 -48.280
v 1.336 -89.249 -80.145
v 3.120 -89.785 -57.742
v 3.285 -90.209 -48.537
v 3.126 -89.590 -47.969
v 3.300 -89.358 -47.207
v 3.749 -89.800 -47.969
v 2.045 -89.261 -80.508
v 9.018 -89.310 -79.115
v 0.512 -88.615 -81.107
v 2.472 -88.360 -53.553
v 2.610 -88.146 -53.537
v 2.885 -89.468 -48.262
v 3.594 -88.195 -48.879
v 3.373 -88.987 -47.135
v 5.094 -86.951 -88.007
v 8.564 -87.164 -86.436
v 2.430 -88.137 -81.157
v 2.200 -87.844 -81.748
v 2.545 -88.196 -52.614
v 3.594 -87.288 -49.984
v 2.631 -85.375 -90.489
v 2.176 -87.099 -88.189
v 1.890 -86.800 -82.595
v 0.396 -84.032 -85.120
v 3.068 -84.026 -90.942
v 4.369 -82.962 -87.636
v 1.802 -83.180 -86.720
v 3.130 -81.841 -89.682
v 0.397 -95.913 -64.052
v 2.500 -96.664 -61.450
v 0.216 -96.391 -61.523
v 1.598 -93.518 -78.508
v 2.457 -93.899 -77.055
v 1.706 -93.337 -78.061
v 1.674 -93.635 -77.564
v 2.602 -94.117 -76.362
v 1.598 -94.153 -76.123
v 0.134 -93.359 -57.281
v 2.089 -93.106 -57.235
v 2.820 -92.769 -80.508
v 2.132 -92.020 -76.120
v 1.735 -92.844 -75.819
v 1.813 -92.674 -63.900
v 0.365 -93.075 -54.379
v 0.657 -90.699 -83.748
v 1.735 -91.792 -49.984
v 2.510 -89.869 -57.732
v 2.497 -89.799 -48.427
v 2.201 -89.325 -50.197
v 2.772 -89.873 -48.365
v 1.379 -90.379 -47.976
v 2.200 -89.063 -56.491
v 1.972 -89.256 -57.309
v 1.975 -88.665 -53.735
v 2.956 -88.660 -49.984
v 1.916 -88.523 -51.731
v 1.195 -88.916 -52.420
v 2.355 -86.989 -87.481
v 1.762 -82.043 -91.218
v 2.963 -82.245 -89.582
v 2.051 -82.242 -88.385
v 2.820 -82.974 -87.172
v 3.800 -83.121 -87.278
v 0.205 -82.716 -87.132
v 2.284 -81.840 -90.354
v 2.654 -81.607 -90.178
v 1.735 -81.930 -90.425
v 3.636 -82.578 -88.465
v 0.805 -95.992 -64.703
v 0.960 -94.393 -65.902
v 0.338 -96.673 -62.065
v 1.425 -96.603 -61.141
v 0.741 -92.800 -79.468
v 0.341 -92.963 -79.270
v 0.419 -93.357 -78.393
v 3.749 -93.740 -76.944
v 1.908 -94.190 -76.342
v 1.195 -93.882 -76.218
v 0.650 -92.999 -75.840
v 1.585 -93.180 -65.917
v 0.124 -93.956 -58.028
v 0.451 -92.030 -81.643
v 0.681 -92.170 -80.973
v 0.805 -92.680 -80.029
v 0.352 -91.668 -65.117
v 1.115 -92.307 -63.929
v 1.964 -93.153 -56.646
v 0.781 -93.146 -55.889
v 0.697 -92.673 -51.613
v 0.628 -92.054 -50.717
v 0.137 -91.389 -76.229
v 1.494 -90.933 -61.712
v 0.578 -90.728 -61.779
v 0.543 -91.271 -48.785
v 1.192 -90.659 -61.538
v 1.458 -89.548 -57.176
v 1.253 -89.523 -57.567
v 0.376 -90.020 -50.203
v 1.270 -89.935 -49.829
v 0.788 -90.453 -47.766
v 0.547 -88.448 -85.606
v 0.154 -88.856 -80.565
v 1.350 -88.951 -56.896
v 0.678 -89.426 -57.565
v 0.960 -88.905 -55.717
v 0.876 -88.660 -56.026
v 0.678 -89.454 -56.996
v 0.960 -88.733 -54.942
v 1.115 -87.420 -82.090
v 0.375 -86.806 -82.865
v 1.259 -88.047 -81.800
v 0.214 -87.725 -82.752
v 1.056 -85.196 -90.117
v 1.101 -86.044 -89.195
v 0.495 -85.715 -83.071
v 0.485 -84.333 -91.874
v 0.220 -84.590 -84.383
v 1.074 -83.547 -92.131
v 0.495 -82.484 -91.355
v 0.805 -82.208 -90.116
v 2.121 -81.832 -89.419
v 1.580 -82.307 -89.671
v 1.733 -81.894 -89.844
v 0.252 -82.382 -89.213
v 0.383 -82.289 -89.929
v 1.153 -82.126 -88.884
v 1.580 -82.943 -88.102
v 0.415 -82.673 -88.549
v 0.243 -95.632 -64.703
v 0.495 -96.649 -62.690
v 0.090 -95.632 -63.774
v 0.093 -96.546 -62.524
v 0.195 -96.223 -60.910
v 0.114 -95.150 -60.452
v 0.120 -94.844 -65.014
v 0.503 -93.391 -77.880
v 0.119 -93.271 -77.809
v 0.135 -93.749 -77.551
v 0.096 -93.321 -76.221
v 0.262 -93.794 -76.354
v 0.189 -94.210 -65.616
v 0.946 -93.338 -56.224
v 0.113 -91.849 -81.306
v 0.129 -92.336 -79.914
v 0.116 -93.083 -78.802
v 0.118 -91.367 -76.982
v 0.117 -91.857 -75.789
v 0.313 -92.478 -66.100
v 0.137 -91.679 -63.969
v 0.176 -94.114 -58.560
v 0.102 -89.280 -56.337
v 0.090 -92.688 -56.182
v 0.495 -93.089 -56.491
v 0.090 -92.844 -53.393
v 0.127 -92.999 -55.562
v 0.175 -91.087 -49.618
v 0.495 -91.449 -82.844
v 0.228 -91.438 -82.574
v 0.431 -90.843 -83.344
v 0.206 -90.209 -83.452
v 0.136 -91.293 -82.059
v 0.112 -91.759 -81.594
v 0.341 -91.582 -64.394
v 0.239 -90.310 -60.838
v 0.238 -89.311 -54.467
v 0.253 -90.930 -48.597
v 0.150 -90.554 -48.854
v 0.216 -90.251 -83.912
v 0.182 -88.156 -82.436
v 0.110 -90.069 -79.450
v 0.341 -89.883 -59.590
v 0.847 -89.996 -57.088
v 0.619 -89.911 -57.305
v 0.133 -88.232 -85.433
v 0.650 -89.590 -84.630
v 0.194 -88.815 -84.538
v 0.368 -89.097 -56.785
v 0.341 -88.976 -55.562
v 0.882 -88.939 -55.203
v 0.104 -88.394 -85.994
v 0.090 -87.884 -86.552
v 0.102 -87.109 -86.241
v 0.205 -87.223 -82.791
v 0.335 -87.258 -86.653
v 0.406 -86.336 -88.411
v 0.582 -86.491 -88.722
v 0.186 -85.618 -88.722
v 0.102 -84.541 -85.053
v 0.129 -85.249 -83.835
v 0.341 -85.395 -89.805
v 0.102 -85.516 -89.362
v 0.180 -84.574 -90.246
v 0.112 -83.855 -91.820
v 0.112 -83.113 -92.188
v 0.100 -83.081 -88.722
v 0.495 -82.535 -87.636
v -32.091 -71.001 -68.786
v -31.763 -71.460 -67.029
v -31.911 -70.686 -67.958
v -30.797 -73.009 -71.211
v -30.486 -73.533 -70.858
v -30.486 -74.790 -66.828
v -30.981 -73.475 -69.662
v -30.768 -74.249 -67.338
v -30.941 -72.963 -69.021
v -30.429 -73.592 -66.548
v -29.834 -74.557 -64.548
v -31.087 -73.136 -65.910
v -31.189 -73.362 -63.779
v -30.808 -73.370 -64.623
v -29.987 -74.461 -62.379
v -30.560 -72.595 -72.086
v -31.686 -71.670 -70.763
v -31.607 -70.886 -71.318
v -29.102 -73.164 -76.015
v -30.888 -72.291 -70.987
v -31.227 -72.506 -68.112
v -31.736 -72.666 -66.313
v -29.977 -74.733 -64.286
v -31.242 -73.009 -63.619
v -30.605 -73.637 -62.417
v -30.569 -72.224 -63.586
v -31.661 -71.460 -69.353
v -31.618 -70.531 -71.056
v -29.249 -69.465 -73.645
v -31.661 -69.892 -68.956
v -31.516 -71.151 -65.943
v -30.920 -69.743 -68.882
v -30.917 -69.601 -69.839
v -30.762 -69.433 -68.423
v -30.591 -69.757 -67.253
v -30.145 -75.129 -68.390
v -29.709 -75.318 -68.100
v -28.361 -77.709 -63.905
v -29.325 -75.191 -70.928
v -29.832 -74.577 -71.087
v -29.533 -75.111 -68.916
v -29.348 -75.484 -70.282
v -29.378 -75.489 -69.353
v -30.384 -74.862 -68.804
v -29.938 -75.105 -66.151
v -30.142 -74.468 -67.493
v -29.143 -76.108 -67.183
v -30.142 -75.198 -65.323
v -27.278 -78.091 -60.974
v -29.670 -75.179 -63.154
v -29.864 -74.868 -64.379
v -29.948 -74.714 -64.240
v -29.457 -75.193 -63.488
v -29.091 -75.661 -61.761
v -30.323 -73.990 -61.689
v -29.550 -74.874 -60.506
v -27.172 -77.039 -58.661
v -29.835 -74.303 -61.062
v -28.928 -75.179 -73.846
v -29.961 -74.590 -71.429
v -29.535 -74.248 -72.914
v -30.142 -73.740 -72.142
v -30.112 -73.884 -71.214
v -30.518 -74.249 -70.282
v -30.248 -73.856 -70.001
v -30.607 -74.171 -68.423
v -30.424 -74.405 -65.634
v -29.971 -74.912 -64.329
v -30.142 -74.249 -65.521
v -28.708 -73.133 -60.421
v -29.212 -71.924 -75.447
v -30.235 -70.623 -65.192
v -28.958 -71.873 -62.682
v -28.902 -72.458 -62.070
v -30.087 -69.877 -66.767
v -28.938 -69.982 -72.160
v -29.213 -70.206 -68.308
v -30.056 -69.143 -70.691
v -30.340 -69.067 -68.997
v -28.044 -78.433 -65.478
v -28.054 -77.322 -64.929
v -27.638 -76.728 -74.188
v -28.193 -76.178 -73.581
v -28.747 -75.461 -72.142
v -27.844 -77.205 -70.747
v -28.437 -76.108 -70.531
v -29.005 -75.965 -69.404
v -28.592 -76.581 -68.267
v -29.077 -76.937 -67.472
v -26.888 -79.443 -65.478
v -25.278 -78.950 -58.076
v -27.205 -76.201 -76.298
v -25.251 -78.550 -77.216
v -28.424 -75.501 -73.534
v -28.128 -75.953 -72.276
v -27.881 -75.644 -76.170
v -25.696 -75.338 -80.667
v -27.973 -70.686 -75.881
v -28.924 -71.882 -65.173
v -28.398 -72.503 -64.749
v -29.061 -71.151 -67.029
v -28.308 -71.615 -68.440
v -26.795 -74.161 -62.364
v -28.370 -72.898 -63.434
v -28.933 -71.460 -63.774
v -27.907 -72.933 -61.201
v -27.153 -74.161 -60.395
v -27.508 -73.868 -59.590
v -28.517 -70.646 -69.198
v -28.610 -71.080 -67.554
v -27.353 -72.943 -65.789
v -29.119 -71.305 -64.859
v -26.356 -71.673 -76.766
v -27.973 -71.460 -69.404
v -29.057 -69.365 -73.382
v -26.521 -79.208 -69.507
v -27.028 -79.064 -68.794
v -27.019 -79.055 -67.860
v -26.524 -79.827 -66.098
v -23.944 -83.052 -61.759
v -26.396 -79.278 -60.696
v -25.208 -80.989 -59.916
v -26.934 -77.658 -73.993
v -27.705 -76.685 -73.153
v -27.353 -76.883 -73.246
v -26.996 -77.967 -72.917
v -27.353 -77.349 -73.040
v -26.423 -78.277 -73.835
v -26.763 -78.152 -71.674
v -25.278 -78.514 -78.514
v -25.436 -78.927 -76.802
v -26.884 -77.812 -74.775
v -27.480 -76.912 -72.858
v -26.198 -76.615 -78.964
v -24.778 -78.331 -79.828
v -26.530 -76.130 -57.508
v -27.574 -74.405 -78.030
v -25.808 -72.729 -79.162
v -26.334 -75.749 -79.792
v -26.250 -75.602 -60.066
v -26.296 -75.380 -58.661
v -27.198 -74.721 -58.815
v -26.914 -72.910 -66.172
v -26.659 -73.009 -68.578
v -25.932 -74.783 -62.403
v -25.934 -72.194 -74.711
v -26.736 -71.169 -76.985
v -24.099 -83.855 -68.897
v -25.134 -82.307 -65.634
v -26.697 -80.005 -66.779
v -26.289 -79.118 -71.789
v -25.548 -80.293 -72.142
v -26.783 -78.743 -71.522
v -26.004 -80.836 -62.497
v -25.332 -80.903 -61.484
v -25.541 -79.983 -58.970
v -23.945 -81.067 -74.775
v -26.977 -77.808 -71.120
v -25.708 -77.127 -70.734
v -24.204 -79.208 -55.717
v -24.378 -79.101 -79.358
v -25.758 -76.720 -70.923
v -25.584 -76.559 -71.247
v -26.094 -75.660 -69.587
v -25.324 -77.225 -67.809
v -24.974 -77.234 -67.294
v -24.355 -77.464 -55.637
v -26.906 -72.235 -70.438
v -26.254 -74.791 -69.756
v -25.742 -75.333 -71.831
v -25.803 -75.854 -70.747
v -25.353 -76.380 -70.151
v -25.958 -75.381 -68.423
v -25.195 -76.619 -66.790
v -26.448 -73.904 -68.419
v -25.630 -75.543 -66.275
v -25.368 -75.590 -61.494
v -25.882 -75.263 -61.739
v -25.406 -75.227 -62.446
v -26.021 -74.989 -61.479
v -25.853 -75.198 -61.005
v -25.994 -75.401 -61.380
v -25.743 -75.748 -61.399
v -25.219 -77.033 -60.426
v -24.418 -78.069 -58.038
v -26.032 -74.405 -68.732
v -26.484 -73.586 -66.154
v -25.969 -73.825 -66.128
v -24.775 -76.949 -64.934
v -23.600 -75.046 -81.998
v -23.479 -73.851 -80.974
v -24.667 -72.875 -76.226
v -25.493 -72.545 -73.599
v -25.588 -72.071 -78.408
v -23.846 -83.094 -61.195
v -24.572 -82.307 -60.830
v -23.775 -83.099 -60.312
v -24.877 -80.854 -72.171
v -24.099 -82.617 -70.778
v -21.742 -86.608 -62.225
v -22.197 -84.576 -61.849
v -23.084 -82.927 -58.352
v -22.542 -82.543 -56.512
v -20.192 -84.785 -76.790
v -24.719 -80.757 -73.081
v -25.582 -78.588 -70.902
v -24.190 -80.464 -71.695
v -25.571 -77.967 -71.522
v -24.769 -79.227 -71.870
v -25.720 -77.967 -70.438
v -25.435 -78.210 -70.079
v -25.245 -78.277 -69.198
v -24.907 -78.851 -68.565
v -25.576 -77.124 -69.530
v -23.657 -81.996 -69.198
v -24.956 -78.024 -67.438
v -24.465 -78.942 -66.695
v -23.214 -80.293 -55.406
v -22.859 -79.983 -81.221
v -25.372 -77.678 -71.422
v -23.541 -79.598 -72.762
v -25.322 -77.003 -69.252
v -24.874 -78.123 -68.226
v -24.709 -76.975 -66.007
v -24.054 -78.433 -65.634
v -22.901 -79.566 -63.447
v -24.564 -77.967 -59.291
v -21.952 -81.221 -59.435
v -23.864 -78.479 -60.437
v -22.859 -79.673 -54.301
v -23.968 -76.952 -82.415
v -25.630 -76.246 -71.023
v -24.345 -77.504 -72.606
v -24.933 -76.264 -65.951
v -24.619 -76.561 -62.420
v -25.174 -75.339 -63.460
v -25.882 -74.714 -63.465
v -22.508 -78.442 -54.953
v -25.029 -76.476 -57.112
v -23.161 -75.800 -75.191
v -24.589 -74.353 -74.181
v -24.217 -74.387 -75.389
v -24.237 -73.366 -76.587
v -22.317 -74.478 -79.803
v -24.267 -73.289 -75.608
v -22.407 -86.174 -68.231
v -20.878 -87.844 -66.334
v -22.430 -84.064 -69.901
v -23.634 -82.462 -70.840
v -23.374 -82.101 -70.534
v -22.321 -83.547 -69.507
v -23.818 -82.762 -60.060
v -23.020 -83.650 -59.131
v -21.354 -84.831 -58.607
v -20.238 -84.862 -74.440
v -23.944 -81.048 -72.762
v -20.219 -84.574 -74.226
v -23.479 -80.757 -72.803
v -22.894 -80.603 -73.846
v -24.252 -80.585 -72.042
v -24.427 -80.787 -72.075
v -24.147 -80.241 -72.088
v -23.054 -80.944 -73.066
v -23.047 -81.687 -67.649
v -22.085 -83.081 -67.122
v -22.259 -81.872 -64.716
v -22.507 -80.777 -64.490
v -19.393 -81.996 -84.538
v -23.642 -78.728 -73.797
v -21.465 -81.221 -75.881
v -23.698 -79.045 -64.649
v -22.626 -79.827 -62.070
v -21.459 -81.218 -57.230
v -21.057 -79.636 -84.638
v -22.710 -78.743 -75.240
v -22.667 -79.579 -56.311
v -23.070 -77.864 -54.999
v -23.060 -78.192 -54.665
v -22.239 -78.277 -83.732
v -21.599 -80.034 -76.828
v -22.549 -75.780 -82.834
v -22.367 -74.174 -82.078
v -23.789 -73.117 -80.199
v -22.828 -74.559 -78.030
v -22.488 -74.933 -77.590
v -20.715 -87.888 -67.652
v -20.675 -87.602 -62.744
v -18.178 -90.064 -64.085
v -20.973 -87.489 -62.214
v -19.795 -86.955 -58.506
v -20.053 -87.492 -68.239
v -18.521 -87.549 -57.421
v -19.655 -85.249 -55.554
v -20.720 -85.096 -56.646
v -22.459 -82.760 -68.153
v -21.334 -84.243 -66.102
v -21.042 -84.631 -63.465
v -21.465 -82.351 -79.270
v -20.265 -83.237 -76.326
v -22.219 -81.416 -63.866
v -21.814 -82.103 -62.094
v -22.004 -81.922 -61.617
v -21.121 -80.724 -56.247
v -22.834 -79.529 -56.803
v -21.491 -80.370 -55.817
v -22.762 -78.487 -54.608
v -18.831 -81.841 -51.450
v -21.873 -77.039 -76.790
v -19.450 -75.953 -83.504
v -21.173 -84.839 -67.806
v -21.633 -84.438 -67.515
v -20.154 -86.232 -66.262
v -20.683 -85.464 -64.824
v -21.465 -84.321 -65.478
v -20.188 -85.904 -63.153
v -21.238 -84.785 -64.240
v -19.145 -87.985 -59.868
v -20.033 -87.434 -59.638
v -19.208 -87.635 -67.691
v -21.455 -83.471 -63.457
v -21.354 -83.848 -61.939
v -20.959 -84.631 -62.534
v -20.967 -83.547 -60.830
v -20.306 -85.404 -61.934
v -20.225 -83.701 -54.487
v -20.176 -84.086 -74.201
v -17.957 -86.101 -76.646
v -20.535 -83.446 -59.126
v -21.074 -82.771 -59.126
v -19.815 -84.549 -57.606
v -21.094 -83.209 -58.004
v -18.945 -84.165 -52.927
v -20.070 -82.510 -54.942
v -20.076 -80.857 -84.877
v -21.896 -80.041 -55.704
v -20.345 -81.558 -54.777
v -21.225 -80.136 -55.246
v -19.184 -80.911 -53.082
v -18.605 -82.507 -51.168
v -20.690 -76.883 -84.414
v -18.808 -78.854 -79.981
v -18.459 -78.056 -81.679
v -19.432 -89.308 -67.211
v -15.827 -91.808 -62.446
v -19.773 -88.326 -62.147
v -20.015 -88.325 -61.213
v -19.413 -88.660 -61.296
v -17.428 -89.674 -60.148
v -17.532 -90.834 -66.798
v -19.171 -88.080 -59.427
v -19.164 -86.851 -65.176
v -19.630 -86.487 -64.311
v -17.629 -87.259 -61.604
v -19.140 -86.560 -63.465
v -19.605 -85.848 -62.070
v -17.015 -89.124 -57.639
v -18.831 -86.918 -56.491
v -17.050 -87.898 -55.333
v -19.432 -86.044 -74.316
v -20.061 -84.321 -57.112
v -19.568 -85.005 -54.631
v -17.126 -85.836 -53.393
v -18.810 -86.254 -74.587
v -18.986 -84.656 -58.197
v -18.941 -84.646 -55.503
v -18.392 -85.276 -56.579
v -18.319 -83.604 -82.966
v -18.056 -84.479 -82.368
v -19.531 -81.871 -78.063
v -19.605 -81.458 -85.217
v -17.496 -83.974 -83.730
v -18.366 -81.335 -51.844
v -17.740 -81.377 -86.552
v -18.126 -79.493 -86.149
v -13.990 -79.910 -87.445
v -19.605 -76.388 -84.538
v -17.165 -91.026 -64.867
v -17.100 -90.327 -60.503
v -16.887 -88.896 -66.142
v -16.278 -88.395 -63.993
v -16.824 -88.083 -63.311
v -19.267 -85.406 -77.875
v -17.913 -86.760 -77.721
v -17.492 -87.824 -77.132
v -18.691 -87.669 -74.813
v -16.716 -89.173 -74.772
v -17.267 -88.261 -74.824
v -17.198 -86.787 -59.798
v -18.270 -84.996 -80.328
v -18.521 -85.332 -59.435
v -18.608 -84.232 -55.032
v -19.015 -83.855 -81.128
v -15.615 -86.181 -81.903
v -17.746 -83.392 -78.174
v -17.591 -84.453 -54.788
v -18.676 -83.701 -54.065
v -17.570 -83.980 -53.524
v -18.831 -82.689 -53.702
v -18.571 -82.277 -85.683
v -17.702 -82.969 -85.565
v -14.182 -83.392 -49.561
v -17.893 -80.288 -86.179
v -18.055 -79.916 -80.590
v -19.004 -78.492 -85.698
v -16.041 -78.743 -86.439
v -15.761 -90.985 -60.284
v -15.585 -91.114 -59.960
v -15.732 -89.799 -58.197
v -15.416 -90.777 -67.029
v -16.068 -87.403 -79.473
v -16.827 -87.976 -55.846
v -12.633 -89.339 -54.013
v -15.577 -88.461 -54.633
v -16.590 -86.662 -53.687
v -17.355 -87.272 -78.503
v -15.318 -87.205 -77.575
v -15.732 -86.491 -81.573
v -17.436 -85.331 -58.506
v -16.679 -85.364 -56.906
v -16.074 -85.481 -57.582
v -17.126 -84.998 -55.562
v -15.267 -84.112 -54.788
v -14.138 -85.913 -50.604
v -17.295 -84.159 -84.208
v -16.960 -84.062 -53.756
v -16.832 -83.006 -52.783
v -17.222 -83.035 -86.385
v -17.747 -82.814 -79.113
v -14.839 -83.837 -80.385
v -15.034 -83.701 -49.829
v -17.591 -81.841 -79.744
v -16.816 -81.067 -81.326
v -14.647 -83.048 -80.974
v -17.085 -81.841 -51.844
v -20.845 -79.827 -53.403
v -14.625 -82.640 -50.573
v -16.404 -80.881 -86.758
v -15.493 -81.474 -82.348
v -13.422 -93.451 -64.087
v -15.754 -91.585 -63.200
v -15.566 -91.139 -60.676
v -15.978 -90.125 -66.931
v -12.945 -89.743 -79.618
v -10.872 -90.958 -79.118
v -16.047 -88.390 -78.495
v -13.197 -91.337 -76.810
v -15.080 -90.521 -76.193
v -15.143 -90.493 -75.586
v -16.365 -89.623 -66.311
v -16.355 -89.015 -64.787
v -13.154 -90.833 -64.466
v -12.947 -91.007 -64.957
v -13.932 -90.211 -62.845
v -15.185 -89.900 -64.170
v -12.346 -89.734 -54.651
v -14.666 -89.458 -77.991
v -13.252 -88.905 -53.393
v -11.393 -89.900 -81.295
v -14.802 -87.252 -59.281
v -15.428 -85.850 -58.249
v -15.832 -86.824 -59.263
v -15.640 -84.164 -86.267
v -14.427 -85.617 -85.232
v -15.711 -85.551 -83.858
v -14.598 -85.574 -84.620
v -12.323 -86.922 -84.538
v -13.883 -86.955 -51.844
v -12.792 -84.822 -88.289
v -13.097 -84.165 -88.266
v -16.052 -83.317 -52.588
v -11.227 -83.868 -88.706
v -13.790 -82.560 -83.182
v -14.157 -81.377 -85.467
v -14.183 -92.729 -63.310
v -9.449 -93.757 -60.599
v -14.055 -92.224 -60.830
v -14.102 -92.361 -66.463
v -11.419 -94.242 -64.085
v -11.732 -92.317 -59.325
v -11.530 -92.119 -58.123
v -14.831 -90.327 -65.730
v -10.550 -91.567 -56.875
v -11.323 -90.674 -55.406
v -13.717 -88.600 -60.365
v -12.985 -87.883 -58.107
v -14.182 -86.454 -58.041
v -12.374 -86.336 -85.439
v -15.186 -85.288 -57.045
v -12.681 -86.635 -56.810
v -15.112 -84.940 -56.265
v -14.244 -85.477 -56.378
v -14.083 -83.701 -53.548
v -15.246 -83.584 -52.950
v -13.532 -83.740 -52.361
v -13.028 -84.594 -49.487
v -13.746 -80.609 -88.066
v -12.091 -82.083 -88.531
v -13.528 -82.621 -83.774
v -13.872 -79.887 -87.016
v -12.806 -91.665 -76.049
v -11.239 -91.426 -78.158
v -12.324 -91.004 -78.277
v -13.982 -90.701 -75.230
v -13.758 -91.019 -65.673
v -13.329 -91.067 -65.894
v -11.761 -91.497 -63.550
v -13.034 -90.312 -62.032
v -12.032 -90.283 -76.205
v -12.321 -88.562 -58.666
v -11.083 -88.969 -82.162
v -11.710 -88.191 -82.989
v -10.928 -87.480 -80.045
v -11.267 -85.865 -54.513
v -13.513 -83.667 -52.881
v -14.218 -83.124 -52.106
v -12.013 -84.436 -51.844
v -12.633 -84.011 -49.137
v -12.478 -83.547 -49.322
v -13.717 -82.962 -51.069
v -12.307 -83.395 -50.138
v -12.788 -82.307 -88.421
v -12.942 -80.265 -87.791
v -12.747 -81.146 -86.800
v -12.381 -80.588 -87.592
v -10.514 -92.781 -76.005
v -11.631 -91.732 -64.566
v -11.572 -91.429 -64.139
v -10.219 -91.139 -62.225
v -13.536 -90.416 -75.204
v -11.703 -89.394 -60.365
v -10.463 -87.988 -56.957
v -11.610 -88.062 -51.085
v -11.785 -87.685 -51.100
v -11.703 -87.392 -50.449
v -10.036 -86.777 -80.994
v -10.765 -85.565 -88.614
v -7.767 -86.202 -47.140
v -10.570 -84.273 -88.967
v -10.113 -84.321 -49.363
v -13.423 -82.184 -85.042
v -14.509 -81.855 -84.376
v -10.554 -82.382 -86.429
v -11.318 -83.448 -84.921
v -9.379 -83.563 -84.538
v -10.726 -83.692 -49.209
v -12.265 -81.817 -86.810
v -12.168 -82.070 -86.396
v -11.453 -81.377 -88.567
v -11.393 -80.973 -88.102
v -8.566 -92.826 -58.259
v -9.689 -91.802 -78.959
v -10.795 -92.211 -77.569
v -11.164 -91.595 -75.328
v -8.278 -91.493 -76.332
v -9.703 -91.842 -63.933
v -11.387 -91.188 -61.988
v -10.308 -90.877 -55.406
v -9.689 -90.828 -61.254
v -9.379 -90.820 -53.702
v -8.332 -90.718 -52.573
v -10.296 -89.207 -58.666
v -9.133 -90.204 -51.793
v -10.101 -87.539 -84.803
v -10.202 -87.674 -85.178
v -9.461 -88.815 -83.608
v -8.180 -88.850 -49.716
v -9.217 -87.860 -49.801
v -9.224 -86.147 -88.411
v -9.226 -85.950 -54.345
v -8.294 -85.871 -47.143
v -9.549 -84.234 -48.097
v -10.153 -84.355 -48.187
v -9.534 -82.617 -88.989
v -9.346 -82.668 -87.188
v -9.430 -81.518 -88.498
v -10.618 -82.307 -87.203
v -9.224 -82.307 -87.502
v -8.174 -95.323 -62.845
v -6.292 -95.473 -64.456
v -7.355 -92.811 -78.786
v -7.023 -93.756 -76.031
v -9.497 -92.840 -66.205
v -8.675 -91.457 -80.055
v -9.399 -92.797 -75.722
v -8.209 -91.730 -62.919
v -6.744 -92.105 -63.465
v -8.199 -91.580 -62.461
v -9.843 -91.629 -62.999
v -6.072 -90.909 -60.575
v -4.887 -91.044 -61.036
v -6.192 -92.882 -56.381
v -3.490 -91.017 -82.989
v -8.604 -88.895 -79.579
v -7.749 -89.435 -58.197
v -8.021 -89.280 -50.485
v -7.829 -87.903 -85.158
v -9.279 -87.392 -81.316
v -9.125 -88.758 -79.731
v -8.552 -87.109 -55.562
v -8.914 -86.571 -87.172
v -8.979 -85.343 -89.301
v -7.038 -84.481 -89.373
v -10.427 -85.799 -53.126
v -11.266 -85.607 -53.525
v -8.509 -85.481 -51.783
v -8.584 -84.802 -49.572
v -8.019 -85.483 -47.050
v -9.475 -84.679 -47.822
v -8.362 -84.188 -89.036
v -8.086 -83.562 -85.719
v -7.364 -83.984 -85.467
v -9.988 -83.433 -84.998
v -9.080 -84.574 -48.257
v -8.294 -82.045 -89.059
v -1.666 -93.781 -58.287
v -7.364 -92.614 -64.703
v -4.103 -92.674 -80.130
v -7.364 -90.897 -81.439
v -5.252 -91.492 -61.854
v -6.854 -91.654 -54.227
v -6.444 -91.393 -53.236
v -7.857 -91.508 -53.918
v -8.088 -90.507 -77.821
v -8.141 -90.985 -77.451
v -10.983 -89.783 -52.788
v -6.589 -90.920 -51.378
v -6.435 -89.125 -80.261
v -12.067 -87.921 -78.768
v -7.209 -87.420 -81.625
v -8.449 -87.729 -81.355
v -9.639 -85.993 -53.877
v -8.914 -85.802 -53.237
v -7.865 -86.434 -53.409
v -8.463 -86.187 -53.249
v -5.571 -87.567 -53.110
v -7.521 -86.093 -51.839
v -6.222 -86.229 -89.337
v -7.983 -85.207 -47.374
v -7.909 -83.641 -89.468
v -7.534 -82.921 -89.102
v -6.899 -82.036 -88.567
v -7.547 -93.482 -76.470
v -6.589 -93.856 -76.326
v -5.798 -93.622 -75.873
v -6.844 -93.308 -78.030
v -7.049 -93.308 -77.410
v -5.350 -92.844 -75.809
v -6.998 -92.348 -56.013
v -6.280 -91.491 -77.564
v -3.556 -92.122 -76.247
v -5.075 -91.091 -51.509
v -5.675 -88.674 -55.552
v -4.575 -89.992 -57.886
v -5.621 -89.468 -48.440
v -7.313 -88.030 -85.821
v -5.815 -87.026 -52.462
v -4.885 -86.603 -50.138
v -7.250 -86.020 -47.055
v -5.492 -87.559 -46.793
v -5.815 -85.561 -89.888
v -5.970 -85.704 -83.763
v -7.488 -84.476 -84.438
v -7.061 -85.634 -48.229
v -6.899 -85.301 -48.900
v -4.702 -84.423 -89.983
v -4.326 -83.313 -86.720
v -6.955 -84.643 -84.803
v -5.508 -84.489 -85.405
v -7.674 -82.307 -89.062
v -5.921 -82.551 -89.435
v -6.589 -82.845 -87.636
v -5.815 -82.462 -88.421
v -4.221 -96.371 -63.285
v -4.730 -94.548 -65.593
v -6.435 -94.660 -61.141
v -3.326 -93.821 -78.037
v -5.039 -94.066 -76.195
v -4.748 -93.643 -65.747
v -6.589 -94.519 -60.521
v -2.716 -93.866 -59.126
v -2.832 -92.844 -56.491
v -2.328 -91.091 -82.281
v -3.645 -91.704 -52.153
v -5.244 -87.760 -85.964
v -3.999 -87.329 -86.954
v -3.905 -87.802 -81.843
v -4.614 -86.319 -89.131
v -5.276 -87.340 -46.888
v -5.727 -82.201 -89.059
v -5.660 -82.771 -87.605
v -4.420 -95.478 -61.327
v -5.195 -93.407 -78.650
v -3.838 -93.297 -78.778
v -3.532 -93.715 -77.446
v -4.634 -94.043 -76.565
v -4.702 -93.634 -75.909
v -4.633 -93.936 -76.177
v -3.645 -93.618 -75.840
v -2.406 -94.477 -59.901
v -4.090 -93.397 -65.217
v -4.885 -92.999 -63.825
v -4.420 -92.562 -55.406
v -1.941 -92.477 -54.013
v -3.026 -92.534 -63.092
v -2.406 -90.683 -60.055
v -1.472 -90.593 -60.779
v -1.876 -91.197 -61.545
v -4.702 -91.676 -52.019
v -3.250 -89.465 -79.759
v -4.315 -88.155 -53.834
v -2.329 -88.469 -55.061
v -3.551 -89.158 -46.980
v -2.460 -87.575 -86.552
v -2.955 -87.630 -51.175
v -3.934 -87.270 -51.584
v -3.943 -87.259 -51.180
v -4.857 -87.265 -48.434
v -3.935 -88.413 -46.921
v -4.575 -86.025 -90.003
v -4.229 -86.250 -89.757
v -4.682 -86.612 -49.531
v -3.945 -87.190 -49.742
v -5.438 -86.181 -48.900
v -4.599 -81.816 -89.852
v -4.885 -83.604 -86.087
v -4.224 -82.388 -89.116
v -2.871 -95.701 -64.859
v -3.682 -96.205 -61.396
v -2.561 -96.392 -61.914
v -10.618 -94.367 -62.534
v -3.490 -95.013 -60.985
v -0.048 -95.943 -60.568
v -0.856 -95.478 -60.552
v -3.026 -94.237 -76.800
v -2.570 -93.672 -65.845
v -2.422 -93.287 -65.372
v -2.746 -93.153 -64.394
v -3.171 -92.785 -79.841
v -2.159 -92.618 -76.049
v -1.675 -91.705 -81.908
v -4.011 -91.141 -51.028
v -2.714 -91.750 -50.395
v -2.096 -92.069 -51.574
v -1.631 -90.793 -48.280
v -1.232 -89.249 -80.145
v -3.016 -89.785 -57.742
v -3.181 -90.209 -48.537
v -3.022 -89.590 -47.969
v -3.196 -89.358 -47.207
v -3.645 -89.800 -47.969
v -1.941 -89.261 -80.508
v -8.914 -89.310 -79.115
v -0.408 -88.615 -81.107
v -2.368 -88.360 -53.553
v -2.506 -88.146 -53.537
v -2.781 -89.468 -48.262
v -3.490 -88.195 -48.879
v -3.269 -88.987 -47.135
v -4.990 -86.951 -88.007
v -8.460 -87.164 -86.436
v -2.326 -88.137 -81.157
v -2.096 -87.844 -81.748
v -2.441 -88.196 -52.614
v -3.490 -87.288 -49.984
v -2.527 -85.375 -90.489
v -2.072 -87.099 -88.189
v -1.786 -86.800 -82.595
v -0.292 -84.032 -85.120
v -2.964 -84.026 -90.942
v -4.265 -82.962 -87.636
v -1.698 -83.180 -86.720
v -3.026 -81.841 -89.682
v -0.293 -95.913 -64.052
v -2.396 -96.664 -61.450
v -0.112 -96.391 -61.523
v -1.494 -93.518 -78.508
v -2.353 -93.899 -77.055
v -1.602 -93.337 -78.061
v -1.570 -93.635 -77.564
v -2.498 -94.117 -76.362
v -1.494 -94.153 -76.123
v -0.030 -93.359 -57.281
v -1.985 -93.106 -57.235
v -2.716 -92.769 -80.508
v -2.028 -92.020 -76.120
v -1.631 -92.844 -75.819
v -1.709 -92.674 -63.900
v -0.261 -93.075 -54.379
v -0.553 -90.699 -83.748
v -1.631 -91.792 -49.984
v -2.406 -89.869 -57.732
v -2.393 -89.799 -48.427
v -2.097 -89.325 -50.197
v -2.668 -89.873 -48.365
v -1.275 -90.379 -47.976
v -2.096 -89.063 -56.491
v -1.868 -89.256 -57.309
v -1.871 -88.665 -53.735
v -2.853 -88.660 -49.984
v -1.812 -88.523 -51.731
v -1.091 -88.916 -52.420
v -2.251 -86.989 -87.481
v -1.658 -82.043 -91.218
v -2.859 -82.245 -89.582
v -1.947 -82.242 -88.385
v -2.716 -82.974 -87.172
v -3.696 -83.121 -87.278
v -0.101 -82.716 -87.132
v -2.180 -81.840 -90.354
v -2.550 -81.607 -90.178
v -1.631 -81.930 -90.425
v -3.532 -82.578 -88.465
v -0.701 -95.992 -64.703
v -0.856 -94.393 -65.902
v -0.234 -96.673 -62.065
v -1.321 -96.603 -61.141
v -0.637 -92.800 -79.468
v -0.237 -92.963 -79.270
v -0.315 -93.357 -78.393
v -3.645 -93.740 -76.944
v -1.804 -94.190 -76.342
v -1.091 -93.882 -76.218
v -0.546 -92.999 -75.840
v -1.481 -93.180 -65.917
v -0.020 -93.956 -58.028
v -0.347 -92.030 -81.643
v -0.577 -92.170 -80.973
v -0.701 -92.680 -80.029
v -0.248 -91.668 -65.117
v -1.011 -92.307 -63.929
v -1.860 -93.153 -56.646
v -0.677 -93.146 -55.889
v -0.593 -92.673 -51.613
v -0.524 -92.054 -50.717
v -0.033 -91.389 -76.229
v -1.390 -90.933 -61.712
v -0.474 -90.728 -61.779
v -0.439 -91.271 -48.785
v -1.088 -90.659 -61.538
v -1.354 -89.548 -57.176
v -1.149 -89.523 -57.567
v -0.272 -90.020 -50.203
v -1.166 -89.935 -49.829
v -0.684 -90.453 -47.766
v -0.443 -88.448 -85.606
v -0.050 -88.856 -80.565
v -1.246 -88.951 -56.896
v -0.574 -89.426 -57.565
v -0.856 -88.905 -55.717
v -0.772 -88.660 -56.026
v -0.574 -89.454 -56.996
v -0.856 -88.733 -54.942
v -1.011 -87.420 -82.090
v -0.271 -86.806 -82.865
v -1.155 -88.047 -81.800
v -0.110 -87.725 -82.752
v -0.952 -85.196 -90.117
v -0.997 -86.044 -89.195
v -0.391 -85.715 -83.071
v -0.381 -84.333 -91.874
v -0.116 -84.590 -84.383
v -0.970 -83.547 -92.131
v -0.391 -82.484 -91.355
v -0.701 -82.208 -90.116
v -2.017 -81.832 -89.419
v -1.476 -82.307 -89.671
v -1.629 -81.894 -89.844
v -0.148 -82.382 -89.213
v -0.279 -82.289 -89.929
v -1.049 -82.126 -88.884
v -1.476 -82.943 -88.102
v -0.311 -82.673 -88.549
v -0.139 -95.632 -64.703
v -0.391 -96.649 -62.690
v 0.014 -95.632 -63.774
v 0.011 -96.546 -62.524
v -0.091 -96.223 -60.910
v -0.010 -95.150 -60.452
v -0.016 -94.844 -65.014
v -0.399 -93.391 -77.880
v -0.015 -93.271 -77.809
v -0.031 -93.749 -77.551
v 0.008 -93.321 -76.221
v -0.158 -93.794 -76.354
v -0.085 -94.210 -65.616
v -0.842 -93.338 -56.224
v -0.009 -91.849 -81.306
v -0.025 -92.336 -79.914
v -0.012 -93.083 -78.802
v -0.014 -91.367 -76.982
v -0.013 -91.857 -75.789
v -0.209 -92.478 -66.100
v -0.033 -91.679 -63.969
v -0.072 -94.114 -58.560
v 0.002 -89.280 -56.337
v 0.014 -92.688 -56.182
v -0.391 -93.089 -56.491
v 0.014 -92.844 -53.393
v -0.023 -92.999 -55.562
v -0.071 -91.087 -49.618
v -0.391 -91.449 -82.844
v -0.124 -91.438 -82.574
v -0.327 -90.843 -83.344
v -0.102 -90.209 -83.452
v -0.032 -91.293 -82.059
v -0.008 -91.759 -81.594
v -0.237 -91.582 -64.394
v -0.135 -90.310 -60.838
v -0.134 -89.311 -54.467
v -0.149 -90.930 -48.597
v -0.046 -90.554 -48.854
v -0.112 -90.251 -83.912
v -0.078 -88.156 -82.436
v -0.006 -90.069 -79.450
v -0.237 -89.883 -59.590
v -0.743 -89.996 -57.088
v -0.515 -89.911 -57.305
v -0.029 -88.232 -85.433
v -0.546 -89.590 -84.630
v -0.090 -88.815 -84.538
v -0.264 -89.097 -56.785
v -0.237 -88.976 -55.562
v -0.778 -88.939 -55.203
v 0.000 -88.394 -85.994
v 0.014 -87.884 -86.552
v 0.002 -87.109 -86.241
v -0.101 -87.223 -82.791
v -0.231 -87.258 -86.653
v -0.302 -86.336 -88.411
v -0.478 -86.491 -88.722
v -0.082 -85.618 -88.722
v 0.002 -84.541 -85.053
v -0.025 -85.249 -83.835
v -0.237 -85.395 -89.805
v 0.002 -85.516 -89.362
v -0.076 -84.574 -90.246
v -0.008 -83.855 -91.820
v -0.008 -83.113 -92.188
v 0.004 -83.081 -88.722
v -0.391 -82.535 -87.636
v 52.516 -63.675 2.696
v 52.734 -62.343 1.284
v 53.043 -62.030 -0.867
v 53.418 -60.357 -3.525
v 51.402 -65.555 3.548
v 52.656 -62.020 -5.361
v 53.313 -57.904 -9.418
v 53.101 -60.108 -3.060
v 50.965 -67.200 4.395
v 50.228 -67.856 7.025
v 51.049 -65.650 -1.186
v 50.807 -65.940 0.555
v 51.372 -64.866 -1.142
v 51.236 -66.151 2.689
v 50.260 -68.003 3.829
v 51.091 -65.856 5.610
v 52.027 -64.409 3.924
v 51.585 -64.154 -3.029
v 50.034 -66.741 -1.415
v 51.518 -63.638 -5.695
v 51.581 -63.158 -6.287
v 51.238 -63.202 -8.165
v 52.152 -63.418 3.278
v 51.618 -63.440 3.410
v 51.629 -61.773 -11.986
v 52.447 -59.952 -12.203
v 52.237 -62.104 1.438
v 51.912 -62.958 2.836
v 51.780 -62.258 2.200
v 51.427 -63.180 3.203
v 51.689 -62.451 2.835
v 53.157 -59.142 -11.430
v 51.336 -61.684 -6.179
v 51.592 -62.327 -1.392
v 50.658 -63.888 -1.613
v 52.665 -60.553 -1.984
v 52.054 -61.611 0.978
v 52.016 -61.886 1.747
v 52.108 -59.186 -19.990
v 52.028 -60.364 -21.188
v 52.113 -59.580 -19.539
v 52.503 -59.749 -3.232
v 52.538 -59.757 -2.596
v 52.416 -60.539 -1.722
v 52.930 -57.999 -14.222
v 52.078 -59.576 -17.472
v 51.764 -59.904 -15.653
v 53.211 -58.745 -6.317
v 52.555 -58.256 -6.655
v 52.610 -59.527 -3.934
v 52.786 -58.134 -17.009
v 52.336 -57.728 -17.318
v 52.686 -57.482 -15.772
v 53.096 -57.399 -10.919
v 52.572 -57.181 -13.448
v 53.096 -57.619 -9.400
v 52.582 -57.346 -9.797
v 52.706 -58.097 -7.857
v 52.376 -58.147 -6.307
v 48.258 -71.534 7.663
v 49.005 -70.283 8.121
v 49.403 -69.765 5.985
v 47.560 -73.116 10.453
v 47.354 -73.208 11.009
v 49.335 -69.610 8.453
v 49.421 -69.424 4.400
v 49.763 -68.196 2.329
v 48.685 -69.741 3.615
v 49.222 -69.488 5.373
v 47.439 -72.122 10.825
v 48.903 -69.242 8.821
v 49.430 -68.363 8.325
v 49.077 -67.722 8.108
v 49.226 -67.910 0.458
v 50.154 -65.723 6.085
v 49.367 -67.180 7.658
v 49.667 -65.540 -4.447
v 50.156 -65.503 -4.287
v 49.468 -66.600 -1.959
v 48.828 -67.018 4.663
v 50.027 -65.402 1.776
v 49.286 -66.595 6.385
v 50.761 -64.321 3.304
v 50.378 -64.811 -5.530
v 50.428 -63.770 -8.083
v 49.947 -64.331 -8.535
v 49.024 -66.473 2.882
v 51.305 -63.638 3.643
v 49.249 -65.241 -24.745
v 50.037 -63.547 -23.052
v 51.043 -62.926 -24.372
v 50.343 -63.018 -13.590
v 50.387 -64.124 -8.618
v 50.143 -63.144 -4.912
v 50.993 -61.666 -6.930
v 50.926 -62.803 -24.972
v 49.541 -65.403 -26.739
v 51.539 -61.695 -23.468
v 49.799 -64.167 -26.345
v 51.095 -61.792 -24.135
v 48.191 -64.735 -26.590
v 49.290 -64.526 -23.446
v 50.383 -61.771 -18.515
v 50.836 -61.396 -18.513
v 50.377 -61.972 -17.620
v 50.917 -62.354 -14.694
v 50.598 -62.547 -14.549
v 50.431 -62.923 -14.745
v 51.005 -62.508 -11.979
v 50.578 -62.743 -12.195
v 50.845 -62.793 -10.388
v 51.841 -59.620 -21.278
v 50.878 -60.143 -22.364
v 51.287 -60.830 -19.032
v 51.191 -61.144 -18.708
v 50.952 -61.257 -18.157
v 51.179 -60.820 -16.848
v 50.687 -60.710 -10.651
v 51.356 -58.653 -19.843
v 50.506 -60.209 -13.906
v 51.641 -59.108 -20.692
v 52.148 -57.054 -13.139
v 52.428 -57.847 -7.673
v 52.258 -57.070 -11.435
v 47.017 -73.417 8.857
v 46.696 -73.657 9.616
v 47.892 -71.643 8.435
v 46.005 -75.215 11.543
v 45.903 -73.783 7.975
v 48.498 -69.948 9.290
v 47.766 -70.379 2.823
v 46.858 -71.194 3.373
v 48.237 -70.343 3.736
v 46.246 -72.577 5.803
v 47.864 -71.170 5.800
v 47.490 -70.963 10.174
v 47.081 -70.774 8.947
v 46.767 -71.853 10.728
v 47.352 -69.347 0.877
v 48.177 -70.020 3.181
v 47.503 -69.977 7.939
v 48.532 -68.625 8.001
v 48.418 -68.336 6.755
v 48.570 -66.754 -3.150
v 48.396 -67.599 5.653
v 47.815 -67.979 5.087
v 47.936 -67.371 4.691
v 48.127 -67.160 -28.185
v 48.417 -66.744 -27.846
v 48.315 -66.527 -28.028
v 48.515 -66.709 -27.442
v 48.084 -66.665 -6.142
v 48.468 -66.885 -3.929
v 48.568 -65.967 -5.679
v 47.625 -68.300 -1.801
v 49.281 -65.966 -4.285
v 48.441 -66.716 2.977
v 47.817 -66.757 2.398
v 49.457 -66.354 7.005
v 47.958 -67.015 -27.207
v 47.983 -66.454 -28.211
v 47.594 -67.408 -26.595
v 48.478 -65.330 -10.329
v 48.799 -65.939 -6.986
v 49.219 -64.999 -9.866
v 48.271 -65.950 -7.808
v 48.976 -65.887 -4.730
v 49.333 -65.191 -5.728
v 49.348 -65.087 -1.393
v 48.851 -66.322 1.138
v 48.710 -65.342 -1.456
v 48.420 -66.297 1.138
v 48.286 -65.238 -0.934
v 45.843 -67.868 -25.069
v 49.420 -63.716 -14.454
v 48.976 -64.525 -15.131
v 49.301 -64.052 -12.326
v 48.993 -64.026 -16.685
v 48.878 -64.786 -15.136
v 48.193 -65.003 -16.049
v 48.424 -65.282 -15.041
v 48.847 -64.776 -12.346
v 49.462 -64.156 -10.201
v 49.533 -64.409 -10.519
v 49.306 -64.795 -6.724
v 49.394 -65.042 -7.821
v 49.160 -65.008 -6.569
v 49.657 -64.257 -8.428
v 48.896 -64.676 -2.584
v 49.580 -63.680 -4.861
v 49.417 -64.432 -3.049
v 49.841 -62.030 -23.893
v 49.145 -62.361 -20.223
v 48.799 -64.149 -21.695
v 49.141 -63.522 -20.236
v 49.380 -63.367 -16.794
v 48.469 -64.113 -18.688
v 49.270 -63.703 -16.336
v 49.983 -63.770 -11.590
v 48.262 -64.586 -18.343
v 48.977 -62.711 -6.917
v 49.612 -62.631 -7.393
v 50.283 -62.129 -18.600
v 49.569 -61.447 -13.749
v 49.465 -61.753 -10.342
v 48.895 -61.792 -12.236
v 48.778 -62.055 -9.254
v 45.565 -75.060 9.935
v 44.067 -76.458 10.962
v 44.362 -75.901 10.110
v 44.528 -76.701 12.092
v 45.434 -75.158 10.707
v 44.438 -76.173 11.317
v 41.088 -77.576 9.534
v 45.160 -75.865 12.625
v 45.706 -74.522 12.367
v 46.093 -72.532 11.224
v 46.523 -70.899 2.578
v 45.892 -71.422 2.535
v 45.481 -72.373 5.273
v 45.776 -71.451 3.289
v 45.840 -72.556 10.332
v 45.987 -71.368 7.807
v 45.952 -70.717 6.534
v 47.059 -69.591 6.106
v 46.556 -68.786 4.895
v 47.964 -66.876 -28.496
v 46.602 -68.626 -29.179
v 43.755 -70.282 -31.008
v 46.955 -67.358 -7.846
v 46.284 -68.367 -6.469
v 46.767 -68.144 -5.985
v 47.392 -67.860 -4.704
v 47.713 -67.426 3.854
v 47.240 -67.483 3.775
v 45.571 -69.047 5.602
v 47.126 -66.693 -14.220
v 47.371 -66.652 -12.733
v 46.652 -66.545 -15.414
v 46.394 -67.258 -13.486
v 47.682 -65.968 -12.033
v 47.183 -66.489 -11.719
v 47.000 -66.652 -9.678
v 47.837 -66.309 -9.707
v 47.641 -66.044 1.256
v 46.677 -67.133 3.155
v 47.247 -65.869 1.511
v 46.958 -66.096 -27.562
v 46.359 -66.422 -26.674
v 48.149 -63.694 -22.419
v 47.315 -65.540 -21.580
v 48.171 -64.682 -20.569
v 47.488 -65.149 -20.849
v 47.061 -66.018 -21.217
v 46.566 -66.144 -19.289
v 46.638 -66.103 -20.275
v 47.728 -65.617 -15.385
v 47.908 -65.547 -15.831
v 46.846 -66.133 -17.146
v 47.922 -65.649 -13.893
v 47.614 -65.963 -15.286
v 46.544 -66.596 -16.515
v 48.113 -65.474 -11.878
v 47.403 -65.688 -13.824
v 47.114 -66.487 -10.792
v 48.285 -64.139 -2.017
v 47.533 -65.056 0.080
v 45.059 -66.725 2.542
v 48.285 -64.363 -21.482
v 48.341 -64.530 -16.685
v 48.703 -64.882 -14.670
v 47.422 -63.636 -1.940
v 48.309 -62.809 -4.966
v 47.677 -62.835 -4.912
v 47.473 -63.106 -19.714
v 48.757 -62.183 -16.690
v 47.321 -62.223 -16.106
v 47.372 -61.992 -14.832
v 48.514 -61.798 -11.732
v 47.815 -62.007 -11.143
v 47.533 -62.067 -7.854
v 44.034 -77.114 12.566
v 43.502 -77.106 11.909
v 43.951 -77.049 11.857
v 41.017 -79.565 13.844
v 43.647 -77.435 13.252
v 43.946 -76.622 13.422
v 43.618 -76.323 13.466
v 39.926 -77.062 13.932
v 44.970 -72.270 3.827
v 42.998 -73.425 4.665
v 44.642 -72.715 4.719
v 43.483 -73.788 9.524
v 44.936 -71.896 2.985
v 43.782 -72.549 8.062
v 43.672 -70.771 7.346
v 43.245 -71.307 -30.923
v 43.904 -70.643 -29.840
v 45.989 -69.450 -5.039
v 46.087 -69.126 -4.416
v 44.533 -70.858 -2.910
v 45.150 -70.348 -3.189
v 45.521 -69.197 -5.515
v 45.885 -67.410 3.662
v 45.109 -68.133 -23.715
v 46.019 -67.409 -23.340
v 46.158 -67.670 -13.823
v 44.353 -68.090 -17.624
v 44.146 -68.827 -16.209
v 43.359 -69.053 -16.261
v 46.209 -67.467 -13.366
v 45.431 -67.902 -14.197
v 46.292 -66.967 -8.486
v 45.278 -67.855 -6.626
v 45.328 -66.475 -7.821
v 44.814 -67.936 -29.112
v 45.947 -67.393 -22.411
v 45.469 -67.726 -22.256
v 45.013 -67.922 -22.133
v 46.331 -66.509 -20.288
v 45.985 -66.795 -19.974
v 46.102 -66.468 -19.624
v 46.149 -66.859 -19.233
v 46.064 -66.753 -18.360
v 45.128 -67.537 -19.016
v 45.409 -67.447 -19.565
v 44.743 -67.947 -18.890
v 45.756 -67.051 -17.298
v 45.910 -67.055 -16.412
v 46.401 -67.314 -15.020
v 45.987 -67.482 -15.283
v 45.715 -66.438 -12.187
v 46.464 -66.701 -11.783
v 46.798 -66.549 -10.481
v 46.078 -66.193 -10.792
v 46.726 -66.913 -9.241
v 46.237 -66.466 -9.516
v 43.021 -68.813 -28.525
v 45.842 -65.007 -23.842
v 45.689 -65.574 -9.089
v 46.419 -64.810 0.252
v 46.748 -63.574 -2.264
v 46.474 -63.376 -20.097
v 45.991 -63.282 -18.772
v 47.201 -61.880 -11.376
v 45.333 -63.403 -6.251
v 46.529 -62.545 -11.592
v 47.104 -62.132 -8.643
v 46.207 -63.385 -4.650
v 46.944 -63.085 -3.644
v 46.830 -62.563 -4.845
v 46.837 -63.122 -3.363
v 46.877 -62.206 -16.171
v 47.018 -62.191 -14.367
v 46.925 -61.984 -12.807
v 46.119 -62.757 -16.533
v 46.302 -62.528 -14.748
v 47.192 -62.090 -7.393
v 43.287 -77.212 11.238
v 41.639 -78.270 11.443
v 39.385 -80.568 12.944
v 41.111 -78.681 11.086
v 41.398 -75.590 6.749
v 40.485 -76.470 7.622
v 42.935 -73.360 8.996
v 42.837 -74.671 10.921
v 41.427 -74.193 3.284
v 40.569 -74.160 9.629
v 43.941 -69.849 -3.811
v 42.633 -72.465 -1.179
v 41.529 -71.688 -0.924
v 44.076 -72.388 -0.551
v 43.755 -72.432 1.928
v 43.114 -71.231 -31.273
v 44.004 -70.660 -29.065
v 43.435 -69.990 6.364
v 42.442 -71.845 8.073
v 43.635 -69.054 -29.845
v 41.539 -71.125 -27.825
v 44.433 -68.560 -22.776
v 43.741 -69.307 -23.646
v 43.884 -69.382 -24.420
v 43.295 -69.232 -22.313
v 44.616 -68.386 -21.516
v 42.318 -70.123 -21.629
v 44.556 -68.075 -17.972
v 43.000 -68.684 -16.219
v 44.224 -68.590 -4.782
v 44.890 -66.829 -5.368
v 43.793 -68.566 -3.361
v 43.392 -69.528 -3.443
v 44.420 -68.317 -20.710
v 44.159 -67.728 -14.984
v 45.020 -67.241 -6.665
v 44.227 -67.749 4.084
v 43.315 -68.668 5.141
v 44.755 -66.507 -13.623
v 45.236 -65.553 -6.650
v 44.863 -65.558 -5.537
v 43.939 -67.427 -2.908
v 44.838 -65.396 -4.596
v 44.125 -66.466 -0.255
v 45.213 -65.146 -1.654
v 45.010 -64.382 -11.106
v 44.578 -64.893 -13.119
v 45.272 -64.656 -8.626
v 44.977 -64.436 -7.836
v 44.976 -64.732 -7.066
v 45.116 -64.473 -6.748
v 44.862 -64.396 -5.211
v 43.693 -64.684 -21.022
v 44.868 -63.840 -11.418
v 44.496 -63.932 -14.051
v 45.382 -63.099 -10.556
v 44.906 -63.498 -9.426
v 44.947 -64.133 -7.602
v 44.837 -64.483 -4.146
v 46.063 -63.820 -2.586
v 45.319 -63.093 -15.664
v 45.910 -62.968 -15.007
v 44.744 -63.330 -15.293
v 46.594 -61.953 -13.795
v 38.372 -81.464 14.398
v 38.584 -78.587 14.593
v 38.367 -76.852 11.485
v 42.661 -73.170 -0.083
v 37.682 -75.504 2.957
v 41.123 -74.361 3.034
v 42.328 -73.884 4.256
v 42.253 -73.633 3.481
v 40.705 -74.417 4.071
v 40.384 -75.119 5.499
v 41.258 -72.588 -31.911
v 41.297 -72.191 -32.082
v 42.688 -71.479 -29.528
v 40.819 -72.161 -29.372
v 41.565 -71.914 8.052
v 41.075 -71.565 7.969
v 43.103 -69.761 -25.439
v 41.005 -71.096 -24.976
v 42.263 -70.202 -23.026
v 41.128 -70.710 -20.234
v 42.674 -69.465 -19.045
v 42.530 -69.839 -18.996
v 40.313 -71.626 -19.261
v 41.487 -71.233 -0.895
v 41.397 -70.715 6.765
v 43.090 -67.973 -16.091
v 43.325 -67.550 -1.642
v 41.968 -69.403 -0.249
v 42.931 -67.640 -26.611
v 44.152 -66.330 -1.650
v 43.369 -67.860 -0.466
v 43.564 -67.188 -0.253
v 41.685 -69.257 3.471
v 43.406 -67.721 1.763
v 42.815 -66.774 -25.666
v 44.205 -65.770 -14.357
v 43.749 -64.758 -16.407
v 43.534 -64.368 -16.860
v 42.879 -64.935 -18.806
v 43.819 -64.174 -15.901
v 44.830 -63.671 -8.255
v 39.718 -79.825 14.959
v 37.542 -81.713 15.455
v 38.709 -80.314 15.381
v 36.725 -82.530 15.278
v 38.827 -78.123 8.700
v 37.459 -80.485 15.532
v 39.579 -76.591 7.442
v 37.660 -78.263 13.479
v 39.745 -76.190 7.192
v 39.895 -75.135 2.159
v 39.475 -75.385 2.723
v 40.412 -74.653 4.621
v 39.826 -74.946 4.133
v 35.962 -76.731 11.495
v 37.839 -74.927 1.518
v 40.079 -73.027 -32.603
v 41.677 -71.002 -31.440
v 40.471 -72.465 -32.467
v 41.930 -72.132 -30.612
v 39.221 -73.788 -31.999
v 40.083 -73.181 8.945
v 40.371 -72.498 8.713
v 39.759 -71.821 -24.356
v 40.854 -70.947 -23.049
v 41.019 -71.050 -22.413
v 39.149 -72.353 -20.247
v 41.548 -70.826 -18.993
v 39.135 -72.098 -19.531
v 41.889 -70.284 -0.497
v 40.479 -71.639 0.222
v 40.835 -70.503 0.751
v 39.894 -70.981 -31.415
v 39.381 -70.631 -29.995
v 38.875 -72.544 -20.951
v 41.688 -69.838 -17.465
v 41.788 -69.490 0.366
v 41.625 -69.353 0.785
v 40.712 -70.357 2.138
v 41.991 -69.149 1.670
v 40.570 -70.548 1.614
v 40.376 -71.107 5.489
v 39.512 -69.748 -29.011
v 41.792 -66.589 -19.169
v 42.192 -68.576 1.681
v 40.605 -69.879 3.189
v 38.180 -69.594 -29.434
v 40.805 -66.544 -20.687
v 42.533 -65.869 -23.778
v 42.468 -65.442 -18.852
v 42.491 -65.178 -20.092
v 37.311 -81.955 13.728
v 36.535 -81.882 15.865
v 33.978 -83.177 12.730
v 37.964 -78.391 14.228
v 38.899 -75.459 5.231
v 39.167 -73.673 -32.622
v 36.374 -73.920 -33.355
v 37.769 -72.382 -32.670
v 36.826 -74.324 -33.240
v 37.865 -74.263 9.897
v 37.201 -72.778 -27.946
v 39.880 -71.673 -23.728
v 39.033 -72.402 -23.484
v 38.980 -72.348 -22.244
v 39.201 -72.224 7.974
v 38.999 -72.457 7.149
v 37.380 -73.270 8.582
v 38.692 -71.576 -32.050
v 38.386 -72.498 -21.793
v 39.481 -71.544 -19.094
v 40.652 -69.035 -19.462
v 37.982 -72.217 3.515
v 39.000 -71.257 4.248
v 35.549 -69.722 -28.718
v 39.725 -66.972 -23.497
v 34.641 -83.504 14.662
v 34.382 -84.020 15.283
v 34.306 -83.924 15.915
v 34.942 -82.135 16.147
v 31.773 -82.789 10.288
v 37.097 -79.820 9.539
v 35.225 -81.312 15.648
v 37.206 -76.035 3.641
v 36.780 -76.350 5.381
v 37.286 -77.243 6.744
v 33.261 -80.314 8.610
v 37.234 -76.645 6.209
v 31.108 -79.727 12.948
v 36.780 -75.915 3.193
v 36.442 -75.699 2.558
v 38.259 -75.617 4.105
v 39.242 -75.020 3.950
v 37.369 -74.479 -31.845
v 38.521 -73.384 -30.918
v 35.626 -74.262 -30.753
v 37.741 -72.539 -25.558
v 39.396 -72.028 -23.780
v 37.664 -72.937 -24.209
v 35.494 -73.856 -23.707
v 38.401 -72.560 -20.190
v 38.715 -72.117 -19.652
v 38.588 -72.290 1.588
v 36.997 -73.324 2.241
v 37.966 -72.943 6.578
v 38.841 -71.983 5.231
v 37.867 -72.300 -20.095
v 37.531 -72.735 2.720
v 37.565 -71.809 -31.718
v 37.615 -68.981 -22.727
v 32.966 -84.700 15.152
v 32.140 -84.183 16.253
v 32.636 -83.970 13.733
v 33.925 -80.273 14.498
v 33.137 -81.926 15.697
v 35.362 -78.202 7.169
v 33.430 -80.820 9.480
v 36.207 -76.105 3.724
v 34.393 -77.037 4.837
v 36.200 -75.516 10.571
v 35.110 -76.243 11.235
v 36.927 -75.048 1.531
v 39.441 -73.489 0.278
v 32.380 -76.478 -33.208
v 32.727 -75.943 -33.460
v 35.511 -74.277 -30.938
v 36.830 -74.387 1.479
v 34.391 -75.093 2.244
v 37.137 -73.225 2.676
v 33.979 -74.785 3.018
v 36.247 -73.660 6.734
v 36.439 -74.318 9.379
v 31.565 -76.060 10.599
v 36.597 -74.324 9.699
v 34.457 -73.071 -32.624
v 36.325 -73.343 -26.271
v 35.602 -73.591 -25.494
v 37.486 -73.047 -21.623
v 35.772 -73.718 -21.184
v 36.592 -72.847 -20.579
v 36.086 -72.823 4.452
v 34.686 -73.973 4.102
v 37.600 -70.794 -29.938
v 34.448 -71.644 -30.468
v 35.736 -69.070 -24.886
v 30.889 -85.750 15.625
v 29.979 -85.340 16.183
v 33.483 -82.386 15.800
v 32.833 -83.054 16.127
v 29.468 -83.326 10.013
v 34.652 -77.523 6.526
v 33.257 -76.688 2.457
v 32.464 -76.864 3.332
v 34.031 -76.940 3.953
v 33.320 -76.819 11.449
v 33.787 -75.675 10.955
v 33.195 -76.348 11.081
v 34.062 -76.060 -32.151
v 34.438 -75.667 1.906
v 34.516 -75.245 10.147
v 33.614 -75.119 -33.435
v 35.203 -74.248 -29.832
v 35.136 -74.095 -29.166
v 35.464 -73.715 -28.749
v 34.602 -74.087 -27.663
v 33.355 -74.515 -26.019
v 33.812 -74.491 -26.615
v 34.747 -74.138 -22.550
v 35.319 -73.452 -20.962
v 33.777 -71.022 -23.839
v 32.443 -74.962 -22.030
v 34.070 -73.498 5.031
v 35.913 -72.948 5.173
v 35.219 -74.074 7.820
v 35.894 -73.104 4.176
v 31.843 -72.875 -31.850
v 30.706 -83.438 15.496
v 32.626 -79.352 7.411
v 29.961 -79.185 6.438
v 31.959 -76.558 2.272
v 32.200 -76.146 11.009
v 34.560 -74.797 -30.828
v 33.186 -75.185 -30.139
v 32.598 -74.652 -27.197
v 34.898 -73.766 -27.210
v 34.337 -74.202 7.355
v 30.030 -75.579 10.098
v 32.437 -74.700 -21.660
v 32.231 -74.625 4.568
v 32.072 -72.494 -31.075
v 33.224 -69.917 -25.731
v 29.149 -86.349 15.035
v 30.591 -81.742 14.307
v 31.617 -80.081 8.005
v 30.058 -81.099 13.922
v 30.356 -77.533 11.775
v 31.450 -76.242 -33.247
v 31.785 -73.971 -32.539
v 30.847 -77.319 -31.991
v 32.347 -75.677 -30.928
v 31.890 -76.673 -31.500
v 31.286 -76.026 2.339
v 31.321 -75.658 -29.737
v 32.881 -74.689 -29.701
v 31.433 -75.214 -29.106
v 30.998 -75.566 -29.618
v 30.426 -75.227 -27.683
v 28.951 -75.733 -26.644
v 31.508 -75.005 -25.957
v 32.000 -75.016 4.395
v 30.898 -74.378 5.342
v 31.451 -74.096 5.800
v 32.082 -74.307 6.266
v 31.457 -74.576 7.815
v 30.644 -74.868 7.203
v 31.396 -75.059 8.268
v 30.337 -71.639 -29.554
v 34.077 -70.294 -24.667
v 25.702 -85.625 10.638
v 28.679 -84.931 15.687
v 29.771 -80.521 7.578
v 26.323 -80.842 6.907
v 28.630 -79.520 12.172
v 29.999 -77.796 4.110
v 29.361 -77.647 -32.361
v 29.588 -77.215 -32.712
v 30.885 -76.160 -30.715
v 30.771 -75.847 2.557
v 30.069 -76.287 -30.136
v 30.120 -75.709 -25.085
v 32.080 -74.790 -21.868
v 31.774 -75.051 4.071
v 30.543 -75.312 4.544
v 30.322 -75.337 9.097
v 29.294 -74.649 -21.644
v 29.907 -72.244 -23.638
v 31.992 -74.200 -21.624
v 30.071 -71.415 -27.979
v 24.485 -87.525 13.283
v 24.056 -86.790 12.035
v 26.451 -84.499 14.297
v 28.927 -82.290 13.988
v 27.759 -83.175 14.236
v 30.152 -80.748 8.178
v 29.390 -81.285 13.613
v 29.268 -78.482 5.226
v 29.930 -77.404 -31.034
v 28.492 -77.331 2.933
v 30.136 -77.376 11.495
v 26.508 -77.491 -31.615
v 27.513 -76.368 1.989
v 28.628 -76.589 10.491
v 28.215 -76.360 -28.267
v 28.911 -75.737 -23.631
v 30.340 -75.546 -22.334
v 29.401 -75.211 -21.695
v 28.689 -75.699 -22.102
v 27.972 -75.483 4.251
v 29.280 -75.478 4.433
v 29.713 -74.566 5.362
v 27.754 -75.438 8.288
v 28.100 -75.552 8.644
v 29.185 -73.500 -31.508
v 28.794 -74.922 6.382
v 30.225 -71.443 -27.359
v 25.541 -87.645 15.090
v 24.095 -86.521 14.604
v 26.198 -85.569 14.899
v 27.058 -82.093 8.137
v 29.736 -81.508 8.399
v 28.325 -78.201 4.727
v 27.477 -78.975 5.198
v 28.433 -78.104 11.652
v 24.120 -78.734 10.581
v 27.266 -78.379 -31.639
v 26.331 -77.671 -29.227
v 27.797 -77.223 2.246
v 25.797 -76.065 -31.193
v 29.023 -75.756 -27.920
v 31.008 -75.519 -29.209
v 27.112 -76.346 -27.429
v 29.046 -75.792 -27.503
v 26.604 -76.227 -21.924
v 27.872 -75.391 -21.410
v 27.273 -75.978 2.403
v 27.610 -75.052 4.725
v 25.962 -76.206 9.210
v 28.292 -73.311 -30.375
v 27.252 -72.922 -29.536
v 26.572 -72.729 -28.139
v 28.954 -71.469 -25.964
v 28.495 -72.124 -27.035
v 27.468 -72.239 -25.188
v 23.407 -88.205 13.782
v 25.521 -87.430 15.391
v 22.103 -87.125 14.205
v 24.421 -84.105 13.319
v 26.435 -79.337 11.480
v 27.038 -78.408 -30.751
v 24.425 -78.082 3.031
v 25.439 -78.630 4.258
v 27.729 -76.812 1.995
v 25.380 -77.493 10.316
v 25.262 -76.842 -26.436
v 25.726 -76.912 -23.934
v 25.946 -76.554 -25.072
v 27.368 -75.484 7.514
v 22.822 -77.330 9.532
v 26.593 -74.324 -30.980
v 25.601 -75.173 -20.712
v 26.585 -74.828 5.319
v 24.141 -75.034 3.950
v 26.982 -73.484 -22.738
v 27.118 -72.793 -27.511
v 27.998 -72.444 -26.405
v 22.412 -88.274 13.999
v 24.503 -85.849 14.109
v 24.114 -86.055 14.112
v 23.177 -83.813 8.029
v 23.311 -80.908 6.050
v 24.229 -79.353 4.735
v 23.131 -81.186 11.358
v 25.010 -80.280 11.266
v 25.179 -78.555 -30.828
v 24.011 -79.020 -29.665
v 23.294 -79.058 3.909
v 24.947 -76.947 1.071
v 24.626 -77.454 1.475
v 24.938 -77.118 -26.412
v 25.934 -76.913 -24.209
v 24.765 -76.759 -23.008
v 24.956 -76.719 -22.388
v 21.495 -77.117 -20.241
v 25.361 -77.685 2.746
v 24.801 -75.610 -20.434
v 24.697 -76.178 1.367
v 26.330 -75.133 6.894
v 23.459 -75.456 7.735
v 26.016 -74.386 -21.464
v 24.927 -74.325 -29.521
v 23.899 -74.061 -26.829
v 27.397 -72.847 -26.196
v 25.984 -72.936 -23.638
v 21.604 -88.415 13.002
v 21.815 -87.756 12.192
v 23.264 -86.291 13.742
v 23.524 -86.128 13.754
v 21.387 -85.105 8.281
v 24.020 -82.936 7.987
v 17.573 -81.991 9.709
v 24.078 -78.358 -30.610
v 23.864 -78.868 -28.479
v 23.782 -77.761 -27.344
v 24.946 -77.425 2.550
v 22.785 -77.536 1.804
v 22.780 -77.953 9.835
v 21.773 -78.046 -25.334
v 24.500 -77.143 -23.438
v 21.740 -77.616 -23.428
v 21.901 -76.433 -19.599
v 25.568 -75.852 8.659
v 26.110 -75.545 -31.068
v 23.267 -75.128 -19.997
v 22.366 -74.728 5.193
v 22.564 -75.393 6.585
v 23.779 -75.291 -29.904
v 24.441 -73.557 -22.550
v 24.007 -74.178 -28.592
v 24.845 -73.071 -24.583
v 24.698 -73.451 -24.811
v 19.762 -87.618 11.242
v 21.330 -88.353 13.358
v 18.413 -87.854 12.046
v 21.445 -87.632 11.534
v 19.139 -86.047 7.987
v 20.599 -83.566 11.399
v 18.349 -85.296 11.194
v 20.327 -82.050 5.710
v 23.056 -81.707 6.271
v 14.403 -80.342 7.589
v 22.657 -77.868 -29.948
v 20.243 -78.909 -26.307
v 21.499 -78.423 -26.258
v 21.405 -79.075 -27.905
v 19.649 -77.840 0.113
v 23.821 -78.657 3.592
v 21.930 -78.280 2.252
v 18.845 -79.284 9.084
v 22.459 -78.290 9.716
v 23.047 -76.682 -30.053
v 22.320 -77.546 -24.694
v 24.385 -76.876 -24.251
v 20.298 -77.703 -21.456
v 23.888 -75.965 -29.986
v 23.313 -77.019 -22.102
v 22.321 -76.135 0.425
v 20.781 -75.957 1.150
v 21.901 -76.209 7.671
v 19.974 -74.962 2.063
v 21.452 -74.359 3.597
v 26.385 -74.854 5.654
v 21.590 -74.423 -23.944
v 23.835 -73.394 -23.983
v 19.859 -87.392 10.605
v 19.259 -87.996 11.484
v 18.813 -88.048 11.668
v 19.154 -86.698 12.791
v 18.523 -83.605 5.973
v 19.222 -82.803 5.344
v 19.115 -80.569 3.590
v 22.832 -78.593 -29.667
v 21.381 -77.933 -28.841
v 21.010 -78.400 2.435
v 21.290 -77.732 9.223
v 20.808 -77.820 -23.983
v 18.677 -78.167 -20.650
v 22.126 -76.773 -0.098
v 20.294 -76.464 -28.339
v 22.330 -75.686 -28.967
v 21.202 -75.427 6.889
v 21.502 -74.876 -25.491
v 20.517 -75.215 -26.291
v 22.113 -74.942 -19.985
v 17.690 -86.910 9.771
v 17.769 -86.873 8.703
v 18.237 -85.886 11.328
v 16.742 -86.359 10.993
v 17.955 -84.564 5.981
v 19.398 -82.357 5.383
v 18.140 -83.678 10.520
v 18.286 -80.775 3.499
v 17.967 -82.023 4.117
v 20.288 -78.231 -27.750
v 19.603 -77.987 -22.830
v 19.573 -77.504 -0.566
v 20.027 -78.330 1.014
v 18.672 -78.799 1.480
v 19.438 -78.095 8.791
v 18.698 -77.094 -18.013
v 20.005 -77.449 -0.780
v 20.784 -75.826 -18.425
v 20.162 -76.249 -18.206
v 20.979 -75.230 -18.695
v 18.395 -75.846 5.656
v 21.690 -73.905 -23.015
v 20.842 -74.054 -21.489
v 21.618 -74.268 -21.000
v 19.716 -74.681 4.040
v 17.672 -87.646 11.397
v 16.674 -87.279 10.440
v 17.681 -87.493 11.585
v 17.685 -86.278 7.882
v 17.209 -86.668 8.965
v 17.243 -85.307 6.763
v 16.230 -79.363 7.710
v 18.928 -78.866 -25.172
v 18.744 -78.330 -24.215
v 19.486 -78.740 -26.567
v 18.649 -77.553 -26.350
v 19.271 -77.370 -27.408
v 19.205 -78.556 -23.159
v 17.614 -78.654 -22.931
v 18.062 -78.093 -0.314
v 18.419 -77.461 -0.867
v 18.703 -77.090 -27.171
v 18.743 -77.947 -20.113
v 19.791 -77.469 -19.830
v 19.785 -76.535 -1.562
v 18.350 -77.154 -2.319
v 19.211 -75.271 -17.382
v 18.451 -75.714 -0.229
v 18.491 -75.089 0.420
v 19.906 -75.252 5.151
v 20.045 -74.988 4.879
v 18.649 -75.368 5.609
v 20.261 -74.758 -23.942
v 19.916 -74.340 2.465
v 18.761 -74.317 1.670
v 16.892 -86.883 9.652
v 16.792 -87.158 9.904
v 16.284 -86.929 10.054
v 13.482 -84.358 3.618
v 16.244 -86.115 7.990
v 15.197 -82.161 8.461
v 16.857 -84.861 5.667
v 15.707 -83.134 3.785
v 16.486 -80.333 1.475
v 17.525 -78.976 1.029
v 16.931 -78.956 -23.208
v 16.597 -78.845 -0.440
v 17.812 -78.227 -25.597
v 17.438 -77.214 -25.707
v 19.239 -78.339 -24.495
v 17.305 -78.326 -19.567
v 16.813 -78.201 -17.949
v 18.060 -78.015 -19.716
v 17.715 -77.278 -17.583
v 17.799 -78.331 0.187
v 16.365 -76.755 6.225
v 18.236 -76.137 -25.493
v 18.544 -76.761 -17.524
v 18.458 -76.543 -2.532
v 18.503 -76.094 -2.059
v 17.781 -76.828 6.588
v 17.794 -75.592 -23.630
v 19.326 -75.868 -17.251
v 18.084 -75.569 -16.471
v 16.393 -76.361 -15.260
v 15.995 -73.910 -0.548
v 15.320 -74.633 -17.974
v 14.307 -85.789 9.398
v 15.631 -84.737 5.177
v 14.724 -86.209 8.590
v 14.931 -84.017 3.662
v 16.849 -80.058 1.351
v 14.343 -79.796 -1.835
v 14.950 -79.324 -22.382
v 17.742 -78.257 -19.603
v 16.236 -78.387 -18.355
v 16.788 -77.850 -1.395
v 16.429 -78.142 7.386
v 16.358 -77.687 -24.613
v 16.457 -77.197 -16.261
v 17.906 -77.171 -3.243
v 16.218 -77.388 -5.461
v 17.478 -77.503 -2.996
v 16.430 -76.910 -5.344
v 17.367 -77.406 -2.398
v 17.116 -77.674 -1.860
v 17.533 -77.939 -0.703
v 16.588 -76.646 -15.545
v 16.280 -76.313 -4.943
v 17.081 -75.633 -2.403
v 15.466 -75.560 3.188
v 16.767 -75.860 -22.074
v 13.066 -75.751 -17.007
v 17.415 -74.762 -16.919
v 14.655 -74.453 -14.575
v 17.119 -75.456 -1.647
v 15.840 -75.120 3.096
v 16.264 -73.874 -0.927
v 14.171 -85.217 6.765
v 13.825 -85.524 7.104
v 13.016 -85.210 7.033
v 13.635 -84.260 8.824
v 14.323 -82.482 2.046
v 12.532 -82.767 0.548
v 13.741 -81.425 0.164
v 14.754 -80.834 -0.005
v 15.128 -79.358 -21.315
v 14.917 -79.502 -21.842
v 14.278 -77.885 5.970
v 15.275 -79.429 -20.692
v 15.800 -78.825 -19.464
v 14.365 -79.540 -18.973
v 14.282 -79.502 -17.578
v 15.846 -78.786 -18.317
v 16.183 -77.410 -24.338
v 15.381 -77.628 -15.560
v 14.881 -77.701 -14.534
v 14.280 -78.698 -15.566
v 15.577 -77.688 -5.342
v 16.087 -77.459 -3.338
v 14.721 -77.845 -5.443
v 13.899 -77.978 -6.093
v 15.851 -77.896 -2.851
v 13.988 -76.097 3.507
v 16.010 -76.173 4.572
v 15.932 -74.280 -17.158
v 14.563 -74.199 -15.196
v 12.686 -84.849 7.437
v 12.146 -83.938 7.535
v 13.061 -84.094 3.971
v 12.645 -84.852 5.919
v 11.930 -83.608 3.451
v 12.224 -81.903 6.775
v 13.068 -80.337 -2.341
v 13.557 -80.131 -19.912
v 12.635 -80.429 -19.372
v 13.650 -80.335 -18.646
v 13.336 -79.488 -15.151
v 13.611 -78.413 -5.494
v 12.932 -78.637 5.541
v 14.263 -77.757 -21.078
v 13.880 -78.693 -22.364
v 13.266 -78.841 -14.325
v 13.862 -78.378 -13.590
v 14.553 -77.574 -7.334
v 14.431 -77.900 -7.046
v 13.395 -78.362 -8.129
v 13.044 -76.911 -17.895
v 15.329 -76.696 -14.400
v 14.017 -78.167 -13.340
v 14.067 -77.658 -8.759
v 14.968 -76.149 -6.914
v 14.046 -76.783 -10.180
v 14.062 -76.355 4.300
v 14.249 -74.979 -13.903
v 13.197 -74.464 -8.860
v 14.203 -75.686 1.928
v 14.402 -74.165 -15.694
v 16.093 -74.756 2.018
v 14.530 -74.191 0.139
v 15.695 -74.637 2.089
v 13.951 -74.675 0.695
v 14.326 -73.628 -4.920
v 11.434 -84.169 4.092
v 10.768 -82.140 -0.383
v 10.933 -83.936 4.208
v 11.002 -82.928 6.603
v 12.213 -81.185 -2.617
v 12.746 -81.826 -0.406
v 11.667 -79.906 4.127
v 12.916 -80.144 6.130
v 12.426 -80.778 -14.833
v 12.334 -80.497 -13.638
v 12.260 -81.494 -14.388
v 12.002 -79.834 -5.957
v 12.459 -79.424 -20.471
v 12.564 -78.949 -12.866
v 13.157 -78.783 -12.776
v 12.932 -78.728 -12.833
v 12.959 -78.713 -12.584
v 13.274 -78.386 -11.667
v 12.522 -78.976 -11.420
v 13.572 -79.191 -4.099
v 12.694 -78.742 -19.078
v 12.991 -77.692 -18.440
v 14.059 -76.586 -13.091
v 13.931 -78.311 -12.583
v 13.793 -78.111 -12.064
v 14.143 -77.581 -9.990
v 13.428 -78.538 -12.727
v 13.464 -76.623 -11.680
v 13.612 -77.946 -10.134
v 13.757 -78.281 -8.590
v 13.008 -78.732 -11.382
v 12.846 -78.743 -7.807
v 13.727 -78.274 -5.952
v 13.061 -78.497 -7.954
v 12.122 -78.897 -7.921
v 13.426 -76.339 -10.923
v 14.027 -76.272 -9.035
v 13.303 -75.674 -10.924
v 13.931 -74.359 -16.202
v 12.253 -75.989 -0.327
v 12.900 -75.422 -0.543
v 13.513 -74.800 -13.260
v 12.851 -74.688 -13.288
v 13.757 -74.062 -3.181
v 10.948 -82.742 1.292
v 10.530 -83.098 1.101
v 10.284 -82.948 5.538
v 11.458 -82.180 -13.600
v 10.932 -82.011 -9.892
v 11.272 -81.713 -2.905
v 10.099 -82.284 4.452
v 12.016 -81.405 -16.644
v 11.229 -80.573 -18.100
v 11.159 -81.748 -15.062
v 10.169 -81.963 -12.148
v 11.597 -80.489 -10.399
v 10.998 -81.128 -6.878
v 11.160 -81.146 -5.414
v 11.875 -80.599 -4.405
v 11.967 -81.219 -3.091
v 11.605 -80.094 -19.158
v 11.825 -79.994 -11.785
v 11.824 -79.593 -11.449
v 10.958 -81.196 -8.371
v 11.623 -80.435 -6.129
v 11.762 -79.374 -9.784
v 12.023 -79.529 -7.352
v 10.964 -80.292 -16.336
v 11.897 -78.578 -16.031
v 12.706 -78.736 -11.117
v 12.135 -79.162 -10.607
v 12.717 -79.093 -9.195
v 12.016 -79.104 -8.997
v 11.740 -78.186 3.028
v 12.475 -77.431 -16.922
v 12.272 -77.090 -15.342
v 12.154 -76.562 -10.612
v 12.464 -77.336 3.690
v 11.539 -77.679 1.011
v 12.262 -76.215 -15.700
v 12.384 -74.973 -14.442
v 12.347 -75.805 -7.825
v 12.445 -74.986 -3.816
v 11.775 -77.763 -8.286
v 11.717 -77.536 -1.016
v 12.457 -76.535 1.482
v 13.276 -75.365 -11.855
v 12.993 -74.912 -11.629
v 12.584 -74.947 -11.088
v 12.889 -74.848 -10.872
v 12.724 -74.632 -10.044
v 12.409 -74.554 -7.674
v 12.172 -75.994 -2.426
v 13.177 -74.681 -0.528
v 12.466 -74.712 -8.553
v 13.468 -73.930 -6.125
v 12.830 -74.304 -4.437
v 13.660 -73.945 -2.085
v 10.174 -82.718 -0.680
v 10.338 -83.304 1.776
v 9.582 -82.509 2.573
v 10.652 -82.221 -9.930
v 10.140 -82.105 -9.050
v 10.479 -81.979 -8.121
v 9.803 -81.655 -7.516
v 10.810 -81.733 -7.458
v 10.275 -81.975 -7.434
v 10.081 -81.840 -7.013
v 10.677 -81.770 -6.727
v 10.174 -81.915 -3.937
v 10.495 -81.769 -5.633
v 10.693 -81.686 -2.957
v 9.720 -81.815 -4.246
v 10.467 -82.166 -1.575
v 9.391 -82.128 -1.495
v 9.497 -81.834 2.375
v 10.383 -81.240 -14.184
v 11.019 -79.501 -11.225
v 9.955 -81.436 -12.172
v 10.130 -81.055 -8.993
v 9.814 -81.267 -8.080
v 9.942 -81.037 -7.000
v 11.054 -79.007 1.634
v 10.207 -81.203 2.570
v 9.163 -81.166 -1.305
v 9.171 -81.776 1.804
v 9.141 -81.464 -2.010
v -52.412 -63.675 2.696
v -52.630 -62.343 1.284
v -52.939 -62.030 -0.867
v -53.314 -60.357 -3.525
v -51.298 -65.555 3.548
v -52.552 -62.020 -5.361
v -53.209 -57.904 -9.418
v -52.997 -60.108 -3.060
v -50.861 -67.200 4.395
v -50.124 -67.856 7.025
v -50.945 -65.650 -1.186
v -50.703 -65.940 0.555
v -51.268 -64.866 -1.142
v -51.132 -66.151 2.689
v -50.156 -68.003 3.829
v -50.987 -65.856 5.610
v -51.923 -64.409 3.924
v -51.481 -64.154 -3.029
v -49.930 -66.741 -1.415
v -51.414 -63.638 -5.695
v -51.477 -63.158 -6.287
v -51.134 -63.202 -8.165
v -52.048 -63.418 3.278
v -51.514 -63.440 3.410
v -51.525 -61.773 -11.986
v -52.343 -59.952 -12.203
v -52.133 -62.104 1.438
v -51.808 -62.958 2.836
v -51.676 -62.258 2.200
v -51.323 -63.180 3.203
v -51.585 -62.451 2.835
v -53.053 -59.142 -11.430
v -51.232 -61.684 -6.179
v -51.488 -62.327 -1.392
v -50.554 -63.888 -1.613
v -52.561 -60.553 -1.984
v -51.950 -61.611 0.978
v -51.912 -61.886 1.747
v -52.004 -59.186 -19.990
v -51.924 -60.364 -21.188
v -52.009 -59.580 -19.539
v -52.399 -59.749 -3.232
v -52.434 -59.757 -2.596
v -52.312 -60.539 -1.722
v -52.826 -57.999 -14.222
v -51.974 -59.576 -17.472
v -51.660 -59.904 -15.653
v -53.107 -58.745 -6.317
v -52.451 -58.256 -6.655
v -52.506 -59.527 -3.934
v -52.682 -58.134 -17.009
v -52.232 -57.728 -17.318
v -52.582 -57.482 -15.772
v -52.992 -57.399 -10.919
v -52.468 -57.181 -13.448
v -52.992 -57.619 -9.400
v -52.478 -57.346 -9.797
v -52.602 -58.097 -7.857
v -52.272 -58.147 -6.307
v -48.154 -71.534 7.663
v -48.901 -70.283 8.121
v -49.299 -69.765 5.985
v -47.456 -73.116 10.453
v -47.250 -73.208 11.009
v -49.231 -69.610 8.453
v -49.317 -69.424 4.400
v -49.659 -68.196 2.329
v -48.581 -69.741 3.615
v -49.118 -69.488 5.373
v -47.335 -72.122 10.825
v -48.799 -69.242 8.821
v -49.326 -68.363 8.325
v -48.973 -67.722 8.108
v -49.122 -67.910 0.458
v -50.050 -65.723 6.085
v -49.263 -67.180 7.658
v -49.563 -65.540 -4.447
v -50.052 -65.503 -4.287
v -49.364 -66.600 -1.959
v -48.724 -67.018 4.663
v -49.923 -65.402 1.776
v -49.182 -66.595 6.385
v -50.657 -64.321 3.304
v -50.274 -64.811 -5.530
v -50.324 -63.770 -8.083
v -49.843 -64.331 -8.535
v -48.920 -66.473 2.882
v -51.201 -63.638 3.643
v -49.145 -65.241 -24.745
v -49.933 -63.547 -23.052
v -50.939 -62.926 -24.372
v -50.239 -63.018 -13.590
v -50.283 -64.124 -8.618
v -50.039 -63.144 -4.912
v -50.889 -61.666 -6.930
v -50.822 -62.803 -24.972
v -49.437 -65.403 -26.739
v -51.435 -61.695 -23.468
v -49.695 -64.167 -26.345
v -50.991 -61.792 -24.135
v -48.087 -64.735 -26.590
v -49.186 -64.526 -23.446
v -50.279 -61.771 -18.515
v -50.732 -61.396 -18.513
v -50.273 -61.972 -17.620
v -50.813 -62.354 -14.694
v -50.494 -62.547 -14.549
v -50.327 -62.923 -14.745
v -50.901 -62.508 -11.979
v -50.474 -62.743 -12.195
v -50.741 -62.793 -10.388
v -51.737 -59.620 -21.278
v -50.774 -60.143 -22.364
v -51.183 -60.830 -19.032
v -51.087 -61.144 -18.708
v -50.848 -61.257 -18.157
v -51.075 -60.820 -16.848
v -50.583 -60.710 -10.651
v -51.252 -58.653 -19.843
v -50.402 -60.209 -13.906
v -51.537 -59.108 -20.692
v -52.044 -57.054 -13.139
v -52.324 -57.847 -7.673
v -52.154 -57.070 -11.435
v -46.913 -73.417 8.857
v -46.592 -73.657 9.616
v -47.788 -71.643 8.435
v -45.901 -75.215 11.543
v -45.799 -73.783 7.975
v -48.394 -69.948 9.290
v -47.662 -70.379 2.823
v -46.754 -71.194 3.373
v -48.133 -70.343 3.736
v -46.142 -72.577 5.803
v -47.760 -71.170 5.800
v -47.386 -70.963 10.174
v -46.977 -70.774 8.947
v -46.663 -71.853 10.728
v -47.248 -69.347 0.877
v -48.073 -70.020 3.181
v -47.400 -69.977 7.939
v -48.428 -68.625 8.001
v -48.314 -68.336 6.755
v -48.466 -66.754 -3.150
v -48.292 -67.599 5.653
v -47.711 -67.979 5.087
v -47.832 -67.371 4.691
v -48.023 -67.160 -28.185
v -48.313 -66.744 -27.846
v -48.211 -66.527 -28.028
v -48.411 -66.709 -27.442
v -47.980 -66.665 -6.142
v -48.364 -66.885 -3.929
v -48.464 -65.967 -5.679
v -47.521 -68.300 -1.801
v -49.177 -65.966 -4.285
v -48.337 -66.716 2.977
v -47.713 -66.757 2.398
v -49.353 -66.354 7.005
v -47.854 -67.015 -27.207
v -47.879 -66.454 -28.211
v -47.490 -67.408 -26.595
v -48.374 -65.330 -10.329
v -48.695 -65.939 -6.986
v -49.115 -64.999 -9.866
v -48.167 -65.950 -7.808
v -48.872 -65.887 -4.730
v -49.229 -65.191 -5.728
v -49.244 -65.087 -1.393
v -48.747 -66.322 1.138
v -48.606 -65.342 -1.456
v -48.316 -66.297 1.138
v -48.182 -65.238 -0.934
v -45.739 -67.868 -25.069
v -49.316 -63.716 -14.454
v -48.872 -64.525 -15.131
v -49.197 -64.052 -12.326
v -48.889 -64.026 -16.685
v -48.774 -64.786 -15.136
v -48.089 -65.003 -16.049
v -48.320 -65.282 -15.041
v -48.743 -64.776 -12.346
v -49.358 -64.156 -10.201
v -49.429 -64.409 -10.519
v -49.202 -64.795 -6.724
v -49.290 -65.042 -7.821
v -49.056 -65.008 -6.569
v -49.553 -64.257 -8.428
v -48.792 -64.676 -2.584
v -49.476 -63.680 -4.861
v -49.313 -64.432 -3.049
v -49.737 -62.030 -23.893
v -49.041 -62.361 -20.223
v -48.695 -64.149 -21.695
v -49.037 -63.522 -20.236
v -49.276 -63.367 -16.794
v -48.365 -64.113 -18.688
v -49.166 -63.703 -16.336
v -49.879 -63.770 -11.590
v -48.158 -64.586 -18.343
v -48.873 -62.711 -6.917
v -49.508 -62.631 -7.393
v -50.179 -62.129 -18.600
v -49.465 -61.447 -13.749
v -49.361 -61.753 -10.342
v -48.791 -61.792 -12.236
v -48.674 -62.055 -9.254
v -45.461 -75.060 9.935
v -43.963 -76.458 10.962
v -44.258 -75.901 10.110
v -44.424 -76.701 12.092
v -45.330 -75.158 10.707
v -44.334 -76.173 11.317
v -40.984 -77.576 9.534
v -45.056 -75.865 12.625
v -45.602 -74.522 12.367
v -45.989 -72.532 11.224
v -46.419 -70.899 2.578
v -45.788 -71.422 2.535
v -45.377 -72.373 5.273
v -45.672 -71.451 3.289
v -45.736 -72.556 10.332
v -45.883 -71.368 7.807
v -45.848 -70.717 6.534
v -46.955 -69.591 6.106
v -46.452 -68.786 4.895
v -47.860 -66.876 -28.496
v -46.498 -68.626 -29.179
v -43.651 -70.282 -31.008
v -46.851 -67.358 -7.846
v -46.180 -68.367 -6.469
v -46.663 -68.144 -5.985
v -47.288 -67.860 -4.704
v -47.609 -67.426 3.854
v -47.136 -67.483 3.775
v -45.467 -69.047 5.602
v -47.022 -66.693 -14.220
v -47.267 -66.652 -12.733
v -46.548 -66.545 -15.414
v -46.290 -67.258 -13.486
v -47.578 -65.968 -12.033
v -47.079 -66.489 -11.719
v -46.896 -66.652 -9.678
v -47.733 -66.309 -9.707
v -47.537 -66.044 1.256
v -46.573 -67.133 3.155
v -47.143 -65.869 1.511
v -46.854 -66.096 -27.562
v -46.255 -66.422 -26.674
v -48.045 -63.694 -22.419
v -47.211 -65.540 -21.580
v -48.067 -64.682 -20.569
v -47.384 -65.149 -20.849
v -46.957 -66.018 -21.217
v -46.462 -66.144 -19.289
v -46.534 -66.103 -20.275
v -47.624 -65.617 -15.385
v -47.804 -65.547 -15.831
v -46.742 -66.133 -17.146
v -47.818 -65.649 -13.893
v -47.510 -65.963 -15.286
v -46.440 -66.596 -16.515
v -48.009 -65.474 -11.878
v -47.299 -65.688 -13.824
v -47.010 -66.487 -10.792
v -48.181 -64.139 -2.017
v -47.429 -65.056 0.080
v -44.955 -66.725 2.542
v -48.181 -64.363 -21.482
v -48.237 -64.530 -16.685
v -48.599 -64.882 -14.670
v -47.318 -63.636 -1.940
v -48.205 -62.809 -4.966
v -47.573 -62.835 -4.912
v -47.369 -63.106 -19.714
v -48.653 -62.183 -16.690
v -47.217 -62.223 -16.106
v -47.268 -61.992 -14.832
v -48.410 -61.798 -11.732
v -47.711 -62.007 -11.143
v -47.429 -62.067 -7.854
v -43.930 -77.114 12.566
v -43.398 -77.106 11.909
v -43.847 -77.049 11.857
v -40.913 -79.565 13.844
v -43.543 -77.435 13.252
v -43.842 -76.622 13.422
v -43.514 -76.323 13.466
v -39.822 -77.062 13.932
v -44.866 -72.270 3.827
v -42.894 -73.425 4.665
v -44.538 -72.715 4.719
v -43.379 -73.788 9.524
v -44.832 -71.896 2.985
v -43.678 -72.549 8.062
v -43.568 -70.771 7.346
v -43.141 -71.307 -30.923
v -43.800 -70.643 -29.840
v -45.885 -69.450 -5.039
v -45.983 -69.126 -4.416
v -44.429 -70.858 -2.910
v -45.046 -70.348 -3.189
v -45.417 -69.197 -5.515
v -45.781 -67.410 3.662
v -45.005 -68.133 -23.715
v -45.915 -67.409 -23.340
v -46.054 -67.670 -13.823
v -44.249 -68.090 -17.624
v -44.042 -68.827 -16.209
v -43.255 -69.053 -16.261
v -46.105 -67.467 -13.366
v -45.327 -67.902 -14.197
v -46.188 -66.967 -8.486
v -45.174 -67.855 -6.626
v -45.224 -66.475 -7.821
v -44.710 -67.936 -29.112
v -45.843 -67.393 -22.411
v -45.365 -67.726 -22.256
v -44.909 -67.922 -22.133
v -46.227 -66.509 -20.288
v -45.881 -66.795 -19.974
v -45.998 -66.468 -19.624
v -46.045 -66.859 -19.233
v -45.960 -66.753 -18.360
v -45.024 -67.537 -19.016
v -45.305 -67.447 -19.565
v -44.639 -67.947 -18.890
v -45.652 -67.051 -17.298
v -45.806 -67.055 -16.412
v -46.297 -67.314 -15.020
v -45.883 -67.482 -15.283
v -45.611 -66.438 -12.187
v -46.360 -66.701 -11.783
v -46.694 -66.549 -10.481
v -45.974 -66.193 -10.792
v -46.622 -66.913 -9.241
v -46.133 -66.466 -9.516
v -42.917 -68.813 -28.525
v -45.738 -65.007 -23.842
v -45.585 -65.574 -9.089
v -46.315 -64.810 0.252
v -46.644 -63.574 -2.264
v -46.370 -63.376 -20.097
v -45.887 -63.282 -18.772
v -47.097 -61.880 -11.376
v -45.229 -63.403 -6.251
v -46.425 -62.545 -11.592
v -47.000 -62.132 -8.643
v -46.103 -63.385 -4.650
v -46.840 -63.085 -3.644
v -46.726 -62.563 -4.845
v -46.733 -63.122 -3.363
v -46.773 -62.206 -16.171
v -46.914 -62.191 -14.367
v -46.821 -61.984 -12.807
v -46.015 -62.757 -16.533
v -46.198 -62.528 -14.748
v -47.088 -62.090 -7.393
v -43.183 -77.212 11.238
v -41.535 -78.270 11.443
v -39.281 -80.568 12.944
v -41.007 -78.681 11.086
v -41.294 -75.590 6.749
v -40.381 -76.470 7.622
v -42.831 -73.360 8.996
v -42.733 -74.671 10.921
v -41.323 -74.193 3.284
v -40.465 -74.160 9.629
v -43.837 -69.849 -3.811
v -42.529 -72.465 -1.179
v -41.425 -71.688 -0.924
v -43.972 -72.388 -0.551
v -43.651 -72.432 1.928
v -43.010 -71.231 -31.273
v -43.900 -70.660 -29.065
v -43.331 -69.990 6.364
v -42.338 -71.845 8.073
v -43.531 -69.054 -29.845
v -41.435 -71.125 -27.825
v -44.329 -68.560 -22.776
v -43.637 -69.307 -23.646
v -43.780 -69.382 -24.420
v -43.191 -69.232 -22.313
v -44.512 -68.386 -21.516
v -42.214 -70.123 -21.629
v -44.452 -68.075 -17.972
v -42.896 -68.684 -16.219
v -44.120 -68.590 -4.782
v -44.786 -66.829 -5.368
v -43.689 -68.566 -3.361
v -43.288 -69.528 -3.443
v -44.316 -68.317 -20.710
v -44.055 -67.728 -14.984
v -44.916 -67.241 -6.665
v -44.123 -67.749 4.084
v -43.211 -68.668 5.141
v -44.651 -66.507 -13.623
v -45.132 -65.553 -6.650
v -44.760 -65.558 -5.537
v -43.835 -67.427 -2.908
v -44.734 -65.396 -4.596
v -44.021 -66.466 -0.255
v -45.109 -65.146 -1.654
v -44.906 -64.382 -11.106
v -44.474 -64.893 -13.119
v -45.168 -64.656 -8.626
v -44.873 -64.436 -7.836
v -44.872 -64.732 -7.066
v -45.012 -64.473 -6.748
v -44.758 -64.396 -5.211
v -43.589 -64.684 -21.022
v -44.764 -63.840 -11.418
v -44.392 -63.932 -14.051
v -45.278 -63.099 -10.556
v -44.802 -63.498 -9.426
v -44.843 -64.133 -7.602
v -44.733 -64.483 -4.146
v -45.959 -63.820 -2.586
v -45.215 -63.093 -15.664
v -45.806 -62.968 -15.007
v -44.640 -63.330 -15.293
v -46.490 -61.953 -13.795
v -38.268 -81.464 14.398
v -38.480 -78.587 14.593
v -38.263 -76.852 11.485
v -42.557 -73.170 -0.083
v -37.578 -75.504 2.957
v -41.019 -74.361 3.034
v -42.224 -73.884 4.256
v -42.149 -73.633 3.481
v -40.601 -74.417 4.071
v -40.280 -75.119 5.499
v -41.154 -72.588 -31.911
v -41.193 -72.191 -32.082
v -42.584 -71.479 -29.528
v -40.715 -72.161 -29.372
v -41.461 -71.914 8.052
v -40.971 -71.565 7.969
v -42.999 -69.761 -25.439
v -40.901 -71.096 -24.976
v -42.159 -70.202 -23.026
v -41.024 -70.710 -20.234
v -42.570 -69.465 -19.045
v -42.426 -69.839 -18.996
v -40.209 -71.626 -19.261
v -41.383 -71.233 -0.895
v -41.293 -70.715 6.765
v -42.986 -67.973 -16.091
v -43.221 -67.550 -1.642
v -41.864 -69.403 -0.249
v -42.827 -67.640 -26.611
v -44.048 -66.330 -1.650
v -43.265 -67.860 -0.466
v -43.460 -67.188 -0.253
v -41.581 -69.257 3.471
v -43.302 -67.721 1.763
v -42.711 -66.774 -25.666
v -44.101 -65.770 -14.357
v -43.645 -64.758 -16.407
v -43.430 -64.368 -16.860
v -42.775 -64.935 -18.806
v -43.715 -64.174 -15.901
v -44.726 -63.671 -8.255
v -39.614 -79.825 14.959
v -37.438 -81.713 15.455
v -38.605 -80.314 15.381
v -36.621 -82.530 15.278
v -38.723 -78.123 8.700
v -37.355 -80.485 15.532
v -39.475 -76.591 7.442
v -37.556 -78.263 13.479
v -39.641 -76.190 7.192
v -39.791 -75.135 2.159
v -39.371 -75.385 2.723
v -40.308 -74.653 4.621
v -39.722 -74.946 4.133
v -35.858 -76.731 11.495
v -37.735 -74.927 1.518
v -39.975 -73.027 -32.603
v -41.573 -71.002 -31.440
v -40.367 -72.465 -32.467
v -41.826 -72.132 -30.612
v -39.117 -73.788 -31.999
v -39.979 -73.181 8.945
v -40.267 -72.498 8.713
v -39.655 -71.821 -24.356
v -40.750 -70.947 -23.049
v -40.915 -71.050 -22.413
v -39.045 -72.353 -20.247
v -41.444 -70.826 -18.993
v -39.031 -72.098 -19.531
v -41.785 -70.284 -0.497
v -40.375 -71.639 0.222
v -40.731 -70.503 0.751
v -39.790 -70.981 -31.415
v -39.277 -70.631 -29.995
v -38.771 -72.544 -20.951
v -41.584 -69.838 -17.465
v -41.684 -69.490 0.366
v -41.521 -69.353 0.785
v -40.608 -70.357 2.138
v -41.887 -69.149 1.670
v -40.466 -70.548 1.614
v -40.272 -71.107 5.489
v -39.408 -69.748 -29.011
v -41.688 -66.589 -19.169
v -42.088 -68.576 1.681
v -40.501 -69.879 3.189
v -38.076 -69.594 -29.434
v -40.701 -66.544 -20.687
v -42.429 -65.869 -23.778
v -42.364 -65.442 -18.852
v -42.387 -65.178 -20.092
v -37.207 -81.955 13.728
v -36.431 -81.882 15.865
v -33.874 -83.177 12.730
v -37.860 -78.391 14.228
v -38.795 -75.459 5.231
v -39.063 -73.673 -32.622
v -36.270 -73.920 -33.355
v -37.665 -72.382 -32.670
v -36.722 -74.324 -33.240
v -37.761 -74.263 9.897
v -37.097 -72.778 -27.946
v -39.776 -71.673 -23.728
v -38.929 -72.402 -23.484
v -38.876 -72.348 -22.244
v -39.097 -72.224 7.974
v -38.895 -72.457 7.149
v -37.276 -73.270 8.582
v -38.589 -71.576 -32.050
v -38.282 -72.498 -21.793
v -39.377 -71.544 -19.094
v -40.549 -69.035 -19.462
v -37.878 -72.217 3.515
v -38.896 -71.257 4.248
v -35.445 -69.722 -28.718
v -39.621 -66.972 -23.497
v -34.537 -83.504 14.662
v -34.278 -84.020 15.283
v -34.202 -83.924 15.915
v -34.838 -82.135 16.147
v -31.669 -82.789 10.288
v -36.993 -79.820 9.539
v -35.121 -81.312 15.648
v -37.103 -76.035 3.641
v -36.676 -76.350 5.381
v -37.182 -77.243 6.744
v -33.157 -80.314 8.610
v -37.130 -76.645 6.209
v -31.004 -79.727 12.948
v -36.676 -75.915 3.193
v -36.338 -75.699 2.558
v -38.155 -75.617 4.105
v -39.138 -75.020 3.950
v -37.265 -74.479 -31.845
v -38.417 -73.384 -30.918
v -35.522 -74.262 -30.753
v -37.637 -72.539 -25.558
v -39.292 -72.028 -23.780
v -37.560 -72.937 -24.209
v -35.390 -73.856 -23.707
v -38.297 -72.560 -20.190
v -38.612 -72.117 -19.652
v -38.484 -72.290 1.588
v -36.893 -73.324 2.241
v -37.862 -72.943 6.578
v -38.737 -71.983 5.231
v -37.763 -72.300 -20.095
v -37.427 -72.735 2.720
v -37.461 -71.809 -31.718
v -37.511 -68.981 -22.727
v -32.862 -84.700 15.152
v -32.036 -84.183 16.253
v -32.532 -83.970 13.733
v -33.821 -80.273 14.498
v -33.033 -81.926 15.697
v -35.258 -78.202 7.169
v -33.326 -80.820 9.480
v -36.103 -76.105 3.724
v -34.289 -77.037 4.837
v -36.096 -75.516 10.571
v -35.006 -76.243 11.235
v -36.823 -75.048 1.531
v -39.337 -73.489 0.278
v -32.276 -76.478 -33.208
v -32.623 -75.943 -33.460
v -35.407 -74.277 -30.938
v -36.726 -74.387 1.479
v -34.287 -75.093 2.244
v -37.033 -73.225 2.676
v -33.875 -74.785 3.018
v -36.143 -73.660 6.734
v -36.335 -74.318 9.379
v -31.461 -76.060 10.599
v -36.493 -74.324 9.699
v -34.353 -73.071 -32.624
v -36.221 -73.343 -26.271
v -35.498 -73.591 -25.494
v -37.382 -73.047 -21.623
v -35.668 -73.718 -21.184
v -36.488 -72.847 -20.579
v -35.982 -72.823 4.452
v -34.582 -73.973 4.102
v -37.496 -70.794 -29.938
v -34.344 -71.644 -30.468
v -35.632 -69.070 -24.886
v -30.785 -85.750 15.625
v -29.875 -85.340 16.183
v -33.380 -82.386 15.800
v -32.729 -83.054 16.127
v -29.364 -83.326 10.013
v -34.548 -77.523 6.526
v -33.153 -76.688 2.457
v -32.360 -76.864 3.332
v -33.927 -76.940 3.953
v -33.216 -76.819 11.449
v -33.683 -75.675 10.955
v -33.091 -76.348 11.081
v -33.958 -76.060 -32.151
v -34.334 -75.667 1.906
v -34.412 -75.245 10.147
v -33.510 -75.119 -33.435
v -35.099 -74.248 -29.832
v -35.032 -74.095 -29.166
v -35.360 -73.715 -28.749
v -34.498 -74.087 -27.663
v -33.251 -74.515 -26.019
v -33.708 -74.491 -26.615
v -34.643 -74.138 -22.550
v -35.215 -73.452 -20.962
v -33.673 -71.022 -23.839
v -32.339 -74.962 -22.030
v -33.966 -73.498 5.031
v -35.810 -72.948 5.173
v -35.115 -74.074 7.820
v -35.790 -73.104 4.176
v -31.739 -72.875 -31.850
v -30.602 -83.438 15.496
v -32.522 -79.352 7.411
v -29.857 -79.185 6.438
v -31.855 -76.558 2.272
v -32.096 -76.146 11.009
v -34.456 -74.797 -30.828
v -33.082 -75.185 -30.139
v -32.494 -74.652 -27.197
v -34.794 -73.766 -27.210
v -34.233 -74.202 7.355
v -29.926 -75.579 10.098
v -32.333 -74.700 -21.660
v -32.127 -74.625 4.568
v -31.968 -72.494 -31.075
v -33.120 -69.917 -25.731
v -29.045 -86.349 15.035
v -30.487 -81.742 14.307
v -31.513 -80.081 8.005
v -29.954 -81.099 13.922
v -30.252 -77.533 11.775
v -31.346 -76.242 -33.247
v -31.681 -73.971 -32.539
v -30.743 -77.319 -31.991
v -32.243 -75.677 -30.928
v -31.786 -76.673 -31.500
v -31.182 -76.026 2.339
v -31.217 -75.658 -29.737
v -32.777 -74.689 -29.701
v -31.329 -75.214 -29.106
v -30.894 -75.566 -29.618
v -30.322 -75.227 -27.683
v -28.847 -75.733 -26.644
v -31.404 -75.005 -25.957
v -31.896 -75.016 4.395
v -30.795 -74.378 5.342
v -31.347 -74.096 5.800
v -31.978 -74.307 6.266
v -31.353 -74.576 7.815
v -30.540 -74.868 7.203
v -31.292 -75.059 8.268
v -30.233 -71.639 -29.554
v -33.973 -70.294 -24.667
v -25.598 -85.625 10.638
v -28.575 -84.931 15.687
v -29.667 -80.521 7.578
v -26.219 -80.842 6.907
v -28.526 -79.520 12.172
v -29.895 -77.796 4.110
v -29.257 -77.647 -32.361
v -29.484 -77.215 -32.712
v -30.781 -76.160 -30.715
v -30.667 -75.847 2.557
v -29.965 -76.287 -30.136
v -30.016 -75.709 -25.085
v -31.976 -74.790 -21.868
v -31.670 -75.051 4.071
v -30.439 -75.312 4.544
v -30.218 -75.337 9.097
v -29.190 -74.649 -21.644
v -29.803 -72.244 -23.638
v -31.888 -74.200 -21.624
v -29.967 -71.415 -27.979
v -24.381 -87.525 13.283
v -23.952 -86.790 12.035
v -26.347 -84.499 14.297
v -28.823 -82.290 13.988
v -27.655 -83.175 14.236
v -30.048 -80.748 8.178
v -29.286 -81.285 13.613
v -29.164 -78.482 5.226
v -29.826 -77.404 -31.034
v -28.388 -77.331 2.933
v -30.032 -77.376 11.495
v -26.404 -77.491 -31.615
v -27.409 -76.368 1.989
v -28.524 -76.589 10.491
v -28.111 -76.360 -28.267
v -28.807 -75.737 -23.631
v -30.236 -75.546 -22.334
v -29.297 -75.211 -21.695
v -28.585 -75.699 -22.102
v -27.868 -75.483 4.251
v -29.176 -75.478 4.433
v -29.609 -74.566 5.362
v -27.650 -75.438 8.288
v -27.996 -75.552 8.644
v -29.081 -73.500 -31.508
v -28.690 -74.922 6.382
v -30.121 -71.443 -27.359
v -25.437 -87.645 15.090
v -23.991 -86.521 14.604
v -26.094 -85.569 14.899
v -26.954 -82.093 8.137
v -29.632 -81.508 8.399
v -28.221 -78.201 4.727
v -27.373 -78.975 5.198
v -28.329 -78.104 11.652
v -24.016 -78.734 10.581
v -27.162 -78.379 -31.639
v -26.227 -77.671 -29.227
v -27.693 -77.223 2.246
v -25.693 -76.065 -31.193
v -28.920 -75.756 -27.920
v -30.904 -75.519 -29.209
v -27.008 -76.346 -27.429
v -28.942 -75.792 -27.503
v -26.500 -76.227 -21.924
v -27.768 -75.391 -21.410
v -27.169 -75.978 2.403
v -27.506 -75.052 4.725
v -25.858 -76.206 9.210
v -28.188 -73.311 -30.375
v -27.148 -72.922 -29.536
v -26.468 -72.729 -28.139
v -28.850 -71.469 -25.964
v -28.391 -72.124 -27.035
v -27.364 -72.239 -25.188
v -23.303 -88.205 13.782
v -25.417 -87.430 15.391
v -21.999 -87.125 14.205
v -24.317 -84.105 13.319
v -26.331 -79.337 11.480
v -26.934 -78.408 -30.751
v -24.321 -78.082 3.031
v -25.335 -78.630 4.258
v -27.625 -76.812 1.995
v -25.276 -77.493 10.316
v -25.158 -76.842 -26.436
v -25.622 -76.912 -23.934
v -25.842 -76.554 -25.072
v -27.264 -75.484 7.514
v -22.718 -77.330 9.532
v -26.489 -74.324 -30.980
v -25.497 -75.173 -20.712
v -26.481 -74.828 5.319
v -24.037 -75.034 3.950
v -26.878 -73.484 -22.738
v -27.014 -72.793 -27.511
v -27.894 -72.444 -26.405
v -22.308 -88.274 13.999
v -24.399 -85.849 14.109
v -24.010 -86.055 14.112
v -23.073 -83.813 8.029
v -23.207 -80.908 6.050
v -24.125 -79.353 4.735
v -23.027 -81.186 11.358
v -24.906 -80.280 11.266
v -25.075 -78.555 -30.828
v -23.907 -79.020 -29.665
v -23.190 -79.058 3.909
v -24.843 -76.947 1.071
v -24.522 -77.454 1.475
v -24.834 -77.118 -26.412
v -25.830 -76.913 -24.209
v -24.661 -76.759 -23.008
v -24.852 -76.719 -22.388
v -21.391 -77.117 -20.241
v -25.257 -77.685 2.746
v -24.697 -75.610 -20.434
v -24.593 -76.178 1.367
v -26.226 -75.133 6.894
v -23.355 -75.456 7.735
v -25.912 -74.386 -21.464
v -24.823 -74.325 -29.521
v -23.795 -74.061 -26.829
v -27.293 -72.847 -26.196
v -25.880 -72.936 -23.638
v -21.500 -88.415 13.002
v -21.711 -87.756 12.192
v -23.160 -86.291 13.742
v -23.420 -86.128 13.754
v -21.283 -85.105 8.281
v -23.916 -82.936 7.987
v -17.469 -81.991 9.709
v -23.974 -78.358 -30.610
v -23.760 -78.868 -28.479
v -23.678 -77.761 -27.344
v -24.842 -77.425 2.550
v -22.681 -77.536 1.804
v -22.676 -77.953 9.835
v -21.669 -78.046 -25.334
v -24.396 -77.143 -23.438
v -21.636 -77.616 -23.428
v -21.797 -76.433 -19.599
v -25.464 -75.852 8.659
v -26.006 -75.545 -31.068
v -23.163 -75.128 -19.997
v -22.262 -74.728 5.193
v -22.460 -75.393 6.585
v -23.675 -75.291 -29.904
v -24.337 -73.557 -22.550
v -23.903 -74.178 -28.592
v -24.741 -73.071 -24.583
v -24.594 -73.451 -24.811
v -19.658 -87.618 11.242
v -21.226 -88.353 13.358
v -18.309 -87.854 12.046
v -21.341 -87.632 11.534
v -19.035 -86.047 7.987
v -20.495 -83.566 11.399
v -18.245 -85.296 11.194
v -20.223 -82.050 5.710
v -22.952 -81.707 6.271
v -14.299 -80.342 7.589
v -22.553 -77.868 -29.948
v -20.139 -78.909 -26.307
v -21.395 -78.423 -26.258
v -21.301 -79.075 -27.905
v -19.545 -77.840 0.113
v -23.717 -78.657 3.592
v -21.826 -78.280 2.252
v -18.741 -79.284 9.084
v -22.355 -78.290 9.716
v -22.943 -76.682 -30.053
v -22.216 -77.546 -24.694
v -24.281 -76.876 -24.251
v -20.194 -77.703 -21.456
v -23.784 -75.965 -29.986
v -23.209 -77.019 -22.102
v -22.217 -76.135 0.425
v -20.677 -75.957 1.150
v -21.797 -76.209 7.671
v -19.870 -74.962 2.063
v -21.348 -74.359 3.597
v -26.281 -74.854 5.654
v -21.486 -74.423 -23.944
v -23.731 -73.394 -23.983
v -19.755 -87.392 10.605
v -19.155 -87.996 11.484
v -18.709 -88.048 11.668
v -19.050 -86.698 12.791
v -18.419 -83.605 5.973
v -19.118 -82.803 5.344
v -19.011 -80.569 3.590
v -22.728 -78.593 -29.667
v -21.277 -77.933 -28.841
v -20.906 -78.400 2.435
v -21.186 -77.732 9.223
v -20.704 -77.820 -23.983
v -18.573 -78.167 -20.650
v -22.022 -76.773 -0.098
v -20.190 -76.464 -28.339
v -22.226 -75.686 -28.967
v -21.098 -75.427 6.889
v -21.398 -74.876 -25.491
v -20.413 -75.215 -26.291
v -22.009 -74.942 -19.985
v -17.586 -86.910 9.771
v -17.665 -86.873 8.703
v -18.133 -85.886 11.328
v -16.638 -86.359 10.993
v -17.851 -84.564 5.981
v -19.294 -82.357 5.383
v -18.036 -83.678 10.520
v -18.182 -80.775 3.499
v -17.863 -82.023 4.117
v -20.184 -78.231 -27.750
v -19.499 -77.987 -22.830
v -19.469 -77.504 -0.566
v -19.923 -78.330 1.014
v -18.568 -78.799 1.480
v -19.334 -78.095 8.791
v -18.594 -77.094 -18.013
v -19.901 -77.449 -0.780
v -20.680 -75.826 -18.425
v -20.058 -76.249 -18.206
v -20.875 -75.230 -18.695
v -18.291 -75.846 5.656
v -21.586 -73.905 -23.015
v -20.738 -74.054 -21.489
v -21.514 -74.268 -21.000
v -19.612 -74.681 4.040
v -17.568 -87.646 11.397
v -16.570 -87.279 10.440
v -17.577 -87.493 11.585
v -17.581 -86.278 7.882
v -17.105 -86.668 8.965
v -17.139 -85.307 6.763
v -16.126 -79.363 7.710
v -18.824 -78.866 -25.172
v -18.640 -78.330 -24.215
v -19.382 -78.740 -26.567
v -18.545 -77.553 -26.350
v -19.167 -77.370 -27.408
v -19.101 -78.556 -23.159
v -17.510 -78.654 -22.931
v -17.958 -78.093 -0.314
v -18.315 -77.461 -0.867
v -18.599 -77.090 -27.171
v -18.639 -77.947 -20.113
v -19.687 -77.469 -19.830
v -19.681 -76.535 -1.562
v -18.246 -77.154 -2.319
v -19.107 -75.271 -17.382
v -18.347 -75.714 -0.229
v -18.387 -75.089 0.420
v -19.802 -75.252 5.151
v -19.941 -74.988 4.879
v -18.545 -75.368 5.609
v -20.157 -74.758 -23.942
v -19.812 -74.340 2.465
v -18.657 -74.317 1.670
v -16.788 -86.883 9.652
v -16.689 -87.158 9.904
v -16.180 -86.929 10.054
v -13.378 -84.358 3.618
v -16.140 -86.115 7.990
v -15.093 -82.161 8.461
v -16.753 -84.861 5.667
v -15.603 -83.134 3.785
v -16.382 -80.333 1.475
v -17.421 -78.976 1.029
v -16.827 -78.956 -23.208
v -16.493 -78.845 -0.440
v -17.708 -78.227 -25.597
v -17.334 -77.214 -25.707
v -19.135 -78.339 -24.495
v -17.201 -78.326 -19.567
v -16.709 -78.201 -17.949
v -17.956 -78.015 -19.716
v -17.611 -77.278 -17.583
v -17.695 -78.331 0.187
v -16.261 -76.755 6.225
v -18.132 -76.137 -25.493
v -18.440 -76.761 -17.524
v -18.354 -76.543 -2.532
v -18.399 -76.094 -2.059
v -17.677 -76.828 6.588
v -17.690 -75.592 -23.630
v -19.222 -75.868 -17.251
v -17.980 -75.569 -16.471
v -16.289 -76.361 -15.260
v -15.891 -73.910 -0.548
v -15.216 -74.633 -17.974
v -14.203 -85.789 9.398
v -15.528 -84.737 5.177
v -14.620 -86.209 8.590
v -14.827 -84.017 3.662
v -16.745 -80.058 1.351
v -14.239 -79.796 -1.835
v -14.846 -79.324 -22.382
v -17.638 -78.257 -19.603
v -16.132 -78.387 -18.355
v -16.684 -77.850 -1.395
v -16.325 -78.142 7.386
v -16.254 -77.687 -24.613
v -16.353 -77.197 -16.261
v -17.802 -77.171 -3.243
v -16.114 -77.388 -5.461
v -17.374 -77.503 -2.996
v -16.326 -76.910 -5.344
v -17.263 -77.406 -2.398
v -17.012 -77.674 -1.860
v -17.429 -77.939 -0.703
v -16.484 -76.646 -15.545
v -16.176 -76.313 -4.943
v -16.977 -75.633 -2.403
v -15.363 -75.560 3.188
v -16.663 -75.860 -22.074
v -12.962 -75.751 -17.007
v -17.311 -74.762 -16.919
v -14.551 -74.453 -14.575
v -17.015 -75.456 -1.647
v -15.736 -75.120 3.096
v -16.160 -73.874 -0.927
v -14.067 -85.217 6.765
v -13.721 -85.524 7.104
v -12.912 -85.210 7.033
v -13.531 -84.260 8.824
v -14.220 -82.482 2.046
v -12.428 -82.767 0.548
v -13.637 -81.425 0.164
v -14.650 -80.834 -0.005
v -15.025 -79.358 -21.315
v -14.813 -79.502 -21.842
v -14.174 -77.885 5.970
v -15.171 -79.429 -20.692
v -15.696 -78.825 -19.464
v -14.261 -79.540 -18.973
v -14.178 -79.502 -17.578
v -15.742 -78.786 -18.317
v -16.079 -77.410 -24.338
v -15.277 -77.628 -15.560
v -14.777 -77.701 -14.534
v -14.176 -78.698 -15.566
v -15.473 -77.688 -5.342
v -15.983 -77.459 -3.338
v -14.617 -77.845 -5.443
v -13.795 -77.978 -6.093
v -15.747 -77.896 -2.851
v -13.884 -76.097 3.507
v -15.906 -76.173 4.572
v -15.828 -74.280 -17.158
v -14.459 -74.199 -15.196
v -12.582 -84.849 7.437
v -12.042 -83.938 7.535
v -12.957 -84.094 3.971
v -12.541 -84.852 5.919
v -11.826 -83.608 3.451
v -12.120 -81.903 6.775
v -12.964 -80.337 -2.341
v -13.453 -80.131 -19.912
v -12.531 -80.429 -19.372
v -13.546 -80.335 -18.646
v -13.232 -79.488 -15.151
v -13.507 -78.413 -5.494
v -12.828 -78.637 5.541
v -14.159 -77.757 -21.078
v -13.776 -78.693 -22.364
v -13.162 -78.841 -14.325
v -13.758 -78.378 -13.590
v -14.449 -77.574 -7.334
v -14.327 -77.900 -7.046
v -13.291 -78.362 -8.129
v -12.940 -76.911 -17.895
v -15.225 -76.696 -14.400
v -13.913 -78.167 -13.340
v -13.963 -77.658 -8.759
v -14.864 -76.149 -6.914
v -13.942 -76.783 -10.180
v -13.958 -76.355 4.300
v -14.145 -74.979 -13.903
v -13.093 -74.464 -8.860
v -14.099 -75.686 1.928
v -14.298 -74.165 -15.694
v -15.989 -74.756 2.018
v -14.426 -74.191 0.139
v -15.591 -74.637 2.089
v -13.847 -74.675 0.695
v -14.222 -73.628 -4.920
v -11.330 -84.169 4.092
v -10.664 -82.140 -0.383
v -10.829 -83.936 4.208
v -10.898 -82.928 6.603
v -12.109 -81.185 -2.617
v -12.642 -81.826 -0.406
v -11.563 -79.906 4.127
v -12.812 -80.144 6.130
v -12.322 -80.778 -14.833
v -12.230 -80.497 -13.638
v -12.156 -81.494 -14.388
v -11.898 -79.834 -5.957
v -12.355 -79.424 -20.471
v -12.460 -78.949 -12.866
v -13.053 -78.783 -12.776
v -12.828 -78.728 -12.833
v -12.855 -78.713 -12.584
v -13.170 -78.386 -11.667
v -12.418 -78.976 -11.420
v -13.469 -79.191 -4.099
v -12.590 -78.742 -19.078
v -12.887 -77.692 -18.440
v -13.955 -76.586 -13.091
v -13.827 -78.311 -12.583
v -13.689 -78.111 -12.064
v -14.039 -77.581 -9.990
v -13.324 -78.538 -12.727
v -13.360 -76.623 -11.680
v -13.509 -77.946 -10.134
v -13.653 -78.281 -8.590
v -12.904 -78.732 -11.382
v -12.742 -78.743 -7.807
v -13.623 -78.274 -5.952
v -12.957 -78.497 -7.954
v -12.018 -78.897 -7.921
v -13.322 -76.339 -10.923
v -13.923 -76.272 -9.035
v -13.199 -75.674 -10.924
v -13.827 -74.359 -16.202
v -12.149 -75.989 -0.327
v -12.796 -75.422 -0.543
v -13.409 -74.800 -13.260
v -12.747 -74.688 -13.288
v -13.653 -74.062 -3.181
v -10.844 -82.742 1.292
v -10.426 -83.098 1.101
v -10.180 -82.948 5.538
v -11.354 -82.180 -13.600
v -10.828 -82.011 -9.892
v -11.168 -81.713 -2.905
v -9.995 -82.284 4.452
v -11.912 -81.405 -16.644
v -11.125 -80.573 -18.100
v -11.055 -81.748 -15.062
v -10.065 -81.963 -12.148
v -11.493 -80.489 -10.399
v -10.894 -81.128 -6.878
v -11.056 -81.146 -5.414
v -11.771 -80.599 -4.405
v -11.863 -81.219 -3.091
v -11.501 -80.094 -19.158
v -11.721 -79.994 -11.785
v -11.720 -79.593 -11.449
v -10.854 -81.196 -8.371
v -11.519 -80.435 -6.129
v -11.658 -79.374 -9.784
v -11.919 -79.529 -7.352
v -10.860 -80.292 -16.336
v -11.793 -78.578 -16.031
v -12.602 -78.736 -11.117
v -12.031 -79.162 -10.607
v -12.613 -79.093 -9.195
v -11.912 -79.104 -8.997
v -11.636 -78.186 3.028
v -12.371 -77.431 -16.922
v -12.168 -77.090 -15.342
v -12.050 -76.562 -10.612
v -12.360 -77.336 3.690
v -11.435 -77.679 1.011
v -12.158 -76.215 -15.700
v -12.280 -74.973 -14.442
v -12.243 -75.805 -7.825
v -12.341 -74.986 -3.816
v -11.671 -77.763 -8.286
v -11.613 -77.536 -1.016
v -12.353 -76.535 1.482
v -13.172 -75.365 -11.855
v -12.889 -74.912 -11.629
v -12.480 -74.947 -11.088
v -12.785 -74.848 -10.872
v -12.620 -74.632 -10.044
v -12.305 -74.554 -7.674
v -12.068 -75.994 -2.426
v -13.073 -74.681 -0.528
v -12.362 -74.712 -8.553
v -13.364 -73.930 -6.125
v -12.726 -74.304 -4.437
v -13.556 -73.945 -2.085
v -10.070 -82.718 -0.680
v -10.234 -83.304 1.776
v -9.478 -82.509 2.573
v -10.548 -82.221 -9.930
v -10.036 -82.105 -9.050
v -10.375 -81.979 -8.121
v -9.699 -81.655 -7.516
v -10.706 -81.733 -7.458
v -10.171 -81.975 -7.434
v -9.977 -81.840 -7.013
v -10.573 -81.770 -6.727
v -10.070 -81.915 -3.937
v -10.391 -81.769 -5.633
v -10.589 -81.686 -2.957
v -9.616 -81.815 -4.246
v -10.363 -82.166 -1.575
v -9.287 -82.128 -1.495
v -9.393 -81.834 2.375
v -10.279 -81.240 -14.184
v -10.915 -79.501 -11.225
v -9.851 -81.436 -12.172
v -10.026 -81.055 -8.993
v -9.710 -81.267 -8.080
v -9.838 -81.037 -7.000
v -10.950 -79.007 1.634
v -10.103 -81.203 2.570
v -9.059 -81.166 -1.305
v -9.067 -81.776 1.804
v -9.037 -81.464 -2.010
v 45.800 -68.044 -12.707
v 45.426 -68.949 -12.241
v 44.180 -69.482 -15.003
v 44.539 -70.896 -13.342
v 46.333 -67.096 -11.794
v 46.077 -66.917 -8.242
v 46.424 -66.582 -9.756
v 45.500 -67.346 -13.214
v 44.910 -67.132 -13.695
v 45.840 -66.403 -11.963
v 45.023 -69.598 -4.928
v 44.910 -67.456 -6.415
v 45.146 -66.164 -7.923
v 45.499 -65.679 -11.866
v 45.190 -65.472 -12.606
v 45.474 -65.495 -12.004
v 46.319 -66.303 -10.880
v 45.802 -65.839 -10.890
v 45.779 -65.498 -10.813
v 45.520 -65.241 -11.132
v 45.220 -65.210 -11.212
v 45.290 -65.554 -9.032
v 44.359 -72.295 -8.129
v 44.168 -72.113 -6.739
v 43.564 -71.985 -13.091
v 44.267 -70.707 -14.205
v 43.892 -71.335 -14.068
v 43.051 -72.954 -14.316
v 46.071 -68.014 -11.158
v 44.600 -71.084 -9.630
v 44.698 -70.215 -4.761
v 44.337 -70.799 -3.248
v 43.910 -71.575 -2.673
v 44.600 -69.739 -4.171
v 43.776 -69.163 -11.786
v 44.923 -69.319 -11.976
v 45.065 -69.243 -10.978
v 44.739 -69.275 -11.351
v 44.510 -67.928 -14.722
v 43.365 -69.067 -16.125
v 44.276 -68.038 -13.052
v 44.328 -67.566 -12.087
v 44.264 -68.160 -10.689
v 43.826 -68.514 -13.083
v 44.435 -67.993 -10.072
v 44.372 -67.524 -9.941
v 43.875 -69.064 -9.509
v 44.445 -68.003 -8.523
v 44.760 -66.761 -10.419
v 44.322 -68.076 -6.714
v 44.403 -67.721 -6.052
v 44.432 -66.655 -13.044
v 43.981 -66.665 -13.818
v 44.001 -67.043 -14.094
v 44.442 -67.093 -12.192
v 44.543 -66.774 -11.181
v 43.846 -68.219 -13.788
v 44.842 -66.004 -11.194
v 44.824 -66.872 -8.235
v 45.006 -65.923 -8.507
v 44.600 -65.630 -13.062
v 44.365 -66.311 -12.959
v 44.755 -65.534 -11.163
v 43.191 -74.248 -6.230
v 42.831 -74.008 -4.568
v 42.741 -72.704 -13.309
v 41.960 -76.021 -6.351
v 43.541 -72.520 -5.177
v 42.611 -73.299 -3.927
v 42.742 -72.792 -15.182
v 42.422 -73.008 -15.695
v 42.261 -72.685 -15.836
v 43.192 -71.243 -9.895
v 43.206 -72.205 -2.553
v 41.204 -73.760 -1.166
v 43.583 -71.410 -2.139
v 41.811 -73.439 -1.133
v 42.662 -72.628 -1.305
v 40.417 -73.527 0.293
v 42.494 -70.563 -17.421
v 41.484 -72.834 -13.433
v 42.902 -70.546 -13.898
v 43.100 -70.552 -12.493
v 43.507 -70.018 -10.581
v 42.987 -71.313 -5.515
v 43.206 -70.734 -7.632
v 43.585 -70.099 -6.778
v 42.636 -71.126 -3.814
v 43.283 -68.816 -15.983
v 42.870 -69.945 -14.840
v 43.827 -69.130 -11.348
v 44.030 -69.229 -9.882
v 44.062 -68.832 -10.677
v 44.049 -68.736 -8.898
v 42.510 -70.494 -3.206
v 42.753 -70.247 -2.687
v 43.324 -67.919 -15.685
v 43.011 -68.528 -16.186
v 42.892 -68.534 -16.199
v 41.928 -71.399 -15.437
v 43.824 -67.210 -14.794
v 44.445 -65.866 -13.988
v 41.966 -76.284 -5.883
v 41.447 -74.651 -7.447
v 41.046 -77.257 -4.987
v 40.159 -76.411 -2.316
v 41.186 -75.364 -15.203
v 41.760 -74.773 -14.673
v 40.422 -75.618 -14.644
v 41.720 -73.891 -15.470
v 40.733 -75.128 -2.342
v 39.923 -75.626 -16.008
v 41.764 -73.642 -7.864
v 42.431 -72.905 -8.584
v 42.007 -72.771 -8.010
v 40.107 -74.456 -2.509
v 40.866 -74.914 -5.576
v 41.346 -73.453 -3.768
v 40.572 -73.995 0.106
v 41.501 -72.622 -17.092
v 40.227 -73.219 -15.860
v 41.933 -71.695 -14.490
v 41.026 -73.019 -14.920
v 42.408 -71.854 -4.182
v 40.989 -71.849 -1.207
v 41.501 -72.147 -0.692
v 41.490 -71.009 -18.358
v 40.351 -72.352 -19.132
v 42.061 -69.664 -16.829
v 41.653 -70.910 -16.680
v 40.555 -72.006 -17.280
v 42.125 -69.657 -17.043
v 42.122 -69.390 -17.002
v 41.374 -70.234 -17.617
v 39.863 -76.348 -15.841
v 38.505 -77.086 -15.476
v 38.950 -77.647 -5.756
v 38.867 -76.633 -5.257
v 38.828 -77.074 -5.741
v 40.943 -74.753 -6.997
v 38.247 -76.612 -0.607
v 39.797 -75.317 -16.750
v 38.844 -75.181 -14.691
v 40.255 -74.042 -14.086
v 39.530 -74.882 -14.359
v 37.628 -74.590 1.431
v 39.085 -72.608 -20.033
v 39.039 -72.037 -19.199
v 38.900 -78.649 -3.369
v 38.247 -77.147 -16.250
v 38.124 -77.746 -1.516
v 36.139 -77.886 -16.876
v 38.402 -77.076 -4.318
v 38.596 -75.262 -1.358
v 38.183 -75.154 -18.531
v 39.790 -72.736 -0.427
v 38.507 -74.574 -16.704
v 38.092 -73.582 -18.685
v 38.557 -73.403 -0.049
v 35.607 -80.945 -3.705
v 35.903 -80.664 -4.169
v 36.771 -78.924 -5.095
v 35.458 -79.003 -0.716
v 36.130 -75.951 -17.478
v 36.514 -75.790 -0.149
v 37.211 -74.271 1.513
v 36.562 -73.751 -20.916
v 37.783 -73.531 0.883
v 37.163 -72.839 -20.259
v 37.176 -79.470 -2.568
v 36.691 -78.009 -4.393
v 35.782 -78.775 -4.733
v 36.388 -77.670 -2.756
v 35.613 -77.441 -1.721
v 37.207 -76.290 -15.041
v 35.725 -74.838 0.797
v 37.008 -75.741 1.235
v 36.655 -73.955 -19.673
v 34.370 -81.548 -3.206
v 34.993 -78.026 -15.996
v 34.934 -77.748 -17.633
v 33.909 -78.172 0.662
v 34.529 -75.970 2.138
v 32.979 -77.068 -17.956
v 33.599 -75.673 0.924
v 33.134 -75.335 -21.109
v 34.839 -74.887 1.866
v 36.233 -74.124 0.895
v 33.015 -82.269 -3.222
v 32.374 -82.266 -3.860
v 32.276 -81.212 -4.483
v 33.048 -79.976 -4.387
v 30.035 -79.434 -17.136
v 32.800 -79.062 -16.736
v 34.135 -76.930 -17.135
v 34.950 -77.288 -15.528
v 32.824 -77.798 -15.928
v 33.059 -77.183 -0.232
v 31.894 -78.784 -2.270
v 33.289 -77.243 -19.037
v 34.922 -73.779 -20.810
v 31.739 -80.420 -0.844
v 30.332 -79.124 -17.653
v 32.240 -77.267 -17.555
v 33.134 -77.267 -17.022
v 33.289 -77.597 -16.397
v 30.500 -78.801 -16.052
v 29.570 -77.728 -0.587
v 31.132 -75.617 -21.320
v 32.049 -75.381 1.539
v 31.202 -75.774 2.504
v 29.183 -82.401 -3.762
v 30.810 -82.462 -3.129
v 31.585 -81.868 -2.365
v 29.260 -81.950 -2.509
v 30.529 -80.531 -4.500
v 30.810 -80.192 -4.257
v 31.585 -79.883 -3.644
v 30.605 -78.634 -17.936
v 28.950 -77.549 -17.946
v 28.965 -76.150 -20.147
v 30.965 -78.009 -16.389
v 31.868 -76.419 2.401
v 31.894 -76.906 1.878
v 30.748 -75.502 2.316
v 32.472 -74.337 -21.417
v 26.912 -82.009 -4.264
v 29.116 -81.398 -2.102
v 28.681 -79.800 -16.356
v 29.725 -78.089 -16.696
v 28.333 -78.977 -15.993
v 29.570 -77.744 1.583
v 29.653 -80.376 -0.749
v 30.345 -76.307 0.730
v 29.300 -77.205 1.907
v 31.794 -75.089 -21.621
v 30.919 -75.203 -21.675
v 28.726 -74.872 -21.402
v 29.725 -81.368 -4.483
v 26.471 -81.696 -3.608
v 27.401 -80.757 -4.990
v 27.556 -80.080 -4.416
v 27.374 -79.326 -17.300
v 26.575 -79.820 -16.260
v 29.440 -79.047 -2.913
v 30.500 -79.325 -2.983
v 27.476 -79.705 -3.464
v 28.916 -79.245 -3.157
v 29.415 -79.065 -2.574
v 27.391 -76.858 -20.100
v 26.645 -77.864 -16.724
v 27.711 -76.436 2.148
v 26.865 -81.053 -2.205
v 27.608 -79.814 -0.785
v 26.509 -79.451 -3.904
v 25.851 -78.917 -3.507
v 26.471 -78.327 0.479
v 27.462 -76.704 0.023
v 27.866 -75.935 1.549
v 27.072 -75.740 -21.036
v 24.969 -80.884 -5.314
v 23.682 -80.711 -5.487
v 25.430 -79.314 -15.707
v 25.579 -78.950 -4.061
v 24.636 -79.552 -5.015
v 25.387 -79.386 -1.173
v 26.092 -78.910 0.025
v 25.729 -78.505 -15.654
v 25.232 -77.363 -17.331
v 25.438 -77.339 1.678
v 24.457 -76.258 0.780
v 25.232 -76.704 -19.771
v 23.736 -80.908 -4.709
v 24.793 -80.883 -3.469
v 24.302 -79.998 -5.780
v 23.821 -79.704 -15.749
v 24.147 -79.561 -5.664
v 22.721 -77.146 -18.574
v 25.669 -77.273 -1.060
v 22.907 -78.070 -0.890
v 23.481 -77.554 -15.622
v 24.725 -76.350 -0.281
v 27.046 -77.076 2.223
v 26.048 -75.776 -20.725
v 26.458 -75.363 -20.612
v 22.523 -79.533 -3.683
v 23.467 -78.175 -14.886
v 21.997 -77.947 -5.819
v 22.907 -77.760 -4.150
v 21.338 -75.735 -1.709
v 23.013 -77.257 0.648
v 24.767 -75.474 -20.270
v 24.660 -75.976 -20.308
v 24.457 -75.874 -19.374
v 24.394 -75.645 -20.105
v 23.628 -75.014 -19.935
v 22.442 -75.460 -18.607
v 25.488 -75.432 -20.254
v 21.869 -80.269 -6.086
v 23.597 -79.576 -15.563
v 22.752 -79.421 -15.586
v 21.513 -78.423 -6.616
v 21.048 -79.099 -7.357
v 23.062 -76.888 -2.152
v 23.449 -75.104 -20.015
v 22.133 -76.224 -19.037
v 22.743 -75.132 -19.567
v 20.227 -75.016 -1.716
v 23.010 -74.907 -19.668
v 17.842 -78.391 -13.214
v 20.112 -79.491 -7.334
v 19.189 -78.120 -4.876
v 21.203 -79.484 -4.737
v 19.026 -76.759 -13.410
v 19.189 -76.651 -17.066
v 20.118 -76.172 -4.181
v 20.789 -75.859 -18.283
v 22.986 -74.975 -19.817
v 21.998 -75.235 -19.122
v 21.969 -75.015 -18.739
v 21.276 -75.067 -18.880
v 20.583 -77.550 -7.429
v 20.372 -78.179 -7.861
v 18.569 -77.114 -3.078
v 21.433 -76.573 -15.687
v 19.037 -76.298 -14.138
v 19.557 -76.506 -6.524
v 18.469 -76.325 -7.910
v 22.288 -76.472 0.206
v 22.454 -77.237 0.800
v 19.318 -75.864 -17.104
v 20.134 -75.867 -0.844
v 20.555 -74.482 -18.085
v 19.563 -74.744 -16.824
v 18.865 -79.199 -8.320
v 16.994 -78.042 -13.569
v 17.698 -77.902 -12.841
v 17.949 -74.625 -4.521
v 18.375 -76.465 -2.422
v 18.329 -74.612 -3.611
v 17.397 -74.715 -4.045
v 19.861 -74.386 -18.388
v 18.994 -74.123 -18.118
v 19.951 -74.789 -17.393
v 19.146 -74.298 -16.711
v 18.879 -73.663 -17.247
v 16.247 -78.621 -10.576
v 15.780 -77.336 -13.921
v 17.072 -75.799 -12.980
v 17.056 -78.230 -8.392
v 17.949 -78.020 -7.385
v 18.527 -78.077 -6.389
v 15.394 -77.053 -8.096
v 16.250 -76.718 -15.020
v 17.632 -76.135 -10.005
v 16.749 -76.529 -10.682
v 17.834 -75.925 -2.789
v 16.973 -74.730 -14.020
v 15.744 -74.642 -10.371
v 16.197 -73.792 -15.674
v 18.879 -74.915 -15.476
v 16.718 -79.011 -9.940
v 15.470 -77.501 -13.144
v 15.098 -77.117 -12.907
v 15.612 -78.344 -10.620
v 16.683 -76.755 -4.946
v 16.683 -75.938 -3.857
v 15.932 -75.016 -12.769
v 16.902 -75.033 -13.502
v 15.657 -73.748 -7.828
v 16.861 -74.570 -14.452
v 13.287 -73.732 -13.204
v 16.379 -74.199 -14.040
v 15.780 -74.299 -13.206
v 16.594 -74.062 -6.194
v 17.402 -74.340 -4.789
v 15.584 -78.106 -10.980
v 15.914 -78.741 -10.509
v 14.157 -77.604 -11.981
v 15.597 -75.783 -11.981
v 15.959 -76.118 -5.036
v 15.830 -75.768 -12.699
v 15.228 -76.283 -12.854
v 16.020 -75.156 -11.650
v 15.490 -75.861 -12.470
v 14.844 -75.051 -6.814
v 15.780 -74.341 -6.385
v 15.918 -74.788 -12.722
v 15.724 -74.776 -12.395
v 15.467 -75.301 -12.514
v 15.554 -73.704 -8.448
v 13.943 -77.677 -11.935
v 15.160 -77.886 -9.881
v 13.920 -77.739 -10.970
v 14.200 -77.660 -12.887
v 14.625 -76.821 -12.372
v 14.321 -76.972 -9.590
v 13.682 -76.360 -9.936
v 15.184 -74.076 -12.756
v 14.850 -73.597 -11.824
v 14.532 -73.067 -11.328
v 14.385 -74.097 -8.561
v 13.298 -73.423 -12.813
v 15.237 -73.555 -13.338
v 15.946 -73.495 -14.151
v 17.683 -73.445 -16.026
v 14.554 -73.257 -12.157
v 14.089 -73.438 -11.822
v 13.898 -77.363 -12.393
v 13.663 -77.531 -12.056
v 13.195 -75.351 -11.335
v 13.509 -76.694 -11.325
v 13.670 -75.565 -8.996
v 12.927 -73.939 -12.207
v 12.803 -74.371 -11.345
v -45.696 -68.044 -12.707
v -45.322 -68.949 -12.241
v -44.076 -69.482 -15.003
v -44.435 -70.896 -13.342
v -46.229 -67.096 -11.794
v -45.973 -66.917 -8.242
v -46.320 -66.582 -9.756
v -45.396 -67.346 -13.214
v -44.806 -67.132 -13.695
v -45.736 -66.403 -11.963
v -44.919 -69.598 -4.928
v -44.806 -67.456 -6.415
v -45.042 -66.164 -7.923
v -45.395 -65.679 -11.866
v -45.086 -65.472 -12.606
v -45.370 -65.495 -12.004
v -46.215 -66.303 -10.880
v -45.698 -65.839 -10.890
v -45.675 -65.498 -10.813
v -45.416 -65.241 -11.132
v -45.116 -65.210 -11.212
v -45.186 -65.554 -9.032
v -44.255 -72.295 -8.129
v -44.064 -72.113 -6.739
v -43.460 -71.985 -13.091
v -44.163 -70.707 -14.205
v -43.788 -71.335 -14.068
v -42.947 -72.954 -14.316
v -45.967 -68.014 -11.158
v -44.496 -71.084 -9.630
v -44.594 -70.215 -4.761
v -44.233 -70.799 -3.248
v -43.806 -71.575 -2.673
v -44.496 -69.739 -4.171
v -43.672 -69.163 -11.786
v -44.819 -69.319 -11.976
v -44.961 -69.243 -10.978
v -44.635 -69.275 -11.351
v -44.406 -67.928 -14.722
v -43.261 -69.067 -16.125
v -44.172 -68.038 -13.052
v -44.224 -67.566 -12.087
v -44.160 -68.160 -10.689
v -43.722 -68.514 -13.083
v -44.331 -67.993 -10.072
v -44.268 -67.524 -9.941
v -43.771 -69.064 -9.509
v -44.341 -68.003 -8.523
v -44.656 -66.761 -10.419
v -44.218 -68.076 -6.714
v -44.299 -67.721 -6.052
v -44.328 -66.655 -13.044
v -43.877 -66.665 -13.818
v -43.897 -67.043 -14.094
v -44.338 -67.093 -12.192
v -44.439 -66.774 -11.181
v -43.742 -68.219 -13.788
v -44.738 -66.004 -11.194
v -44.720 -66.872 -8.235
v -44.902 -65.923 -8.507
v -44.496 -65.630 -13.062
v -44.262 -66.311 -12.959
v -44.651 -65.534 -11.163
v -43.087 -74.248 -6.230
v -42.727 -74.008 -4.568
v -42.637 -72.704 -13.309
v -41.856 -76.021 -6.351
v -43.437 -72.520 -5.177
v -42.507 -73.299 -3.927
v -42.638 -72.792 -15.182
v -42.318 -73.008 -15.695
v -42.157 -72.685 -15.836
v -43.088 -71.243 -9.895
v -43.102 -72.205 -2.553
v -41.100 -73.760 -1.166
v -43.479 -71.410 -2.139
v -41.707 -73.439 -1.133
v -42.558 -72.628 -1.305
v -40.313 -73.527 0.293
v -42.390 -70.563 -17.421
v -41.380 -72.834 -13.433
v -42.798 -70.546 -13.898
v -42.996 -70.552 -12.493
v -43.403 -70.018 -10.581
v -42.883 -71.313 -5.515
v -43.102 -70.734 -7.632
v -43.481 -70.099 -6.778
v -42.532 -71.126 -3.814
v -43.179 -68.816 -15.983
v -42.766 -69.945 -14.840
v -43.723 -69.130 -11.348
v -43.926 -69.229 -9.882
v -43.958 -68.832 -10.677
v -43.945 -68.736 -8.898
v -42.406 -70.494 -3.206
v -42.649 -70.247 -2.687
v -43.220 -67.919 -15.685
v -42.907 -68.528 -16.186
v -42.788 -68.534 -16.199
v -41.824 -71.399 -15.437
v -43.720 -67.210 -14.794
v -44.341 -65.866 -13.988
v -41.862 -76.284 -5.883
v -41.343 -74.651 -7.447
v -40.942 -77.257 -4.987
v -40.055 -76.411 -2.316
v -41.082 -75.364 -15.203
v -41.656 -74.773 -14.673
v -40.318 -75.618 -14.644
v -41.616 -73.891 -15.470
v -40.629 -75.128 -2.342
v -39.819 -75.626 -16.008
v -41.660 -73.642 -7.864
v -42.327 -72.905 -8.584
v -41.903 -72.771 -8.010
v -40.003 -74.456 -2.509
v -40.762 -74.914 -5.576
v -41.242 -73.453 -3.768
v -40.468 -73.995 0.106
v -41.397 -72.622 -17.092
v -40.123 -73.219 -15.860
v -41.829 -71.695 -14.490
v -40.922 -73.019 -14.920
v -42.304 -71.854 -4.182
v -40.885 -71.849 -1.207
v -41.397 -72.147 -0.692
v -41.386 -71.009 -18.358
v -40.247 -72.352 -19.132
v -41.957 -69.664 -16.829
v -41.549 -70.910 -16.680
v -40.451 -72.006 -17.280
v -42.021 -69.657 -17.043
v -42.018 -69.390 -17.002
v -41.270 -70.234 -17.617
v -39.759 -76.348 -15.841
v -38.401 -77.086 -15.476
v -38.846 -77.647 -5.756
v -38.763 -76.633 -5.257
v -38.724 -77.074 -5.741
v -40.839 -74.753 -6.997
v -38.143 -76.612 -0.607
v -39.693 -75.317 -16.750
v -38.740 -75.181 -14.691
v -40.151 -74.042 -14.086
v -39.426 -74.882 -14.359
v -37.524 -74.590 1.431
v -38.981 -72.608 -20.033
v -38.935 -72.037 -19.199
v -38.796 -78.649 -3.369
v -38.143 -77.147 -16.250
v -38.020 -77.746 -1.516
v -36.035 -77.886 -16.876
v -38.298 -77.076 -4.318
v -38.492 -75.262 -1.358
v -38.079 -75.154 -18.531
v -39.686 -72.736 -0.427
v -38.403 -74.574 -16.704
v -37.988 -73.582 -18.685
v -38.453 -73.403 -0.049
v -35.503 -80.945 -3.705
v -35.799 -80.664 -4.169
v -36.667 -78.924 -5.095
v -35.354 -79.003 -0.716
v -36.026 -75.951 -17.478
v -36.410 -75.790 -0.149
v -37.107 -74.271 1.513
v -36.458 -73.751 -20.916
v -37.679 -73.531 0.883
v -37.059 -72.839 -20.259
v -37.072 -79.470 -2.568
v -36.587 -78.009 -4.393
v -35.678 -78.775 -4.733
v -36.284 -77.670 -2.756
v -35.509 -77.441 -1.721
v -37.103 -76.290 -15.041
v -35.621 -74.838 0.797
v -36.904 -75.741 1.235
v -36.551 -73.955 -19.673
v -34.266 -81.548 -3.206
v -34.889 -78.026 -15.996
v -34.830 -77.748 -17.633
v -33.805 -78.172 0.662
v -34.425 -75.970 2.138
v -32.875 -77.068 -17.956
v -33.495 -75.673 0.924
v -33.030 -75.335 -21.109
v -34.735 -74.887 1.866
v -36.129 -74.124 0.895
v -32.911 -82.269 -3.222
v -32.270 -82.266 -3.860
v -32.172 -81.212 -4.483
v -32.944 -79.976 -4.387
v -29.931 -79.434 -17.136
v -32.696 -79.062 -16.736
v -34.031 -76.930 -17.135
v -34.846 -77.288 -15.528
v -32.720 -77.798 -15.928
v -32.955 -77.183 -0.232
v -31.790 -78.784 -2.270
v -33.185 -77.243 -19.037
v -34.818 -73.779 -20.810
v -31.635 -80.420 -0.844
v -30.228 -79.124 -17.653
v -32.136 -77.267 -17.555
v -33.030 -77.267 -17.022
v -33.185 -77.597 -16.397
v -30.396 -78.801 -16.052
v -29.466 -77.728 -0.587
v -31.028 -75.617 -21.320
v -31.945 -75.381 1.539
v -31.098 -75.774 2.504
v -29.079 -82.401 -3.762
v -30.706 -82.462 -3.129
v -31.481 -81.868 -2.365
v -29.156 -81.950 -2.509
v -30.425 -80.531 -4.500
v -30.706 -80.192 -4.257
v -31.481 -79.883 -3.644
v -30.501 -78.634 -17.936
v -28.846 -77.549 -17.946
v -28.861 -76.150 -20.147
v -30.861 -78.009 -16.389
v -31.764 -76.419 2.401
v -31.790 -76.906 1.878
v -30.644 -75.502 2.316
v -32.368 -74.337 -21.417
v -26.808 -82.009 -4.264
v -29.012 -81.398 -2.102
v -28.577 -79.800 -16.356
v -29.621 -78.089 -16.696
v -28.229 -78.977 -15.993
v -29.466 -77.744 1.583
v -29.549 -80.376 -0.749
v -30.241 -76.307 0.730
v -29.196 -77.205 1.907
v -31.690 -75.089 -21.621
v -30.815 -75.203 -21.675
v -28.622 -74.872 -21.402
v -29.621 -81.368 -4.483
v -26.367 -81.696 -3.608
v -27.297 -80.757 -4.990
v -27.452 -80.080 -4.416
v -27.270 -79.326 -17.300
v -26.471 -79.820 -16.260
v -29.336 -79.047 -2.913
v -30.396 -79.325 -2.983
v -27.372 -79.705 -3.464
v -28.812 -79.245 -3.157
v -29.311 -79.065 -2.574
v -27.287 -76.858 -20.100
v -26.541 -77.864 -16.724
v -27.607 -76.436 2.148
v -26.761 -81.053 -2.205
v -27.504 -79.814 -0.785
v -26.405 -79.451 -3.904
v -25.747 -78.917 -3.507
v -26.367 -78.327 0.479
v -27.358 -76.704 0.023
v -27.762 -75.935 1.549
v -26.968 -75.740 -21.036
v -24.865 -80.884 -5.314
v -23.578 -80.711 -5.487
v -25.326 -79.314 -15.707
v -25.475 -78.950 -4.061
v -24.532 -79.552 -5.015
v -25.283 -79.386 -1.173
v -25.988 -78.910 0.025
v -25.625 -78.505 -15.654
v -25.128 -77.363 -17.331
v -25.334 -77.339 1.678
v -24.353 -76.258 0.780
v -25.128 -76.704 -19.771
v -23.632 -80.908 -4.709
v -24.689 -80.883 -3.469
v -24.198 -79.998 -5.780
v -23.717 -79.704 -15.749
v -24.043 -79.561 -5.664
v -22.617 -77.146 -18.574
v -25.565 -77.273 -1.060
v -22.803 -78.070 -0.890
v -23.377 -77.554 -15.622
v -24.621 -76.350 -0.281
v -26.942 -77.076 2.223
v -25.944 -75.776 -20.725
v -26.354 -75.363 -20.612
v -22.419 -79.533 -3.683
v -23.363 -78.175 -14.886
v -21.893 -77.947 -5.819
v -22.803 -77.760 -4.150
v -21.235 -75.735 -1.709
v -22.909 -77.257 0.648
v -24.663 -75.474 -20.270
v -24.556 -75.976 -20.308
v -24.353 -75.874 -19.374
v -24.290 -75.645 -20.105
v -23.524 -75.014 -19.935
v -22.338 -75.460 -18.607
v -25.384 -75.432 -20.254
v -21.765 -80.269 -6.086
v -23.493 -79.576 -15.563
v -22.648 -79.421 -15.586
v -21.409 -78.423 -6.616
v -20.944 -79.099 -7.357
v -22.958 -76.888 -2.152
v -23.345 -75.104 -20.015
v -22.029 -76.224 -19.037
v -22.639 -75.132 -19.567
v -20.123 -75.016 -1.716
v -22.906 -74.907 -19.668
v -17.738 -78.391 -13.214
v -20.008 -79.491 -7.334
v -19.085 -78.120 -4.876
v -21.099 -79.484 -4.737
v -18.922 -76.759 -13.410
v -19.085 -76.651 -17.066
v -20.014 -76.172 -4.181
v -20.685 -75.859 -18.283
v -22.882 -74.975 -19.817
v -21.894 -75.235 -19.122
v -21.865 -75.015 -18.739
v -21.172 -75.067 -18.880
v -20.479 -77.550 -7.429
v -20.268 -78.179 -7.861
v -18.465 -77.114 -3.078
v -21.329 -76.573 -15.687
v -18.933 -76.298 -14.138
v -19.453 -76.506 -6.524
v -18.365 -76.325 -7.910
v -22.184 -76.472 0.206
v -22.350 -77.237 0.800
v -19.214 -75.864 -17.104
v -20.030 -75.867 -0.844
v -20.451 -74.482 -18.085
v -19.459 -74.744 -16.824
v -18.761 -79.199 -8.320
v -16.890 -78.042 -13.569
v -17.594 -77.902 -12.841
v -17.845 -74.625 -4.521
v -18.271 -76.465 -2.422
v -18.225 -74.612 -3.611
v -17.293 -74.715 -4.045
v -19.757 -74.386 -18.388
v -18.890 -74.123 -18.118
v -19.847 -74.789 -17.393
v -19.042 -74.298 -16.711
v -18.775 -73.663 -17.247
v -16.143 -78.621 -10.576
v -15.676 -77.336 -13.921
v -16.968 -75.799 -12.980
v -16.952 -78.230 -8.392
v -17.845 -78.020 -7.385
v -18.423 -78.077 -6.389
v -15.290 -77.053 -8.096
v -16.146 -76.718 -15.020
v -17.528 -76.135 -10.005
v -16.645 -76.529 -10.682
v -17.730 -75.925 -2.789
v -16.869 -74.730 -14.020
v -15.640 -74.642 -10.371
v -16.093 -73.792 -15.674
v -18.775 -74.915 -15.476
v -16.614 -79.011 -9.940
v -15.366 -77.501 -13.144
v -14.994 -77.117 -12.907
v -15.508 -78.344 -10.620
v -16.579 -76.755 -4.946
v -16.579 -75.938 -3.857
v -15.828 -75.016 -12.769
v -16.798 -75.033 -13.502
v -15.553 -73.748 -7.828
v -16.757 -74.570 -14.452
v -13.183 -73.732 -13.204
v -16.275 -74.199 -14.040
v -15.676 -74.299 -13.206
v -16.490 -74.062 -6.194
v -17.298 -74.340 -4.789
v -15.480 -78.106 -10.980
v -15.810 -78.741 -10.509
v -14.053 -77.604 -11.981
v -15.493 -75.783 -11.981
v -15.855 -76.118 -5.036
v -15.726 -75.768 -12.699
v -15.124 -76.283 -12.854
v -15.916 -75.156 -11.650
v -15.386 -75.861 -12.470
v -14.740 -75.051 -6.814
v -15.676 -74.341 -6.385
v -15.814 -74.788 -12.722
v -15.620 -74.776 -12.395
v -15.363 -75.301 -12.514
v -15.450 -73.704 -8.448
v -13.839 -77.677 -11.935
v -15.056 -77.886 -9.881
v -13.816 -77.739 -10.970
v -14.096 -77.660 -12.887
v -14.521 -76.821 -12.372
v -14.217 -76.972 -9.590
v -13.578 -76.360 -9.936
v -15.080 -74.076 -12.756
v -14.746 -73.597 -11.824
v -14.428 -73.067 -11.328
v -14.281 -74.097 -8.561
v -13.194 -73.423 -12.813
v -15.133 -73.555 -13.338
v -15.842 -73.495 -14.151
v -17.579 -73.445 -16.026
v -14.450 -73.257 -12.157
v -13.985 -73.438 -11.822
v -13.794 -77.363 -12.393
v -13.559 -77.531 -12.056
v -13.091 -75.351 -11.335
v -13.405 -76.694 -11.325
v -13.566 -75.565 -8.996
v -12.823 -73.939 -12.207
v -12.699 -74.371 -11.345
v 23.305 -85.164 17.779
v 21.892 -84.914 15.489
v 21.990 -85.189 15.193
v 22.954 -85.474 17.789
v 23.020 -85.520 18.134
v 22.966 -85.248 17.910
v 22.814 -85.465 18.482
v 22.395 -85.734 18.232
v 22.220 -84.945 16.858
v 22.220 -85.550 18.253
v 21.358 -86.149 18.036
v 21.945 -85.825 18.736
v 20.820 -85.560 14.547
v 21.291 -85.604 15.154
v 21.445 -85.164 14.845
v 19.997 -85.938 14.534
v 20.599 -85.385 14.410
v 20.361 -85.998 18.409
v 21.204 -85.858 18.451
v 21.395 -85.996 18.489
v 20.541 -86.217 19.892
v 20.349 -86.682 19.951
v 20.671 -86.404 20.123
v 20.009 -86.710 20.867
v 19.933 -86.875 21.031
v 19.783 -86.729 20.319
v 19.276 -87.232 20.578
v 19.721 -86.589 20.326
v 19.888 -86.608 20.903
v 19.861 -86.749 21.068
v 18.550 -87.554 21.184
v 19.688 -85.784 14.070
v 19.252 -85.749 14.657
v 19.269 -85.941 14.627
v 16.642 -87.663 15.154
v 18.346 -86.456 14.070
v 18.037 -87.662 17.169
v 17.241 -87.990 18.126
v 12.148 -88.215 19.802
v 18.656 -87.177 20.980
v 18.422 -87.389 21.652
v 18.397 -85.796 13.118
v 19.586 -85.597 14.225
v 19.238 -85.821 14.364
v 20.206 -86.249 15.589
v 18.656 -85.938 14.122
v 18.346 -85.812 14.225
v 17.863 -85.731 13.309
v 17.800 -87.903 22.864
v 16.719 -88.085 23.198
v 17.846 -88.118 23.093
v 18.656 -87.402 19.802
v 16.642 -86.249 12.645
v 17.882 -85.979 13.142
v 17.026 -85.506 12.035
v 17.107 -85.570 12.676
v 17.727 -85.784 12.634
v 17.727 -85.509 12.676
v 16.332 -86.534 15.620
v 14.783 -88.673 17.789
v 16.487 -88.023 18.409
v 16.797 -88.234 19.958
v 16.797 -88.108 23.553
v 15.402 -88.452 21.353
v 16.680 -88.384 23.352
v 10.279 -89.410 20.105
v 14.318 -88.234 23.057
v 15.247 -88.573 23.522
v 16.296 -85.820 11.968
v 16.156 -85.591 12.148
v 15.510 -85.850 11.346
v 15.762 -85.600 11.338
v 15.883 -85.467 11.495
v 16.797 -85.784 12.262
v 16.642 -85.557 12.365
v 14.473 -88.228 23.831
v 13.532 -88.406 24.925
v 14.959 -85.804 11.096
v 14.015 -85.838 10.424
v 14.950 -85.595 11.299
v 14.599 -85.478 10.700
v 7.677 -87.378 9.894
v 13.543 -88.776 24.451
v 13.931 -85.481 10.579
v 12.303 -86.124 11.901
v 13.853 -85.451 10.041
v 11.025 -88.987 22.732
v 12.120 -88.761 24.122
v 10.688 -89.323 23.728
v 11.529 -89.060 25.846
v 10.592 -89.171 17.797
v 4.961 -88.655 17.892
v 12.301 -88.418 24.367
v 13.115 -88.675 25.851
v 10.539 -88.475 26.207
v 12.441 -88.706 26.543
v 13.070 -85.649 9.573
v 12.768 -85.408 9.421
v 11.621 -85.476 8.402
v 8.944 -89.528 20.787
v 10.039 -89.320 25.766
v 10.599 -88.728 26.394
v 7.655 -88.207 17.014
v 10.309 -85.714 7.727
v 10.444 -85.474 7.573
v 11.632 -85.234 8.615
v 7.655 -85.927 9.421
v 11.219 -85.062 8.181
v 11.529 -85.174 8.026
v 10.207 -85.059 7.668
v 8.275 -88.187 13.605
v 9.049 -89.079 16.858
v 9.725 -88.963 20.452
v 9.550 -89.201 19.874
v 6.710 -89.585 19.878
v 9.204 -89.312 26.466
v 9.743 -88.443 28.512
v 10.112 -88.711 26.757
v 9.979 -88.344 26.930
v 9.979 -88.418 28.180
v 9.609 -88.223 28.219
v 9.979 -86.865 9.732
v 10.411 -85.166 7.555
v 10.287 -85.164 7.097
v 9.505 -85.900 8.242
v 9.366 -89.174 20.074
v 7.375 -89.400 18.129
v 7.056 -89.304 19.042
v 8.275 -89.603 25.535
v 7.635 -89.001 27.534
v 8.868 -88.367 28.155
v 8.430 -88.334 27.706
v 8.585 -88.728 27.912
v 8.214 -85.164 5.393
v 8.914 -85.326 6.124
v 7.345 -85.951 5.857
v 8.039 -85.021 5.541
v 6.915 -88.468 15.072
v 5.599 -89.450 17.719
v 6.917 -89.390 21.763
v 6.710 -88.787 28.945
v 4.866 -87.269 7.717
v 7.407 -88.438 27.730
v 7.583 -88.734 27.902
v 6.503 -88.384 28.934
v 7.190 -85.474 4.267
v 4.556 -85.777 5.857
v 7.035 -85.090 4.153
v 6.462 -89.128 16.335
v 6.125 -89.051 17.249
v 5.331 -88.448 13.759
v 5.773 -89.492 18.368
v 5.878 -89.066 19.920
v 4.401 -89.656 19.802
v 3.214 -89.545 22.560
v 4.296 -89.738 25.620
v 5.918 -89.221 28.465
v 6.105 -88.728 29.152
v 5.176 -88.728 28.728
v 5.021 -87.574 10.041
v 4.927 -88.504 28.151
v 5.486 -88.487 28.790
v 5.641 -86.341 4.928
v 5.959 -85.938 1.673
v 5.884 -85.604 2.000
v 5.641 -86.489 2.913
v 6.456 -85.541 2.280
v 4.557 -89.084 -5.330
v 4.866 -88.514 13.914
v 4.933 -88.771 17.529
v 4.091 -89.378 17.478
v 4.809 -89.345 27.343
v 3.781 -89.763 26.775
v 4.733 -88.329 -3.536
v 4.373 -89.037 -2.820
v 4.788 -88.083 -3.324
v 4.701 -87.920 -2.802
v 4.897 -87.951 -2.728
v 4.984 -87.754 -1.804
v 4.844 -87.543 -1.920
v 4.280 -88.347 14.248
v 4.554 -88.586 15.924
v 4.674 -88.694 17.151
v 4.711 -88.418 17.509
v 4.883 -88.726 17.851
v 5.021 -88.827 18.718
v 4.711 -88.705 17.789
v 5.799 -88.882 19.647
v 2.851 -88.622 -3.129
v 5.030 -87.135 -1.243
v 5.142 -87.296 0.602
v 4.883 -86.868 2.293
v 3.781 -87.584 2.604
v 4.246 -87.042 5.857
v 3.781 -86.630 1.829
v 3.888 -89.877 -5.952
v 3.202 -90.562 -7.100
v 3.510 -90.667 -6.709
v 3.215 -90.793 -7.056
v 4.027 -89.813 -5.486
v 3.500 -90.634 -5.540
v 3.161 -90.811 -5.764
v 3.471 -89.888 -2.820
v 4.352 -89.022 -5.646
v 3.151 -89.193 -5.455
v 3.830 -89.502 -5.860
v 4.329 -88.670 16.443
v 3.161 -88.540 13.914
v 2.194 -89.302 18.471
v 4.091 -88.728 28.708
v 2.851 -89.120 -4.835
v 3.760 -87.646 9.804
v 3.997 -88.353 13.620
v 2.851 -87.253 9.421
v 0.204 -88.546 25.735
v 4.058 -88.568 28.497
v 3.471 -88.728 29.431
v 2.770 -88.734 29.439
v 2.590 -87.760 2.468
v 2.293 -87.032 4.681
v 2.535 -86.953 7.164
v 2.798 -90.783 -6.655
v 2.741 -90.459 -6.750
v 2.376 -90.355 -4.460
v 1.953 -89.948 -4.521
v 1.959 -90.102 -4.390
v 1.895 -90.158 -4.325
v 2.430 -89.881 -2.542
v 1.922 -90.093 -3.284
v 0.992 -90.508 -3.129
v 1.792 -89.559 19.645
v 2.542 -89.757 22.591
v 1.922 -89.372 27.861
v 1.302 -89.037 28.160
v 1.302 -88.775 0.280
v 2.187 -87.508 2.633
v 2.232 -88.329 12.365
v 0.197 -88.568 21.842
v 1.374 -88.693 28.232
v 1.767 -86.783 2.759
v 1.147 -87.385 5.548
v 1.351 -90.837 -5.397
v 1.164 -90.652 -5.440
v 0.890 -90.987 -4.634
v 0.991 -91.002 -5.604
v 0.694 -91.001 -5.095
v 1.775 -89.895 -4.406
v 0.527 -89.757 -0.960
v 1.576 -89.433 19.750
v 0.758 -89.598 18.170
v 1.589 -89.354 18.273
v 0.992 -89.712 24.606
v 1.591 -89.358 20.190
v 0.217 -89.775 27.086
v 0.113 -88.371 -1.204
v 0.527 -87.896 2.913
v 0.131 -87.396 7.782
v 0.837 -87.696 9.421
v 0.106 -90.543 -4.464
v 0.207 -90.762 -4.465
v 0.138 -90.049 -1.686
v 0.151 -88.696 0.767
v 0.119 -89.465 18.098
v 0.094 -88.627 18.677
v 0.140 -89.536 27.627
v 0.160 -89.043 28.157
v 0.129 -88.697 28.144
v 0.095 -87.643 3.068
v 0.131 -87.396 5.167
v 0.156 -86.753 3.023
v 0.160 -88.291 17.421
v 0.126 -86.337 5.793
v 0.157 -86.640 9.964
v -23.201 -85.164 17.779
v -21.788 -84.914 15.489
v -21.886 -85.189 15.193
v -22.850 -85.474 17.789
v -22.916 -85.520 18.134
v -22.862 -85.248 17.910
v -22.710 -85.465 18.482
v -22.291 -85.734 18.232
v -22.116 -84.945 16.858
v -22.116 -85.550 18.253
v -21.254 -86.149 18.036
v -21.841 -85.825 18.736
v -20.716 -85.560 14.547
v -21.187 -85.604 15.154
v -21.341 -85.164 14.845
v -19.893 -85.938 14.534
v -20.495 -85.385 14.410
v -20.257 -85.998 18.409
v -21.100 -85.858 18.451
v -21.291 -85.996 18.489
v -20.437 -86.217 19.892
v -20.245 -86.682 19.951
v -20.567 -86.404 20.123
v -19.905 -86.710 20.867
v -19.829 -86.875 21.031
v -19.679 -86.729 20.319
v -19.172 -87.232 20.578
v -19.617 -86.589 20.326
v -19.784 -86.608 20.903
v -19.757 -86.749 21.068
v -18.446 -87.554 21.184
v -19.584 -85.784 14.070
v -19.148 -85.749 14.657
v -19.165 -85.941 14.627
v -16.538 -87.663 15.154
v -18.242 -86.456 14.070
v -17.933 -87.662 17.169
v -17.137 -87.990 18.126
v -12.044 -88.215 19.802
v -18.552 -87.177 20.980
v -18.318 -87.389 21.652
v -18.293 -85.796 13.118
v -19.482 -85.597 14.225
v -19.134 -85.821 14.364
v -20.102 -86.249 15.589
v -18.552 -85.938 14.122
v -18.242 -85.812 14.225
v -17.759 -85.731 13.309
v -17.696 -87.903 22.864
v -16.615 -88.085 23.198
v -17.742 -88.118 23.093
v -18.552 -87.402 19.802
v -16.538 -86.249 12.645
v -17.778 -85.979 13.142
v -16.922 -85.506 12.035
v -17.003 -85.570 12.676
v -17.623 -85.784 12.634
v -17.623 -85.509 12.676
v -16.228 -86.534 15.620
v -14.679 -88.673 17.789
v -16.383 -88.023 18.409
v -16.693 -88.234 19.958
v -16.693 -88.108 23.553
v -15.298 -88.452 21.353
v -16.576 -88.384 23.352
v -10.175 -89.410 20.105
v -14.214 -88.234 23.057
v -15.143 -88.573 23.522
v -16.192 -85.820 11.968
v -16.052 -85.591 12.148
v -15.406 -85.850 11.346
v -15.658 -85.600 11.338
v -15.779 -85.467 11.495
v -16.693 -85.784 12.262
v -16.538 -85.557 12.365
v -14.369 -88.228 23.831
v -13.428 -88.406 24.925
v -14.855 -85.804 11.096
v -13.911 -85.838 10.424
v -14.846 -85.595 11.299
v -14.495 -85.478 10.700
v -7.573 -87.378 9.894
v -13.439 -88.776 24.451
v -13.827 -85.481 10.579
v -12.199 -86.124 11.901
v -13.749 -85.451 10.041
v -10.921 -88.987 22.732
v -12.016 -88.761 24.122
v -10.584 -89.323 23.728
v -11.425 -89.060 25.846
v -10.488 -89.171 17.797
v -4.857 -88.655 17.892
v -12.197 -88.418 24.367
v -13.011 -88.675 25.851
v -10.435 -88.475 26.207
v -12.337 -88.706 26.543
v -12.966 -85.649 9.573
v -12.664 -85.408 9.421
v -11.517 -85.476 8.402
v -8.840 -89.528 20.787
v -9.935 -89.320 25.766
v -10.495 -88.728 26.394
v -7.551 -88.207 17.014
v -10.205 -85.714 7.727
v -10.340 -85.474 7.573
v -11.528 -85.234 8.615
v -7.551 -85.927 9.421
v -11.115 -85.062 8.181
v -11.425 -85.174 8.026
v -10.103 -85.059 7.668
v -8.171 -88.187 13.605
v -8.945 -89.079 16.858
v -9.621 -88.963 20.452
v -9.446 -89.201 19.874
v -6.606 -89.585 19.878
v -9.100 -89.312 26.466
v -9.639 -88.443 28.512
v -10.008 -88.711 26.757
v -9.875 -88.344 26.930
v -9.875 -88.418 28.180
v -9.505 -88.223 28.219
v -9.875 -86.865 9.732
v -10.307 -85.166 7.555
v -10.183 -85.164 7.097
v -9.401 -85.900 8.242
v -9.262 -89.174 20.074
v -7.271 -89.400 18.129
v -6.953 -89.304 19.042
v -8.171 -89.603 25.535
v -7.531 -89.001 27.534
v -8.764 -88.367 28.155
v -8.326 -88.334 27.706
v -8.481 -88.728 27.912
v -8.110 -85.164 5.393
v -8.810 -85.326 6.124
v -7.241 -85.951 5.857
v -7.935 -85.021 5.541
v -6.811 -88.468 15.072
v -5.495 -89.450 17.719
v -6.813 -89.390 21.763
v -6.606 -88.787 28.945
v -4.762 -87.269 7.717
v -7.303 -88.438 27.730
v -7.479 -88.734 27.902
v -6.399 -88.384 28.934
v -7.086 -85.474 4.267
v -4.452 -85.777 5.857
v -6.931 -85.090 4.153
v -6.358 -89.128 16.335
v -6.021 -89.051 17.249
v -5.227 -88.448 13.759
v -5.669 -89.492 18.368
v -5.774 -89.066 19.920
v -4.297 -89.656 19.802
v -3.110 -89.545 22.560
v -4.192 -89.738 25.620
v -5.814 -89.221 28.465
v -6.001 -88.728 29.152
v -5.072 -88.728 28.728
v -4.917 -87.574 10.041
v -4.823 -88.504 28.151
v -5.382 -88.487 28.790
v -5.537 -86.341 4.928
v -5.855 -85.938 1.673
v -5.780 -85.604 2.000
v -5.537 -86.489 2.913
v -6.352 -85.541 2.280
v -4.453 -89.084 -5.330
v -4.762 -88.514 13.914
v -4.829 -88.771 17.529
v -3.987 -89.378 17.478
v -4.705 -89.345 27.343
v -3.677 -89.763 26.775
v -4.629 -88.329 -3.536
v -4.269 -89.037 -2.820
v -4.684 -88.083 -3.324
v -4.597 -87.920 -2.802
v -4.793 -87.951 -2.728
v -4.880 -87.754 -1.804
v -4.740 -87.543 -1.920
v -4.176 -88.347 14.248
v -4.450 -88.586 15.924
v -4.570 -88.694 17.151
v -4.607 -88.418 17.509
v -4.779 -88.726 17.851
v -4.917 -88.827 18.718
v -4.607 -88.705 17.789
v -5.695 -88.882 19.647
v -2.747 -88.622 -3.129
v -4.926 -87.135 -1.243
v -5.038 -87.296 0.602
v -4.779 -86.868 2.293
v -3.677 -87.584 2.604
v -4.142 -87.042 5.857
v -3.677 -86.630 1.829
v -3.784 -89.877 -5.952
v -3.098 -90.562 -7.100
v -3.406 -90.667 -6.709
v -3.111 -90.793 -7.056
v -3.923 -89.813 -5.486
v -3.396 -90.634 -5.540
v -3.057 -90.811 -5.764
v -3.367 -89.888 -2.820
v -4.249 -89.022 -5.646
v -3.047 -89.193 -5.455
v -3.726 -89.502 -5.860
v -4.225 -88.670 16.443
v -3.057 -88.540 13.914
v -2.090 -89.302 18.471
v -3.987 -88.728 28.708
v -2.747 -89.120 -4.835
v -3.657 -87.646 9.804
v -3.893 -88.353 13.620
v -2.747 -87.253 9.421
v -0.100 -88.546 25.735
v -3.954 -88.568 28.497
v -3.367 -88.728 29.431
v -2.666 -88.734 29.439
v -2.486 -87.760 2.468
v -2.189 -87.032 4.681
v -2.431 -86.953 7.164
v -2.694 -90.783 -6.655
v -2.637 -90.459 -6.750
v -2.272 -90.355 -4.460
v -1.849 -89.948 -4.521
v -1.855 -90.102 -4.390
v -1.791 -90.158 -4.325
v -2.326 -89.881 -2.542
v -1.818 -90.093 -3.284
v -0.888 -90.508 -3.129
v -1.688 -89.559 19.645
v -2.438 -89.757 22.591
v -1.818 -89.372 27.861
v -1.198 -89.037 28.160
v -1.198 -88.775 0.280
v -2.083 -87.508 2.633
v -2.128 -88.329 12.365
v -0.093 -88.568 21.842
v -1.270 -88.693 28.232
v -1.663 -86.783 2.759
v -1.043 -87.385 5.548
v -1.247 -90.837 -5.397
v -1.060 -90.652 -5.440
v -0.786 -90.987 -4.634
v -0.887 -91.002 -5.604
v -0.590 -91.001 -5.095
v -1.671 -89.895 -4.406
v -0.423 -89.757 -0.960
v -1.472 -89.433 19.750
v -0.654 -89.598 18.170
v -1.485 -89.354 18.273
v -0.888 -89.712 24.606
v -1.487 -89.358 20.190
v -0.113 -89.775 27.086
v -0.009 -88.371 -1.204
v -0.423 -87.896 2.913
v -0.027 -87.396 7.782
v -0.733 -87.696 9.421
v -0.002 -90.543 -4.464
v -0.103 -90.762 -4.465
v -0.034 -90.049 -1.686
v -0.047 -88.696 0.767
v -0.015 -89.465 18.098
v 0.010 -88.627 18.677
v -0.036 -89.536 27.627
v -0.056 -89.043 28.157
v -0.025 -88.697 28.144
v 0.009 -87.643 3.068
v -0.027 -87.396 5.167
v -0.052 -86.753 3.023
v -0.056 -88.291 17.421
v -0.022 -86.337 5.793
v -0.053 -86.640 9.964
v 47.912 -50.475 -59.484
v 47.691 -50.421 -59.697
v 46.828 -51.657 -59.937
v 46.930 -49.961 -62.580
v 48.130 -49.741 -60.467
v 48.236 -49.402 -61.052
v 47.996 -49.497 -60.840
v 48.113 -49.095 -61.357
v 47.184 -50.490 -61.841
v 47.882 -49.820 -60.460
v 46.913 -49.529 -62.246
v 47.935 -50.308 -59.922
v 48.044 -50.025 -60.230
v 47.967 -50.323 -59.495
v 47.804 -48.675 -63.020
v 47.945 -48.090 -62.816
v 47.489 -48.433 -63.440
v 47.457 -48.257 -63.352
v 47.872 -47.753 -63.506
v 47.697 -47.760 -63.493
v 48.166 -48.009 -62.400
v 48.410 -47.715 -62.438
v 45.849 -50.806 -64.402
v 48.153 -46.684 -63.826
v 48.168 -47.267 -63.414
v 47.476 -47.707 -64.795
v 47.804 -47.081 -64.342
v 47.673 -47.054 -64.361
v 48.471 -47.793 -62.296
v 48.272 -47.749 -62.510
v 47.623 -47.288 -65.184
v 48.030 -46.303 -64.845
v 47.915 -46.083 -64.772
v 48.098 -46.266 -64.379
v 47.749 -46.826 -64.546
v 43.551 -54.475 -63.015
v 45.625 -48.043 -67.495
v 45.845 -52.548 -59.229
v 44.970 -50.799 -65.964
v 47.198 -48.797 -64.754
v 48.349 -48.561 -61.826
v 44.395 -53.069 -64.723
v 44.376 -51.315 -67.523
v 46.258 -48.009 -66.273
v 46.503 -46.704 -67.847
v 46.758 -46.516 -67.603
v 46.874 -46.518 -67.358
v 46.589 -46.925 -67.513
v 46.393 -47.040 -67.358
v 46.582 -46.890 -67.299
v 46.035 -48.046 -67.150
v 47.426 -46.797 -65.539
v 47.025 -46.638 -66.226
v 47.378 -46.585 -65.459
v 46.721 -47.030 -66.414
v 46.127 -46.769 -68.566
v 47.280 -45.506 -67.420
v 47.157 -45.508 -67.129
v 47.102 -45.397 -67.379
v 46.670 -46.306 -68.133
v 46.528 -46.677 -67.529
v 45.324 -53.417 -60.385
v 45.918 -52.849 -58.666
v 41.191 -57.422 -66.146
v 45.944 -52.692 -59.145
v 45.324 -53.124 -58.692
v 45.851 -47.081 -70.241
v 44.240 -50.328 -69.373
v 45.696 -47.546 -69.373
v 46.185 -47.391 -68.598
v 45.502 -48.032 -68.048
v 46.099 -47.546 -67.698
v 45.516 -46.448 -70.318
v 45.094 -46.622 -71.681
v 45.169 -47.110 -70.814
v 43.820 -49.095 -71.386
v 45.752 -46.077 -71.401
v 45.258 -46.753 -70.925
v 46.180 -46.337 -69.903
v 45.722 -46.873 -69.406
v 45.800 -47.594 -68.182
v 43.735 -48.475 -70.922
v 45.348 -45.889 -72.870
v 46.099 -46.616 -70.312
v 45.643 -46.241 -70.295
v 45.634 -45.983 -71.077
v 45.479 -45.943 -71.542
v 45.952 -46.049 -70.094
v 45.807 -46.532 -69.540
v 43.681 -53.176 -59.561
v 44.059 -52.060 -62.449
v 42.375 -53.497 -60.856
v 43.620 -49.467 -69.217
v 41.500 -53.217 -70.958
v 43.047 -50.335 -72.937
v 44.221 -46.475 -74.936
v 42.345 -49.869 -75.726
v 44.457 -46.566 -73.429
v 44.443 -46.591 -74.265
v 44.860 -46.700 -71.851
v 44.936 -46.423 -72.271
v 44.609 -46.461 -73.092
v 45.119 -47.097 -70.673
v 44.224 -46.353 -74.792
v 43.719 -46.582 -75.164
v 45.164 -45.762 -72.935
v 44.750 -46.486 -73.197
v 45.322 -45.822 -72.570
v 39.901 -59.893 -65.189
v 41.296 -55.603 -61.139
v 42.155 -51.665 -64.968
v 42.943 -52.011 -63.123
v 42.751 -52.278 -62.686
v 41.870 -53.279 -62.709
v 41.216 -53.632 -71.429
v 43.059 -47.244 -78.545
v 43.051 -47.479 -77.600
v 42.045 -49.092 -77.783
v 42.963 -47.873 -76.975
v 43.155 -47.701 -76.769
v 43.277 -48.165 -76.035
v 42.930 -47.715 -76.718
v 42.535 -48.247 -76.499
v 43.536 -47.391 -73.555
v 42.535 -47.855 -78.897
v 42.679 -47.379 -79.103
v 43.512 -46.429 -78.866
v 43.473 -45.681 -79.175
v 42.845 -47.185 -78.514
v 43.573 -46.771 -77.274
v 43.609 -46.014 -78.063
v 43.899 -46.672 -75.156
v 43.310 -47.081 -77.212
v 43.369 -45.736 -79.383
v 43.320 -45.511 -79.743
v 42.924 -47.368 -77.677
v 43.140 -46.482 -79.391
v 42.982 -46.306 -79.599
v 43.898 -45.840 -78.050
v 43.783 -45.972 -77.510
v 43.737 -45.541 -78.275
v 43.822 -45.537 -77.911
v 43.120 -46.616 -77.430
v 43.613 -45.929 -77.502
v 43.775 -46.193 -76.344
v 43.991 -46.190 -76.517
v 39.319 -59.891 -65.845
v 42.535 -56.124 -61.314
v 39.227 -58.082 -69.682
v 42.437 -52.969 -69.837
v 40.943 -54.827 -61.625
v 41.672 -52.813 -63.794
v 41.666 -47.804 -80.786
v 40.522 -50.159 -79.641
v 42.129 -48.987 -78.297
v 41.451 -49.499 -73.092
v 40.826 -47.855 -81.769
v 41.697 -47.804 -81.385
v 42.320 -47.691 -79.672
v 42.070 -47.765 -79.599
v 41.435 -47.625 -81.879
v 41.606 -47.456 -81.769
v 42.436 -47.529 -79.411
v 42.454 -47.546 -78.979
v 38.389 -61.801 -64.258
v 40.552 -54.893 -70.573
v 40.355 -55.447 -62.709
v 39.036 -54.054 -75.881
v 41.122 -50.349 -70.938
v 39.372 -51.729 -71.231
v 40.492 -50.404 -70.482
v 40.785 -50.868 -69.993
v 40.965 -47.765 -82.602
v 40.366 -49.184 -75.570
v 40.521 -49.363 -74.330
v 39.746 -49.492 -74.641
v 39.746 -49.846 -74.175
v 40.023 -49.752 -72.943
v 41.706 -50.108 -70.683
v 39.868 -48.558 -83.724
v 40.510 -47.308 -83.951
v 40.366 -47.236 -84.206
v 40.842 -47.593 -82.590
v 40.278 -47.221 -84.056
v 40.056 -48.069 -83.472
v 37.732 -60.871 -63.764
v 37.568 -59.773 -64.721
v 38.827 -54.051 -77.862
v 39.436 -49.869 -83.720
v 38.971 -51.444 -81.614
v 39.105 -52.813 -79.908
v 34.475 -59.987 -71.329
v 39.781 -51.439 -70.693
v 39.231 -48.836 -84.842
v 39.901 -50.955 -80.559
v 39.126 -49.310 -79.754
v 38.740 -49.577 -78.096
v 39.124 -49.545 -77.768
v 37.689 -51.883 -75.726
v 39.244 -49.631 -75.876
v 38.343 -51.109 -75.106
v 39.788 -48.026 -84.993
v 39.591 -48.475 -84.898
v 39.808 -49.095 -84.092
v 39.594 -47.971 -85.181
v 39.594 -47.993 -85.343
v 39.293 -48.558 -84.820
v 39.744 -48.151 -84.685
v 38.662 -49.382 -80.683
v 39.916 -46.619 -85.614
v 39.645 -46.596 -85.829
v 39.736 -47.944 -85.253
v 39.746 -47.546 -85.032
v 37.112 -63.660 -64.569
v 37.335 -57.505 -75.047
v 36.278 -60.327 -73.212
v 37.267 -57.153 -76.169
v 37.665 -57.153 -75.881
v 33.663 -62.265 -70.766
v 38.118 -52.394 -79.718
v 37.112 -54.673 -77.482
v 38.094 -50.936 -80.755
v 37.620 -51.373 -80.142
v 37.577 -52.349 -79.672
v 38.410 -49.192 -82.729
v 36.805 -53.590 -75.714
v 38.057 -50.637 -78.573
v 38.808 -49.286 -80.431
v 38.241 -49.194 -80.853
v 38.824 -49.402 -79.880
v 38.219 -49.512 -79.592
v 37.772 -48.829 -82.868
v 37.985 -48.785 -82.543
v 37.635 -48.295 -82.885
v 34.013 -66.604 -67.956
v 36.337 -63.350 -64.320
v 35.717 -62.955 -64.723
v 34.875 -63.777 -72.248
v 35.191 -62.265 -66.273
v 36.332 -61.623 -65.513
v 34.323 -64.125 -65.622
v 36.325 -59.939 -74.111
v 36.647 -54.208 -77.574
v 36.868 -51.833 -78.313
v 35.450 -55.447 -75.415
v 36.879 -52.245 -77.368
v 37.331 -51.444 -77.956
v 37.312 -50.695 -79.443
v 34.633 -65.674 -64.176
v 32.942 -65.183 -67.204
v 33.471 -63.917 -72.821
v 35.872 -57.927 -75.487
v 35.311 -56.223 -75.726
v 33.083 -62.776 -72.937
v 35.936 -54.381 -76.599
v 34.530 -57.771 -74.175
v 32.198 -70.942 -64.414
v 33.932 -66.408 -70.081
v 34.323 -58.040 -74.571
v 33.118 -68.929 -68.753
v 32.221 -69.931 -64.028
v 31.453 -70.425 -69.590
v 33.235 -68.185 -70.614
v 33.292 -66.979 -71.146
v 32.387 -66.140 -67.822
v 31.321 -68.300 -70.446
v 31.910 -65.985 -70.457
v 31.844 -66.604 -68.432
v 31.497 -70.865 -68.666
v 30.604 -72.193 -64.258
v 30.811 -69.150 -70.241
v 32.309 -68.272 -64.258
v 29.235 -71.562 -65.189
v 31.379 -70.323 -63.908
v 30.380 -69.815 -70.269
v 29.262 -72.079 -67.376
v 31.046 -68.154 -70.146
v 30.197 -69.215 -69.549
v 29.876 -72.834 -64.551
v 30.129 -72.919 -64.616
v 29.765 -71.612 -69.881
v 29.535 -71.854 -69.675
v 30.334 -70.788 -69.837
v 29.434 -71.611 -69.574
v 29.373 -71.549 -69.934
v 29.505 -71.197 -69.600
v 29.210 -71.879 -69.062
v 29.376 -71.174 -69.494
v 29.364 -72.375 -67.206
v 30.014 -71.253 -69.373
v 29.795 -71.100 -69.340
v 28.906 -71.033 -69.733
v 29.738 -69.998 -69.688
v 28.746 -70.965 -69.543
v 28.797 -71.562 -69.062
v 47.587 -50.909 -59.255
v -47.808 -50.475 -59.484
v -47.587 -50.421 -59.697
v -46.724 -51.657 -59.937
v -46.826 -49.961 -62.580
v -48.026 -49.741 -60.467
v -48.132 -49.402 -61.052
v -47.892 -49.497 -60.840
v -48.010 -49.095 -61.357
v -47.080 -50.490 -61.841
v -47.778 -49.820 -60.460
v -46.809 -49.529 -62.246
v -47.831 -50.308 -59.922
v -47.941 -50.025 -60.230
v -47.863 -50.323 -59.495
v -47.700 -48.675 -63.020
v -47.841 -48.090 -62.816
v -47.385 -48.433 -63.440
v -47.353 -48.257 -63.352
v -47.769 -47.753 -63.506
v -47.593 -47.760 -63.493
v -48.062 -48.009 -62.400
v -48.306 -47.715 -62.438
v -45.745 -50.806 -64.402
v -48.049 -46.684 -63.826
v -48.064 -47.267 -63.414
v -47.372 -47.707 -64.795
v -47.700 -47.081 -64.342
v -47.569 -47.054 -64.361
v -48.367 -47.793 -62.296
v -48.168 -47.749 -62.510
v -47.519 -47.288 -65.184
v -47.926 -46.303 -64.845
v -47.811 -46.083 -64.772
v -47.994 -46.266 -64.379
v -47.645 -46.826 -64.546
v -43.447 -54.475 -63.015
v -45.521 -48.043 -67.495
v -45.741 -52.548 -59.229
v -44.866 -50.799 -65.964
v -47.094 -48.797 -64.754
v -48.245 -48.561 -61.826
v -44.291 -53.069 -64.723
v -44.272 -51.315 -67.523
v -46.154 -48.009 -66.273
v -46.399 -46.704 -67.847
v -46.654 -46.516 -67.603
v -46.770 -46.518 -67.358
v -46.485 -46.925 -67.513
v -46.290 -47.040 -67.358
v -46.478 -46.890 -67.299
v -45.931 -48.046 -67.150
v -47.322 -46.797 -65.539
v -46.921 -46.638 -66.226
v -47.275 -46.585 -65.459
v -46.617 -47.030 -66.414
v -46.023 -46.769 -68.566
v -47.176 -45.506 -67.420
v -47.053 -45.508 -67.129
v -46.998 -45.397 -67.379
v -46.566 -46.306 -68.133
v -46.424 -46.677 -67.529
v -45.220 -53.417 -60.385
v -45.814 -52.849 -58.666
v -41.087 -57.422 -66.146
v -45.840 -52.692 -59.145
v -45.220 -53.124 -58.692
v -45.747 -47.081 -70.241
v -44.136 -50.328 -69.373
v -45.592 -47.546 -69.373
v -46.081 -47.391 -68.598
v -45.398 -48.032 -68.048
v -45.995 -47.546 -67.698
v -45.412 -46.448 -70.318
v -44.990 -46.622 -71.681
v -45.065 -47.110 -70.814
v -43.716 -49.095 -71.386
v -45.648 -46.077 -71.401
v -45.154 -46.753 -70.925
v -46.076 -46.337 -69.903
v -45.618 -46.873 -69.406
v -45.696 -47.594 -68.182
v -43.631 -48.475 -70.922
v -45.244 -45.889 -72.870
v -45.995 -46.616 -70.312
v -45.539 -46.241 -70.295
v -45.530 -45.983 -71.077
v -45.375 -45.943 -71.542
v -45.848 -46.049 -70.094
v -45.703 -46.532 -69.540
v -43.577 -53.176 -59.561
v -43.955 -52.060 -62.449
v -42.271 -53.497 -60.856
v -43.516 -49.467 -69.217
v -41.396 -53.217 -70.958
v -42.943 -50.335 -72.937
v -44.117 -46.475 -74.936
v -42.241 -49.869 -75.726
v -44.353 -46.566 -73.429
v -44.339 -46.591 -74.265
v -44.756 -46.700 -71.851
v -44.832 -46.423 -72.271
v -44.505 -46.461 -73.092
v -45.015 -47.097 -70.673
v -44.120 -46.353 -74.792
v -43.615 -46.582 -75.164
v -45.060 -45.762 -72.935
v -44.646 -46.486 -73.197
v -45.218 -45.822 -72.570
v -39.797 -59.893 -65.189
v -41.192 -55.603 -61.139
v -42.051 -51.665 -64.968
v -42.839 -52.011 -63.123
v -42.647 -52.278 -62.686
v -41.766 -53.279 -62.709
v -41.112 -53.632 -71.429
v -42.955 -47.244 -78.545
v -42.947 -47.479 -77.600
v -41.941 -49.092 -77.783
v -42.859 -47.873 -76.975
v -43.051 -47.701 -76.769
v -43.173 -48.165 -76.035
v -42.826 -47.715 -76.718
v -42.431 -48.247 -76.499
v -43.432 -47.391 -73.555
v -42.431 -47.855 -78.897
v -42.575 -47.379 -79.103
v -43.408 -46.429 -78.866
v -43.369 -45.681 -79.175
v -42.741 -47.185 -78.514
v -43.469 -46.771 -77.274
v -43.505 -46.014 -78.063
v -43.795 -46.672 -75.156
v -43.206 -47.081 -77.212
v -43.265 -45.736 -79.383
v -43.216 -45.511 -79.743
v -42.820 -47.368 -77.677
v -43.036 -46.482 -79.391
v -42.878 -46.306 -79.599
v -43.794 -45.840 -78.050
v -43.679 -45.972 -77.510
v -43.633 -45.541 -78.275
v -43.718 -45.537 -77.911
v -43.016 -46.616 -77.430
v -43.509 -45.929 -77.502
v -43.671 -46.193 -76.344
v -43.887 -46.190 -76.517
v -39.215 -59.891 -65.845
v -42.431 -56.124 -61.314
v -39.123 -58.082 -69.682
v -42.333 -52.969 -69.837
v -40.839 -54.827 -61.625
v -41.568 -52.813 -63.794
v -41.562 -47.804 -80.786
v -40.418 -50.159 -79.641
v -42.025 -48.987 -78.297
v -41.347 -49.499 -73.092
v -40.722 -47.855 -81.769
v -41.593 -47.804 -81.385
v -42.216 -47.691 -79.672
v -41.966 -47.765 -79.599
v -41.331 -47.625 -81.879
v -41.502 -47.456 -81.769
v -42.332 -47.529 -79.411
v -42.350 -47.546 -78.979
v -38.285 -61.801 -64.258
v -40.448 -54.893 -70.573
v -40.251 -55.447 -62.709
v -38.932 -54.054 -75.881
v -41.018 -50.349 -70.938
v -39.268 -51.729 -71.231
v -40.388 -50.404 -70.482
v -40.681 -50.868 -69.993
v -40.861 -47.765 -82.602
v -40.262 -49.184 -75.570
v -40.417 -49.363 -74.330
v -39.642 -49.492 -74.641
v -39.642 -49.846 -74.175
v -39.919 -49.752 -72.943
v -41.602 -50.108 -70.683
v -39.764 -48.558 -83.724
v -40.406 -47.308 -83.951
v -40.262 -47.236 -84.206
v -40.738 -47.593 -82.590
v -40.174 -47.221 -84.056
v -39.952 -48.069 -83.472
v -37.628 -60.871 -63.764
v -37.464 -59.773 -64.721
v -38.723 -54.051 -77.862
v -39.332 -49.869 -83.720
v -38.867 -51.444 -81.614
v -39.001 -52.813 -79.908
v -34.371 -59.987 -71.329
v -39.677 -51.439 -70.693
v -39.127 -48.836 -84.842
v -39.797 -50.955 -80.559
v -39.022 -49.310 -79.754
v -38.636 -49.577 -78.096
v -39.020 -49.545 -77.768
v -37.586 -51.883 -75.726
v -39.140 -49.631 -75.876
v -38.239 -51.109 -75.106
v -39.684 -48.026 -84.993
v -39.487 -48.475 -84.898
v -39.704 -49.095 -84.092
v -39.490 -47.971 -85.181
v -39.490 -47.993 -85.343
v -39.189 -48.558 -84.820
v -39.640 -48.151 -84.685
v -38.558 -49.382 -80.683
v -39.812 -46.619 -85.614
v -39.541 -46.596 -85.829
v -39.632 -47.944 -85.253
v -39.642 -47.546 -85.032
v -37.008 -63.660 -64.569
v -37.231 -57.505 -75.047
v -36.174 -60.327 -73.212
v -37.163 -57.153 -76.169
v -37.561 -57.153 -75.881
v -33.559 -62.265 -70.766
v -38.014 -52.394 -79.718
v -37.008 -54.673 -77.482
v -37.990 -50.936 -80.755
v -37.516 -51.373 -80.142
v -37.473 -52.349 -79.672
v -38.306 -49.192 -82.729
v -36.701 -53.590 -75.714
v -37.953 -50.637 -78.573
v -38.704 -49.286 -80.431
v -38.137 -49.194 -80.853
v -38.720 -49.402 -79.880
v -38.115 -49.512 -79.592
v -37.668 -48.829 -82.868
v -37.881 -48.785 -82.543
v -37.531 -48.295 -82.885
v -33.909 -66.604 -67.956
v -36.233 -63.350 -64.320
v -35.614 -62.955 -64.723
v -34.771 -63.777 -72.248
v -35.088 -62.265 -66.273
v -36.228 -61.623 -65.513
v -34.219 -64.125 -65.622
v -36.221 -59.939 -74.111
v -36.543 -54.208 -77.574
v -36.764 -51.833 -78.313
v -35.346 -55.447 -75.415
v -36.775 -52.245 -77.368
v -37.227 -51.444 -77.956
v -37.208 -50.695 -79.443
v -34.529 -65.674 -64.176
v -32.838 -65.183 -67.204
v -33.367 -63.917 -72.821
v -35.768 -57.927 -75.487
v -35.207 -56.223 -75.726
v -32.979 -62.776 -72.937
v -35.832 -54.381 -76.599
v -34.426 -57.771 -74.175
v -32.094 -70.942 -64.414
v -33.828 -66.408 -70.081
v -34.219 -58.040 -74.571
v -33.014 -68.929 -68.753
v -32.117 -69.931 -64.028
v -31.349 -70.425 -69.590
v -33.131 -68.185 -70.614
v -33.188 -66.979 -71.146
v -32.283 -66.140 -67.822
v -31.217 -68.300 -70.446
v -31.806 -65.985 -70.457
v -31.740 -66.604 -68.432
v -31.393 -70.865 -68.666
v -30.500 -72.193 -64.258
v -30.707 -69.150 -70.241
v -32.205 -68.272 -64.258
v -29.131 -71.562 -65.189
v -31.275 -70.323 -63.908
v -30.276 -69.815 -70.269
v -29.158 -72.079 -67.376
v -30.942 -68.154 -70.146
v -30.093 -69.215 -69.549
v -29.772 -72.834 -64.551
v -30.025 -72.919 -64.616
v -29.661 -71.612 -69.881
v -29.432 -71.854 -69.675
v -30.230 -70.788 -69.837
v -29.330 -71.611 -69.574
v -29.269 -71.549 -69.934
v -29.401 -71.197 -69.600
v -29.106 -71.879 -69.062
v -29.272 -71.174 -69.494
v -29.260 -72.375 -67.206
v -29.910 -71.253 -69.373
v -29.691 -71.100 -69.340
v -28.802 -71.033 -69.733
v -29.634 -69.998 -69.688
v -28.642 -70.965 -69.543
v -28.693 -71.562 -69.062
v -47.483 -50.909 -59.255
v 52.955 -56.860 -30.321
v 52.535 -55.058 -37.850
v 54.862 -53.465 -26.994
v 55.414 -51.902 -32.027
v 54.332 -54.248 -36.397
v 55.389 -52.211 -32.027
v 55.469 -52.064 -32.171
v 53.727 -57.479 -36.365
v 55.464 -52.513 -31.436
v 55.529 -52.211 -31.407
v 55.523 -52.555 -30.957
v 55.417 -52.831 -30.787
v 55.450 -52.353 -30.867
v 55.445 -52.521 -31.407
v 55.379 -52.366 -31.252
v 55.310 -52.366 -31.510
v 55.382 -52.243 -31.389
v 55.322 -52.000 -32.135
v 55.444 -52.180 -31.885
v 55.317 -52.867 -30.082
v 55.320 -52.953 -27.467
v 55.494 -53.001 -29.315
v 53.200 -56.085 -25.982
v 52.026 -59.119 -35.383
v 53.743 -54.914 -24.871
v 53.555 -55.132 -24.073
v 53.702 -55.153 -24.135
v 54.463 -53.727 -24.950
v 52.393 -60.269 -32.801
v 52.022 -57.945 -40.859
v 53.282 -56.705 -25.208
v 52.890 -56.860 -23.968
v 52.023 -60.012 -31.183
v 51.942 -60.265 -30.882
v 52.409 -57.705 -23.796
v 52.661 -56.743 -23.214
v 52.366 -57.015 -22.812
v 53.233 -55.812 -24.326
v 53.140 -56.085 -23.844
v 50.401 -61.597 -27.153
v 51.665 -55.001 -39.929
v 53.647 -54.928 -24.119
v 50.922 -55.376 -43.789
v 51.436 -61.674 -36.829
v 51.113 -61.670 -35.306
v 50.971 -61.630 -31.716
v 51.579 -60.494 -30.076
v 49.953 -59.959 -43.028
v 49.731 -60.693 -39.309
v 51.832 -60.114 -28.618
v 52.115 -58.719 -36.520
v 52.223 -58.727 -26.453
v 51.539 -58.874 -22.575
v 52.029 -58.874 -24.743
v 52.552 -56.724 -23.129
v 52.029 -57.640 -22.845
v 51.502 -59.184 -22.264
v 51.948 -57.479 -22.884
v 51.281 -58.719 -22.377
v 51.154 -59.188 -22.017
v 49.577 -57.635 -42.542
v 49.290 -62.820 -39.294
v 49.282 -63.684 -35.193
v 49.080 -64.184 -34.757
v 49.267 -63.833 -32.015
v 50.556 -61.973 -28.152
v 51.079 -60.757 -28.695
v 49.481 -63.057 -30.321
v 51.126 -59.389 -22.068
v 50.989 -60.081 -24.029
v 49.541 -55.845 -45.622
v 50.813 -58.717 -40.367
v 49.886 -58.874 -41.695
v 50.506 -55.115 -42.873
v 49.444 -55.493 -44.919
v 51.591 -54.751 -41.479
v 48.007 -64.785 -37.038
v 47.717 -64.762 -38.669
v 45.593 -64.104 -43.447
v 48.492 -56.085 -44.907
v 42.449 -57.015 -51.818
v 39.957 -57.658 -53.813
v 49.036 -55.509 -44.816
v 48.327 -63.899 -38.391
v 46.621 -64.461 -40.931
v 47.430 -65.227 -37.604
v 47.407 -64.762 -36.396
v 47.195 -64.143 -36.365
v 47.010 -62.438 -44.423
v 47.617 -59.876 -45.627
v 49.267 -59.129 -44.112
v 47.571 -60.579 -44.886
v 48.219 -59.493 -45.506
v 47.966 -59.670 -45.081
v 47.238 -60.271 -46.116
v 43.069 -62.989 -46.281
v 47.905 -57.945 -45.817
v 41.519 -58.254 -54.018
v 44.961 -66.345 -41.433
v 45.856 -65.576 -38.996
v 45.587 -64.987 -38.901
v 45.349 -59.671 -47.667
v 46.478 -57.170 -46.777
v 47.196 -59.891 -45.943
v 39.723 -67.382 -46.054
v 44.463 -66.356 -41.013
v 41.054 -66.932 -45.506
v 43.909 -65.470 -40.686
v 43.533 -61.470 -47.367
v 44.618 -59.959 -47.768
v 45.152 -58.254 -47.830
v 40.635 -65.370 -48.265
v 41.288 -65.560 -43.151
v 40.899 -62.128 -52.665
v 42.699 -60.159 -48.960
v 41.984 -62.748 -47.727
v 41.546 -60.871 -52.153
v 38.922 -62.580 -51.818
v 42.378 -60.122 -49.940
v 43.688 -59.804 -48.637
v 39.660 -58.254 -53.584
v 37.922 -63.917 -51.698
v 38.840 -63.303 -54.399
v 40.760 -60.579 -51.394
v 40.565 -66.219 -43.826
v 38.896 -67.059 -45.624
v 39.460 -63.752 -53.424
v 38.730 -63.479 -51.394
v 38.581 -62.812 -55.845
v 40.127 -59.475 -54.966
v 39.505 -61.509 -55.114
v 39.127 -60.312 -56.327
v 39.040 -58.254 -55.516
v 40.125 -58.100 -54.989
v 36.251 -68.772 -48.916
v 34.864 -68.857 -49.620
v 38.730 -65.902 -51.239
v 37.867 -66.833 -46.355
v 37.082 -66.312 -54.803
v 39.350 -64.679 -51.705
v 38.268 -64.849 -49.904
v 38.165 -62.412 -56.157
v 37.905 -62.509 -57.765
v 39.939 -59.184 -55.889
v 37.701 -61.549 -59.059
v 37.685 -60.148 -58.696
v 35.321 -69.132 -50.621
v 36.996 -66.288 -53.839
v 37.312 -66.637 -53.071
v 36.564 -67.304 -51.999
v 35.978 -66.340 -50.439
v 37.180 -64.762 -56.519
v 37.180 -64.298 -58.130
v 36.602 -64.003 -59.077
v 36.311 -64.028 -55.110
v 37.603 -62.748 -57.438
v 36.046 -62.903 -58.213
v 36.896 -59.787 -58.035
v 38.060 -58.731 -55.882
v 35.639 -67.521 -55.856
v 35.843 -68.016 -54.183
v 35.291 -68.294 -53.591
v 34.713 -68.343 -49.603
v 36.360 -65.568 -58.552
v 36.993 -65.536 -55.269
v 36.796 -65.798 -56.231
v 34.935 -67.722 -58.753
v 37.067 -64.745 -57.302
v 36.463 -65.053 -57.513
v 36.046 -65.670 -58.507
v 35.310 -66.157 -54.803
v 34.736 -66.117 -61.610
v 33.690 -67.060 -64.208
v 34.177 -66.157 -64.101
v 35.809 -61.403 -60.204
v 35.509 -62.334 -60.076
v 34.887 -62.835 -61.085
v 35.269 -67.706 -58.058
v 33.948 -69.256 -58.512
v 33.988 -69.397 -53.825
v 33.347 -69.876 -62.861
v 35.330 -66.803 -59.536
v 35.825 -66.487 -59.482
v 34.210 -67.818 -62.781
v 33.981 -67.087 -57.747
v 33.003 -65.890 -64.739
v 33.428 -69.518 -61.226
v 32.997 -70.272 -60.691
v 33.563 -70.095 -56.263
v 33.160 -70.650 -56.353
v 32.511 -71.034 -53.272
v 33.504 -67.795 -63.635
v 34.051 -67.736 -63.082
v 33.814 -68.199 -62.704
v 33.661 -68.897 -62.541
v 32.603 -71.115 -54.183
v 33.178 -69.157 -51.993
v 32.086 -70.836 -53.130
v 33.903 -67.739 -53.331
v 33.104 -68.171 -66.270
v 35.656 -64.916 -61.311
v 34.891 -66.144 -61.985
v 32.685 -66.619 -63.957
v 31.912 -70.031 -69.513
v 32.757 -69.652 -65.725
v 32.997 -70.701 -62.086
v 32.064 -70.413 -53.082
v 32.878 -68.687 -68.280
v 32.842 -69.245 -66.424
v 33.211 -69.256 -65.186
v 33.310 -68.424 -64.582
v 31.773 -69.992 -56.468
v 31.577 -70.442 -55.104
v 31.757 -68.171 -66.663
v 32.758 -66.951 -63.714
v 32.662 -65.949 -64.598
v 33.478 -64.696 -63.046
v 31.485 -72.045 -64.255
v 30.460 -73.604 -62.978
v 30.982 -73.285 -60.784
v 31.430 -72.319 -58.913
v 31.602 -72.354 -58.357
v 30.152 -73.751 -59.147
v 30.673 -73.076 -56.664
v 30.682 -71.233 -71.195
v 31.673 -70.796 -66.489
v 32.313 -71.115 -65.030
v 31.757 -70.650 -54.307
v 31.597 -70.703 -54.976
v 29.752 -73.503 -55.737
v 29.473 -72.975 -55.733
v 29.945 -72.287 -55.630
v 31.277 -70.105 -71.977
v 30.355 -70.409 -72.415
v 31.836 -69.792 -69.397
v 31.912 -70.398 -68.439
v 30.216 -69.122 -75.608
v 31.506 -67.997 -73.977
v 30.608 -70.495 -68.130
v 32.842 -67.656 -67.510
v 31.146 -67.667 -73.810
v 31.778 -67.559 -68.329
v 31.447 -67.780 -69.679
v 31.708 -67.628 -67.464
v 29.431 -75.146 -62.119
v 30.126 -74.300 -60.365
v 30.201 -73.365 -65.984
v 29.984 -72.688 -67.243
v 29.696 -72.917 -67.484
v 32.269 -71.424 -61.466
v 29.588 -74.548 -65.341
v 29.831 -73.876 -63.946
v 30.324 -73.850 -62.696
v 29.579 -74.924 -62.703
v 29.646 -74.136 -61.720
v 30.509 -73.381 -60.372
v 30.342 -73.443 -60.974
v 29.588 -74.719 -58.213
v 30.076 -72.363 -69.909
v 30.363 -72.476 -69.214
v 31.137 -71.808 -66.270
v 30.149 -72.757 -67.855
v 30.482 -73.291 -66.263
v 27.516 -75.032 -62.426
v 28.031 -74.864 -62.577
v 29.779 -71.544 -72.837
v 30.167 -70.898 -72.345
v 29.898 -71.468 -70.918
v 31.276 -70.804 -68.285
v 29.761 -71.787 -70.341
v 31.292 -71.579 -67.716
v 30.163 -69.720 -75.413
v 29.686 -70.024 -75.271
v 30.236 -69.900 -74.641
v 30.048 -70.482 -73.737
v 30.363 -70.439 -72.932
v 30.828 -68.126 -75.413
v 30.799 -68.466 -75.758
v 30.573 -68.754 -75.740
v 30.258 -68.939 -76.520
v 30.053 -68.635 -76.373
v 30.432 -68.113 -75.328
v 30.215 -68.891 -75.853
v 30.097 -69.156 -76.357
v 29.236 -75.447 -61.784
v 27.859 -76.019 -62.700
v 27.733 -76.694 -61.157
v 29.479 -74.465 -65.989
v 28.829 -73.948 -66.512
v 29.035 -74.672 -65.280
v 28.760 -74.410 -65.549
v 29.669 -74.679 -63.790
v 28.487 -75.163 -63.504
v 28.900 -75.191 -62.755
v 28.813 -75.608 -61.600
v 29.357 -74.982 -60.369
v 28.658 -74.679 -56.415
v 28.952 -73.045 -69.602
v 29.313 -73.013 -68.535
v 29.123 -73.370 -68.594
v 29.123 -73.130 -68.058
v 29.278 -73.017 -68.905
v 29.743 -72.725 -68.905
v 29.115 -73.204 -69.507
v 28.844 -73.091 -69.363
v 29.884 -73.172 -67.232
v 29.911 -73.232 -66.584
v 29.405 -73.696 -67.489
v 29.254 -72.923 -67.364
v 29.433 -73.439 -67.675
v 29.190 -73.526 -67.510
v 29.439 -73.418 -66.630
v 29.278 -74.005 -66.579
v 29.176 -73.372 -66.651
v 28.343 -74.064 -56.605
v 29.146 -71.821 -71.715
v 29.588 -71.703 -70.763
v 29.288 -71.579 -70.763
v 29.123 -71.927 -71.383
v 29.611 -72.535 -69.378
v 29.314 -71.764 -70.212
v 29.300 -72.457 -69.432
v 29.146 -72.354 -69.059
v 29.144 -72.692 -68.475
v 29.197 -72.664 -67.819
v 28.722 -73.228 -68.544
v 29.181 -73.215 -66.632
v 29.265 -70.729 -74.088
v 29.039 -70.584 -73.910
v 29.486 -70.243 -73.228
v 29.659 -71.725 -72.626
v 29.419 -71.604 -72.595
v 29.575 -71.515 -72.870
v 29.867 -71.414 -71.746
v 29.733 -70.650 -72.778
v 29.235 -71.093 -72.909
v 29.630 -71.069 -72.472
v 29.403 -70.486 -72.855
v 29.017 -70.858 -72.924
v 29.465 -70.699 -72.047
v 29.278 -70.804 -73.077
v 29.438 -71.173 -71.412
v 28.899 -71.743 -71.478
v 29.671 -70.134 -75.686
v 29.433 -69.876 -75.773
v 29.880 -69.450 -75.814
v 29.548 -69.256 -75.258
v 29.175 -69.876 -75.258
v 29.412 -69.976 -73.918
v 29.458 -70.146 -74.208
v 29.974 -69.041 -76.547
v 29.885 -68.743 -75.966
v 29.869 -68.893 -75.686
v 27.846 -76.694 -60.691
v 27.488 -77.411 -60.601
v 28.348 -75.475 -62.861
v 27.878 -75.979 -61.950
v 28.503 -75.888 -61.157
v 27.619 -75.608 -62.861
v 27.574 -75.919 -62.428
v 27.698 -75.737 -61.689
v 28.163 -74.523 -61.157
v 28.038 -76.584 -59.142
v 27.576 -76.848 -59.762
v 27.883 -75.289 -59.916
v 26.954 -77.124 -58.367
v 28.064 -75.576 -56.707
v 28.395 -74.968 -65.161
v 28.968 -74.864 -64.875
v 28.632 -74.909 -65.416
v 28.584 -74.214 -65.341
v 28.233 -74.532 -65.266
v 28.499 -74.779 -64.700
v 28.437 -74.368 -64.721
v 28.041 -75.307 -63.061
v 27.264 -75.565 -57.747
v 26.294 -76.231 -57.292
v 27.297 -75.454 -56.818
v 28.916 -73.582 -66.808
v 27.131 -76.919 -61.131
v 27.167 -76.679 -61.561
v 27.200 -77.546 -60.315
v 27.013 -76.848 -60.382
v 27.172 -76.894 -58.843
v 26.560 -77.003 -58.522
v 26.710 -76.378 -57.737
v 26.833 -76.848 -56.973
v 26.421 -77.080 -57.528
v 26.152 -76.722 -57.505
v 26.955 -76.778 -57.747
v 26.489 -76.694 -56.715
v 27.544 -76.129 -61.394
v 26.171 -76.547 -56.942
v 26.146 -77.146 -57.143
v 51.340 -59.572 -28.152
v 55.045 -53.872 -30.082
v 55.095 -53.253 -26.667
v -52.851 -56.860 -30.321
v -52.431 -55.058 -37.850
v -54.758 -53.465 -26.994
v -55.310 -51.902 -32.027
v -54.228 -54.248 -36.397
v -55.285 -52.211 -32.027
v -55.365 -52.064 -32.171
v -53.623 -57.479 -36.365
v -55.360 -52.513 -31.436
v -55.425 -52.211 -31.407
v -55.419 -52.555 -30.957
v -55.313 -52.831 -30.787
v -55.346 -52.353 -30.867
v -55.341 -52.521 -31.407
v -55.275 -52.366 -31.252
v -55.206 -52.366 -31.510
v -55.278 -52.243 -31.389
v -55.218 -52.000 -32.135
v -55.340 -52.180 -31.885
v -55.213 -52.867 -30.082
v -55.216 -52.953 -27.467
v -55.390 -53.001 -29.315
v -53.096 -56.085 -25.982
v -51.922 -59.119 -35.383
v -53.639 -54.914 -24.871
v -53.451 -55.132 -24.073
v -53.598 -55.153 -24.135
v -54.359 -53.727 -24.950
v -52.289 -60.269 -32.801
v -51.918 -57.945 -40.859
v -53.178 -56.705 -25.208
v -52.786 -56.860 -23.968
v -51.919 -60.012 -31.183
v -51.838 -60.265 -30.882
v -52.305 -57.705 -23.796
v -52.557 -56.743 -23.214
v -52.262 -57.015 -22.812
v -53.129 -55.812 -24.326
v -53.036 -56.085 -23.844
v -50.297 -61.597 -27.153
v -51.561 -55.001 -39.929
v -53.543 -54.928 -24.119
v -50.818 -55.376 -43.789
v -51.332 -61.674 -36.829
v -51.009 -61.670 -35.306
v -50.867 -61.630 -31.716
v -51.475 -60.494 -30.076
v -49.849 -59.959 -43.028
v -49.627 -60.693 -39.309
v -51.728 -60.114 -28.618
v -52.011 -58.719 -36.520
v -52.119 -58.727 -26.453
v -51.435 -58.874 -22.575
v -51.925 -58.874 -24.743
v -52.448 -56.724 -23.129
v -51.925 -57.640 -22.845
v -51.398 -59.184 -22.264
v -51.844 -57.479 -22.884
v -51.177 -58.719 -22.377
v -51.050 -59.188 -22.017
v -49.473 -57.635 -42.542
v -49.186 -62.820 -39.294
v -49.178 -63.684 -35.193
v -48.976 -64.184 -34.757
v -49.163 -63.833 -32.015
v -50.452 -61.973 -28.152
v -50.975 -60.757 -28.695
v -49.377 -63.057 -30.321
v -51.022 -59.389 -22.068
v -50.885 -60.081 -24.029
v -49.437 -55.845 -45.622
v -50.709 -58.717 -40.367
v -49.782 -58.874 -41.695
v -50.402 -55.115 -42.873
v -49.340 -55.493 -44.919
v -51.487 -54.751 -41.479
v -47.903 -64.785 -37.038
v -47.613 -64.762 -38.669
v -45.489 -64.104 -43.447
v -48.388 -56.085 -44.907
v -42.345 -57.015 -51.818
v -39.853 -57.658 -53.813
v -48.932 -55.509 -44.816
v -48.223 -63.899 -38.391
v -46.517 -64.461 -40.931
v -47.326 -65.227 -37.604
v -47.303 -64.762 -36.396
v -47.091 -64.143 -36.365
v -46.906 -62.438 -44.423
v -47.513 -59.876 -45.627
v -49.163 -59.129 -44.112
v -47.467 -60.579 -44.886
v -48.116 -59.493 -45.506
v -47.862 -59.670 -45.081
v -47.134 -60.271 -46.116
v -42.965 -62.989 -46.281
v -47.801 -57.945 -45.817
v -41.415 -58.254 -54.018
v -44.857 -66.345 -41.433
v -45.752 -65.576 -38.996
v -45.483 -64.987 -38.901
v -45.245 -59.671 -47.667
v -46.374 -57.170 -46.777
v -47.092 -59.891 -45.943
v -39.619 -67.382 -46.054
v -44.359 -66.356 -41.013
v -40.950 -66.932 -45.506
v -43.805 -65.470 -40.686
v -43.429 -61.470 -47.367
v -44.514 -59.959 -47.768
v -45.048 -58.254 -47.830
v -40.531 -65.370 -48.265
v -41.184 -65.560 -43.151
v -40.795 -62.128 -52.665
v -42.595 -60.159 -48.960
v -41.880 -62.748 -47.727
v -41.442 -60.871 -52.153
v -38.818 -62.580 -51.818
v -42.274 -60.122 -49.940
v -43.584 -59.804 -48.637
v -39.556 -58.254 -53.584
v -37.818 -63.917 -51.698
v -38.736 -63.303 -54.399
v -40.656 -60.579 -51.394
v -40.461 -66.219 -43.826
v -38.793 -67.059 -45.624
v -39.356 -63.752 -53.424
v -38.626 -63.479 -51.394
v -38.477 -62.812 -55.845
v -40.023 -59.475 -54.966
v -39.401 -61.509 -55.114
v -39.023 -60.312 -56.327
v -38.936 -58.254 -55.516
v -40.021 -58.100 -54.989
v -36.147 -68.772 -48.916
v -34.760 -68.857 -49.620
v -38.626 -65.902 -51.239
v -37.763 -66.833 -46.355
v -36.978 -66.312 -54.803
v -39.246 -64.679 -51.705
v -38.164 -64.849 -49.904
v -38.062 -62.412 -56.157
v -37.801 -62.509 -57.765
v -39.835 -59.184 -55.889
v -37.597 -61.549 -59.059
v -37.581 -60.148 -58.696
v -35.217 -69.132 -50.621
v -36.892 -66.288 -53.839
v -37.208 -66.637 -53.071
v -36.460 -67.304 -51.999
v -35.874 -66.340 -50.439
v -37.076 -64.762 -56.519
v -37.076 -64.298 -58.130
v -36.498 -64.003 -59.077
v -36.207 -64.028 -55.110
v -37.499 -62.748 -57.438
v -35.942 -62.903 -58.213
v -36.792 -59.787 -58.035
v -37.956 -58.731 -55.882
v -35.535 -67.521 -55.856
v -35.739 -68.016 -54.183
v -35.187 -68.294 -53.591
v -34.609 -68.343 -49.603
v -36.256 -65.568 -58.552
v -36.889 -65.536 -55.269
v -36.692 -65.798 -56.231
v -34.831 -67.722 -58.753
v -36.963 -64.745 -57.302
v -36.359 -65.053 -57.513
v -35.942 -65.670 -58.507
v -35.206 -66.157 -54.803
v -34.632 -66.117 -61.610
v -33.586 -67.060 -64.208
v -34.073 -66.157 -64.101
v -35.705 -61.403 -60.204
v -35.405 -62.334 -60.076
v -34.783 -62.835 -61.085
v -35.165 -67.706 -58.058
v -33.844 -69.256 -58.512
v -33.884 -69.397 -53.825
v -33.243 -69.876 -62.861
v -35.226 -66.803 -59.536
v -35.721 -66.487 -59.482
v -34.106 -67.818 -62.781
v -33.877 -67.087 -57.747
v -32.899 -65.890 -64.739
v -33.324 -69.518 -61.226
v -32.893 -70.272 -60.691
v -33.459 -70.095 -56.263
v -33.056 -70.650 -56.353
v -32.407 -71.034 -53.272
v -33.400 -67.795 -63.635
v -33.947 -67.736 -63.082
v -33.710 -68.199 -62.704
v -33.557 -68.897 -62.541
v -32.499 -71.115 -54.183
v -33.074 -69.157 -51.993
v -31.982 -70.836 -53.130
v -33.799 -67.739 -53.331
v -33.000 -68.171 -66.270
v -35.552 -64.916 -61.311
v -34.787 -66.144 -61.985
v -32.581 -66.619 -63.957
v -31.808 -70.031 -69.513
v -32.653 -69.652 -65.725
v -32.893 -70.701 -62.086
v -31.961 -70.413 -53.082
v -32.774 -68.687 -68.280
v -32.738 -69.245 -66.424
v -33.107 -69.256 -65.186
v -33.206 -68.424 -64.582
v -31.669 -69.992 -56.468
v -31.473 -70.442 -55.104
v -31.653 -68.171 -66.663
v -32.654 -66.951 -63.714
v -32.558 -65.949 -64.598
v -33.374 -64.696 -63.046
v -31.381 -72.045 -64.255
v -30.356 -73.604 -62.978
v -30.878 -73.285 -60.784
v -31.326 -72.319 -58.913
v -31.498 -72.354 -58.357
v -30.048 -73.751 -59.147
v -30.569 -73.076 -56.664
v -30.578 -71.233 -71.195
v -31.569 -70.796 -66.489
v -32.209 -71.115 -65.030
v -31.653 -70.650 -54.307
v -31.493 -70.703 -54.976
v -29.648 -73.503 -55.737
v -29.369 -72.975 -55.733
v -29.841 -72.287 -55.630
v -31.173 -70.105 -71.977
v -30.251 -70.409 -72.415
v -31.732 -69.792 -69.397
v -31.808 -70.398 -68.439
v -30.112 -69.122 -75.608
v -31.402 -67.997 -73.977
v -30.504 -70.495 -68.130
v -32.738 -67.656 -67.510
v -31.042 -67.667 -73.810
v -31.674 -67.559 -68.329
v -31.343 -67.780 -69.679
v -31.604 -67.628 -67.464
v -29.327 -75.146 -62.119
v -30.022 -74.300 -60.365
v -30.097 -73.365 -65.984
v -29.880 -72.688 -67.243
v -29.592 -72.917 -67.484
v -32.165 -71.424 -61.466
v -29.484 -74.548 -65.341
v -29.727 -73.876 -63.946
v -30.220 -73.850 -62.696
v -29.475 -74.924 -62.703
v -29.542 -74.136 -61.720
v -30.405 -73.381 -60.372
v -30.238 -73.443 -60.974
v -29.484 -74.719 -58.213
v -29.972 -72.363 -69.909
v -30.259 -72.476 -69.214
v -31.033 -71.808 -66.270
v -30.045 -72.757 -67.855
v -30.378 -73.291 -66.263
v -27.413 -75.032 -62.426
v -27.927 -74.864 -62.577
v -29.675 -71.544 -72.837
v -30.063 -70.898 -72.345
v -29.794 -71.468 -70.918
v -31.172 -70.804 -68.285
v -29.657 -71.787 -70.341
v -31.188 -71.579 -67.716
v -30.059 -69.720 -75.413
v -29.582 -70.024 -75.271
v -30.132 -69.900 -74.641
v -29.944 -70.482 -73.737
v -30.259 -70.439 -72.932
v -30.724 -68.126 -75.413
v -30.695 -68.466 -75.758
v -30.469 -68.754 -75.740
v -30.154 -68.939 -76.520
v -29.949 -68.635 -76.373
v -30.328 -68.113 -75.328
v -30.111 -68.891 -75.853
v -29.993 -69.156 -76.357
v -29.132 -75.447 -61.784
v -27.755 -76.019 -62.700
v -27.629 -76.694 -61.157
v -29.375 -74.465 -65.989
v -28.725 -73.948 -66.512
v -28.931 -74.672 -65.280
v -28.656 -74.410 -65.549
v -29.565 -74.679 -63.790
v -28.383 -75.163 -63.504
v -28.796 -75.191 -62.755
v -28.709 -75.608 -61.600
v -29.253 -74.982 -60.369
v -28.554 -74.679 -56.415
v -28.848 -73.045 -69.602
v -29.209 -73.013 -68.535
v -29.019 -73.370 -68.594
v -29.019 -73.130 -68.058
v -29.174 -73.017 -68.905
v -29.639 -72.725 -68.905
v -29.011 -73.204 -69.507
v -28.740 -73.091 -69.363
v -29.780 -73.172 -67.232
v -29.807 -73.232 -66.584
v -29.301 -73.696 -67.489
v -29.150 -72.923 -67.364
v -29.329 -73.439 -67.675
v -29.086 -73.526 -67.510
v -29.335 -73.418 -66.630
v -29.174 -74.005 -66.579
v -29.072 -73.372 -66.651
v -28.239 -74.064 -56.605
v -29.042 -71.821 -71.715
v -29.484 -71.703 -70.763
v -29.184 -71.579 -70.763
v -29.019 -71.927 -71.383
v -29.507 -72.535 -69.378
v -29.210 -71.764 -70.212
v -29.196 -72.457 -69.432
v -29.042 -72.354 -69.059
v -29.040 -72.692 -68.475
v -29.093 -72.664 -67.819
v -28.618 -73.228 -68.544
v -29.077 -73.215 -66.632
v -29.161 -70.729 -74.088
v -28.935 -70.584 -73.910
v -29.382 -70.243 -73.228
v -29.555 -71.725 -72.626
v -29.315 -71.604 -72.595
v -29.471 -71.515 -72.870
v -29.763 -71.414 -71.746
v -29.629 -70.650 -72.778
v -29.131 -71.093 -72.909
v -29.526 -71.069 -72.472
v -29.299 -70.486 -72.855
v -28.913 -70.858 -72.924
v -29.361 -70.699 -72.047
v -29.174 -70.804 -73.077
v -29.334 -71.173 -71.412
v -28.795 -71.743 -71.478
v -29.567 -70.134 -75.686
v -29.329 -69.876 -75.773
v -29.776 -69.450 -75.814
v -29.444 -69.256 -75.258
v -29.071 -69.876 -75.258
v -29.308 -69.976 -73.918
v -29.354 -70.146 -74.208
v -29.870 -69.041 -76.547
v -29.781 -68.743 -75.966
v -29.765 -68.893 -75.686
v -27.742 -76.694 -60.691
v -27.384 -77.411 -60.601
v -28.244 -75.475 -62.861
v -27.774 -75.979 -61.950
v -28.399 -75.888 -61.157
v -27.515 -75.608 -62.861
v -27.470 -75.919 -62.428
v -27.594 -75.737 -61.689
v -28.059 -74.523 -61.157
v -27.934 -76.584 -59.142
v -27.472 -76.848 -59.762
v -27.779 -75.289 -59.916
v -26.850 -77.124 -58.367
v -27.960 -75.576 -56.707
v -28.291 -74.968 -65.161
v -28.864 -74.864 -64.875
v -28.528 -74.909 -65.416
v -28.480 -74.214 -65.341
v -28.129 -74.532 -65.266
v -28.395 -74.779 -64.700
v -28.333 -74.368 -64.721
v -27.937 -75.307 -63.061
v -27.160 -75.565 -57.747
v -26.190 -76.231 -57.292
v -27.193 -75.454 -56.818
v -28.812 -73.582 -66.808
v -27.027 -76.919 -61.131
v -27.063 -76.679 -61.561
v -27.096 -77.546 -60.315
v -26.909 -76.848 -60.382
v -27.068 -76.894 -58.843
v -26.456 -77.003 -58.522
v -26.606 -76.378 -57.737
v -26.729 -76.848 -56.973
v -26.317 -77.080 -57.528
v -26.048 -76.722 -57.505
v -26.851 -76.778 -57.747
v -26.385 -76.694 -56.715
v -27.440 -76.129 -61.394
v -26.067 -76.547 -56.942
v -26.042 -77.146 -57.143
v -51.236 -59.572 -28.152
v -54.941 -53.872 -30.082
v -54.992 -53.253 -26.667
v 49.856 -65.530 -28.985
v 48.561 -67.459 -30.563
v 49.221 -66.459 -28.829
v 50.396 -63.956 -27.617
v 48.208 -65.422 -25.265
v 49.913 -64.600 -28.829
v 48.495 -65.420 -28.710
v 49.830 -62.371 -24.400
v 50.104 -62.111 -26.319
v 50.223 -61.599 -25.110
v 50.004 -62.097 -25.105
v 49.877 -62.358 -24.694
v 49.897 -62.139 -24.539
v 49.781 -62.286 -24.793
v 48.059 -68.009 -30.534
v 47.955 -67.938 -29.405
v 47.898 -66.439 -30.689
v 48.518 -66.615 -30.802
v 47.433 -65.875 -27.745
v 47.845 -64.602 -23.705
v 47.898 -64.234 -23.561
v 47.234 -68.193 -32.064
v 46.814 -68.883 -30.689
v 46.831 -67.428 -32.097
v 45.729 -68.319 -33.250
v 47.413 -66.967 -30.409
v 47.251 -66.459 -29.603
v 45.968 -67.796 -31.750
v 47.273 -67.436 -27.730
v 45.729 -67.593 -29.603
v 45.419 -68.075 -27.125
v 46.368 -65.814 -25.097
v 46.937 -65.334 -24.505
v 42.320 -70.023 -35.223
v 43.095 -69.354 -33.942
v 43.869 -70.312 -30.998
v 43.250 -70.050 -29.294
v 42.207 -69.601 -31.242
v 45.264 -67.544 -27.599
v 45.419 -67.389 -28.633
v 43.346 -69.009 -29.161
v 44.603 -67.588 -26.901
v 44.025 -68.639 -27.434
v 42.521 -70.518 -35.260
v 42.854 -71.229 -33.942
v 43.715 -68.823 -31.464
v 40.918 -70.799 -29.799
v 41.693 -70.448 -33.641
v 39.836 -71.047 -34.989
v 41.174 -70.546 -32.626
v 40.476 -72.038 -32.238
v 42.010 -69.536 -29.001
v 38.911 -72.939 -33.787
v 41.073 -71.510 -30.761
v 40.321 -70.556 -30.161
v 40.853 -70.597 -29.714
v 39.072 -71.207 -36.770
v 37.207 -72.347 -34.418
v 37.769 -72.939 -36.788
v 38.834 -71.804 -36.978
v 37.827 -71.742 -32.084
v 38.232 -71.657 -31.289
v 36.081 -73.408 -37.516
v 35.347 -74.234 -33.787
v 34.889 -73.122 -34.098
v 37.827 -72.193 -31.361
v 37.855 -71.507 -36.731
v 35.321 -72.883 -32.599
v 34.805 -74.313 -34.842
v 37.173 -72.837 -31.713
v 34.530 -73.160 -33.136
v 35.058 -73.510 -32.464
v 37.052 -71.827 -37.197
v 34.258 -72.884 -37.899
v 32.713 -74.700 -37.351
v 34.263 -74.433 -33.167
v 33.991 -72.625 -37.660
v 31.167 -74.051 -38.437
v 31.974 -75.291 -36.111
v 28.065 -75.082 -36.111
v 30.725 -75.415 -35.480
v 32.558 -74.789 -33.322
v 27.374 -75.505 -37.022
v 28.039 -75.438 -35.496
v 30.666 -75.203 -37.946
v 30.812 -74.070 -37.089
v 30.854 -75.154 -37.197
v 29.994 -75.883 -36.032
v 26.757 -77.336 -34.027
v 27.658 -75.183 -38.465
v 29.580 -74.041 -38.407
v 28.988 -74.661 -38.869
v 27.755 -76.653 -37.506
v 27.290 -76.531 -39.107
v 31.164 -73.502 -38.281
v 26.745 -76.112 -39.361
v 28.684 -74.689 -37.662
v 27.672 -76.440 -38.188
v 26.411 -75.469 -37.959
v 25.121 -78.024 -40.125
v 27.308 -75.512 -38.272
v 26.548 -75.757 -36.422
v 25.607 -76.488 -36.325
v 23.706 -79.476 -37.971
v 24.966 -78.348 -35.648
v 23.881 -79.102 -40.295
v 25.121 -77.306 -39.976
v 26.038 -76.265 -33.389
v 32.713 -74.051 -32.972
v 25.895 -77.314 -33.322
v 24.488 -77.530 -39.943
v 23.881 -77.951 -39.986
v 24.881 -76.545 -38.510
v 24.912 -76.789 -38.169
v 25.430 -76.771 -38.900
v 23.617 -78.905 -41.219
v 21.867 -80.489 -35.802
v 23.445 -78.331 -41.033
v 24.899 -76.549 -38.640
v 23.822 -77.509 -39.477
v 24.284 -77.124 -38.733
v 24.898 -76.911 -33.671
v 24.501 -77.461 -33.509
v 22.522 -79.829 -42.236
v 22.420 -79.809 -34.809
v 22.022 -79.630 -42.982
v 23.554 -78.576 -41.226
v 21.247 -79.703 -42.930
v 21.998 -79.159 -36.232
v 22.331 -79.166 -34.459
v 22.451 -78.451 -40.445
v 21.193 -80.514 -44.518
v 20.937 -81.007 -41.381
v 21.490 -79.157 -41.425
v 20.479 -79.942 -39.565
v 21.980 -79.070 -34.770
v 20.380 -81.733 -46.600
v 20.007 -81.451 -46.958
v 20.937 -81.179 -43.890
v 20.007 -80.641 -45.099
v 19.385 -81.979 -38.414
v 20.627 -80.870 -36.247
v 19.799 -80.931 -36.685
v 18.070 -82.160 -46.338
v 19.633 -80.562 -37.915
v 19.342 -83.889 -51.622
v 19.697 -82.787 -48.352
v 18.930 -83.755 -52.495
v 19.665 -82.575 -49.438
v 19.087 -82.811 -50.846
v 20.162 -80.421 -38.126
v 16.680 -82.269 -42.019
v 19.200 -80.966 -37.547
v 18.826 -84.465 -53.471
v 18.404 -84.868 -53.468
v 18.816 -84.174 -51.967
v 18.879 -84.224 -53.396
v 17.824 -84.810 -54.199
v 18.148 -84.376 -53.622
v 17.745 -85.187 -53.920
v 19.024 -84.123 -51.509
v 19.084 -83.912 -52.145
v 17.993 -84.030 -50.058
v 16.598 -84.454 -49.747
v 15.669 -84.532 -48.198
v 18.458 -82.451 -42.619
v 16.598 -83.033 -42.464
v 17.301 -82.525 -40.553
v 17.838 -81.579 -40.915
v 17.574 -81.646 -39.866
v 17.387 -84.844 -54.065
v 16.899 -84.379 -53.666
v 17.148 -85.104 -53.609
v 16.452 -85.260 -53.401
v 16.693 -85.274 -53.144
v 16.641 -85.054 -51.762
v 15.991 -85.458 -51.715
v 17.316 -83.827 -52.122
v 16.443 -84.315 -53.156
v 16.438 -83.821 -50.640
v 17.375 -82.463 -45.992
v 17.376 -81.954 -44.037
v 18.009 -81.593 -41.692
v 15.684 -83.659 -47.578
v 16.929 -81.924 -42.143
v 15.921 -82.493 -43.885
v 17.032 -82.149 -40.517
v 16.104 -82.938 -42.848
v 16.234 -85.776 -52.927
v 15.886 -85.862 -52.984
v 15.270 -85.500 -52.631
v 15.348 -85.596 -52.521
v 15.530 -85.500 -51.829
v 15.824 -85.364 -53.198
v 15.468 -84.939 -52.639
v 14.581 -86.138 -51.762
v 15.049 -84.743 -52.071
v 13.341 -85.467 -49.366
v 15.856 -83.194 -43.550
v 15.824 -82.846 -43.705
v 16.128 -82.887 -43.290
v 15.768 -83.471 -44.322
v 13.682 -84.664 -49.978
v 16.220 -82.373 -43.157
v 14.274 -85.827 -52.217
v 14.495 -85.015 -51.898
v 13.066 -85.317 -51.306
v 14.958 -83.264 -44.871
v 13.809 -84.434 -47.423
v 13.809 -86.138 -52.114
v 13.472 -85.941 -52.058
v 13.529 -86.215 -51.630
v 13.206 -86.050 -51.499
v 13.344 -85.674 -51.751
v 12.789 -85.808 -51.384
v 13.240 -84.992 -49.790
v 12.855 -85.528 -50.392
v 12.846 -86.166 -50.843
v -49.752 -65.530 -28.985
v -48.457 -67.459 -30.563
v -49.117 -66.459 -28.829
v -50.292 -63.956 -27.617
v -48.104 -65.422 -25.265
v -49.809 -64.600 -28.829
v -48.391 -65.420 -28.710
v -49.726 -62.371 -24.400
v -50.000 -62.111 -26.319
v -50.119 -61.599 -25.110
v -49.900 -62.097 -25.105
v -49.773 -62.358 -24.694
v -49.793 -62.139 -24.539
v -49.677 -62.286 -24.793
v -47.955 -68.009 -30.534
v -47.851 -67.938 -29.405
v -47.794 -66.439 -30.689
v -48.414 -66.615 -30.802
v -47.329 -65.875 -27.745
v -47.741 -64.602 -23.705
v -47.794 -64.234 -23.561
v -47.130 -68.193 -32.064
v -46.710 -68.883 -30.689
v -46.727 -67.428 -32.097
v -45.625 -68.319 -33.250
v -47.309 -66.967 -30.409
v -47.147 -66.459 -29.603
v -45.864 -67.796 -31.750
v -47.169 -67.436 -27.730
v -45.625 -67.593 -29.603
v -45.315 -68.075 -27.125
v -46.264 -65.814 -25.097
v -46.833 -65.334 -24.505
v -42.216 -70.023 -35.223
v -42.991 -69.354 -33.942
v -43.766 -70.312 -30.998
v -43.146 -70.050 -29.294
v -42.103 -69.601 -31.242
v -45.160 -67.544 -27.599
v -45.315 -67.389 -28.633
v -43.242 -69.009 -29.161
v -44.499 -67.588 -26.901
v -43.921 -68.639 -27.434
v -42.417 -70.518 -35.260
v -42.750 -71.229 -33.942
v -43.611 -68.823 -31.464
v -40.814 -70.799 -29.799
v -41.589 -70.448 -33.641
v -39.732 -71.047 -34.989
v -41.070 -70.546 -32.626
v -40.372 -72.038 -32.238
v -41.906 -69.536 -29.001
v -38.807 -72.939 -33.787
v -40.969 -71.510 -30.761
v -40.217 -70.556 -30.161
v -40.749 -70.597 -29.714
v -38.968 -71.207 -36.770
v -37.103 -72.347 -34.418
v -37.665 -72.939 -36.788
v -38.730 -71.804 -36.978
v -37.723 -71.742 -32.084
v -38.128 -71.657 -31.289
v -35.977 -73.408 -37.516
v -35.243 -74.234 -33.787
v -34.785 -73.122 -34.098
v -37.723 -72.193 -31.361
v -37.751 -71.507 -36.731
v -35.217 -72.883 -32.599
v -34.701 -74.313 -34.842
v -37.069 -72.837 -31.713
v -34.426 -73.160 -33.136
v -34.954 -73.510 -32.464
v -36.948 -71.827 -37.197
v -34.154 -72.884 -37.899
v -32.609 -74.700 -37.351
v -34.159 -74.433 -33.167
v -33.887 -72.625 -37.660
v -31.063 -74.051 -38.437
v -31.870 -75.291 -36.111
v -27.961 -75.082 -36.111
v -30.621 -75.415 -35.480
v -32.454 -74.789 -33.322
v -27.270 -75.505 -37.022
v -27.935 -75.438 -35.496
v -30.562 -75.203 -37.946
v -30.708 -74.070 -37.089
v -30.750 -75.154 -37.197
v -29.890 -75.883 -36.032
v -26.653 -77.336 -34.027
v -27.554 -75.183 -38.465
v -29.476 -74.041 -38.407
v -28.884 -74.661 -38.869
v -27.651 -76.653 -37.506
v -27.186 -76.531 -39.107
v -31.060 -73.502 -38.281
v -26.641 -76.112 -39.361
v -28.581 -74.689 -37.662
v -27.568 -76.440 -38.188
v -26.307 -75.469 -37.959
v -25.017 -78.024 -40.125
v -27.204 -75.512 -38.272
v -26.444 -75.757 -36.422
v -25.503 -76.488 -36.325
v -23.602 -79.476 -37.971
v -24.862 -78.348 -35.648
v -23.777 -79.102 -40.295
v -25.017 -77.306 -39.976
v -25.934 -76.265 -33.389
v -32.609 -74.051 -32.972
v -25.791 -77.314 -33.322
v -24.384 -77.530 -39.943
v -23.777 -77.951 -39.986
v -24.777 -76.545 -38.510
v -24.808 -76.789 -38.169
v -25.326 -76.771 -38.900
v -23.513 -78.905 -41.219
v -21.763 -80.489 -35.802
v -23.341 -78.331 -41.033
v -24.795 -76.549 -38.640
v -23.718 -77.509 -39.477
v -24.180 -77.124 -38.733
v -24.794 -76.911 -33.671
v -24.397 -77.461 -33.509
v -22.418 -79.829 -42.236
v -22.316 -79.809 -34.809
v -21.918 -79.630 -42.982
v -23.450 -78.576 -41.226
v -21.143 -79.703 -42.930
v -21.894 -79.159 -36.232
v -22.227 -79.166 -34.459
v -22.347 -78.451 -40.445
v -21.089 -80.514 -44.518
v -20.833 -81.007 -41.381
v -21.386 -79.157 -41.425
v -20.375 -79.942 -39.565
v -21.876 -79.070 -34.770
v -20.276 -81.733 -46.600
v -19.903 -81.451 -46.958
v -20.833 -81.179 -43.890
v -19.903 -80.641 -45.099
v -19.281 -81.979 -38.414
v -20.523 -80.870 -36.247
v -19.695 -80.931 -36.685
v -17.966 -82.160 -46.338
v -19.529 -80.562 -37.915
v -19.238 -83.889 -51.622
v -19.593 -82.787 -48.352
v -18.826 -83.755 -52.495
v -19.561 -82.575 -49.438
v -18.983 -82.811 -50.846
v -20.058 -80.421 -38.126
v -16.576 -82.269 -42.019
v -19.096 -80.966 -37.547
v -18.722 -84.465 -53.471
v -18.300 -84.868 -53.468
v -18.712 -84.174 -51.967
v -18.775 -84.224 -53.396
v -17.720 -84.810 -54.199
v -18.044 -84.376 -53.622
v -17.641 -85.187 -53.920
v -18.920 -84.123 -51.509
v -18.980 -83.912 -52.145
v -17.889 -84.030 -50.058
v -16.494 -84.454 -49.747
v -15.565 -84.532 -48.198
v -18.354 -82.451 -42.619
v -16.494 -83.033 -42.464
v -17.197 -82.525 -40.553
v -17.734 -81.579 -40.915
v -17.470 -81.646 -39.866
v -17.283 -84.844 -54.065
v -16.795 -84.379 -53.666
v -17.044 -85.104 -53.609
v -16.348 -85.260 -53.401
v -16.589 -85.274 -53.144
v -16.537 -85.054 -51.762
v -15.887 -85.458 -51.715
v -17.212 -83.827 -52.122
v -16.339 -84.315 -53.156
v -16.334 -83.821 -50.640
v -17.271 -82.463 -45.992
v -17.272 -81.954 -44.037
v -17.905 -81.593 -41.692
v -15.580 -83.659 -47.578
v -16.825 -81.924 -42.143
v -15.817 -82.493 -43.885
v -16.928 -82.149 -40.517
v -16.000 -82.938 -42.848
v -16.130 -85.776 -52.927
v -15.782 -85.862 -52.984
v -15.166 -85.500 -52.631
v -15.244 -85.596 -52.521
v -15.426 -85.500 -51.829
v -15.720 -85.364 -53.198
v -15.364 -84.939 -52.639
v -14.477 -86.138 -51.762
v -14.945 -84.743 -52.071
v -13.237 -85.467 -49.366
v -15.752 -83.194 -43.550
v -15.720 -82.846 -43.705
v -16.024 -82.887 -43.290
v -15.664 -83.471 -44.322
v -13.578 -84.664 -49.978
v -16.116 -82.373 -43.157
v -14.170 -85.827 -52.217
v -14.391 -85.015 -51.898
v -12.963 -85.317 -51.306
v -14.854 -83.264 -44.871
v -13.705 -84.434 -47.423
v -13.705 -86.138 -52.114
v -13.368 -85.941 -52.058
v -13.425 -86.215 -51.630
v -13.102 -86.050 -51.499
v -13.240 -85.674 -51.751
v -12.685 -85.808 -51.384
v -13.136 -84.992 -49.790
v -12.751 -85.528 -50.392
v -12.742 -86.166 -50.843
f 2 3 4
f 2 5 3
f 5 6 3
f 3 6 9
f 10 7 8
f 9 11 12
f 6 13 9
f 9 13 11
f 16 17 18
f 19 16 20
f 19 21 16
f 19 23 22
f 23 19 20
f 24 25 26
f 14 15 25
f 17 14 18
f 28 15 14
f 14 17 28
f 16 21 17
f 1 17 21
f 19 29 21
f 19 22 29
f 22 23 30
f 23 31 30
f 25 32 26
f 15 33 25
f 15 28 34
f 4 17 1
f 4 28 17
f 21 29 1
f 30 31 35
f 22 30 35
f 36 37 31
f 26 38 39
f 26 39 24
f 26 40 38
f 26 32 40
f 32 33 40
f 25 33 32
f 34 33 15
f 4 1 2
f 5 2 1
f 41 28 4
f 28 41 34
f 29 42 1
f 22 43 29
f 35 43 22
f 36 44 37
f 45 31 37
f 46 49 47
f 38 48 49
f 40 50 51
f 50 40 33
f 52 12 50
f 33 34 52
f 33 52 50
f 34 9 52
f 3 41 4
f 34 41 9
f 9 41 3
f 1 42 5
f 42 29 43
f 43 35 45
f 31 45 35
f 37 44 45
f 55 54 56
f 47 10 56
f 46 47 56
f 10 47 57
f 49 57 47
f 40 51 48
f 40 48 38
f 57 48 51
f 48 57 49
f 51 12 7
f 12 51 50
f 52 9 12
f 5 42 6
f 58 45 44
f 59 44 53
f 58 44 59
f 56 10 60
f 61 56 60
f 61 55 56
f 57 51 10
f 10 51 7
f 43 45 62
f 45 63 62
f 64 63 45
f 45 58 64
f 65 55 66
f 60 10 67
f 7 12 68
f 8 7 68
f 42 43 69
f 6 42 69
f 43 62 69
f 62 70 69
f 71 70 62
f 66 55 72
f 66 72 74
f 55 61 75
f 60 76 61
f 8 67 10
f 67 76 60
f 11 68 12
f 62 63 71
f 66 74 73
f 73 74 80
f 55 75 82
f 83 74 72
f 76 84 61
f 75 61 84
f 67 8 85
f 68 11 86
f 11 13 87
f 13 6 87
f 6 88 87
f 69 88 6
f 89 87 88
f 90 88 69
f 69 70 90
f 70 71 90
f 71 63 91
f 91 90 71
f 74 81 80
f 80 81 92
f 74 83 81
f 55 82 72
f 72 82 83
f 82 75 93
f 84 76 94
f 94 76 67
f 67 85 94
f 95 85 8
f 86 11 96
f 86 97 68
f 97 86 96
f 96 11 87
f 89 88 98
f 88 90 98
f 83 99 81
f 81 99 100
f 83 82 99
f 82 93 99
f 93 101 99
f 102 84 94
f 103 75 84
f 75 103 93
f 93 103 104
f 85 105 94
f 8 97 95
f 95 105 85
f 97 8 68
f 101 93 104
f 102 94 105
f 102 103 84
f 103 102 104
f 102 106 104
f 102 105 106
f 95 106 105
f 96 108 97
f 96 109 108
f 96 87 109
f 89 109 87
f 104 107 101
f 106 107 104
f 110 107 106
f 95 97 111
f 112 113 23
f 20 114 119
f 113 115 23
f 116 117 18
f 118 23 119
f 119 114 118
f 120 31 23
f 120 23 115
f 120 121 36
f 112 23 118
f 18 14 116
f 116 14 27
f 20 16 124
f 18 124 16
f 23 20 119
f 36 31 120
f 36 121 125
f 121 126 125
f 126 121 127
f 122 27 24
f 25 24 27
f 27 14 25
f 128 129 130
f 131 130 132
f 39 122 24
f 134 122 206
f 122 39 206
f 53 36 125
f 130 131 128
f 135 131 132
f 54 136 133
f 136 138 139
f 133 46 54
f 49 46 133
f 38 206 39
f 44 36 53
f 53 125 126
f 53 126 128
f 136 137 138
f 49 206 38
f 140 131 135
f 144 143 142
f 141 144 142
f 145 141 138
f 46 56 54
f 128 131 53
f 140 146 131
f 143 147 142
f 141 65 144
f 145 138 148
f 138 137 148
f 65 145 148
f 141 145 65
f 54 137 136
f 54 55 137
f 131 146 53
f 149 150 151
f 151 152 149
f 143 77 78
f 147 143 152
f 144 153 77
f 144 65 153
f 144 77 143
f 73 153 65
f 55 65 137
f 137 65 148
f 53 146 59
f 146 140 154
f 149 155 156
f 152 157 149
f 143 78 158
f 143 158 152
f 153 79 77
f 152 158 157
f 149 157 155
f 77 79 78
f 158 78 157
f 153 73 79
f 65 66 73
f 58 59 64
f 59 159 64
f 59 154 159
f 154 59 146
f 160 155 157
f 78 161 157
f 157 161 162
f 92 79 73
f 73 80 92
f 78 79 161
f 79 92 161
f 92 100 161
f 92 81 100
f 159 91 64
f 64 91 63
f 162 161 100
f 98 90 91
f 98 91 163
f 162 100 164
f 100 99 101
f 100 101 165
f 89 98 166
f 166 98 163
f 163 167 166
f 164 165 168
f 100 165 164
f 169 168 165
f 169 170 168
f 107 110 101
f 165 101 110
f 165 110 169
f 169 110 171
f 110 106 171
f 95 111 106
f 111 97 172
f 172 97 108
f 172 173 111
f 174 108 109
f 109 89 175
f 174 109 176
f 109 175 176
f 167 176 175
f 175 166 167
f 89 166 175
f 177 169 171
f 106 111 171
f 171 111 178
f 171 178 177
f 172 108 173
f 179 180 181
f 182 112 183
f 184 115 185
f 184 185 186
f 115 184 179
f 181 188 121
f 181 189 179
f 181 180 188
f 190 191 114
f 183 192 118
f 193 183 118
f 114 193 118
f 112 192 183
f 187 185 115
f 112 187 113
f 113 187 115
f 187 186 185
f 120 115 179
f 121 189 181
f 120 179 189
f 188 127 121
f 188 180 194
f 127 194 195
f 194 127 188
f 196 124 197
f 196 190 124
f 124 190 20
f 20 190 114
f 189 121 120
f 127 195 129
f 195 198 129
f 197 124 18
f 116 199 117
f 197 18 117
f 197 117 199
f 192 112 118
f 198 306 298
f 129 126 127
f 129 198 130
f 200 205 204
f 27 122 123
f 128 126 129
f 201 198 298
f 201 130 198
f 202 203 133
f 203 202 204
f 203 204 49
f 206 49 204
f 205 134 206
f 206 204 205
f 207 208 209
f 208 207 210
f 211 212 213
f 201 298 214
f 215 139 216
f 216 217 215
f 133 218 202
f 218 139 215
f 203 49 133
f 219 220 221
f 219 222 220
f 223 208 213
f 223 213 212
f 132 130 201
f 132 201 214
f 225 224 226
f 216 139 138
f 218 136 139
f 218 133 136
f 227 220 222
f 210 207 221
f 331 226 228
f 224 216 141
f 216 138 141
f 220 227 229
f 210 221 220
f 230 210 220
f 210 230 208
f 132 214 231
f 231 135 132
f 151 232 233
f 233 234 151
f 226 238 228
f 224 141 142
f 227 222 235
f 236 220 229
f 208 230 213
f 150 232 151
f 224 142 226
f 226 142 147
f 147 238 226
f 228 238 234
f 239 235 222
f 220 236 230
f 213 230 240
f 241 213 242
f 244 232 150
f 244 150 245
f 234 238 151
f 238 147 151
f 151 147 152
f 247 239 222
f 227 235 248
f 229 227 248
f 229 249 236
f 229 248 249
f 230 236 249
f 230 250 240
f 230 249 250
f 241 251 243
f 135 254 140
f 231 254 135
f 150 156 245
f 246 245 156
f 149 156 150
f 249 252 250
f 249 248 252
f 250 252 240
f 213 240 253
f 242 213 253
f 237 243 251
f 237 251 254
f 231 237 254
f 253 255 242
f 241 242 251
f 251 242 257
f 254 256 258
f 140 254 258
f 254 251 256
f 156 155 160
f 248 259 252
f 251 257 256
f 156 160 260
f 235 239 262
f 235 262 263
f 263 262 264
f 235 263 265
f 248 235 265
f 248 265 259
f 240 252 266
f 253 267 255
f 257 337 256
f 258 154 140
f 268 269 270
f 247 270 271
f 268 270 247
f 271 239 247
f 262 239 264
f 265 263 259
f 259 263 264
f 252 272 266
f 273 272 252
f 272 273 274
f 275 267 253
f 256 276 258
f 160 157 162
f 160 162 277
f 260 160 277
f 269 260 277
f 271 277 168
f 270 269 271
f 269 277 271
f 271 264 239
f 259 264 252
f 272 274 266
f 253 240 266
f 253 266 275
f 154 278 159
f 154 258 278
f 258 282 278
f 277 162 168
f 162 164 168
f 271 170 264
f 252 264 273
f 274 273 264
f 266 274 275
f 274 264 279
f 91 280 163
f 280 281 163
f 159 280 91
f 278 280 159
f 280 278 282
f 271 168 170
f 283 170 169
f 264 170 279
f 274 279 275
f 167 163 281
f 283 169 177
f 283 279 170
f 283 177 178
f 279 283 284
f 178 284 283
f 178 111 173
f 178 173 284
f 284 285 279
f 286 173 108
f 284 173 285
f 108 174 176
f 167 286 176
f 285 173 286
f 285 286 287
f 108 176 286
f 289 186 288
f 186 193 288
f 289 184 186
f 179 289 180
f 179 184 289
f 289 291 292
f 289 288 291
f 293 180 289
f 293 289 292
f 194 180 293
f 194 293 294
f 294 295 194
f 295 294 296
f 294 293 292
f 294 292 297
f 298 296 299
f 300 301 302
f 302 301 303
f 304 199 303
f 303 193 304
f 196 304 193
f 196 193 190
f 193 182 183
f 112 182 187
f 182 186 187
f 186 182 193
f 195 194 295
f 295 306 195
f 295 296 306
f 296 298 306
f 302 305 300
f 302 116 305
f 305 116 27
f 116 302 199
f 302 303 199
f 304 197 199
f 304 196 197
f 190 193 191
f 114 191 193
f 198 195 306
f 307 123 122
f 305 27 300
f 308 211 309
f 311 307 122
f 27 123 300
f 207 209 312
f 211 308 313
f 213 309 211
f 315 213 314
f 309 315 316
f 310 363 318
f 298 310 318
f 319 200 202
f 205 200 311
f 311 122 134
f 219 207 320
f 313 312 212
f 321 318 363
f 215 322 323
f 323 319 202
f 204 202 200
f 311 134 205
f 212 209 223
f 312 209 212
f 211 313 212
f 324 316 315
f 324 321 316
f 315 317 324
f 298 318 214
f 215 217 322
f 218 323 202
f 215 323 218
f 325 219 326
f 222 219 325
f 219 221 207
f 209 208 223
f 217 224 225
f 224 217 216
f 317 330 324
f 317 314 330
f 233 232 327
f 234 328 228
f 328 234 233
f 329 225 226
f 331 329 226
f 228 328 331
f 213 330 314
f 321 324 237
f 318 237 231
f 237 318 321
f 214 318 231
f 325 332 247
f 325 247 222
f 241 324 330
f 324 243 237
f 241 330 213
f 243 324 241
f 245 246 244
f 333 334 246
f 333 246 156
f 333 336 335
f 333 156 260
f 261 333 260
f 333 261 336
f 336 268 247
f 336 269 268
f 257 242 255
f 269 261 260
f 336 261 269
f 337 276 256
f 257 255 337
f 337 338 276
f 337 341 338
f 258 276 282
f 339 255 267
f 275 339 267
f 282 281 280
f 341 337 255
f 276 338 282
f 338 281 282
f 384 340 281
f 281 338 341
f 275 279 342
f 275 342 339
f 340 167 281
f 167 340 286
f 340 287 286
f 384 386 340
f 285 287 342
f 285 342 279
f 287 340 386
f 299 297 345
f 290 354 344
f 291 288 343
f 290 343 288
f 290 344 343
f 308 360 344
f 291 343 344
f 291 345 292
f 299 294 297
f 296 294 299
f 345 297 292
f 299 345 298
f 301 300 346
f 347 301 346
f 349 301 347
f 349 348 301
f 301 350 303
f 348 350 301
f 303 350 193
f 350 351 352
f 290 288 350
f 350 354 290
f 354 350 352
f 353 313 354
f 353 312 313
f 350 288 193
f 298 345 310
f 123 346 300
f 346 355 347
f 356 357 312
f 344 354 313
f 344 313 308
f 360 308 309
f 307 346 123
f 219 320 359
f 357 320 207
f 312 357 207
f 309 316 360
f 360 363 345
f 345 363 310
f 319 361 358
f 362 307 358
f 200 358 311
f 358 307 311
f 315 309 213
f 316 363 360
f 363 316 321
f 317 315 314
f 358 200 319
f 364 326 219
f 219 359 364
f 366 217 225
f 365 322 217
f 323 322 365
f 367 366 225
f 368 233 369
f 233 370 328
f 327 369 233
f 367 329 331
f 225 329 367
f 331 328 370
f 332 325 371
f 327 232 244
f 372 327 244
f 372 369 327
f 402 369 372
f 373 374 372
f 373 372 244
f 246 373 244
f 374 373 375
f 376 377 247
f 378 247 379
f 247 332 379
f 373 246 334
f 334 375 373
f 334 335 375
f 334 333 335
f 377 336 247
f 377 335 336
f 384 281 341
f 255 339 380
f 255 380 383
f 382 342 381
f 342 287 381
f 381 287 386
f 339 342 382
f 380 339 382
f 380 381 383
f 380 382 381
f 255 384 341
f 384 255 383
f 383 385 384
f 381 386 383
f 344 360 291
f 345 291 360
f 387 348 349
f 387 388 348
f 348 351 350
f 320 351 348
f 348 388 320
f 351 357 356
f 351 356 389
f 352 351 389
f 354 352 353
f 312 353 352
f 352 389 312
f 390 391 387
f 387 391 388
f 391 390 359
f 391 359 388
f 388 359 320
f 356 312 389
f 351 320 357
f 307 362 346
f 364 359 390
f 358 361 362
f 390 326 364
f 390 406 326
f 323 365 319
f 365 361 319
f 366 393 365
f 393 366 367
f 217 366 365
f 392 325 326
f 325 392 371
f 371 392 394
f 368 370 233
f 395 367 331
f 331 370 396
f 370 368 396
f 369 402 396
f 396 368 369
f 399 376 398
f 398 376 400
f 400 376 401
f 379 371 397
f 378 379 397
f 400 401 378
f 332 371 379
f 402 372 403
f 374 403 372
f 404 403 374
f 405 399 404
f 404 377 405
f 399 405 376
f 401 247 378
f 376 405 377
f 247 401 376
f 374 375 404
f 404 335 377
f 375 335 404
f 347 387 349
f 387 406 390
f 355 346 407
f 347 355 408
f 406 347 408
f 392 406 408
f 406 387 347
f 346 362 409
f 407 346 409
f 406 392 326
f 394 416 410
f 395 393 367
f 394 410 397
f 371 394 397
f 411 412 396
f 411 396 402
f 412 331 396
f 397 400 378
f 402 403 413
f 399 403 404
f 362 361 409
f 415 408 355
f 393 361 365
f 393 409 361
f 394 392 408
f 394 408 416
f 410 400 397
f 419 411 402
f 395 331 412
f 413 419 402
f 399 414 403
f 415 355 407
f 408 415 416
f 417 395 423
f 417 393 395
f 417 409 393
f 407 409 417
f 418 410 416
f 395 412 423
f 423 412 411
f 419 420 411
f 420 419 413
f 413 414 421
f 399 398 414
f 400 422 398
f 398 422 414
f 413 403 414
f 415 418 416
f 407 417 423
f 411 424 423
f 411 420 424
f 420 425 424
f 425 420 426
f 427 400 428
f 410 428 400
f 420 413 421
f 420 421 426
f 427 422 400
f 423 424 429
f 442 430 429
f 432 435 431
f 442 429 424
f 429 432 423
f 432 431 423
f 423 431 407
f 432 434 436
f 436 440 433
f 429 434 432
f 434 440 436
f 407 431 415
f 431 418 415
f 384 385 386
f 435 418 431
f 418 435 410
f 433 410 435
f 432 436 435
f 436 433 435
f 437 425 426
f 424 425 437
f 426 421 414
f 414 441 426
f 441 438 426
f 437 426 438
f 439 427 440
f 422 427 439
f 428 433 440
f 439 441 422
f 441 414 422
f 433 428 410
f 440 427 428
f 442 424 437
f 442 437 438
f 442 438 430
f 429 430 444
f 430 443 444
f 430 438 443
f 443 440 434
f 444 434 429
f 443 434 444
f 443 439 440
f 441 439 443
f 443 438 441
f 385 383 386
f 446 447 448
f 446 449 447
f 449 450 447
f 447 450 453
f 454 451 452
f 453 455 456
f 450 457 453
f 453 457 455
f 460 461 462
f 463 460 464
f 463 465 460
f 463 467 466
f 467 463 464
f 468 469 470
f 458 459 469
f 461 458 462
f 472 459 458
f 458 461 472
f 460 465 461
f 445 461 465
f 463 473 465
f 463 466 473
f 466 467 474
f 467 475 474
f 469 476 470
f 459 477 469
f 459 472 478
f 448 461 445
f 448 472 461
f 465 473 445
f 474 475 479
f 466 474 479
f 480 481 475
f 470 482 483
f 470 483 468
f 470 484 482
f 470 476 484
f 476 477 484
f 469 477 476
f 478 477 459
f 448 445 446
f 449 446 445
f 485 472 448
f 472 485 478
f 473 486 445
f 466 487 473
f 479 487 466
f 480 488 481
f 489 475 481
f 490 493 491
f 482 492 493
f 484 494 495
f 494 484 477
f 496 456 494
f 477 478 496
f 477 496 494
f 478 453 496
f 447 485 448
f 478 485 453
f 453 485 447
f 445 486 449
f 486 473 487
f 487 479 489
f 475 489 479
f 481 488 489
f 499 498 500
f 491 454 500
f 490 491 500
f 454 491 501
f 493 501 491
f 484 495 492
f 484 492 482
f 501 492 495
f 492 501 493
f 495 456 451
f 456 495 494
f 496 453 456
f 449 486 450
f 502 489 488
f 503 488 497
f 502 488 503
f 500 454 504
f 505 500 504
f 505 499 500
f 501 495 454
f 454 495 451
f 487 489 506
f 489 507 506
f 508 507 489
f 489 502 508
f 509 499 510
f 504 454 511
f 451 456 512
f 452 451 512
f 486 487 513
f 450 486 513
f 487 506 513
f 506 514 513
f 515 514 506
f 510 499 516
f 510 516 518
f 499 505 519
f 504 520 505
f 452 511 454
f 511 520 504
f 455 512 456
f 506 507 515
f 510 518 517
f 517 518 524
f 499 519 526
f 527 518 516
f 520 528 505
f 519 505 528
f 511 452 529
f 512 455 530
f 455 457 531
f 457 450 531
f 450 532 531
f 513 532 450
f 533 531 532
f 534 532 513
f 513 514 534
f 514 515 534
f 515 507 535
f 535 534 515
f 518 525 524
f 524 525 536
f 518 527 525
f 499 526 516
f 516 526 527
f 526 519 537
f 528 520 538
f 538 520 511
f 511 529 538
f 539 529 452
f 530 455 540
f 530 541 512
f 541 530 540
f 540 455 531
f 533 532 542
f 532 534 542
f 527 543 525
f 525 543 544
f 527 526 543
f 526 537 543
f 537 545 543
f 546 528 538
f 547 519 528
f 519 547 537
f 537 547 548
f 529 549 538
f 452 541 539
f 539 549 529
f 541 452 512
f 545 537 548
f 546 538 549
f 546 547 528
f 547 546 548
f 546 550 548
f 546 549 550
f 539 550 549
f 540 552 541
f 540 553 552
f 540 531 553
f 533 553 531
f 548 551 545
f 550 551 548
f 554 551 550
f 539 541 555
f 556 557 467
f 464 558 563
f 557 559 467
f 560 561 462
f 562 467 563
f 563 558 562
f 564 475 467
f 564 467 559
f 564 565 480
f 556 467 562
f 462 458 560
f 560 458 471
f 464 460 568
f 462 568 460
f 467 464 563
f 480 475 564
f 480 565 569
f 565 570 569
f 570 565 571
f 566 471 468
f 469 468 471
f 471 458 469
f 572 573 574
f 575 574 576
f 483 566 468
f 578 566 650
f 566 483 650
f 497 480 569
f 574 575 572
f 579 575 576
f 498 580 577
f 580 582 583
f 577 490 498
f 493 490 577
f 482 650 483
f 488 480 497
f 497 569 570
f 497 570 572
f 580 581 582
f 493 650 482
f 584 575 579
f 588 587 586
f 585 588 586
f 589 585 582
f 490 500 498
f 572 575 497
f 584 590 575
f 587 591 586
f 585 509 588
f 589 582 592
f 582 581 592
f 509 589 592
f 585 589 509
f 498 581 580
f 498 499 581
f 575 590 497
f 593 594 595
f 595 596 593
f 587 521 522
f 591 587 596
f 588 597 521
f 588 509 597
f 588 521 587
f 517 597 509
f 499 509 581
f 581 509 592
f 497 590 503
f 590 584 598
f 593 599 600
f 596 601 593
f 587 522 602
f 587 602 596
f 597 523 521
f 596 602 601
f 593 601 599
f 521 523 522
f 602 522 601
f 597 517 523
f 509 510 517
f 502 503 508
f 503 603 508
f 503 598 603
f 598 503 590
f 604 599 601
f 522 605 601
f 601 605 606
f 536 523 517
f 517 524 536
f 522 523 605
f 523 536 605
f 536 544 605
f 536 525 544
f 603 535 508
f 508 535 507
f 606 605 544
f 542 534 535
f 542 535 607
f 606 544 608
f 544 543 545
f 544 545 609
f 533 542 610
f 610 542 607
f 607 611 610
f 608 609 612
f 544 609 608
f 613 612 609
f 613 614 612
f 551 554 545
f 609 545 554
f 609 554 613
f 613 554 615
f 554 550 615
f 539 555 550
f 555 541 616
f 616 541 552
f 616 617 555
f 618 552 553
f 553 533 619
f 618 553 620
f 553 619 620
f 611 620 619
f 619 610 611
f 533 610 619
f 621 613 615
f 550 555 615
f 615 555 622
f 615 622 621
f 616 552 617
f 623 624 625
f 626 556 627
f 628 559 629
f 628 629 630
f 559 628 623
f 625 632 565
f 625 633 623
f 625 624 632
f 634 635 558
f 627 636 562
f 637 627 562
f 558 637 562
f 556 636 627
f 631 629 559
f 556 631 557
f 557 631 559
f 631 630 629
f 564 559 623
f 565 633 625
f 564 623 633
f 632 571 565
f 632 624 638
f 571 638 639
f 638 571 632
f 640 568 641
f 640 634 568
f 568 634 464
f 464 634 558
f 633 565 564
f 571 639 573
f 639 642 573
f 641 568 462
f 560 643 561
f 641 462 561
f 641 561 643
f 636 556 562
f 642 750 742
f 573 570 571
f 573 642 574
f 644 649 648
f 471 566 567
f 572 570 573
f 645 642 742
f 645 574 642
f 646 647 577
f 647 646 648
f 647 648 493
f 650 493 648
f 649 578 650
f 650 648 649
f 651 652 653
f 652 651 654
f 655 656 657
f 645 742 658
f 659 583 660
f 660 661 659
f 577 662 646
f 662 583 659
f 647 493 577
f 663 664 665
f 663 666 664
f 667 652 657
f 667 657 656
f 576 574 645
f 576 645 658
f 669 668 670
f 660 583 582
f 662 580 583
f 662 577 580
f 671 664 666
f 654 651 665
f 775 670 672
f 668 660 585
f 660 582 585
f 664 671 673
f 654 665 664
f 674 654 664
f 654 674 652
f 576 658 675
f 675 579 576
f 595 676 677
f 677 678 595
f 670 682 672
f 668 585 586
f 671 666 679
f 680 664 673
f 652 674 657
f 594 676 595
f 668 586 670
f 670 586 591
f 591 682 670
f 672 682 678
f 683 679 666
f 664 680 674
f 657 674 684
f 685 657 686
f 688 676 594
f 688 594 689
f 678 682 595
f 682 591 595
f 595 591 596
f 691 683 666
f 671 679 692
f 673 671 692
f 673 693 680
f 673 692 693
f 674 680 693
f 674 694 684
f 674 693 694
f 685 695 687
f 579 698 584
f 675 698 579
f 594 600 689
f 690 689 600
f 593 600 594
f 693 696 694
f 693 692 696
f 694 696 684
f 657 684 697
f 686 657 697
f 681 687 695
f 681 695 698
f 675 681 698
f 697 699 686
f 685 686 695
f 695 686 701
f 698 700 702
f 584 698 702
f 698 695 700
f 600 599 604
f 692 703 696
f 695 701 700
f 600 604 704
f 679 683 706
f 679 706 707
f 707 706 708
f 679 707 709
f 692 679 709
f 692 709 703
f 684 696 710
f 697 711 699
f 701 781 700
f 702 598 584
f 712 713 714
f 691 714 715
f 712 714 691
f 715 683 691
f 706 683 708
f 709 707 703
f 703 707 708
f 696 716 710
f 717 716 696
f 716 717 718
f 719 711 697
f 700 720 702
f 604 601 606
f 604 606 721
f 704 604 721
f 713 704 721
f 715 721 612
f 714 713 715
f 713 721 715
f 715 708 683
f 703 708 696
f 716 718 710
f 697 684 710
f 697 710 719
f 598 722 603
f 598 702 722
f 702 726 722
f 721 606 612
f 606 608 612
f 715 614 708
f 696 708 717
f 718 717 708
f 710 718 719
f 718 708 723
f 535 724 607
f 724 725 607
f 603 724 535
f 722 724 603
f 724 722 726
f 715 612 614
f 727 614 613
f 708 614 723
f 718 723 719
f 611 607 725
f 727 613 621
f 727 723 614
f 727 621 622
f 723 727 728
f 622 728 727
f 622 555 617
f 622 617 728
f 728 729 723
f 730 617 552
f 728 617 729
f 552 618 620
f 611 730 620
f 729 617 730
f 729 730 731
f 552 620 730
f 733 630 732
f 630 637 732
f 733 628 630
f 623 733 624
f 623 628 733
f 733 735 736
f 733 732 735
f 737 624 733
f 737 733 736
f 638 624 737
f 638 737 738
f 738 739 638
f 739 738 740
f 738 737 736
f 738 736 741
f 742 740 743
f 744 745 746
f 746 745 747
f 748 643 747
f 747 637 748
f 640 748 637
f 640 637 634
f 637 626 627
f 556 626 631
f 626 630 631
f 630 626 637
f 639 638 739
f 739 750 639
f 739 740 750
f 740 742 750
f 746 749 744
f 746 560 749
f 749 560 471
f 560 746 643
f 746 747 643
f 748 641 643
f 748 640 641
f 634 637 635
f 558 635 637
f 642 639 750
f 751 567 566
f 749 471 744
f 752 655 753
f 755 751 566
f 471 567 744
f 651 653 756
f 655 752 757
f 657 753 655
f 759 657 758
f 753 759 760
f 754 807 762
f 742 754 762
f 763 644 646
f 649 644 755
f 755 566 578
f 663 651 764
f 757 756 656
f 765 762 807
f 659 766 767
f 767 763 646
f 648 646 644
f 755 578 649
f 656 653 667
f 756 653 656
f 655 757 656
f 768 760 759
f 768 765 760
f 759 761 768
f 742 762 658
f 659 661 766
f 662 767 646
f 659 767 662
f 769 663 770
f 666 663 769
f 663 665 651
f 653 652 667
f 661 668 669
f 668 661 660
f 761 774 768
f 761 758 774
f 677 676 771
f 678 772 672
f 772 678 677
f 773 669 670
f 775 773 670
f 672 772 775
f 657 774 758
f 765 768 681
f 762 681 675
f 681 762 765
f 658 762 675
f 769 776 691
f 769 691 666
f 685 768 774
f 768 687 681
f 685 774 657
f 687 768 685
f 689 690 688
f 777 778 690
f 777 690 600
f 777 780 779
f 777 600 704
f 705 777 704
f 777 705 780
f 780 712 691
f 780 713 712
f 701 686 699
f 713 705 704
f 780 705 713
f 781 720 700
f 701 699 781
f 781 782 720
f 781 785 782
f 702 720 726
f 783 699 711
f 719 783 711
f 726 725 724
f 785 781 699
f 720 782 726
f 782 725 726
f 828 784 725
f 725 782 785
f 719 723 786
f 719 786 783
f 784 611 725
f 611 784 730
f 784 731 730
f 828 830 784
f 729 731 786
f 729 786 723
f 731 784 830
f 743 741 789
f 734 798 788
f 735 732 787
f 734 787 732
f 734 788 787
f 752 804 788
f 735 787 788
f 735 789 736
f 743 738 741
f 740 738 743
f 789 741 736
f 743 789 742
f 745 744 790
f 791 745 790
f 793 745 791
f 793 792 745
f 745 794 747
f 792 794 745
f 747 794 637
f 794 795 796
f 734 732 794
f 794 798 734
f 798 794 796
f 797 757 798
f 797 756 757
f 794 732 637
f 742 789 754
f 567 790 744
f 790 799 791
f 800 801 756
f 788 798 757
f 788 757 752
f 804 752 753
f 751 790 567
f 663 764 803
f 801 764 651
f 756 801 651
f 753 760 804
f 804 807 789
f 789 807 754
f 763 805 802
f 806 751 802
f 644 802 755
f 802 751 755
f 759 753 657
f 760 807 804
f 807 760 765
f 761 759 758
f 802 644 763
f 808 770 663
f 663 803 808
f 810 661 669
f 809 766 661
f 767 766 809
f 811 810 669
f 812 677 813
f 677 814 772
f 771 813 677
f 811 773 775
f 669 773 811
f 775 772 814
f 776 769 815
f 771 676 688
f 816 771 688
f 816 813 771
f 846 813 816
f 817 818 816
f 817 816 688
f 690 817 688
f 818 817 819
f 820 821 691
f 822 691 823
f 691 776 823
f 817 690 778
f 778 819 817
f 778 779 819
f 778 777 779
f 821 780 691
f 821 779 780
f 828 725 785
f 699 783 824
f 699 824 827
f 826 786 825
f 786 731 825
f 825 731 830
f 783 786 826
f 824 783 826
f 824 825 827
f 824 826 825
f 699 828 785
f 828 699 827
f 827 829 828
f 825 830 827
f 788 804 735
f 789 735 804
f 831 792 793
f 831 832 792
f 792 795 794
f 764 795 792
f 792 832 764
f 795 801 800
f 795 800 833
f 796 795 833
f 798 796 797
f 756 797 796
f 796 833 756
f 834 835 831
f 831 835 832
f 835 834 803
f 835 803 832
f 832 803 764
f 800 756 833
f 795 764 801
f 751 806 790
f 808 803 834
f 802 805 806
f 834 770 808
f 834 850 770
f 767 809 763
f 809 805 763
f 810 837 809
f 837 810 811
f 661 810 809
f 836 769 770
f 769 836 815
f 815 836 838
f 812 814 677
f 839 811 775
f 775 814 840
f 814 812 840
f 813 846 840
f 840 812 813
f 843 820 842
f 842 820 844
f 844 820 845
f 823 815 841
f 822 823 841
f 844 845 822
f 776 815 823
f 846 816 847
f 818 847 816
f 848 847 818
f 849 843 848
f 848 821 849
f 843 849 820
f 845 691 822
f 820 849 821
f 691 845 820
f 818 819 848
f 848 779 821
f 819 779 848
f 791 831 793
f 831 850 834
f 799 790 851
f 791 799 852
f 850 791 852
f 836 850 852
f 850 831 791
f 790 806 853
f 851 790 853
f 850 836 770
f 838 860 854
f 839 837 811
f 838 854 841
f 815 838 841
f 855 856 840
f 855 840 846
f 856 775 840
f 841 844 822
f 846 847 857
f 843 847 848
f 806 805 853
f 859 852 799
f 837 805 809
f 837 853 805
f 838 836 852
f 838 852 860
f 854 844 841
f 863 855 846
f 839 775 856
f 857 863 846
f 843 858 847
f 859 799 851
f 852 859 860
f 861 839 867
f 861 837 839
f 861 853 837
f 851 853 861
f 862 854 860
f 839 856 867
f 867 856 855
f 863 864 855
f 864 863 857
f 857 858 865
f 843 842 858
f 844 866 842
f 842 866 858
f 857 847 858
f 859 862 860
f 851 861 867
f 855 868 867
f 855 864 868
f 864 869 868
f 869 864 870
f 871 844 872
f 854 872 844
f 864 857 865
f 864 865 870
f 871 866 844
f 867 868 873
f 886 874 873
f 876 879 875
f 886 873 868
f 873 876 867
f 876 875 867
f 867 875 851
f 876 878 880
f 880 884 877
f 873 878 876
f 878 884 880
f 851 875 859
f 875 862 859
f 828 829 830
f 879 862 875
f 862 879 854
f 877 854 879
f 876 880 879
f 880 877 879
f 881 869 870
f 868 869 881
f 870 865 858
f 858 885 870
f 885 882 870
f 881 870 882
f 883 871 884
f 866 871 883
f 872 877 884
f 883 885 866
f 885 858 866
f 877 872 854
f 884 871 872
f 886 868 881
f 886 881 882
f 886 882 874
f 873 874 888
f 874 887 888
f 874 882 887
f 887 884 878
f 888 878 873
f 887 878 888
f 887 883 884
f 885 883 887
f 887 882 885
f 829 827 830
f 889 890 891
f 895 896 894
f 895 894 902
f 896 893 894
f 900 896 895
f 901 894 897
f 900 895 902
f 898 893 896
f 898 896 900
f 902 894 901
f 897 893 901
f 893 899 901
f 902 905 900
f 901 905 902
f 893 903 925
f 903 904 905
f 934 906 903
f 910 907 908
f 910 908 904
f 906 910 904
f 907 909 911
f 906 909 910
f 907 911 905
f 905 904 907
f 909 906 934
f 920 912 927
f 921 913 917
f 914 924 915
f 889 918 890
f 890 918 916
f 918 889 892
f 922 918 892
f 914 898 924
f 920 921 918
f 923 922 921
f 921 922 916
f 917 923 921
f 920 918 912
f 912 918 922
f 914 919 929
f 921 929 913
f 898 900 924
f 900 919 915
f 919 900 905
f 905 901 899
f 905 899 925
f 914 926 898
f 914 929 926
f 934 903 893
f 905 911 933
f 921 939 929
f 912 930 927
f 939 920 927
f 932 927 930
f 939 928 929
f 937 929 919
f 937 930 929
f 893 898 934
f 933 934 935
f 934 933 936
f 937 933 935
f 937 905 933
f 898 926 938
f 941 926 929
f 939 927 940
f 940 928 939
f 941 929 928
f 937 932 930
f 937 931 932
f 938 926 941
f 937 919 905
f 940 927 932
f 940 932 942
f 942 932 943
f 932 948 943
f 932 931 948
f 934 898 935
f 938 941 944
f 945 928 940
f 945 940 942
f 928 965 941
f 945 965 928
f 937 949 931
f 946 942 943
f 937 948 949
f 948 937 947
f 937 946 947
f 946 943 947
f 950 948 931
f 950 931 949
f 898 938 951
f 952 898 951
f 953 898 952
f 944 941 965
f 958 942 946
f 958 946 956
f 957 955 937
f 958 956 959
f 956 955 959
f 937 955 954
f 954 956 946
f 961 960 959
f 944 951 938
f 944 965 963
f 964 965 945
f 964 963 965
f 972 942 958
f 958 960 972
f 957 967 955
f 942 972 980
f 959 955 967
f 967 961 959
f 961 966 960
f 1021 1029 1020
f 986 989 999
f 953 952 975
f 898 953 935
f 953 976 935
f 937 935 976
f 993 937 976
f 970 944 963
f 942 971 945
f 971 964 945
f 963 964 978
f 1009 1013 1015
f 973 966 967
f 972 968 981
f 905 925 903
f 949 948 950
f 947 943 948
f 967 981 973
f 980 972 981
f 957 974 967
f 962 952 951
f 953 975 976
f 951 944 969
f 944 970 977
f 944 977 969
f 977 970 978
f 978 970 963
f 971 978 964
f 979 971 942
f 979 942 980
f 981 982 980
f 923 917 913
f 959 960 958
f 946 937 954
f 982 981 974
f 974 981 967
f 976 975 993
f 969 962 951
f 978 971 979
f 974 957 982
f 984 980 982
f 952 994 975
f 993 957 937
f 957 985 982
f 979 980 984
f 979 984 986
f 985 983 982
f 983 984 982
f 992 962 987
f 952 962 994
f 988 969 977
f 977 979 988
f 977 978 979
f 985 990 983
f 985 989 990
f 989 984 983
f 990 989 983
f 987 962 969
f 985 957 1007
f 979 986 1004
f 986 984 989
f 985 999 989
f 915 919 914
f 991 994 992
f 992 994 962
f 993 975 994
f 987 969 988
f 994 1001 993
f 1001 994 991
f 988 979 1004
f 996 957 993
f 1004 986 997
f 996 998 1007
f 957 996 1007
f 999 997 986
f 922 890 916
f 890 892 891
f 997 999 1007
f 985 1007 999
f 992 987 1000
f 1000 991 992
f 993 1001 996
f 1010 995 988
f 1004 1003 988
f 1003 1004 1002
f 1027 1002 997
f 1004 997 1002
f 997 1008 1006
f 1005 1012 1006
f 909 936 911
f 997 1007 1008
f 1008 1007 998
f 1006 1008 1005
f 1005 1008 998
f 1009 987 988
f 1000 987 1009
f 1001 991 1019
f 1003 1010 988
f 996 1019 1018
f 1003 1002 1027
f 1027 997 1011
f 1011 1006 1012
f 997 1006 1011
f 907 910 909
f 998 1012 1005
f 904 903 906
f 1012 998 1011
f 1013 1011 998
f 1000 1014 1016
f 1009 1015 1000
f 1015 1014 1000
f 1018 1016 998
f 1000 1017 991
f 1000 1016 1017
f 1016 1018 1017
f 1018 1019 1017
f 1017 1019 991
f 1001 1019 996
f 1010 1020 995
f 988 995 1009
f 1013 998 1015
f 1018 998 996
f 998 1016 1014
f 1014 1015 998
f 1021 1003 1022
f 1010 1003 1021
f 1022 1003 1028
f 1021 1020 1010
f 1024 1023 1025
f 1024 1028 1023
f 1024 1022 1028
f 1025 1022 1024
f 1011 1013 1026
f 1027 1011 1026
f 1028 1003 1027
f 1023 1028 1026
f 1028 1027 1026
f 1026 1025 1023
f 1026 1013 1025
f 1009 995 1020
f 1022 1025 1021
f 1021 1025 1029
f 1009 1020 1029
f 893 897 894
f 1025 1009 1029
f 923 912 922
f 973 981 968
f 968 966 973
f 966 961 967
f 960 966 972
f 968 972 966
f 954 955 956
f 1009 1025 1013
f 900 915 924
f 913 929 930
f 930 923 913
f 918 921 916
f 890 922 892
f 892 889 891
f 909 934 936
f 936 933 911
f 907 904 908
f 899 893 925
f 920 939 921
f 923 930 912
f 1030 1031 1032
f 1036 1037 1035
f 1036 1035 1043
f 1037 1034 1035
f 1041 1037 1036
f 1042 1035 1038
f 1041 1036 1043
f 1039 1034 1037
f 1039 1037 1041
f 1043 1035 1042
f 1038 1034 1042
f 1034 1040 1042
f 1043 1046 1041
f 1042 1046 1043
f 1034 1044 1066
f 1044 1045 1046
f 1075 1047 1044
f 1051 1048 1049
f 1051 1049 1045
f 1047 1051 1045
f 1048 1050 1052
f 1047 1050 1051
f 1048 1052 1046
f 1046 1045 1048
f 1050 1047 1075
f 1061 1053 1068
f 1062 1054 1058
f 1055 1065 1056
f 1030 1059 1031
f 1031 1059 1057
f 1059 1030 1033
f 1063 1059 1033
f 1055 1039 1065
f 1061 1062 1059
f 1064 1063 1062
f 1062 1063 1057
f 1058 1064 1062
f 1061 1059 1053
f 1053 1059 1063
f 1055 1060 1070
f 1062 1070 1054
f 1039 1041 1065
f 1041 1060 1056
f 1060 1041 1046
f 1046 1042 1040
f 1046 1040 1066
f 1055 1067 1039
f 1055 1070 1067
f 1075 1044 1034
f 1046 1052 1074
f 1062 1080 1070
f 1053 1071 1068
f 1080 1061 1068
f 1073 1068 1071
f 1080 1069 1070
f 1078 1070 1060
f 1078 1071 1070
f 1034 1039 1075
f 1074 1075 1076
f 1075 1074 1077
f 1078 1074 1076
f 1078 1046 1074
f 1039 1067 1079
f 1082 1067 1070
f 1080 1068 1081
f 1081 1069 1080
f 1082 1070 1069
f 1078 1073 1071
f 1078 1072 1073
f 1079 1067 1082
f 1078 1060 1046
f 1081 1068 1073
f 1081 1073 1083
f 1083 1073 1084
f 1073 1089 1084
f 1073 1072 1089
f 1075 1039 1076
f 1079 1082 1085
f 1086 1069 1081
f 1086 1081 1083
f 1069 1106 1082
f 1086 1106 1069
f 1078 1090 1072
f 1087 1083 1084
f 1078 1089 1090
f 1089 1078 1088
f 1078 1087 1088
f 1087 1084 1088
f 1091 1089 1072
f 1091 1072 1090
f 1039 1079 1092
f 1093 1039 1092
f 1094 1039 1093
f 1085 1082 1106
f 1099 1083 1087
f 1099 1087 1097
f 1098 1096 1078
f 1099 1097 1100
f 1097 1096 1100
f 1078 1096 1095
f 1095 1097 1087
f 1102 1101 1100
f 1085 1092 1079
f 1085 1106 1104
f 1105 1106 1086
f 1105 1104 1106
f 1113 1083 1099
f 1099 1101 1113
f 1098 1108 1096
f 1083 1113 1121
f 1100 1096 1108
f 1108 1102 1100
f 1102 1107 1101
f 1162 1170 1161
f 1127 1130 1140
f 1094 1093 1116
f 1039 1094 1076
f 1094 1117 1076
f 1078 1076 1117
f 1134 1078 1117
f 1111 1085 1104
f 1083 1112 1086
f 1112 1105 1086
f 1104 1105 1119
f 1150 1154 1156
f 1114 1107 1108
f 1113 1109 1122
f 1046 1066 1044
f 1090 1089 1091
f 1088 1084 1089
f 1108 1122 1114
f 1121 1113 1122
f 1098 1115 1108
f 1103 1093 1092
f 1094 1116 1117
f 1092 1085 1110
f 1085 1111 1118
f 1085 1118 1110
f 1118 1111 1119
f 1119 1111 1104
f 1112 1119 1105
f 1120 1112 1083
f 1120 1083 1121
f 1122 1123 1121
f 1064 1058 1054
f 1100 1101 1099
f 1087 1078 1095
f 1123 1122 1115
f 1115 1122 1108
f 1117 1116 1134
f 1110 1103 1092
f 1119 1112 1120
f 1115 1098 1123
f 1125 1121 1123
f 1093 1135 1116
f 1134 1098 1078
f 1098 1126 1123
f 1120 1121 1125
f 1120 1125 1127
f 1126 1124 1123
f 1124 1125 1123
f 1133 1103 1128
f 1093 1103 1135
f 1129 1110 1118
f 1118 1120 1129
f 1118 1119 1120
f 1126 1131 1124
f 1126 1130 1131
f 1130 1125 1124
f 1131 1130 1124
f 1128 1103 1110
f 1126 1098 1148
f 1120 1127 1145
f 1127 1125 1130
f 1126 1140 1130
f 1056 1060 1055
f 1132 1135 1133
f 1133 1135 1103
f 1134 1116 1135
f 1128 1110 1129
f 1135 1142 1134
f 1142 1135 1132
f 1129 1120 1145
f 1137 1098 1134
f 1145 1127 1138
f 1137 1139 1148
f 1098 1137 1148
f 1140 1138 1127
f 1063 1031 1057
f 1031 1033 1032
f 1138 1140 1148
f 1126 1148 1140
f 1133 1128 1141
f 1141 1132 1133
f 1134 1142 1137
f 1151 1136 1129
f 1145 1144 1129
f 1144 1145 1143
f 1168 1143 1138
f 1145 1138 1143
f 1138 1149 1147
f 1146 1153 1147
f 1050 1077 1052
f 1138 1148 1149
f 1149 1148 1139
f 1147 1149 1146
f 1146 1149 1139
f 1150 1128 1129
f 1141 1128 1150
f 1142 1132 1160
f 1144 1151 1129
f 1137 1160 1159
f 1144 1143 1168
f 1168 1138 1152
f 1152 1147 1153
f 1138 1147 1152
f 1048 1051 1050
f 1139 1153 1146
f 1045 1044 1047
f 1153 1139 1152
f 1154 1152 1139
f 1141 1155 1157
f 1150 1156 1141
f 1156 1155 1141
f 1159 1157 1139
f 1141 1158 1132
f 1141 1157 1158
f 1157 1159 1158
f 1159 1160 1158
f 1158 1160 1132
f 1142 1160 1137
f 1151 1161 1136
f 1129 1136 1150
f 1154 1139 1156
f 1159 1139 1137
f 1139 1157 1155
f 1155 1156 1139
f 1162 1144 1163
f 1151 1144 1162
f 1163 1144 1169
f 1162 1161 1151
f 1165 1164 1166
f 1165 1169 1164
f 1165 1163 1169
f 1166 1163 1165
f 1152 1154 1167
f 1168 1152 1167
f 1169 1144 1168
f 1164 1169 1167
f 1169 1168 1167
f 1167 1166 1164
f 1167 1154 1166
f 1150 1136 1161
f 1163 1166 1162
f 1162 1166 1170
f 1150 1161 1170
f 1034 1038 1035
f 1166 1150 1170
f 1064 1053 1063
f 1114 1122 1109
f 1109 1107 1114
f 1107 1102 1108
f 1101 1107 1113
f 1109 1113 1107
f 1095 1096 1097
f 1150 1166 1154
f 1041 1056 1065
f 1054 1070 1071
f 1071 1064 1054
f 1059 1062 1057
f 1031 1063 1033
f 1033 1030 1032
f 1050 1075 1077
f 1077 1074 1052
f 1048 1045 1049
f 1040 1034 1066
f 1061 1080 1062
f 1064 1071 1053
f 1171 1172 1173
f 1174 1175 1176
f 1175 1177 1176
f 1177 1175 1179
f 1176 1171 1178
f 1171 1177 1172
f 1176 1177 1171
f 1172 1177 1179
f 1179 1191 1180
f 1172 1179 1181
f 1181 1179 1180
f 1180 1182 1181
f 1171 1173 1178
f 1173 1172 1182
f 1173 1182 1183
f 1180 1184 1182
f 1183 1182 1184
f 1178 1185 1203
f 1178 1173 1185
f 1200 1185 1184
f 1185 1173 1183
f 1185 1183 1184
f 1175 1186 1191
f 1186 1175 1187
f 1174 1187 1175
f 1176 1206 1174
f 1175 1191 1179
f 1188 1189 1190
f 1189 1188 1180
f 1190 1189 1191
f 1191 1189 1180
f 1178 1192 1176
f 1178 1193 1192
f 1188 1184 1194
f 1180 1188 1194
f 1180 1194 1184
f 1203 1196 1197
f 1196 1203 1195
f 1197 1178 1203
f 1198 1200 1184
f 1188 1198 1184
f 1199 1195 1203
f 1198 1220 1221
f 1185 1202 1203
f 1200 1202 1185
f 1203 1198 1199
f 1224 1261 1219
f 1222 1261 1224
f 1195 1222 1224
f 1222 1195 1267
f 1205 1174 1206
f 1204 1205 1206
f 1206 1207 1204
f 1206 1208 1209
f 1190 1210 1211
f 1210 1190 1212
f 1213 1214 1215
f 1213 1215 1212
f 1210 1212 1215
f 1210 1215 1214
f 1214 1213 1216
f 1213 1186 1216
f 1206 1176 1208
f 1212 1191 1213
f 1190 1191 1212
f 1186 1213 1191
f 1187 1244 1186
f 1208 1176 1217
f 1176 1192 1217
f 1192 1193 1218
f 1218 1193 1259
f 1178 1197 1193
f 1193 1197 1254
f 1259 1193 1254
f 1198 1188 1220
f 1224 1197 1195
f 1263 1219 1260
f 1267 1221 1222
f 1220 1222 1221
f 1225 1223 1199
f 1267 1223 1268
f 1268 1223 1225
f 1198 1221 1226
f 1226 1199 1198
f 1199 1226 1225
f 1221 1225 1226
f 1227 1204 1228
f 1205 1229 1174
f 1205 1204 1230
f 1229 1205 1230
f 1204 1227 1230
f 1230 1227 1232
f 1231 1232 1227
f 1187 1174 1229
f 1230 1234 1229
f 1230 1233 1234
f 1232 1233 1230
f 1234 1235 1229
f 1229 1235 1187
f 1235 1245 1244
f 1187 1235 1244
f 1233 1236 1234
f 1234 1236 1235
f 1237 1207 1206
f 1207 1237 1238
f 1207 1239 1228
f 1211 1228 1239
f 1240 1228 1211
f 1207 1228 1204
f 1240 1211 1241
f 1228 1240 1227
f 1216 1241 1214
f 1227 1240 1231
f 1241 1231 1240
f 1242 1216 1186
f 1241 1216 1242
f 1233 1242 1186
f 1232 1242 1233
f 1232 1231 1242
f 1231 1241 1242
f 1209 1208 1243
f 1243 1270 1209
f 1206 1209 1270
f 1190 1211 1239
f 1238 1239 1207
f 1211 1210 1241
f 1241 1210 1214
f 1236 1244 1245
f 1186 1244 1233
f 1244 1236 1233
f 1246 1243 1208
f 1190 1247 1248
f 1190 1248 1188
f 1217 1249 1246
f 1249 1217 1192
f 1217 1246 1208
f 1249 1192 1218
f 1188 1250 1251
f 1252 1220 1188
f 1254 1197 1255
f 1253 1254 1255
f 1253 1262 1222
f 1254 1257 1259
f 1265 1258 1255
f 1252 1253 1220
f 1255 1224 1264
f 1255 1197 1224
f 1224 1219 1264
f 1262 1261 1222
f 1219 1261 1260
f 1266 1263 1260
f 1263 1264 1219
f 1265 1255 1264
f 1258 1265 1262
f 1236 1245 1235
f 1269 1243 1289
f 1243 1269 1270
f 1271 1248 1272
f 1272 1248 1247
f 1269 1247 1270
f 1247 1269 1272
f 1270 1237 1206
f 1247 1237 1270
f 1237 1239 1238
f 1247 1190 1239
f 1237 1247 1239
f 1274 1248 1275
f 1274 1188 1248
f 1276 1246 1249
f 1188 1274 1250
f 1274 1273 1250
f 1277 1249 1218
f 1277 1218 1278
f 1278 1218 1279
f 1218 1306 1279
f 1301 1279 1306
f 1280 1259 1281
f 1218 1259 1280
f 1280 1283 1218
f 1259 1287 1281
f 1283 1282 1285
f 1256 1285 1282
f 1284 1282 1281
f 1283 1306 1218
f 1283 1280 1282
f 1285 1305 1283
f 1256 1284 1286
f 1259 1257 1288
f 1287 1288 1286
f 1284 1287 1286
f 1281 1287 1284
f 1437 1436 1435
f 1257 1256 1286
f 1288 1257 1286
f 1254 1253 1252
f 1269 1289 1290
f 1290 1272 1269
f 1248 1271 1292
f 1248 1292 1275
f 1293 1271 1272
f 1276 1291 1246
f 1291 1276 1439
f 1275 1294 1273
f 1273 1274 1275
f 1295 1250 1296
f 1250 1273 1296
f 1278 1297 1277
f 1276 1249 1277
f 1298 1188 1251
f 1278 1279 1299
f 1299 1279 1301
f 1300 1278 1299
f 1298 1252 1188
f 1319 1299 1301
f 1319 1301 1302
f 1302 1301 1306
f 1256 1252 1303
f 1303 1304 1256
f 1256 1304 1285
f 1305 1285 1306
f 1359 1353 1355
f 1307 1302 1306
f 1307 1304 1302
f 1304 1307 1285
f 1198 1202 1201
f 1440 1449 1442
f 1308 1309 1243
f 1309 1289 1243
f 1349 1329 1292
f 1271 1310 1349
f 1290 1311 1293
f 1271 1293 1310
f 1290 1289 1312
f 1272 1290 1293
f 1313 1290 1312
f 1313 1311 1290
f 1246 1291 1243
f 1271 1349 1292
f 1292 1329 1275
f 1273 1314 1296
f 1295 1296 1314
f 1276 1277 1297
f 1315 1276 1297
f 1314 1251 1295
f 1295 1251 1250
f 1304 1300 1299
f 1317 1304 1303
f 1318 1300 1316
f 1303 1298 1317
f 1317 1300 1318
f 1304 1317 1318
f 1303 1252 1298
f 1319 1304 1299
f 1304 1319 1302
f 1306 1285 1307
f 1320 1321 1322
f 1323 1308 1324
f 1322 1323 1324
f 1328 1325 1309
f 1309 1326 1312
f 1320 1322 1243
f 1324 1243 1322
f 1308 1243 1324
f 1328 1308 1342
f 1309 1308 1328
f 1310 1293 1327
f 1328 1349 1310
f 1328 1310 1325
f 1312 1289 1309
f 1311 1327 1293
f 1439 1320 1291
f 1291 1320 1243
f 1439 1276 1381
f 1275 1329 1294
f 1314 1273 1294
f 1276 1315 1330
f 1314 1298 1251
f 1298 1358 1362
f 1297 1331 1315
f 1297 1334 1335
f 1362 1332 1298
f 1333 1297 1298
f 1333 1334 1297
f 1362 1334 1332
f 1362 1336 1335
f 1225 1221 1268
f 1321 1320 1337
f 1338 1322 1321
f 1339 1321 1337
f 1338 1321 1339
f 1339 1337 1340
f 1338 1339 1341
f 1322 1338 1323
f 1342 1308 1323
f 1342 1372 1328
f 1338 1342 1323
f 1342 1338 1341
f 1343 1325 1327
f 1344 1342 1341
f 1346 1347 1320
f 1348 1329 1349
f 1372 1349 1328
f 1349 1350 1348
f 1345 1313 1326
f 1310 1327 1325
f 1351 1327 1311
f 1345 1351 1311
f 1312 1326 1313
f 1345 1311 1313
f 1381 1276 1330
f 1358 1298 1352
f 1352 1298 1314
f 1353 1354 1315
f 1330 1315 1354
f 1357 1358 1355
f 1356 1353 1357
f 1330 1354 1358
f 1353 1359 1354
f 1358 1359 1355
f 1360 1331 1297
f 1335 1360 1297
f 1353 1315 1331
f 1357 1353 1331
f 1358 1357 1361
f 1358 1361 1362
f 1363 1320 1347
f 1366 1340 1337
f 1320 1363 1337
f 1365 1337 1363
f 1404 1329 1348
f 1367 1329 1404
f 1368 1349 1372
f 1369 1341 1339
f 1339 1340 1364
f 1341 1369 1370
f 1369 1372 1370
f 1368 1350 1349
f 1364 1371 1368
f 1343 1327 1373
f 1344 1372 1342
f 1373 1327 1374
f 1309 1343 1375
f 1375 1343 1373
f 1374 1327 1351
f 1376 1374 1351
f 1309 1375 1377
f 1377 1326 1309
f 1326 1377 1376
f 1376 1345 1326
f 1376 1351 1345
f 1346 1320 1378
f 1314 1294 1379
f 1380 1381 1382
f 1379 1352 1314
f 1381 1330 1383
f 1383 1330 1389
f 1358 1352 1380
f 1382 1381 1383
f 1384 1358 1380
f 1382 1383 1385
f 1385 1383 1390
f 1386 1384 1380
f 1388 1387 1358
f 1330 1387 1389
f 1388 1358 1384
f 1358 1387 1330
f 1355 1356 1357
f 1363 1391 1392
f 1365 1363 1392
f 1393 1365 1392
f 1394 1371 1340
f 1395 1365 1393
f 1393 1396 1395
f 1371 1394 1397
f 1397 1398 1371
f 1364 1340 1371
f 1347 1400 1363
f 1400 1391 1363
f 1399 1400 1329
f 1400 1401 1329
f 1367 1399 1329
f 1402 1401 1400
f 1337 1365 1366
f 1366 1365 1403
f 1403 1340 1366
f 1404 1405 1367
f 1340 1403 1394
f 1395 1405 1403
f 1405 1394 1403
f 1395 1367 1405
f 1404 1406 1405
f 1404 1407 1406
f 1407 1404 1348
f 1365 1395 1403
f 1394 1405 1406
f 1397 1406 1407
f 1397 1407 1408
f 1394 1406 1397
f 1348 1350 1407
f 1408 1350 1368
f 1350 1408 1407
f 1398 1368 1371
f 1398 1408 1368
f 1409 1375 1373
f 1409 1373 1410
f 1410 1373 1374
f 1375 1409 1411
f 1375 1411 1377
f 1413 1411 1409
f 1377 1412 1376
f 1409 1410 1413
f 1374 1413 1410
f 1412 1413 1374
f 1412 1374 1376
f 1411 1413 1412
f 1377 1411 1412
f 1329 1401 1294
f 1427 1414 1294
f 1401 1427 1294
f 1429 1427 1401
f 1378 1439 1468
f 1378 1468 1415
f 1378 1320 1439
f 1294 1414 1379
f 1380 1439 1381
f 1438 1439 1380
f 1417 1382 1385
f 1450 1455 1453
f 1172 1181 1182
f 1416 1418 1382
f 1416 1382 1417
f 1223 1267 1195
f 1417 1390 1380
f 1417 1385 1390
f 1417 1380 1418
f 1459 1460 1444
f 1451 1452 1346
f 1352 1415 1450
f 1446 1447 1379
f 1418 1416 1417
f 1431 1454 1453
f 1425 1347 1419
f 1391 1420 1392
f 1392 1421 1393
f 1393 1421 1396
f 1347 1422 1400
f 1424 1420 1391
f 1420 1421 1392
f 1420 1423 1421
f 1423 1396 1421
f 1399 1423 1424
f 1367 1395 1396
f 1448 1347 1346
f 1402 1422 1425
f 1430 1347 1448
f 1425 1426 1402
f 1427 1428 1414
f 1428 1427 1429
f 1419 1347 1430
f 1400 1424 1391
f 1400 1399 1424
f 1422 1402 1400
f 1399 1367 1423
f 1423 1367 1396
f 1408 1398 1397
f 1455 1468 1431
f 1346 1378 1415
f 1431 1439 1454
f 1439 1432 1454
f 1439 1433 1432
f 1304 1318 1316
f 1432 1434 1454
f 1434 1432 1433
f 1352 1434 1380
f 1431 1468 1439
f 1382 1437 1380
f 1380 1437 1418
f 1418 1435 1382
f 1382 1435 1436
f 1382 1436 1437
f 1437 1435 1418
f 1300 1304 1316
f 1433 1438 1380
f 1439 1438 1433
f 1380 1434 1433
f 1445 1419 1430
f 1440 1419 1445
f 1441 1425 1419
f 1441 1426 1425
f 1440 1445 1428
f 1429 1426 1442
f 1443 1346 1444
f 1444 1346 1459
f 1352 1458 1452
f 1448 1446 1445
f 1445 1446 1414
f 1446 1379 1414
f 1352 1379 1447
f 1447 1446 1448
f 1288 1287 1259
f 1352 1447 1458
f 1448 1445 1430
f 1429 1401 1402
f 1426 1429 1402
f 1428 1445 1414
f 1428 1429 1449
f 1468 1450 1415
f 1468 1455 1467
f 1451 1346 1415
f 1451 1415 1452
f 1450 1453 1352
f 1459 1346 1452
f 1352 1453 1434
f 1364 1368 1372
f 1454 1434 1453
f 1455 1431 1453
f 1266 1264 1263
f 1448 1456 1447
f 1456 1448 1346
f 1456 1346 1458
f 1346 1457 1458
f 1370 1372 1344
f 1309 1325 1343
f 1387 1388 1389
f 1449 1429 1442
f 1440 1428 1449
f 1460 1459 1452
f 1460 1443 1444
f 1388 1383 1389
f 1466 1346 1443
f 1463 1466 1443
f 1424 1423 1420
f 1464 1466 1463
f 1469 1465 1460
f 1469 1463 1461
f 1469 1462 1465
f 1469 1461 1462
f 1457 1460 1452
f 1458 1457 1452
f 1466 1457 1346
f 1466 1469 1457
f 1469 1460 1457
f 1467 1450 1468
f 1195 1197 1196
f 1464 1463 1469
f 1258 1262 1255
f 1252 1257 1254
f 1252 1256 1257
f 1356 1355 1353
f 1202 1200 1201
f 1200 1198 1201
f 1199 1223 1195
f 1262 1260 1261
f 1260 1262 1266
f 1262 1264 1266
f 1264 1262 1265
f 1262 1253 1255
f 1253 1222 1220
f 1268 1221 1267
f 1203 1202 1198
f 1442 1426 1440
f 1426 1441 1440
f 1441 1419 1440
f 1298 1332 1334
f 1334 1333 1298
f 1297 1278 1317
f 1278 1300 1317
f 1317 1298 1297
f 1450 1467 1455
f 1469 1466 1464
f 1458 1447 1456
f 1443 1460 1465
f 1463 1443 1465
f 1465 1462 1461
f 1461 1463 1465
f 1352 1452 1415
f 1306 1283 1305
f 1360 1335 1336
f 1361 1357 1331
f 1360 1336 1361
f 1361 1331 1360
f 1372 1369 1364
f 1369 1339 1364
f 1344 1341 1370
f 1390 1383 1386
f 1383 1384 1386
f 1388 1384 1383
f 1422 1347 1425
f 1362 1335 1334
f 1256 1282 1284
f 1282 1280 1281
f 1359 1358 1354
f 1390 1386 1380
f 1336 1362 1361
f 1470 1471 1472
f 1473 1474 1475
f 1474 1476 1475
f 1476 1474 1478
f 1475 1470 1477
f 1470 1476 1471
f 1475 1476 1470
f 1471 1476 1478
f 1478 1490 1479
f 1471 1478 1480
f 1480 1478 1479
f 1479 1481 1480
f 1470 1472 1477
f 1472 1471 1481
f 1472 1481 1482
f 1479 1483 1481
f 1482 1481 1483
f 1477 1484 1502
f 1477 1472 1484
f 1499 1484 1483
f 1484 1472 1482
f 1484 1482 1483
f 1474 1485 1490
f 1485 1474 1486
f 1473 1486 1474
f 1475 1505 1473
f 1474 1490 1478
f 1487 1488 1489
f 1488 1487 1479
f 1489 1488 1490
f 1490 1488 1479
f 1477 1491 1475
f 1477 1492 1491
f 1487 1483 1493
f 1479 1487 1493
f 1479 1493 1483
f 1502 1495 1496
f 1495 1502 1494
f 1496 1477 1502
f 1497 1499 1483
f 1487 1497 1483
f 1498 1494 1502
f 1497 1519 1520
f 1484 1501 1502
f 1499 1501 1484
f 1502 1497 1498
f 1523 1560 1518
f 1521 1560 1523
f 1494 1521 1523
f 1521 1494 1566
f 1504 1473 1505
f 1503 1504 1505
f 1505 1506 1503
f 1505 1507 1508
f 1489 1509 1510
f 1509 1489 1511
f 1512 1513 1514
f 1512 1514 1511
f 1509 1511 1514
f 1509 1514 1513
f 1513 1512 1515
f 1512 1485 1515
f 1505 1475 1507
f 1511 1490 1512
f 1489 1490 1511
f 1485 1512 1490
f 1486 1543 1485
f 1507 1475 1516
f 1475 1491 1516
f 1491 1492 1517
f 1517 1492 1558
f 1477 1496 1492
f 1492 1496 1553
f 1558 1492 1553
f 1497 1487 1519
f 1523 1496 1494
f 1562 1518 1559
f 1566 1520 1521
f 1519 1521 1520
f 1524 1522 1498
f 1566 1522 1567
f 1567 1522 1524
f 1497 1520 1525
f 1525 1498 1497
f 1498 1525 1524
f 1520 1524 1525
f 1526 1503 1527
f 1504 1528 1473
f 1504 1503 1529
f 1528 1504 1529
f 1503 1526 1529
f 1529 1526 1531
f 1530 1531 1526
f 1486 1473 1528
f 1529 1533 1528
f 1529 1532 1533
f 1531 1532 1529
f 1533 1534 1528
f 1528 1534 1486
f 1534 1544 1543
f 1486 1534 1543
f 1532 1535 1533
f 1533 1535 1534
f 1536 1506 1505
f 1506 1536 1537
f 1506 1538 1527
f 1510 1527 1538
f 1539 1527 1510
f 1506 1527 1503
f 1539 1510 1540
f 1527 1539 1526
f 1515 1540 1513
f 1526 1539 1530
f 1540 1530 1539
f 1541 1515 1485
f 1540 1515 1541
f 1532 1541 1485
f 1531 1541 1532
f 1531 1530 1541
f 1530 1540 1541
f 1508 1507 1542
f 1542 1569 1508
f 1505 1508 1569
f 1489 1510 1538
f 1537 1538 1506
f 1510 1509 1540
f 1540 1509 1513
f 1535 1543 1544
f 1485 1543 1532
f 1543 1535 1532
f 1545 1542 1507
f 1489 1546 1547
f 1489 1547 1487
f 1516 1548 1545
f 1548 1516 1491
f 1516 1545 1507
f 1548 1491 1517
f 1487 1549 1550
f 1551 1519 1487
f 1553 1496 1554
f 1552 1553 1554
f 1552 1561 1521
f 1553 1556 1558
f 1564 1557 1554
f 1551 1552 1519
f 1554 1523 1563
f 1554 1496 1523
f 1523 1518 1563
f 1561 1560 1521
f 1518 1560 1559
f 1565 1562 1559
f 1562 1563 1518
f 1564 1554 1563
f 1557 1564 1561
f 1535 1544 1534
f 1568 1542 1588
f 1542 1568 1569
f 1570 1547 1571
f 1571 1547 1546
f 1568 1546 1569
f 1546 1568 1571
f 1569 1536 1505
f 1546 1536 1569
f 1536 1538 1537
f 1546 1489 1538
f 1536 1546 1538
f 1573 1547 1574
f 1573 1487 1547
f 1575 1545 1548
f 1487 1573 1549
f 1573 1572 1549
f 1576 1548 1517
f 1576 1517 1577
f 1577 1517 1578
f 1517 1605 1578
f 1600 1578 1605
f 1579 1558 1580
f 1517 1558 1579
f 1579 1582 1517
f 1558 1586 1580
f 1582 1581 1584
f 1555 1584 1581
f 1583 1581 1580
f 1582 1605 1517
f 1582 1579 1581
f 1584 1604 1582
f 1555 1583 1585
f 1558 1556 1587
f 1586 1587 1585
f 1583 1586 1585
f 1580 1586 1583
f 1736 1735 1734
f 1556 1555 1585
f 1587 1556 1585
f 1553 1552 1551
f 1568 1588 1589
f 1589 1571 1568
f 1547 1570 1591
f 1547 1591 1574
f 1592 1570 1571
f 1575 1590 1545
f 1590 1575 1738
f 1574 1593 1572
f 1572 1573 1574
f 1594 1549 1595
f 1549 1572 1595
f 1577 1596 1576
f 1575 1548 1576
f 1597 1487 1550
f 1577 1578 1598
f 1598 1578 1600
f 1599 1577 1598
f 1597 1551 1487
f 1618 1598 1600
f 1618 1600 1601
f 1601 1600 1605
f 1555 1551 1602
f 1602 1603 1555
f 1555 1603 1584
f 1604 1584 1605
f 1658 1652 1654
f 1606 1601 1605
f 1606 1603 1601
f 1603 1606 1584
f 1497 1501 1500
f 1739 1748 1741
f 1607 1608 1542
f 1608 1588 1542
f 1648 1628 1591
f 1570 1609 1648
f 1589 1610 1592
f 1570 1592 1609
f 1589 1588 1611
f 1571 1589 1592
f 1612 1589 1611
f 1612 1610 1589
f 1545 1590 1542
f 1570 1648 1591
f 1591 1628 1574
f 1572 1613 1595
f 1594 1595 1613
f 1575 1576 1596
f 1614 1575 1596
f 1613 1550 1594
f 1594 1550 1549
f 1603 1599 1598
f 1616 1603 1602
f 1617 1599 1615
f 1602 1597 1616
f 1616 1599 1617
f 1603 1616 1617
f 1602 1551 1597
f 1618 1603 1598
f 1603 1618 1601
f 1605 1584 1606
f 1619 1620 1621
f 1622 1607 1623
f 1621 1622 1623
f 1627 1624 1608
f 1608 1625 1611
f 1619 1621 1542
f 1623 1542 1621
f 1607 1542 1623
f 1627 1607 1641
f 1608 1607 1627
f 1609 1592 1626
f 1627 1648 1609
f 1627 1609 1624
f 1611 1588 1608
f 1610 1626 1592
f 1738 1619 1590
f 1590 1619 1542
f 1738 1575 1680
f 1574 1628 1593
f 1613 1572 1593
f 1575 1614 1629
f 1613 1597 1550
f 1597 1657 1661
f 1596 1630 1614
f 1596 1633 1634
f 1661 1631 1597
f 1632 1596 1597
f 1632 1633 1596
f 1661 1633 1631
f 1661 1635 1634
f 1524 1520 1567
f 1620 1619 1636
f 1637 1621 1620
f 1638 1620 1636
f 1637 1620 1638
f 1638 1636 1639
f 1637 1638 1640
f 1621 1637 1622
f 1641 1607 1622
f 1641 1671 1627
f 1637 1641 1622
f 1641 1637 1640
f 1642 1624 1626
f 1643 1641 1640
f 1645 1646 1619
f 1647 1628 1648
f 1671 1648 1627
f 1648 1649 1647
f 1644 1612 1625
f 1609 1626 1624
f 1650 1626 1610
f 1644 1650 1610
f 1611 1625 1612
f 1644 1610 1612
f 1680 1575 1629
f 1657 1597 1651
f 1651 1597 1613
f 1652 1653 1614
f 1629 1614 1653
f 1656 1657 1654
f 1655 1652 1656
f 1629 1653 1657
f 1652 1658 1653
f 1657 1658 1654
f 1659 1630 1596
f 1634 1659 1596
f 1652 1614 1630
f 1656 1652 1630
f 1657 1656 1660
f 1657 1660 1661
f 1662 1619 1646
f 1665 1639 1636
f 1619 1662 1636
f 1664 1636 1662
f 1703 1628 1647
f 1666 1628 1703
f 1667 1648 1671
f 1668 1640 1638
f 1638 1639 1663
f 1640 1668 1669
f 1668 1671 1669
f 1667 1649 1648
f 1663 1670 1667
f 1642 1626 1672
f 1643 1671 1641
f 1672 1626 1673
f 1608 1642 1674
f 1674 1642 1672
f 1673 1626 1650
f 1675 1673 1650
f 1608 1674 1676
f 1676 1625 1608
f 1625 1676 1675
f 1675 1644 1625
f 1675 1650 1644
f 1645 1619 1677
f 1613 1593 1678
f 1679 1680 1681
f 1678 1651 1613
f 1680 1629 1682
f 1682 1629 1688
f 1657 1651 1679
f 1681 1680 1682
f 1683 1657 1679
f 1681 1682 1684
f 1684 1682 1689
f 1685 1683 1679
f 1687 1686 1657
f 1629 1686 1688
f 1687 1657 1683
f 1657 1686 1629
f 1654 1655 1656
f 1662 1690 1691
f 1664 1662 1691
f 1692 1664 1691
f 1693 1670 1639
f 1694 1664 1692
f 1692 1695 1694
f 1670 1693 1696
f 1696 1697 1670
f 1663 1639 1670
f 1646 1699 1662
f 1699 1690 1662
f 1698 1699 1628
f 1699 1700 1628
f 1666 1698 1628
f 1701 1700 1699
f 1636 1664 1665
f 1665 1664 1702
f 1702 1639 1665
f 1703 1704 1666
f 1639 1702 1693
f 1694 1704 1702
f 1704 1693 1702
f 1694 1666 1704
f 1703 1705 1704
f 1703 1706 1705
f 1706 1703 1647
f 1664 1694 1702
f 1693 1704 1705
f 1696 1705 1706
f 1696 1706 1707
f 1693 1705 1696
f 1647 1649 1706
f 1707 1649 1667
f 1649 1707 1706
f 1697 1667 1670
f 1697 1707 1667
f 1708 1674 1672
f 1708 1672 1709
f 1709 1672 1673
f 1674 1708 1710
f 1674 1710 1676
f 1712 1710 1708
f 1676 1711 1675
f 1708 1709 1712
f 1673 1712 1709
f 1711 1712 1673
f 1711 1673 1675
f 1710 1712 1711
f 1676 1710 1711
f 1628 1700 1593
f 1726 1713 1593
f 1700 1726 1593
f 1728 1726 1700
f 1677 1738 1767
f 1677 1767 1714
f 1677 1619 1738
f 1593 1713 1678
f 1679 1738 1680
f 1737 1738 1679
f 1716 1681 1684
f 1749 1754 1752
f 1471 1480 1481
f 1715 1717 1681
f 1715 1681 1716
f 1522 1566 1494
f 1716 1689 1679
f 1716 1684 1689
f 1716 1679 1717
f 1758 1759 1743
f 1750 1751 1645
f 1651 1714 1749
f 1745 1746 1678
f 1717 1715 1716
f 1730 1753 1752
f 1724 1646 1718
f 1690 1719 1691
f 1691 1720 1692
f 1692 1720 1695
f 1646 1721 1699
f 1723 1719 1690
f 1719 1720 1691
f 1719 1722 1720
f 1722 1695 1720
f 1698 1722 1723
f 1666 1694 1695
f 1747 1646 1645
f 1701 1721 1724
f 1729 1646 1747
f 1724 1725 1701
f 1726 1727 1713
f 1727 1726 1728
f 1718 1646 1729
f 1699 1723 1690
f 1699 1698 1723
f 1721 1701 1699
f 1698 1666 1722
f 1722 1666 1695
f 1707 1697 1696
f 1754 1767 1730
f 1645 1677 1714
f 1730 1738 1753
f 1738 1731 1753
f 1738 1732 1731
f 1603 1617 1615
f 1731 1733 1753
f 1733 1731 1732
f 1651 1733 1679
f 1730 1767 1738
f 1681 1736 1679
f 1679 1736 1717
f 1717 1734 1681
f 1681 1734 1735
f 1681 1735 1736
f 1736 1734 1717
f 1599 1603 1615
f 1732 1737 1679
f 1738 1737 1732
f 1679 1733 1732
f 1744 1718 1729
f 1739 1718 1744
f 1740 1724 1718
f 1740 1725 1724
f 1739 1744 1727
f 1728 1725 1741
f 1742 1645 1743
f 1743 1645 1758
f 1651 1757 1751
f 1747 1745 1744
f 1744 1745 1713
f 1745 1678 1713
f 1651 1678 1746
f 1746 1745 1747
f 1587 1586 1558
f 1651 1746 1757
f 1747 1744 1729
f 1728 1700 1701
f 1725 1728 1701
f 1727 1744 1713
f 1727 1728 1748
f 1767 1749 1714
f 1767 1754 1766
f 1750 1645 1714
f 1750 1714 1751
f 1749 1752 1651
f 1758 1645 1751
f 1651 1752 1733
f 1663 1667 1671
f 1753 1733 1752
f 1754 1730 1752
f 1565 1563 1562
f 1747 1755 1746
f 1755 1747 1645
f 1755 1645 1757
f 1645 1756 1757
f 1669 1671 1643
f 1608 1624 1642
f 1686 1687 1688
f 1748 1728 1741
f 1739 1727 1748
f 1759 1758 1751
f 1759 1742 1743
f 1687 1682 1688
f 1765 1645 1742
f 1762 1765 1742
f 1723 1722 1719
f 1763 1765 1762
f 1768 1764 1759
f 1768 1762 1760
f 1768 1761 1764
f 1768 1760 1761
f 1756 1759 1751
f 1757 1756 1751
f 1765 1756 1645
f 1765 1768 1756
f 1768 1759 1756
f 1766 1749 1767
f 1494 1496 1495
f 1763 1762 1768
f 1557 1561 1554
f 1551 1556 1553
f 1551 1555 1556
f 1655 1654 1652
f 1501 1499 1500
f 1499 1497 1500
f 1498 1522 1494
f 1561 1559 1560
f 1559 1561 1565
f 1561 1563 1565
f 1563 1561 1564
f 1561 1552 1554
f 1552 1521 1519
f 1567 1520 1566
f 1502 1501 1497
f 1741 1725 1739
f 1725 1740 1739
f 1740 1718 1739
f 1597 1631 1633
f 1633 1632 1597
f 1596 1577 1616
f 1577 1599 1616
f 1616 1597 1596
f 1749 1766 1754
f 1768 1765 1763
f 1757 1746 1755
f 1742 1759 1764
f 1762 1742 1764
f 1764 1761 1760
f 1760 1762 1764
f 1651 1751 1714
f 1605 1582 1604
f 1659 1634 1635
f 1660 1656 1630
f 1659 1635 1660
f 1660 1630 1659
f 1671 1668 1663
f 1668 1638 1663
f 1643 1640 1669
f 1689 1682 1685
f 1682 1683 1685
f 1687 1683 1682
f 1721 1646 1724
f 1661 1634 1633
f 1555 1581 1583
f 1581 1579 1580
f 1658 1657 1653
f 1689 1685 1679
f 1635 1661 1660
f 1769 1770 1779
f 1773 1774 1775
f 1771 1773 1769
f 1769 1773 1770
f 1776 1771 1769
f 1776 1772 1771
f 1773 1775 1770
f 1776 1777 1772
f 1770 1775 1781
f 1778 1776 1769
f 1776 1778 1777
f 1769 1779 1778
f 1778 1779 1780
f 1781 1779 1770
f 1782 1783 1784
f 1785 1783 1786
f 1784 1783 1785
f 1784 1785 1787
f 1790 1791 1788
f 1786 1788 1789
f 1788 1786 1790
f 1783 1790 1786
f 1783 1792 1790
f 1790 1792 1791
f 1785 1793 1794
f 1794 1787 1785
f 1788 1797 1789
f 1789 1797 1773
f 1789 1773 1771
f 1785 1786 1789
f 1789 1771 1785
f 1788 1791 1797
f 1800 1797 1791
f 1833 1800 1791
f 1835 1840 1800
f 1793 1795 1796
f 1794 1793 1787
f 1787 1796 1784
f 1771 1793 1785
f 1797 1799 1773
f 1797 1798 1799
f 1798 1797 1800
f 1793 1771 1772
f 1793 1796 1787
f 1801 1799 1798
f 1802 1803 1793
f 1773 1799 1774
f 1804 1774 1799
f 1859 1805 1802
f 1803 1802 1805
f 1807 1806 1808
f 1806 1807 1809
f 1804 1809 1779
f 1804 1775 1774
f 1812 1814 1859
f 1805 1810 1857
f 1802 1772 1811
f 1812 1802 1811
f 1812 1813 1856
f 1813 1780 1856
f 1812 1856 1814
f 1772 1802 1793
f 1808 1815 1780
f 1816 1808 1806
f 1807 1808 1780
f 1807 1779 1809
f 1781 1804 1779
f 1775 1804 1781
f 1813 1817 1772
f 1772 1817 1811
f 1817 1813 1818
f 1811 1818 1813
f 1813 1812 1811
f 1780 1813 1778
f 1779 1807 1780
f 1821 1819 1820
f 1782 1820 1819
f 1819 1822 1782
f 1782 1823 1783
f 1784 1820 1782
f 1823 1782 1824
f 1782 1822 1824
f 1825 1823 1824
f 1824 1822 1826
f 1827 1823 1825
f 1823 1827 1792
f 1796 1795 1828
f 1795 1820 1828
f 1820 1784 1828
f 1783 1823 1792
f 1792 1829 1830
f 1827 1829 1792
f 1793 1803 1795
f 1784 1796 1828
f 1831 1830 1829
f 1792 1830 1791
f 1830 1833 1791
f 1831 1833 1830
f 1834 1835 1833
f 1835 1834 1836
f 1840 1835 1836
f 1834 1833 1832
f 1836 1841 1840
f 1834 1832 1837
f 1832 1831 1837
f 1836 1834 1841
f 1834 1837 1841
f 1837 1831 1829
f 1838 1839 1837
f 1840 1801 1798
f 1840 1839 1801
f 1837 1840 1841
f 1840 1837 1839
f 1801 1839 1845
f 1842 1806 1838
f 1838 1806 1843
f 1838 1843 1844
f 1801 1804 1799
f 1845 1804 1801
f 1845 1839 1844
f 1843 1806 1809
f 1809 1844 1843
f 1804 1845 1844
f 1805 1853 1803
f 1854 1803 1853
f 1854 1848 1846
f 1847 1815 1816
f 1842 1816 1806
f 1844 1809 1804
f 1846 1848 1850
f 1880 1850 1849
f 1881 1849 1855
f 1853 1852 1854
f 1851 1858 1853
f 1858 1856 1853
f 1848 1854 1855
f 1852 1856 1855
f 1849 1850 1848
f 1851 1805 1857
f 1853 1805 1851
f 1856 1815 1847
f 1858 1814 1856
f 1810 1859 1814
f 1805 1859 1810
f 1857 1858 1851
f 1815 1856 1780
f 1815 1808 1816
f 1860 1861 1820
f 1861 1860 1862
f 1863 1864 1865
f 1860 1820 1863
f 1863 1820 1864
f 1820 1861 1821
f 1866 1861 1862
f 1819 1868 1869
f 1821 1868 1819
f 1861 1870 1821
f 1821 1870 1868
f 1868 1871 1869
f 1826 1869 1871
f 1826 1871 1825
f 1861 1867 1870
f 1868 1870 1867
f 1871 1868 1867
f 1822 1819 1869
f 1869 1826 1822
f 1872 1865 1864
f 1864 1820 1795
f 1826 1825 1824
f 1873 1827 1825
f 1867 1873 1871
f 1873 1825 1871
f 1874 1873 1866
f 1873 1829 1827
f 1874 1829 1873
f 1864 1795 1803
f 1842 1838 1874
f 1875 1842 1874
f 1874 1838 1829
f 1837 1829 1838
f 1838 1844 1839
f 1803 1872 1864
f 1816 1842 1875
f 1879 1872 1803
f 1872 1901 1876
f 1877 1846 1880
f 1803 1846 1877
f 1854 1846 1803
f 1881 1878 1879
f 1877 1880 1881
f 1897 1881 1856
f 1847 1897 1856
f 1880 1846 1850
f 1848 1855 1849
f 1849 1881 1880
f 1860 1863 1882
f 1860 1882 1884
f 1865 1885 1883
f 1863 1865 1883
f 1862 1860 1913
f 1860 1884 1913
f 1867 1861 1866
f 1867 1866 1873
f 1886 1866 1862
f 1875 1866 1887
f 1866 1886 1887
f 1888 1885 1865
f 1875 1874 1866
f 1865 1872 1890
f 1888 1865 1890
f 1872 1876 1890
f 1889 1816 1875
f 1847 1816 1889
f 1898 1891 1896
f 1923 1899 1924
f 1894 1896 1893
f 1893 1902 1894
f 1895 1896 1894
f 1894 1902 1895
f 1902 1897 1895
f 1895 1897 1898
f 1891 1893 1896
f 1893 1891 1876
f 1898 1897 1899
f 1902 1893 1901
f 1900 1902 1901
f 1876 1901 1893
f 1901 1897 1900
f 1881 1897 1901
f 1902 1900 1897
f 1923 1924 1892
f 1899 1923 1898
f 1898 1923 1892
f 1883 1904 1903
f 1903 1904 1905
f 1863 1883 1882
f 1903 1882 1883
f 1903 1906 1907
f 1882 1908 1884
f 1909 1908 1882
f 1903 1909 1882
f 1903 1907 1909
f 1888 1930 1885
f 1913 1884 1908
f 1909 1910 1908
f 1909 1911 1910
f 1909 1912 1911
f 1862 1913 1886
f 1908 1910 1913
f 1910 1887 1913
f 1913 1887 1886
f 1915 1911 1912
f 1911 1887 1910
f 1875 1887 1911
f 1914 1916 1917
f 1888 1890 1916
f 1914 1888 1916
f 1918 1847 1912
f 1912 1847 1915
f 1915 1875 1911
f 1915 1889 1875
f 1915 1847 1889
f 1919 1916 1891
f 1890 1891 1916
f 1924 1899 1919
f 1920 1919 1897
f 1921 1916 1919
f 1922 1921 1919
f 1899 1897 1919
f 1925 1928 1929
f 1928 1905 1927
f 1926 1925 1930
f 1930 1929 1885
f 1930 1925 1929
f 1883 1885 1929
f 1883 1929 1927
f 1929 1928 1927
f 1904 1883 1927
f 1931 1903 1905
f 1905 1904 1927
f 1906 1903 1931
f 1932 1931 1905
f 1932 1933 1931
f 1930 1934 1926
f 1912 1909 1907
f 1907 1906 1933
f 1907 1933 1912
f 1931 1933 1906
f 1912 1933 1918
f 1934 1930 1914
f 1930 1888 1914
f 1935 1936 1917
f 1937 1938 1936
f 1942 1917 1916
f 1935 1917 1942
f 1919 1939 1945
f 1939 1919 1920
f 1961 1897 1847
f 1940 1941 1937
f 1945 1941 1940
f 1921 1922 1942
f 1919 1942 1922
f 1945 1942 1919
f 1945 1943 1942
f 1936 1935 1944
f 1944 1940 1936
f 1940 1937 1936
f 1944 1945 1940
f 1859 1802 1812
f 1800 1833 1835
f 1921 1942 1916
f 1928 1925 1946
f 1926 1934 1948
f 1946 1948 1947
f 1946 1925 1926
f 1905 1928 1932
f 1928 1949 1950
f 1950 1932 1928
f 1950 1949 1971
f 1950 1951 1932
f 1971 1951 1950
f 1948 1946 1926
f 1947 1948 1934
f 1932 1951 1933
f 1934 1917 1952
f 1933 1951 1918
f 1952 1917 1938
f 1934 1914 1917
f 1953 1954 1955
f 1938 1953 1952
f 1954 1953 1938
f 1954 1938 1956
f 1957 1918 1958
f 1938 1917 1936
f 1847 1918 1957
f 1956 1938 1984
f 1984 1959 1956
f 1963 1939 1960
f 1939 1961 1960
f 1957 1962 1961
f 1960 1961 1962
f 1961 1847 1957
f 1892 1891 1898
f 1964 1967 1963
f 1984 1938 1964
f 1938 1937 1965
f 1964 1938 1967
f 1967 1965 1963
f 1963 1945 1939
f 1920 1961 1939
f 1897 1961 1920
f 1965 1967 1938
f 1981 1959 1982
f 1945 1966 1941
f 1965 1937 1966
f 1959 1984 1982
f 1988 1969 1986
f 1966 1945 1963
f 1966 1963 1965
f 1982 1984 1963
f 1980 2007 2004
f 1890 1876 1891
f 1969 1946 1947
f 1968 1947 1934
f 1969 1928 1946
f 1928 1969 1949
f 1952 1953 1934
f 1949 1970 1971
f 1951 1971 1972
f 1970 1972 1971
f 1918 1951 1972
f 1970 1918 1972
f 1995 1955 1973
f 1953 1955 1974
f 1995 1974 1955
f 1955 1975 1976
f 1954 1975 1955
f 1973 1955 1976
f 1973 1976 1977
f 1977 1992 1973
f 1976 1975 1956
f 1992 1977 1978
f 1979 1978 1977
f 1956 1975 1954
f 1977 1976 1956
f 1977 1956 1959
f 1980 1977 1959
f 1957 1958 1962
f 1962 1963 1960
f 1898 1896 1895
f 1982 2007 1981
f 2080 2079 2077
f 1963 1983 1964
f 2095 2116 2098
f 1963 1984 1983
f 1953 1985 1968
f 1969 1947 1986
f 1947 1968 1986
f 1968 1987 1986
f 1970 1949 1969
f 1924 1919 1892
f 1988 1989 1970
f 1989 1918 1970
f 1968 1934 1953
f 1989 1990 1918
f 1991 1995 2014
f 1991 1974 1995
f 1974 1985 1953
f 1992 2014 1995
f 1992 1993 2014
f 1994 1918 1990
f 1992 2003 1993
f 1993 2003 2000
f 1995 1973 1992
f 1996 1998 1997
f 1999 2002 2000
f 2001 2002 1999
f 1998 2017 2001
f 2017 2002 2001
f 1998 2001 1999
f 1992 1978 2003
f 2000 2003 1979
f 1979 2003 1978
f 2002 1993 2000
f 1997 1999 1980
f 1997 1998 1999
f 1980 1979 1977
f 2000 1979 1999
f 1980 1999 1979
f 1997 2004 2005
f 1997 1980 2004
f 2135 2137 2136
f 2005 2004 2006
f 2127 2134 2136
f 2007 2006 2004
f 1959 1981 1980
f 1982 1963 2007
f 2007 1980 1981
f 1963 2008 2007
f 2008 1963 1962
f 1985 2009 1987
f 1987 2010 1988
f 2011 1988 2010
f 2010 1987 2009
f 2012 1985 1974
f 1968 1985 1987
f 1987 1988 1986
f 1989 1988 2011
f 2011 1990 1989
f 2010 2013 2011
f 2013 1990 2011
f 2002 2014 1993
f 2015 2016 2017
f 2014 2002 2016
f 2002 2017 2016
f 1918 1994 1958
f 1996 2017 1998
f 2017 1996 2015
f 2018 2019 1996
f 2019 2015 1996
f 2020 2021 2022
f 2018 1996 2005
f 2023 2021 2020
f 1958 2024 1962
f 2025 2022 2021
f 2021 2005 2025
f 2005 1996 1997
f 2005 2021 2018
f 2005 2006 2026
f 2005 2026 2025
f 2025 2026 2055
f 2006 2008 2026
f 2007 2008 2006
f 2012 2027 1985
f 2009 2028 2010
f 1991 2014 2029
f 1991 2012 1974
f 2010 2028 2013
f 2015 2029 2016
f 2014 2016 2029
f 1958 1994 2031
f 1958 2031 2030
f 1990 2031 1994
f 2032 2031 1990
f 2031 2032 2030
f 2023 2033 2034
f 2033 2023 2020
f 2034 2033 2035
f 2019 2034 2015
f 2034 2019 2023
f 1958 2030 2024
f 2033 2020 2036
f 2023 2019 2018
f 2021 2023 2018
f 2037 2038 2039
f 2020 2022 2036
f 2039 2036 2022
f 2038 2036 2039
f 2040 1962 2024
f 2037 2022 2025
f 2022 2037 2039
f 2055 2037 2025
f 2041 1985 2027
f 2029 2042 1991
f 2043 2012 2042
f 2027 2012 2043
f 2013 2044 1990
f 2028 2044 2013
f 2045 2044 2028
f 2045 2028 2009
f 2041 2009 1985
f 2009 2041 2045
f 2042 2012 1991
f 2032 2024 2030
f 2032 2046 2024
f 1990 2046 2032
f 2051 2047 2050
f 2048 2040 2024
f 2055 2049 2050
f 2050 2049 2051
f 2052 2049 2053
f 2047 2038 2050
f 2033 2038 2035
f 2038 2047 2035
f 2050 2038 2037
f 2033 2036 2038
f 2050 2037 2055
f 2053 2049 2055
f 2054 2008 2040
f 1962 2040 2008
f 2008 2055 2026
f 2027 2056 2041
f 2043 2056 2027
f 2042 2057 2043
f 2056 2043 2057
f 2057 2060 2056
f 2041 2056 2060
f 2015 2034 2058
f 2015 2059 2029
f 2015 2058 2059
f 2044 2046 1990
f 2115 2046 2060
f 2041 2060 2045
f 2044 2060 2046
f 2045 2060 2044
f 2035 2058 2034
f 2046 2061 2024
f 2047 2062 2063
f 2070 2084 2062
f 2063 2035 2047
f 2063 2064 2035
f 2065 2066 2048
f 2068 2088 2069
f 2070 2052 2068
f 2069 2070 2068
f 2070 2069 2071
f 2047 2051 2062
f 2051 2052 2062
f 2070 2062 2052
f 2072 2040 2048
f 2067 2048 2024
f 2073 2068 2053
f 2068 2073 2088
f 2052 2053 2068
f 2051 2049 2052
f 2073 2053 2076
f 2075 2076 2079
f 2053 2055 2076
f 2076 2055 2077
f 2076 2077 2079
f 2183 2186 2185
f 1858 1857 1810
f 2078 2075 2079
f 2078 2079 2080
f 2008 2078 2080
f 2077 2008 2080
f 2081 2008 2054
f 2055 2008 2077
f 2042 2029 2057
f 2029 2059 2082
f 2083 2029 2082
f 2057 2029 2083
f 2046 2065 2061
f 2067 2061 2065
f 2115 2065 2046
f 2048 2066 2072
f 2067 2065 2048
f 2061 2067 2024
f 2063 2062 2084
f 2084 2071 2069
f 2070 2071 2084
f 2040 2072 2085
f 2074 2086 2087
f 2074 2089 2088
f 2087 2089 2074
f 2069 2088 2089
f 2040 2085 2054
f 2086 2074 2090
f 2091 2104 2090
f 2091 2092 2104
f 2075 2074 2073
f 2073 2074 2088
f 2086 2090 2104
f 2090 2074 2075
f 2075 2073 2076
f 2090 2075 2078
f 2090 2078 2091
f 2078 2093 2091
f 2093 2078 2081
f 2078 2008 2081
f 2097 2058 2095
f 2096 2035 2100
f 2082 2097 2083
f 2059 2097 2082
f 2097 2059 2058
f 2057 2115 2060
f 2097 2098 2083
f 2098 2057 2083
f 2098 2115 2057
f 2099 2063 2084
f 2063 2099 2100
f 2064 2100 2035
f 2066 2101 2120
f 2066 2065 2101
f 2087 2086 2102
f 2085 2072 2103
f 2092 2105 2102
f 2102 2086 2092
f 2092 2106 2105
f 2105 2106 2107
f 2091 2106 2092
f 2091 2108 2109
f 2091 2109 2106
f 2109 2107 2106
f 2086 2104 2092
f 2094 2110 2109
f 2054 2085 2111
f 2094 2108 2081
f 2108 2094 2109
f 2081 2054 2094
f 2093 2108 2091
f 2093 2081 2108
f 2100 2099 2112
f 2058 2096 2113
f 2058 2114 2095
f 2113 2114 2058
f 2095 2098 2097
f 2116 2115 2098
f 1814 1858 1810
f 2116 2117 2115
f 2114 2116 2095
f 2063 2100 2064
f 2035 2096 2058
f 2096 2100 2112
f 2117 2101 2065
f 2117 2065 2115
f 2072 2066 2118
f 2118 2119 2072
f 2066 2130 2118
f 2121 2120 2101
f 2084 2089 2087
f 2084 2069 2089
f 2066 2120 2130
f 2130 2120 2121
f 2102 2105 2122
f 2105 2107 2123
f 2122 2105 2123
f 2107 2109 2123
f 2109 2110 2123
f 2110 2094 2111
f 2094 2054 2111
f 2113 2127 2114
f 2126 2124 2117
f 2117 2124 2125
f 2126 2117 2116
f 2101 2125 2128
f 2131 2128 2125
f 2131 2125 2124
f 2117 2125 2101
f 2129 2130 2121
f 2131 2118 2129
f 2129 2118 2130
f 2119 2118 2131
f 2121 2128 2129
f 2101 2128 2121
f 2131 2129 2128
f 2087 2102 2132
f 2132 2102 2142
f 2122 2142 2102
f 2110 2133 2122
f 2123 2110 2122
f 2111 2133 2110
f 2111 2085 2133
f 2138 2112 2099
f 2084 2138 2099
f 2134 2127 2113
f 2096 2134 2113
f 2134 2096 2112
f 2136 2134 2135
f 2134 2112 2138
f 2136 2137 2124
f 1833 1831 1832
f 2138 2135 2134
f 2139 2137 2135
f 2140 2139 2135
f 2127 2136 2126
f 2136 2124 2126
f 2124 2119 2131
f 2124 2141 2119
f 2084 2087 2132
f 2103 2072 2119
f 2122 2133 2142
f 2151 2133 2085
f 2144 2145 2138
f 2145 2140 2138
f 2149 2140 2145
f 2132 2146 2084
f 2084 2147 2138
f 2148 2147 2084
f 2148 2084 2146
f 2138 2140 2135
f 2137 2139 2149
f 2137 2149 2124
f 2124 2149 2141
f 2140 2149 2139
f 2142 2133 2143
f 2150 2142 2143
f 2143 2133 2151
f 2144 2147 2148
f 2152 2148 2146
f 2152 2144 2148
f 2138 2147 2144
f 2141 2145 2153
f 2119 2141 2155
f 2153 2155 2141
f 2153 2145 2144
f 2154 2153 2144
f 2141 2149 2145
f 2155 2153 2154
f 2132 2142 2156
f 2142 2150 2156
f 2156 2150 2157
f 2150 2143 2157
f 2143 2151 2157
f 2152 2158 2144
f 2152 2159 2158
f 2158 2154 2144
f 2154 2158 2160
f 2146 2132 2159
f 2146 2159 2152
f 2161 2103 2119
f 2161 2119 2155
f 2154 2160 2155
f 2160 2161 2155
f 2162 2103 2161
f 2132 2156 2163
f 2085 2103 2164
f 2165 2156 2157
f 2157 2166 2165
f 2164 2166 2085
f 2166 2151 2085
f 2166 2157 2151
f 2159 2167 2158
f 2132 2163 2159
f 2159 2163 2173
f 2162 2164 2103
f 2173 2167 2159
f 2158 2161 2160
f 2158 2168 2161
f 2162 2161 2168
f 2167 2168 2158
f 1778 1772 1777
f 2170 2162 2168
f 2167 2169 2168
f 2162 2170 2164
f 2173 2169 2167
f 2169 2170 2168
f 2169 2172 2170
f 2173 2172 2169
f 2174 2176 2173
f 2172 2173 2176
f 2163 2174 2173
f 2175 2172 2176
f 2172 2177 2170
f 2177 2172 2179
f 2179 2178 2177
f 2177 2178 2171
f 2172 2175 2179
f 2179 2180 2178
f 2175 2180 2179
f 2163 2156 2165
f 2163 2165 2166
f 2166 2164 2181
f 2164 2171 2181
f 2171 2164 2170
f 2171 2182 2181
f 2177 2171 2170
f 2178 2182 2171
f 2180 2182 2178
f 2176 2174 2175
f 2174 2184 2175
f 2175 2184 2180
f 2163 2183 2174
f 2186 2163 2166
f 2186 2166 2181
f 1840 1798 1800
f 2182 2180 2184
f 2184 2181 2182
f 2185 2186 2181
f 2185 2184 2174
f 2184 2185 2181
f 2174 2183 2185
f 1935 1942 1943
f 1935 1945 1944
f 1937 1941 1966
f 1945 1935 1943
f 1881 1901 1878
f 1879 1878 1901
f 1872 1879 1901
f 1877 1881 1879
f 1803 1877 1879
f 1881 1855 1856
f 1856 1852 1853
f 1983 1984 1964
f 1988 1970 1969
f 1891 1892 1919
f 2127 2126 2114
f 2126 2116 2114
f 2183 2163 2186
f 1852 1855 1854
f 1778 1813 1772
f 1811 1817 1818
f 2187 2188 2197
f 2191 2192 2193
f 2189 2191 2187
f 2187 2191 2188
f 2194 2189 2187
f 2194 2190 2189
f 2191 2193 2188
f 2194 2195 2190
f 2188 2193 2199
f 2196 2194 2187
f 2194 2196 2195
f 2187 2197 2196
f 2196 2197 2198
f 2199 2197 2188
f 2200 2201 2202
f 2203 2201 2204
f 2202 2201 2203
f 2202 2203 2205
f 2208 2209 2206
f 2204 2206 2207
f 2206 2204 2208
f 2201 2208 2204
f 2201 2210 2208
f 2208 2210 2209
f 2203 2211 2212
f 2212 2205 2203
f 2206 2215 2207
f 2207 2215 2191
f 2207 2191 2189
f 2203 2204 2207
f 2207 2189 2203
f 2206 2209 2215
f 2218 2215 2209
f 2251 2218 2209
f 2253 2258 2218
f 2211 2213 2214
f 2212 2211 2205
f 2205 2214 2202
f 2189 2211 2203
f 2215 2217 2191
f 2215 2216 2217
f 2216 2215 2218
f 2211 2189 2190
f 2211 2214 2205
f 2219 2217 2216
f 2220 2221 2211
f 2191 2217 2192
f 2222 2192 2217
f 2277 2223 2220
f 2221 2220 2223
f 2225 2224 2226
f 2224 2225 2227
f 2222 2227 2197
f 2222 2193 2192
f 2230 2232 2277
f 2223 2228 2275
f 2220 2190 2229
f 2230 2220 2229
f 2230 2231 2274
f 2231 2198 2274
f 2230 2274 2232
f 2190 2220 2211
f 2226 2233 2198
f 2234 2226 2224
f 2225 2226 2198
f 2225 2197 2227
f 2199 2222 2197
f 2193 2222 2199
f 2231 2235 2190
f 2190 2235 2229
f 2235 2231 2236
f 2229 2236 2231
f 2231 2230 2229
f 2198 2231 2196
f 2197 2225 2198
f 2239 2237 2238
f 2200 2238 2237
f 2237 2240 2200
f 2200 2241 2201
f 2202 2238 2200
f 2241 2200 2242
f 2200 2240 2242
f 2243 2241 2242
f 2242 2240 2244
f 2245 2241 2243
f 2241 2245 2210
f 2214 2213 2246
f 2213 2238 2246
f 2238 2202 2246
f 2201 2241 2210
f 2210 2247 2248
f 2245 2247 2210
f 2211 2221 2213
f 2202 2214 2246
f 2249 2248 2247
f 2210 2248 2209
f 2248 2251 2209
f 2249 2251 2248
f 2252 2253 2251
f 2253 2252 2254
f 2258 2253 2254
f 2252 2251 2250
f 2254 2259 2258
f 2252 2250 2255
f 2250 2249 2255
f 2254 2252 2259
f 2252 2255 2259
f 2255 2249 2247
f 2256 2257 2255
f 2258 2219 2216
f 2258 2257 2219
f 2255 2258 2259
f 2258 2255 2257
f 2219 2257 2263
f 2260 2224 2256
f 2256 2224 2261
f 2256 2261 2262
f 2219 2222 2217
f 2263 2222 2219
f 2263 2257 2262
f 2261 2224 2227
f 2227 2262 2261
f 2222 2263 2262
f 2223 2271 2221
f 2272 2221 2271
f 2272 2266 2264
f 2265 2233 2234
f 2260 2234 2224
f 2262 2227 2222
f 2264 2266 2268
f 2298 2268 2267
f 2299 2267 2273
f 2271 2270 2272
f 2269 2276 2271
f 2276 2274 2271
f 2266 2272 2273
f 2270 2274 2273
f 2267 2268 2266
f 2269 2223 2275
f 2271 2223 2269
f 2274 2233 2265
f 2276 2232 2274
f 2228 2277 2232
f 2223 2277 2228
f 2275 2276 2269
f 2233 2274 2198
f 2233 2226 2234
f 2278 2279 2238
f 2279 2278 2280
f 2281 2282 2283
f 2278 2238 2281
f 2281 2238 2282
f 2238 2279 2239
f 2284 2279 2280
f 2237 2286 2287
f 2239 2286 2237
f 2279 2288 2239
f 2239 2288 2286
f 2286 2289 2287
f 2244 2287 2289
f 2244 2289 2243
f 2279 2285 2288
f 2286 2288 2285
f 2289 2286 2285
f 2240 2237 2287
f 2287 2244 2240
f 2290 2283 2282
f 2282 2238 2213
f 2244 2243 2242
f 2291 2245 2243
f 2285 2291 2289
f 2291 2243 2289
f 2292 2291 2284
f 2291 2247 2245
f 2292 2247 2291
f 2282 2213 2221
f 2260 2256 2292
f 2293 2260 2292
f 2292 2256 2247
f 2255 2247 2256
f 2256 2262 2257
f 2221 2290 2282
f 2234 2260 2293
f 2297 2290 2221
f 2290 2319 2294
f 2295 2264 2298
f 2221 2264 2295
f 2272 2264 2221
f 2299 2296 2297
f 2295 2298 2299
f 2315 2299 2274
f 2265 2315 2274
f 2298 2264 2268
f 2266 2273 2267
f 2267 2299 2298
f 2278 2281 2300
f 2278 2300 2302
f 2283 2303 2301
f 2281 2283 2301
f 2280 2278 2331
f 2278 2302 2331
f 2285 2279 2284
f 2285 2284 2291
f 2304 2284 2280
f 2293 2284 2305
f 2284 2304 2305
f 2306 2303 2283
f 2293 2292 2284
f 2283 2290 2308
f 2306 2283 2308
f 2290 2294 2308
f 2307 2234 2293
f 2265 2234 2307
f 2316 2309 2314
f 2341 2317 2342
f 2312 2314 2311
f 2311 2320 2312
f 2313 2314 2312
f 2312 2320 2313
f 2320 2315 2313
f 2313 2315 2316
f 2309 2311 2314
f 2311 2309 2294
f 2316 2315 2317
f 2320 2311 2319
f 2318 2320 2319
f 2294 2319 2311
f 2319 2315 2318
f 2299 2315 2319
f 2320 2318 2315
f 2341 2342 2310
f 2317 2341 2316
f 2316 2341 2310
f 2301 2322 2321
f 2321 2322 2323
f 2281 2301 2300
f 2321 2300 2301
f 2321 2324 2325
f 2300 2326 2302
f 2327 2326 2300
f 2321 2327 2300
f 2321 2325 2327
f 2306 2348 2303
f 2331 2302 2326
f 2327 2328 2326
f 2327 2329 2328
f 2327 2330 2329
f 2280 2331 2304
f 2326 2328 2331
f 2328 2305 2331
f 2331 2305 2304
f 2333 2329 2330
f 2329 2305 2328
f 2293 2305 2329
f 2332 2334 2335
f 2306 2308 2334
f 2332 2306 2334
f 2336 2265 2330
f 2330 2265 2333
f 2333 2293 2329
f 2333 2307 2293
f 2333 2265 2307
f 2337 2334 2309
f 2308 2309 2334
f 2342 2317 2337
f 2338 2337 2315
f 2339 2334 2337
f 2340 2339 2337
f 2317 2315 2337
f 2343 2346 2347
f 2346 2323 2345
f 2344 2343 2348
f 2348 2347 2303
f 2348 2343 2347
f 2301 2303 2347
f 2301 2347 2345
f 2347 2346 2345
f 2322 2301 2345
f 2349 2321 2323
f 2323 2322 2345
f 2324 2321 2349
f 2350 2349 2323
f 2350 2351 2349
f 2348 2352 2344
f 2330 2327 2325
f 2325 2324 2351
f 2325 2351 2330
f 2349 2351 2324
f 2330 2351 2336
f 2352 2348 2332
f 2348 2306 2332
f 2353 2354 2335
f 2355 2356 2354
f 2360 2335 2334
f 2353 2335 2360
f 2337 2357 2363
f 2357 2337 2338
f 2379 2315 2265
f 2358 2359 2355
f 2363 2359 2358
f 2339 2340 2360
f 2337 2360 2340
f 2363 2360 2337
f 2363 2361 2360
f 2354 2353 2362
f 2362 2358 2354
f 2358 2355 2354
f 2362 2363 2358
f 2277 2220 2230
f 2218 2251 2253
f 2339 2360 2334
f 2346 2343 2364
f 2344 2352 2366
f 2364 2366 2365
f 2364 2343 2344
f 2323 2346 2350
f 2346 2367 2368
f 2368 2350 2346
f 2368 2367 2389
f 2368 2369 2350
f 2389 2369 2368
f 2366 2364 2344
f 2365 2366 2352
f 2350 2369 2351
f 2352 2335 2370
f 2351 2369 2336
f 2370 2335 2356
f 2352 2332 2335
f 2371 2372 2373
f 2356 2371 2370
f 2372 2371 2356
f 2372 2356 2374
f 2375 2336 2376
f 2356 2335 2354
f 2265 2336 2375
f 2374 2356 2402
f 2402 2377 2374
f 2381 2357 2378
f 2357 2379 2378
f 2375 2380 2379
f 2378 2379 2380
f 2379 2265 2375
f 2310 2309 2316
f 2382 2385 2381
f 2402 2356 2382
f 2356 2355 2383
f 2382 2356 2385
f 2385 2383 2381
f 2381 2363 2357
f 2338 2379 2357
f 2315 2379 2338
f 2383 2385 2356
f 2399 2377 2400
f 2363 2384 2359
f 2383 2355 2384
f 2377 2402 2400
f 2406 2387 2404
f 2384 2363 2381
f 2384 2381 2383
f 2400 2402 2381
f 2398 2425 2422
f 2308 2294 2309
f 2387 2364 2365
f 2386 2365 2352
f 2387 2346 2364
f 2346 2387 2367
f 2370 2371 2352
f 2367 2388 2389
f 2369 2389 2390
f 2388 2390 2389
f 2336 2369 2390
f 2388 2336 2390
f 2413 2373 2391
f 2371 2373 2392
f 2413 2392 2373
f 2373 2393 2394
f 2372 2393 2373
f 2391 2373 2394
f 2391 2394 2395
f 2395 2410 2391
f 2394 2393 2374
f 2410 2395 2396
f 2397 2396 2395
f 2374 2393 2372
f 2395 2394 2374
f 2395 2374 2377
f 2398 2395 2377
f 2375 2376 2380
f 2380 2381 2378
f 2316 2314 2313
f 2400 2425 2399
f 2498 2497 2495
f 2381 2401 2382
f 2513 2534 2516
f 2381 2402 2401
f 2371 2403 2386
f 2387 2365 2404
f 2365 2386 2404
f 2386 2405 2404
f 2388 2367 2387
f 2342 2337 2310
f 2406 2407 2388
f 2407 2336 2388
f 2386 2352 2371
f 2407 2408 2336
f 2409 2413 2432
f 2409 2392 2413
f 2392 2403 2371
f 2410 2432 2413
f 2410 2411 2432
f 2412 2336 2408
f 2410 2421 2411
f 2411 2421 2418
f 2413 2391 2410
f 2414 2416 2415
f 2417 2420 2418
f 2419 2420 2417
f 2416 2435 2419
f 2435 2420 2419
f 2416 2419 2417
f 2410 2396 2421
f 2418 2421 2397
f 2397 2421 2396
f 2420 2411 2418
f 2415 2417 2398
f 2415 2416 2417
f 2398 2397 2395
f 2418 2397 2417
f 2398 2417 2397
f 2415 2422 2423
f 2415 2398 2422
f 2553 2555 2554
f 2423 2422 2424
f 2545 2552 2554
f 2425 2424 2422
f 2377 2399 2398
f 2400 2381 2425
f 2425 2398 2399
f 2381 2426 2425
f 2426 2381 2380
f 2403 2427 2405
f 2405 2428 2406
f 2429 2406 2428
f 2428 2405 2427
f 2430 2403 2392
f 2386 2403 2405
f 2405 2406 2404
f 2407 2406 2429
f 2429 2408 2407
f 2428 2431 2429
f 2431 2408 2429
f 2420 2432 2411
f 2433 2434 2435
f 2432 2420 2434
f 2420 2435 2434
f 2336 2412 2376
f 2414 2435 2416
f 2435 2414 2433
f 2436 2437 2414
f 2437 2433 2414
f 2438 2439 2440
f 2436 2414 2423
f 2441 2439 2438
f 2376 2442 2380
f 2443 2440 2439
f 2439 2423 2443
f 2423 2414 2415
f 2423 2439 2436
f 2423 2424 2444
f 2423 2444 2443
f 2443 2444 2473
f 2424 2426 2444
f 2425 2426 2424
f 2430 2445 2403
f 2427 2446 2428
f 2409 2432 2447
f 2409 2430 2392
f 2428 2446 2431
f 2433 2447 2434
f 2432 2434 2447
f 2376 2412 2449
f 2376 2449 2448
f 2408 2449 2412
f 2450 2449 2408
f 2449 2450 2448
f 2441 2451 2452
f 2451 2441 2438
f 2452 2451 2453
f 2437 2452 2433
f 2452 2437 2441
f 2376 2448 2442
f 2451 2438 2454
f 2441 2437 2436
f 2439 2441 2436
f 2455 2456 2457
f 2438 2440 2454
f 2457 2454 2440
f 2456 2454 2457
f 2458 2380 2442
f 2455 2440 2443
f 2440 2455 2457
f 2473 2455 2443
f 2459 2403 2445
f 2447 2460 2409
f 2461 2430 2460
f 2445 2430 2461
f 2431 2462 2408
f 2446 2462 2431
f 2463 2462 2446
f 2463 2446 2427
f 2459 2427 2403
f 2427 2459 2463
f 2460 2430 2409
f 2450 2442 2448
f 2450 2464 2442
f 2408 2464 2450
f 2469 2465 2468
f 2466 2458 2442
f 2473 2467 2468
f 2468 2467 2469
f 2470 2467 2471
f 2465 2456 2468
f 2451 2456 2453
f 2456 2465 2453
f 2468 2456 2455
f 2451 2454 2456
f 2468 2455 2473
f 2471 2467 2473
f 2472 2426 2458
f 2380 2458 2426
f 2426 2473 2444
f 2445 2474 2459
f 2461 2474 2445
f 2460 2475 2461
f 2474 2461 2475
f 2475 2478 2474
f 2459 2474 2478
f 2433 2452 2476
f 2433 2477 2447
f 2433 2476 2477
f 2462 2464 2408
f 2533 2464 2478
f 2459 2478 2463
f 2462 2478 2464
f 2463 2478 2462
f 2453 2476 2452
f 2464 2479 2442
f 2465 2480 2481
f 2488 2502 2480
f 2481 2453 2465
f 2481 2482 2453
f 2483 2484 2466
f 2486 2506 2487
f 2488 2470 2486
f 2487 2488 2486
f 2488 2487 2489
f 2465 2469 2480
f 2469 2470 2480
f 2488 2480 2470
f 2490 2458 2466
f 2485 2466 2442
f 2491 2486 2471
f 2486 2491 2506
f 2470 2471 2486
f 2469 2467 2470
f 2491 2471 2494
f 2493 2494 2497
f 2471 2473 2494
f 2494 2473 2495
f 2494 2495 2497
f 2601 2604 2603
f 2276 2275 2228
f 2496 2493 2497
f 2496 2497 2498
f 2426 2496 2498
f 2495 2426 2498
f 2499 2426 2472
f 2473 2426 2495
f 2460 2447 2475
f 2447 2477 2500
f 2501 2447 2500
f 2475 2447 2501
f 2464 2483 2479
f 2485 2479 2483
f 2533 2483 2464
f 2466 2484 2490
f 2485 2483 2466
f 2479 2485 2442
f 2481 2480 2502
f 2502 2489 2487
f 2488 2489 2502
f 2458 2490 2503
f 2492 2504 2505
f 2492 2507 2506
f 2505 2507 2492
f 2487 2506 2507
f 2458 2503 2472
f 2504 2492 2508
f 2509 2522 2508
f 2509 2510 2522
f 2493 2492 2491
f 2491 2492 2506
f 2504 2508 2522
f 2508 2492 2493
f 2493 2491 2494
f 2508 2493 2496
f 2508 2496 2509
f 2496 2511 2509
f 2511 2496 2499
f 2496 2426 2499
f 2515 2476 2513
f 2514 2453 2518
f 2500 2515 2501
f 2477 2515 2500
f 2515 2477 2476
f 2475 2533 2478
f 2515 2516 2501
f 2516 2475 2501
f 2516 2533 2475
f 2517 2481 2502
f 2481 2517 2518
f 2482 2518 2453
f 2484 2519 2538
f 2484 2483 2519
f 2505 2504 2520
f 2503 2490 2521
f 2510 2523 2520
f 2520 2504 2510
f 2510 2524 2523
f 2523 2524 2525
f 2509 2524 2510
f 2509 2526 2527
f 2509 2527 2524
f 2527 2525 2524
f 2504 2522 2510
f 2512 2528 2527
f 2472 2503 2529
f 2512 2526 2499
f 2526 2512 2527
f 2499 2472 2512
f 2511 2526 2509
f 2511 2499 2526
f 2518 2517 2530
f 2476 2514 2531
f 2476 2532 2513
f 2531 2532 2476
f 2513 2516 2515
f 2534 2533 2516
f 2232 2276 2228
f 2534 2535 2533
f 2532 2534 2513
f 2481 2518 2482
f 2453 2514 2476
f 2514 2518 2530
f 2535 2519 2483
f 2535 2483 2533
f 2490 2484 2536
f 2536 2537 2490
f 2484 2548 2536
f 2539 2538 2519
f 2502 2507 2505
f 2502 2487 2507
f 2484 2538 2548
f 2548 2538 2539
f 2520 2523 2540
f 2523 2525 2541
f 2540 2523 2541
f 2525 2527 2541
f 2527 2528 2541
f 2528 2512 2529
f 2512 2472 2529
f 2531 2545 2532
f 2544 2542 2535
f 2535 2542 2543
f 2544 2535 2534
f 2519 2543 2546
f 2549 2546 2543
f 2549 2543 2542
f 2535 2543 2519
f 2547 2548 2539
f 2549 2536 2547
f 2547 2536 2548
f 2537 2536 2549
f 2539 2546 2547
f 2519 2546 2539
f 2549 2547 2546
f 2505 2520 2550
f 2550 2520 2560
f 2540 2560 2520
f 2528 2551 2540
f 2541 2528 2540
f 2529 2551 2528
f 2529 2503 2551
f 2556 2530 2517
f 2502 2556 2517
f 2552 2545 2531
f 2514 2552 2531
f 2552 2514 2530
f 2554 2552 2553
f 2552 2530 2556
f 2554 2555 2542
f 2251 2249 2250
f 2556 2553 2552
f 2557 2555 2553
f 2558 2557 2553
f 2545 2554 2544
f 2554 2542 2544
f 2542 2537 2549
f 2542 2559 2537
f 2502 2505 2550
f 2521 2490 2537
f 2540 2551 2560
f 2569 2551 2503
f 2562 2563 2556
f 2563 2558 2556
f 2567 2558 2563
f 2550 2564 2502
f 2502 2565 2556
f 2566 2565 2502
f 2566 2502 2564
f 2556 2558 2553
f 2555 2557 2567
f 2555 2567 2542
f 2542 2567 2559
f 2558 2567 2557
f 2560 2551 2561
f 2568 2560 2561
f 2561 2551 2569
f 2562 2565 2566
f 2570 2566 2564
f 2570 2562 2566
f 2556 2565 2562
f 2559 2563 2571
f 2537 2559 2573
f 2571 2573 2559
f 2571 2563 2562
f 2572 2571 2562
f 2559 2567 2563
f 2573 2571 2572
f 2550 2560 2574
f 2560 2568 2574
f 2574 2568 2575
f 2568 2561 2575
f 2561 2569 2575
f 2570 2576 2562
f 2570 2577 2576
f 2576 2572 2562
f 2572 2576 2578
f 2564 2550 2577
f 2564 2577 2570
f 2579 2521 2537
f 2579 2537 2573
f 2572 2578 2573
f 2578 2579 2573
f 2580 2521 2579
f 2550 2574 2581
f 2503 2521 2582
f 2583 2574 2575
f 2575 2584 2583
f 2582 2584 2503
f 2584 2569 2503
f 2584 2575 2569
f 2577 2585 2576
f 2550 2581 2577
f 2577 2581 2591
f 2580 2582 2521
f 2591 2585 2577
f 2576 2579 2578
f 2576 2586 2579
f 2580 2579 2586
f 2585 2586 2576
f 2196 2190 2195
f 2588 2580 2586
f 2585 2587 2586
f 2580 2588 2582
f 2591 2587 2585
f 2587 2588 2586
f 2587 2590 2588
f 2591 2590 2587
f 2592 2594 2591
f 2590 2591 2594
f 2581 2592 2591
f 2593 2590 2594
f 2590 2595 2588
f 2595 2590 2597
f 2597 2596 2595
f 2595 2596 2589
f 2590 2593 2597
f 2597 2598 2596
f 2593 2598 2597
f 2581 2574 2583
f 2581 2583 2584
f 2584 2582 2599
f 2582 2589 2599
f 2589 2582 2588
f 2589 2600 2599
f 2595 2589 2588
f 2596 2600 2589
f 2598 2600 2596
f 2594 2592 2593
f 2592 2602 2593
f 2593 2602 2598
f 2581 2601 2592
f 2604 2581 2584
f 2604 2584 2599
f 2258 2216 2218
f 2600 2598 2602
f 2602 2599 2600
f 2603 2604 2599
f 2603 2602 2592
f 2602 2603 2599
f 2592 2601 2603
f 2353 2360 2361
f 2353 2363 2362
f 2355 2359 2384
f 2363 2353 2361
f 2299 2319 2296
f 2297 2296 2319
f 2290 2297 2319
f 2295 2299 2297
f 2221 2295 2297
f 2299 2273 2274
f 2274 2270 2271
f 2401 2402 2382
f 2406 2388 2387
f 2309 2310 2337
f 2545 2544 2532
f 2544 2534 2532
f 2601 2581 2604
f 2270 2273 2272
f 2196 2231 2190
f 2229 2235 2236
f 2605 2609 2606
f 2606 2609 2610
f 2605 2606 2607
f 2606 2608 2607
f 2605 2611 2609
f 2612 2610 2609
f 2612 2609 2611
f 2619 2611 2613
f 2613 2611 2617
f 2610 2614 2606
f 2610 2612 2614
f 2614 2612 2615
f 2616 2605 2607
f 2616 2607 2608
f 2611 2605 2617
f 2617 2618 2613
f 2612 2611 2619
f 2612 2619 2618
f 2620 2621 2628
f 2628 2621 2618
f 2622 2608 2624
f 2624 2606 2614
f 2608 2606 2624
f 2624 2614 2625
f 2625 2614 2615
f 2616 2627 2605
f 2629 2605 2627
f 2617 2628 2618
f 2628 2617 2629
f 2617 2605 2629
f 2612 2618 2621
f 2612 2621 2615
f 2630 2622 2624
f 2608 2622 2623
f 2625 2626 2624
f 2624 2626 2631
f 2625 2615 2632
f 2632 2615 2633
f 2628 2629 2627
f 2615 2621 2634
f 2621 2620 2634
f 2636 2622 2630
f 2623 2622 2635
f 2631 2630 2624
f 2638 2631 2626
f 2623 2639 2608
f 2625 2632 2626
f 2616 2608 2639
f 2627 2616 2643
f 2627 2640 2620
f 2620 2628 2627
f 2615 2634 2633
f 2633 2634 2620
f 2635 2622 2645
f 2637 2623 2635
f 2647 2636 2630
f 2641 2647 2630
f 2641 2630 2631
f 2631 2638 2655
f 2655 2638 2642
f 2626 2633 2638
f 2642 2638 2633
f 2626 2632 2633
f 2627 2643 2640
f 2639 2643 2616
f 2633 2620 2663
f 2620 2640 2663
f 2636 2644 2645
f 2645 2622 2636
f 2645 2646 2635
f 2635 2648 2637
f 2635 2646 2648
f 2648 2649 2637
f 2644 2636 2647
f 2651 2650 2647
f 2647 2650 2644
f 2651 2647 2641
f 2652 2651 2641
f 2652 2650 2651
f 2637 2639 2623
f 2653 2639 2637
f 2631 2654 2641
f 2642 2654 2655
f 2654 2631 2655
f 2642 2633 2654
f 2645 2656 2646
f 2656 2669 2646
f 2670 2646 2669
f 2644 2657 2659
f 2658 2644 2659
f 2658 2645 2644
f 2650 2658 2659
f 2646 2670 2648
f 2653 2637 2649
f 2658 2650 2652
f 2641 2654 2652
f 2661 2640 2643
f 2654 2633 2663
f 2654 2663 2664
f 2663 2640 2662
f 2663 2662 2664
f 2665 2656 2666
f 2665 2667 2656
f 2665 2668 2667
f 2645 2658 2656
f 2656 2667 2669
f 2669 2667 2671
f 2648 2670 2672
f 2648 2672 2649
f 2652 2654 2673
f 2674 2658 2652
f 2673 2674 2652
f 2639 2653 2660
f 2675 2673 2654
f 2643 2639 2660
f 2661 2662 2640
f 2660 2661 2643
f 2654 2664 2675
f 2666 2656 2676
f 2658 2676 2656
f 2677 2681 2676
f 2676 2681 2666
f 2666 2668 2665
f 2678 2668 2666
f 2678 2679 2668
f 2678 2666 2681
f 2678 2680 2679
f 2682 2667 2668
f 2682 2668 2679
f 2682 2679 2683
f 2658 2684 2676
f 2658 2674 2684
f 2676 2684 2677
f 2671 2670 2669
f 2667 2682 2671
f 2683 2671 2682
f 2670 2685 2672
f 2685 2670 2671
f 2687 2686 2672
f 2653 2649 2688
f 2672 2689 2649
f 2653 2688 2690
f 2649 2701 2688
f 2674 2673 2691
f 2660 2653 2661
f 2653 2694 2661
f 2653 2690 2692
f 2653 2692 2694
f 2692 2693 2694
f 2691 2673 2675
f 2661 2694 2662
f 2664 2662 2675
f 2681 2695 2678
f 2680 2678 2695
f 2680 2695 2696
f 2677 2697 2681
f 2696 2695 2713
f 2695 2681 2697
f 2696 2679 2680
f 2679 2696 2698
f 2734 2731 2735
f 2697 2677 2684
f 2683 2679 2698
f 2671 2683 2685
f 2683 2698 2699
f 2713 2698 2696
f 2685 2683 2699
f 2672 2685 2687
f 2685 2699 2700
f 2689 2701 2649
f 2672 2686 2689
f 2689 2686 2702
f 2686 2687 2702
f 2689 2702 2701
f 2702 2688 2701
f 2688 2702 2718
f 2690 2688 2703
f 2691 2684 2674
f 2692 2703 2693
f 2690 2703 2692
f 2694 2693 2723
f 2675 2662 2705
f 2675 2705 2691
f 2662 2740 2705
f 2723 2662 2694
f 2740 2662 2706
f 2723 2706 2662
f 2697 2710 2707
f 2708 2707 2710
f 2709 2715 2713
f 2710 2697 2684
f 2708 2711 2707
f 2712 2710 2684
f 2711 2713 2695
f 2711 2695 2697
f 2707 2711 2697
f 2699 2716 2700
f 2699 2715 2716
f 2698 2715 2699
f 2713 2715 2698
f 2715 2709 2716
f 2685 2700 2687
f 2687 2700 2717
f 2717 2702 2687
f 2718 2702 2732
f 2718 2703 2688
f 2703 2718 2704
f 2732 2704 2718
f 2732 2719 2704
f 2704 2719 2720
f 2705 2722 2721
f 2704 2693 2703
f 2693 2704 2723
f 2723 2704 2724
f 2704 2720 2724
f 2725 2724 2720
f 2721 2691 2705
f 2726 2706 2723
f 2706 2726 2740
f 2740 2726 2727
f 2724 2727 2723
f 2723 2727 2726
f 2724 2725 2727
f 2728 2729 2711
f 2730 2714 2729
f 2730 2717 2709
f 2716 2709 2717
f 2717 2731 2732
f 2712 2708 2710
f 2742 2708 2712
f 2742 2733 2708
f 2708 2733 2728
f 2708 2728 2711
f 2729 2714 2711
f 2713 2711 2714
f 2713 2714 2709
f 2714 2730 2709
f 2700 2716 2717
f 2741 2722 2735
f 2741 2721 2722
f 2735 2722 2705
f 2717 2732 2702
f 2705 2734 2735
f 2735 2731 2717
f 2657 2644 2650
f 2731 2736 2732
f 2731 2739 2736
f 2731 2734 2739
f 2732 2736 2719
f 2736 2720 2719
f 2739 2720 2736
f 2691 2712 2684
f 2737 2712 2691
f 2691 2721 2738
f 2705 2740 2739
f 2705 2739 2734
f 2740 2725 2720
f 2720 2739 2740
f 2740 2727 2725
f 2730 2729 2728
f 2741 2717 2730
f 2744 2741 2743
f 2735 2717 2741
f 2738 2742 2737
f 2733 2742 2738
f 2743 2730 2728
f 2743 2728 2733
f 2741 2730 2743
f 2733 2738 2743
f 2743 2738 2744
f 2738 2721 2744
f 2741 2744 2721
f 2737 2691 2738
f 2712 2737 2742
f 2650 2659 2657
f 2619 2613 2618
f 2745 2749 2746
f 2746 2749 2750
f 2745 2746 2747
f 2746 2748 2747
f 2745 2751 2749
f 2752 2750 2749
f 2752 2749 2751
f 2759 2751 2753
f 2753 2751 2757
f 2750 2754 2746
f 2750 2752 2754
f 2754 2752 2755
f 2756 2745 2747
f 2756 2747 2748
f 2751 2745 2757
f 2757 2758 2753
f 2752 2751 2759
f 2752 2759 2758
f 2760 2761 2768
f 2768 2761 2758
f 2762 2748 2764
f 2764 2746 2754
f 2748 2746 2764
f 2764 2754 2765
f 2765 2754 2755
f 2756 2767 2745
f 2769 2745 2767
f 2757 2768 2758
f 2768 2757 2769
f 2757 2745 2769
f 2752 2758 2761
f 2752 2761 2755
f 2770 2762 2764
f 2748 2762 2763
f 2765 2766 2764
f 2764 2766 2771
f 2765 2755 2772
f 2772 2755 2773
f 2768 2769 2767
f 2755 2761 2774
f 2761 2760 2774
f 2776 2762 2770
f 2763 2762 2775
f 2771 2770 2764
f 2778 2771 2766
f 2763 2779 2748
f 2765 2772 2766
f 2756 2748 2779
f 2767 2756 2783
f 2767 2780 2760
f 2760 2768 2767
f 2755 2774 2773
f 2773 2774 2760
f 2775 2762 2785
f 2777 2763 2775
f 2787 2776 2770
f 2781 2787 2770
f 2781 2770 2771
f 2771 2778 2795
f 2795 2778 2782
f 2766 2773 2778
f 2782 2778 2773
f 2766 2772 2773
f 2767 2783 2780
f 2779 2783 2756
f 2773 2760 2803
f 2760 2780 2803
f 2776 2784 2785
f 2785 2762 2776
f 2785 2786 2775
f 2775 2788 2777
f 2775 2786 2788
f 2788 2789 2777
f 2784 2776 2787
f 2791 2790 2787
f 2787 2790 2784
f 2791 2787 2781
f 2792 2791 2781
f 2792 2790 2791
f 2777 2779 2763
f 2793 2779 2777
f 2771 2794 2781
f 2782 2794 2795
f 2794 2771 2795
f 2782 2773 2794
f 2785 2796 2786
f 2796 2809 2786
f 2810 2786 2809
f 2784 2797 2799
f 2798 2784 2799
f 2798 2785 2784
f 2790 2798 2799
f 2786 2810 2788
f 2793 2777 2789
f 2798 2790 2792
f 2781 2794 2792
f 2801 2780 2783
f 2794 2773 2803
f 2794 2803 2804
f 2803 2780 2802
f 2803 2802 2804
f 2805 2796 2806
f 2805 2807 2796
f 2805 2808 2807
f 2785 2798 2796
f 2796 2807 2809
f 2809 2807 2811
f 2788 2810 2812
f 2788 2812 2789
f 2792 2794 2813
f 2814 2798 2792
f 2813 2814 2792
f 2779 2793 2800
f 2815 2813 2794
f 2783 2779 2800
f 2801 2802 2780
f 2800 2801 2783
f 2794 2804 2815
f 2806 2796 2816
f 2798 2816 2796
f 2817 2821 2816
f 2816 2821 2806
f 2806 2808 2805
f 2818 2808 2806
f 2818 2819 2808
f 2818 2806 2821
f 2818 2820 2819
f 2822 2807 2808
f 2822 2808 2819
f 2822 2819 2823
f 2798 2824 2816
f 2798 2814 2824
f 2816 2824 2817
f 2811 2810 2809
f 2807 2822 2811
f 2823 2811 2822
f 2810 2825 2812
f 2825 2810 2811
f 2827 2826 2812
f 2793 2789 2828
f 2812 2829 2789
f 2793 2828 2830
f 2789 2841 2828
f 2814 2813 2831
f 2800 2793 2801
f 2793 2834 2801
f 2793 2830 2832
f 2793 2832 2834
f 2832 2833 2834
f 2831 2813 2815
f 2801 2834 2802
f 2804 2802 2815
f 2821 2835 2818
f 2820 2818 2835
f 2820 2835 2836
f 2817 2837 2821
f 2836 2835 2853
f 2835 2821 2837
f 2836 2819 2820
f 2819 2836 2838
f 2874 2871 2875
f 2837 2817 2824
f 2823 2819 2838
f 2811 2823 2825
f 2823 2838 2839
f 2853 2838 2836
f 2825 2823 2839
f 2812 2825 2827
f 2825 2839 2840
f 2829 2841 2789
f 2812 2826 2829
f 2829 2826 2842
f 2826 2827 2842
f 2829 2842 2841
f 2842 2828 2841
f 2828 2842 2858
f 2830 2828 2843
f 2831 2824 2814
f 2832 2843 2833
f 2830 2843 2832
f 2834 2833 2863
f 2815 2802 2845
f 2815 2845 2831
f 2802 2880 2845
f 2863 2802 2834
f 2880 2802 2846
f 2863 2846 2802
f 2837 2850 2847
f 2848 2847 2850
f 2849 2855 2853
f 2850 2837 2824
f 2848 2851 2847
f 2852 2850 2824
f 2851 2853 2835
f 2851 2835 2837
f 2847 2851 2837
f 2839 2856 2840
f 2839 2855 2856
f 2838 2855 2839
f 2853 2855 2838
f 2855 2849 2856
f 2825 2840 2827
f 2827 2840 2857
f 2857 2842 2827
f 2858 2842 2872
f 2858 2843 2828
f 2843 2858 2844
f 2872 2844 2858
f 2872 2859 2844
f 2844 2859 2860
f 2845 2862 2861
f 2844 2833 2843
f 2833 2844 2863
f 2863 2844 2864
f 2844 2860 2864
f 2865 2864 2860
f 2861 2831 2845
f 2866 2846 2863
f 2846 2866 2880
f 2880 2866 2867
f 2864 2867 2863
f 2863 2867 2866
f 2864 2865 2867
f 2868 2869 2851
f 2870 2854 2869
f 2870 2857 2849
f 2856 2849 2857
f 2857 2871 2872
f 2852 2848 2850
f 2882 2848 2852
f 2882 2873 2848
f 2848 2873 2868
f 2848 2868 2851
f 2869 2854 2851
f 2853 2851 2854
f 2853 2854 2849
f 2854 2870 2849
f 2840 2856 2857
f 2881 2862 2875
f 2881 2861 2862
f 2875 2862 2845
f 2857 2872 2842
f 2845 2874 2875
f 2875 2871 2857
f 2797 2784 2790
f 2871 2876 2872
f 2871 2879 2876
f 2871 2874 2879
f 2872 2876 2859
f 2876 2860 2859
f 2879 2860 2876
f 2831 2852 2824
f 2877 2852 2831
f 2831 2861 2878
f 2845 2880 2879
f 2845 2879 2874
f 2880 2865 2860
f 2860 2879 2880
f 2880 2867 2865
f 2870 2869 2868
f 2881 2857 2870
f 2884 2881 2883
f 2875 2857 2881
f 2878 2882 2877
f 2873 2882 2878
f 2883 2870 2868
f 2883 2868 2873
f 2881 2870 2883
f 2873 2878 2883
f 2883 2878 2884
f 2878 2861 2884
f 2881 2884 2861
f 2877 2831 2878
f 2852 2877 2882
f 2790 2799 2797
f 2759 2753 2758
f 2889 2885 2886
f 2889 2888 2887
f 2892 2888 2889
f 2889 2887 2885
f 2896 2885 2887
f 2892 2894 2888
f 2886 2891 2890
f 2889 2890 2892
f 2890 2889 2886
f 2892 2893 2894
f 2895 2891 2896
f 2887 2895 2896
f 2898 2888 2894
f 2897 2888 2898
f 2896 2886 2885
f 2887 2888 2897
f 2887 2897 2895
f 2890 2899 2892
f 2899 2890 2900
f 2899 2900 2901
f 2892 2901 2902
f 2892 2899 2901
f 2891 2900 2890
f 2900 2891 2903
f 2892 2902 2893
f 2903 2891 2895
f 2893 2902 2920
f 2893 2904 2894
f 2905 2898 2904
f 2906 2901 2916
f 2916 2901 2900
f 2916 2900 2903
f 2907 2903 2895
f 2893 2927 2908
f 2897 2898 2895
f 2933 2932 2909
f 2906 2911 2910
f 2902 2906 2910
f 2911 2912 2910
f 2902 2910 2914
f 2912 2909 2910
f 2910 2909 2914
f 2913 2912 2911
f 2912 2913 2909
f 2909 2932 2914
f 2932 2915 2902
f 2906 2902 2901
f 2911 2906 2916
f 2916 2903 2913
f 2916 2913 2911
f 2903 2907 2913
f 2918 2902 2917
f 2919 2902 2918
f 2902 2919 2920
f 3049 2921 2895
f 2918 2921 2919
f 2926 2893 2920
f 2919 2921 2920
f 2920 2923 2926
f 2923 2924 2926
f 2923 2920 2925
f 2893 2926 2927
f 2924 2928 2926
f 2929 2920 2927
f 2928 2929 2927
f 2929 2925 2920
f 2935 2930 2931
f 2934 2932 2933
f 2933 2935 2934
f 2941 2935 2933
f 2933 2913 2941
f 2915 2934 2935
f 2933 2909 2913
f 2918 2917 2951
f 2950 2951 2917
f 2936 2907 2895
f 2959 2937 2938
f 2930 2940 2939
f 2930 2939 2931
f 2941 2940 2930
f 2930 2935 2941
f 2942 2940 2941
f 2941 2943 2942
f 2940 2942 2939
f 2944 2942 2943
f 2931 2945 2935
f 2939 2945 2931
f 2939 2946 2945
f 2946 2938 2945
f 2938 2946 2959
f 2942 2946 2939
f 2959 2946 2942
f 2959 2947 2937
f 2947 2959 2944
f 2941 2913 2948
f 2907 2948 2913
f 2943 2941 2948
f 2943 2948 2907
f 2935 2945 2915
f 2915 2945 2902
f 2952 2953 2955
f 2956 2955 2938
f 2955 2954 2938
f 2938 2937 2956
f 2956 2937 2957
f 2956 2952 2955
f 2967 2956 2957
f 2947 2957 2937
f 2952 2956 2967
f 2967 2957 2958
f 2954 2955 2953
f 2967 2958 2907
f 2959 2942 2944
f 2943 2907 2944
f 2944 2907 2947
f 2958 2947 2907
f 2954 2945 2938
f 2949 2950 2917
f 2961 2972 2971
f 2975 2936 2971
f 2963 2964 2953
f 2953 2966 2963
f 2966 2953 2952
f 2966 2952 2968
f 2968 2952 2967
f 2963 2966 2965
f 2965 2966 2982
f 2982 2966 2984
f 2984 2966 2968
f 2964 2954 2953
f 2968 2967 2969
f 2963 2965 2964
f 2907 2969 2967
f 2954 2964 2917
f 2945 2917 2902
f 2954 2917 2945
f 2949 2917 2960
f 2964 2960 2917
f 2975 2907 2936
f 2961 2971 2949
f 2949 2960 2970
f 2949 2971 2962
f 2971 2972 2978
f 2971 2978 2973
f 2975 2971 2973
f 2974 2970 2960
f 2975 2976 2977
f 2978 2972 2961
f 2970 2978 2961
f 2970 2973 2978
f 2979 2980 2981
f 2981 2965 2982
f 2982 2983 2981
f 2982 2984 2983
f 2983 2979 2981
f 2996 2983 2984
f 2968 2969 2984
f 2979 2983 2996
f 2984 2969 2985
f 2979 2996 2991
f 2965 2981 2980
f 2907 2922 2969
f 2986 2960 2987
f 2987 2960 2988
f 2986 2974 2960
f 2986 2975 2977
f 2986 2977 2974
f 2988 2986 2987
f 2975 3009 2922
f 3009 3038 2922
f 2988 2989 2986
f 2958 2957 2947
f 2988 2990 2989
f 2979 2991 2980
f 2991 2992 2980
f 2996 2992 2991
f 2992 2996 2993
f 2993 2996 2994
f 2992 2995 2980
f 3015 2995 2992
f 2996 2984 2985
f 2996 2985 2998
f 2997 2998 2985
f 2969 2997 2985
f 2996 2998 2994
f 2997 2994 2998
f 2995 2999 2980
f 2994 2997 3000
f 3000 2997 2969
f 2964 2965 2980
f 2980 2999 2964
f 3021 2964 2999
f 2960 2964 3021
f 3007 2960 3023
f 2988 3002 3001
f 2990 2988 3001
f 2960 3004 2988
f 3002 2988 3004
f 2989 2990 3003
f 2960 3008 3004
f 3002 3004 3003
f 3007 3008 2960
f 3004 3008 3006
f 3007 3005 3009
f 3006 3009 3005
f 3006 3005 3004
f 3004 3005 3012
f 3007 3009 3008
f 3003 3008 3009
f 3009 3006 3012
f 3008 3003 3006
f 3012 3003 3004
f 3007 3010 3011
f 3007 3011 3005
f 3007 3023 3010
f 3011 3013 3012
f 2915 2932 2934
f 2976 2973 2970
f 3003 3009 2989
f 3015 2992 2993
f 2993 2994 3014
f 3014 3015 2993
f 3026 3015 3014
f 3016 2994 3000
f 3016 3014 2994
f 3014 3017 3026
f 3016 3017 3014
f 2925 2929 2924
f 3015 3026 3018
f 3000 3017 3016
f 3000 3019 3017
f 3018 2999 2995
f 3019 3000 2969
f 2999 3018 3021
f 3021 3018 3022
f 3020 3021 3022
f 3020 3023 3021
f 3003 3012 3006
f 3025 3020 3039
f 3024 3013 3010
f 3011 3012 3005
f 3024 3023 3020
f 3025 3024 3020
f 3021 3023 2960
f 3009 3039 3038
f 2990 3001 3003
f 2995 3015 3018
f 3009 3025 3039
f 3013 3011 3010
f 3024 3010 3023
f 3009 3012 3013
f 3043 3036 3042
f 2932 2902 2914
f 3046 3048 3047
f 3013 3024 3025
f 3013 3025 3009
f 3026 3017 3033
f 3026 3029 3027
f 3026 3033 3029
f 3028 3029 3033
f 3027 3031 3032
f 3017 3019 3033
f 3033 3019 3028
f 3019 3034 3028
f 3046 3034 3019
f 3018 3026 3027
f 3035 3018 3027
f 3032 3035 3027
f 3048 3035 3032
f 3036 3048 3032
f 3048 3040 3035
f 3046 3019 2969
f 2975 2986 2989
f 2969 3038 3046
f 3018 3037 3022
f 3035 3037 3018
f 3037 3035 3040
f 3037 3040 3022
f 3039 3040 3038
f 3022 3039 3020
f 3040 3039 3022
f 3042 3036 3031
f 3029 3031 3027
f 3030 3029 3028
f 3042 3031 3029
f 3042 3029 3043
f 3043 3029 3030
f 3041 3043 3030
f 3043 3044 3036
f 3036 3032 3031
f 3036 3044 3047
f 3030 3028 3041
f 3041 3028 3034
f 3034 3046 3045
f 2896 2891 2886
f 3045 3046 3047
f 3036 3047 3048
f 3040 3048 3046
f 3046 3038 3040
f 3045 3043 3041
f 3034 3045 3041
f 3044 3043 3045
f 3044 3045 3047
f 2936 2950 2971
f 2950 2949 2962
f 2971 2950 2962
f 2936 2895 2950
f 2950 2895 2951
f 2918 2895 2921
f 2951 2895 2918
f 2921 3049 2920
f 2920 3049 2927
f 2927 3049 2908
f 3049 2905 2908
f 2905 2893 2908
f 2893 2905 2904
f 2898 2894 2904
f 3049 2895 2898
f 2898 2905 3049
f 2970 2961 2949
f 2974 2977 2976
f 2970 2974 2976
f 2976 2975 2973
f 2989 3009 2975
f 2927 2926 2928
f 2924 2923 2925
f 2929 2928 2924
f 3001 3002 3003
f 3038 2969 2922
f 2907 2975 2922
f 3054 3050 3051
f 3054 3053 3052
f 3057 3053 3054
f 3054 3052 3050
f 3061 3050 3052
f 3057 3059 3053
f 3051 3056 3055
f 3054 3055 3057
f 3055 3054 3051
f 3057 3058 3059
f 3060 3056 3061
f 3052 3060 3061
f 3063 3053 3059
f 3062 3053 3063
f 3061 3051 3050
f 3052 3053 3062
f 3052 3062 3060
f 3055 3064 3057
f 3064 3055 3065
f 3064 3065 3066
f 3057 3066 3067
f 3057 3064 3066
f 3056 3065 3055
f 3065 3056 3068
f 3057 3067 3058
f 3068 3056 3060
f 3058 3067 3085
f 3058 3069 3059
f 3070 3063 3069
f 3071 3066 3081
f 3081 3066 3065
f 3081 3065 3068
f 3072 3068 3060
f 3058 3092 3073
f 3062 3063 3060
f 3098 3097 3074
f 3071 3076 3075
f 3067 3071 3075
f 3076 3077 3075
f 3067 3075 3079
f 3077 3074 3075
f 3075 3074 3079
f 3078 3077 3076
f 3077 3078 3074
f 3074 3097 3079
f 3097 3080 3067
f 3071 3067 3066
f 3076 3071 3081
f 3081 3068 3078
f 3081 3078 3076
f 3068 3072 3078
f 3083 3067 3082
f 3084 3067 3083
f 3067 3084 3085
f 3214 3086 3060
f 3083 3086 3084
f 3091 3058 3085
f 3084 3086 3085
f 3085 3088 3091
f 3088 3089 3091
f 3088 3085 3090
f 3058 3091 3092
f 3089 3093 3091
f 3094 3085 3092
f 3093 3094 3092
f 3094 3090 3085
f 3100 3095 3096
f 3099 3097 3098
f 3098 3100 3099
f 3106 3100 3098
f 3098 3078 3106
f 3080 3099 3100
f 3098 3074 3078
f 3083 3082 3116
f 3115 3116 3082
f 3101 3072 3060
f 3124 3102 3103
f 3095 3105 3104
f 3095 3104 3096
f 3106 3105 3095
f 3095 3100 3106
f 3107 3105 3106
f 3106 3108 3107
f 3105 3107 3104
f 3109 3107 3108
f 3096 3110 3100
f 3104 3110 3096
f 3104 3111 3110
f 3111 3103 3110
f 3103 3111 3124
f 3107 3111 3104
f 3124 3111 3107
f 3124 3112 3102
f 3112 3124 3109
f 3106 3078 3113
f 3072 3113 3078
f 3108 3106 3113
f 3108 3113 3072
f 3100 3110 3080
f 3080 3110 3067
f 3117 3118 3120
f 3121 3120 3103
f 3120 3119 3103
f 3103 3102 3121
f 3121 3102 3122
f 3121 3117 3120
f 3132 3121 3122
f 3112 3122 3102
f 3117 3121 3132
f 3132 3122 3123
f 3119 3120 3118
f 3132 3123 3072
f 3124 3107 3109
f 3108 3072 3109
f 3109 3072 3112
f 3123 3112 3072
f 3119 3110 3103
f 3114 3115 3082
f 3126 3137 3136
f 3140 3101 3136
f 3128 3129 3118
f 3118 3131 3128
f 3131 3118 3117
f 3131 3117 3133
f 3133 3117 3132
f 3128 3131 3130
f 3130 3131 3147
f 3147 3131 3149
f 3149 3131 3133
f 3129 3119 3118
f 3133 3132 3134
f 3128 3130 3129
f 3072 3134 3132
f 3119 3129 3082
f 3110 3082 3067
f 3119 3082 3110
f 3114 3082 3125
f 3129 3125 3082
f 3140 3072 3101
f 3126 3136 3114
f 3114 3125 3135
f 3114 3136 3127
f 3136 3137 3143
f 3136 3143 3138
f 3140 3136 3138
f 3139 3135 3125
f 3140 3141 3142
f 3143 3137 3126
f 3135 3143 3126
f 3135 3138 3143
f 3144 3145 3146
f 3146 3130 3147
f 3147 3148 3146
f 3147 3149 3148
f 3148 3144 3146
f 3161 3148 3149
f 3133 3134 3149
f 3144 3148 3161
f 3149 3134 3150
f 3144 3161 3156
f 3130 3146 3145
f 3072 3087 3134
f 3151 3125 3152
f 3152 3125 3153
f 3151 3139 3125
f 3151 3140 3142
f 3151 3142 3139
f 3153 3151 3152
f 3140 3174 3087
f 3174 3203 3087
f 3153 3154 3151
f 3123 3122 3112
f 3153 3155 3154
f 3144 3156 3145
f 3156 3157 3145
f 3161 3157 3156
f 3157 3161 3158
f 3158 3161 3159
f 3157 3160 3145
f 3180 3160 3157
f 3161 3149 3150
f 3161 3150 3163
f 3162 3163 3150
f 3134 3162 3150
f 3161 3163 3159
f 3162 3159 3163
f 3160 3164 3145
f 3159 3162 3165
f 3165 3162 3134
f 3129 3130 3145
f 3145 3164 3129
f 3186 3129 3164
f 3125 3129 3186
f 3172 3125 3188
f 3153 3167 3166
f 3155 3153 3166
f 3125 3169 3153
f 3167 3153 3169
f 3154 3155 3168
f 3125 3173 3169
f 3167 3169 3168
f 3172 3173 3125
f 3169 3173 3171
f 3172 3170 3174
f 3171 3174 3170
f 3171 3170 3169
f 3169 3170 3177
f 3172 3174 3173
f 3168 3173 3174
f 3174 3171 3177
f 3173 3168 3171
f 3177 3168 3169
f 3172 3175 3176
f 3172 3176 3170
f 3172 3188 3175
f 3176 3178 3177
f 3080 3097 3099
f 3141 3138 3135
f 3168 3174 3154
f 3180 3157 3158
f 3158 3159 3179
f 3179 3180 3158
f 3191 3180 3179
f 3181 3159 3165
f 3181 3179 3159
f 3179 3182 3191
f 3181 3182 3179
f 3090 3094 3089
f 3180 3191 3183
f 3165 3182 3181
f 3165 3184 3182
f 3183 3164 3160
f 3184 3165 3134
f 3164 3183 3186
f 3186 3183 3187
f 3185 3186 3187
f 3185 3188 3186
f 3168 3177 3171
f 3190 3185 3204
f 3189 3178 3175
f 3176 3177 3170
f 3189 3188 3185
f 3190 3189 3185
f 3186 3188 3125
f 3174 3204 3203
f 3155 3166 3168
f 3160 3180 3183
f 3174 3190 3204
f 3178 3176 3175
f 3189 3175 3188
f 3174 3177 3178
f 3208 3201 3207
f 3097 3067 3079
f 3211 3213 3212
f 3178 3189 3190
f 3178 3190 3174
f 3191 3182 3198
f 3191 3194 3192
f 3191 3198 3194
f 3193 3194 3198
f 3192 3196 3197
f 3182 3184 3198
f 3198 3184 3193
f 3184 3199 3193
f 3211 3199 3184
f 3183 3191 3192
f 3200 3183 3192
f 3197 3200 3192
f 3213 3200 3197
f 3201 3213 3197
f 3213 3205 3200
f 3211 3184 3134
f 3140 3151 3154
f 3134 3203 3211
f 3183 3202 3187
f 3200 3202 3183
f 3202 3200 3205
f 3202 3205 3187
f 3204 3205 3203
f 3187 3204 3185
f 3205 3204 3187
f 3207 3201 3196
f 3194 3196 3192
f 3195 3194 3193
f 3207 3196 3194
f 3207 3194 3208
f 3208 3194 3195
f 3206 3208 3195
f 3208 3209 3201
f 3201 3197 3196
f 3201 3209 3212
f 3195 3193 3206
f 3206 3193 3199
f 3199 3211 3210
f 3061 3056 3051
f 3210 3211 3212
f 3201 3212 3213
f 3205 3213 3211
f 3211 3203 3205
f 3210 3208 3206
f 3199 3210 3206
f 3209 3208 3210
f 3209 3210 3212
f 3101 3115 3136
f 3115 3114 3127
f 3136 3115 3127
f 3101 3060 3115
f 3115 3060 3116
f 3083 3060 3086
f 3116 3060 3083
f 3086 3214 3085
f 3085 3214 3092
f 3092 3214 3073
f 3214 3070 3073
f 3070 3058 3073
f 3058 3070 3069
f 3063 3059 3069
f 3214 3060 3063
f 3063 3070 3214
f 3135 3126 3114
f 3139 3142 3141
f 3135 3139 3141
f 3141 3140 3138
f 3154 3174 3140
f 3092 3091 3093
f 3089 3088 3090
f 3094 3093 3089
f 3166 3167 3168
f 3203 3134 3087
f 3072 3140 3087
f 3217 3216 3215
f 3223 3217 3219
f 3220 3219 3215
f 3217 3215 3219
f 3218 3222 3216
f 3216 3217 3218
f 3223 3218 3217
f 3220 3215 3224
f 3216 3222 3215
f 3218 3221 3222
f 3218 3223 3221
f 3224 3225 3220
f 3242 3219 3225
f 3219 3220 3225
f 3226 3219 3242
f 3219 3227 3223
f 3228 3227 3219
f 3229 3215 3222
f 3246 3229 3222
f 3221 3246 3222
f 3221 3223 3246
f 3232 3231 3235
f 3236 3219 3226
f 3219 3236 3237
f 3226 3242 3234
f 3234 3235 3226
f 3219 3237 3228
f 3243 3240 3241
f 3224 3215 3238
f 3238 3225 3224
f 3238 3215 3239
f 3239 3215 3229
f 3240 3242 3225
f 3241 3239 3243
f 3234 3243 3239
f 3229 3246 3245
f 3443 3445 3410
f 3232 3235 3233
f 3233 3247 3232
f 3247 3231 3232
f 3248 3233 3249
f 3407 3405 3391
f 3226 3235 3231
f 3233 3235 3244
f 3231 3250 3226
f 3226 3250 3236
f 3234 3244 3235
f 3234 3239 3244
f 3249 3233 3244
f 3249 3244 3251
f 3252 3227 3228
f 3252 3223 3227
f 3239 3251 3244
f 3229 3251 3239
f 3252 3245 3223
f 3245 3246 3223
f 3251 3229 3245
f 3245 3255 3251
f 3237 3256 3228
f 3253 3252 3228
f 3253 3228 3258
f 3253 3259 3254
f 3257 3248 3277
f 3277 3248 3249
f 3249 3251 3255
f 3255 3260 3249
f 3254 3245 3252
f 3259 3255 3245
f 3254 3252 3253
f 3259 3245 3254
f 3273 3250 3231
f 3247 3273 3231
f 3236 3250 3274
f 3236 3261 3262
f 3237 3236 3262
f 3262 3256 3237
f 3228 3256 3264
f 3264 3258 3228
f 3253 3258 3265
f 3248 3266 3233
f 3247 3233 3266
f 3257 3266 3248
f 3266 3267 3247
f 3249 3268 3277
f 3265 3259 3253
f 3269 3265 3270
f 3268 3260 3271
f 3249 3260 3268
f 3259 3265 3269
f 3260 3259 3269
f 3260 3255 3259
f 3274 3250 3273
f 3272 3261 3274
f 3274 3261 3236
f 3262 3261 3272
f 3275 3262 3272
f 3256 3262 3275
f 3275 3263 3256
f 3263 3264 3256
f 3265 3258 3270
f 3276 3277 3278
f 3278 3277 3268
f 3271 3281 3279
f 3269 3270 3280
f 3271 3260 3281
f 3280 3282 3269
f 3282 3260 3269
f 3281 3260 3282
f 3273 3283 3274
f 3323 3283 3273
f 3274 3283 3272
f 3275 3272 3284
f 3285 3286 3263
f 3263 3286 3264
f 3258 3264 3286
f 3270 3286 3288
f 3267 3266 3257
f 3289 3273 3247
f 3286 3270 3258
f 3287 3270 3288
f 3280 3270 3290
f 3290 3270 3287
f 3291 3257 3277
f 3276 3291 3277
f 3278 3268 3271
f 3278 3271 3279
f 3292 3278 3279
f 3293 3294 3290
f 3294 3280 3290
f 3282 3280 3294
f 3293 3290 3287
f 3323 3273 3289
f 3285 3263 3275
f 3288 3286 3295
f 3287 3288 3296
f 3296 3297 3287
f 3298 3247 3267
f 3291 3267 3257
f 3278 3292 3299
f 3287 3297 3293
f 3281 3300 3279
f 3297 3294 3293
f 3301 3282 3294
f 3281 3282 3301
f 3301 3294 3297
f 3297 3302 3301
f 3301 3300 3281
f 3285 3275 3303
f 3284 3304 3275
f 3303 3275 3304
f 3305 3285 3303
f 3286 3285 3305
f 3247 3298 3289
f 3306 3323 3289
f 3284 3272 3283
f 3307 3283 3323
f 3308 3284 3283
f 3283 3307 3308
f 3309 3299 3310
f 3299 3292 3310
f 3310 3292 3311
f 3296 3288 3295
f 3296 3295 3312
f 3267 3291 3343
f 3313 3278 3299
f 3297 3314 3302
f 3300 3315 3279
f 3304 3305 3303
f 3316 3286 3305
f 3286 3316 3295
f 3317 3295 3316
f 3295 3317 3318
f 3319 3307 3306
f 3318 3312 3295
f 3320 3296 3312
f 3321 3267 3343
f 3322 3289 3298
f 3321 3298 3267
f 3289 3322 3306
f 3323 3306 3307
f 3276 3313 3324
f 3299 3309 3313
f 3325 3311 3292
f 3325 3310 3311
f 3325 3292 3279
f 3297 3296 3314
f 3276 3278 3313
f 3315 3325 3279
f 3315 3300 3326
f 3326 3300 3327
f 3300 3301 3328
f 3302 3328 3301
f 3329 3300 3328
f 3304 3330 3305
f 3330 3316 3305
f 3331 3320 3312
f 3318 3331 3312
f 3322 3332 3330
f 3306 3330 3319
f 3330 3333 3319
f 3330 3306 3322
f 3319 3308 3307
f 3284 3308 3333
f 3319 3333 3308
f 3304 3284 3333
f 3309 3310 3334
f 3335 3310 3325
f 3336 3325 3326
f 3296 3320 3337
f 3322 3298 3332
f 3298 3321 3332
f 3291 3338 3339
f 3276 3338 3291
f 3276 3324 3338
f 3313 3309 3324
f 3315 3326 3325
f 3326 3340 3336
f 3340 3326 3327
f 3325 3336 3341
f 3341 3336 3342
f 3336 3340 3342
f 3342 3340 3327
f 3339 3343 3291
f 3327 3300 3329
f 3316 3330 3317
f 3317 3344 3331
f 3318 3317 3331
f 3331 3345 3320
f 3320 3345 3346
f 3330 3304 3333
f 3325 3341 3335
f 3346 3337 3320
f 3337 3346 3347
f 3347 3348 3337
f 3349 3332 3321
f 3338 3324 3350
f 3351 3341 3342
f 3352 3343 3339
f 3342 3327 3329
f 3364 3351 3342
f 3342 3329 3353
f 3314 3296 3348
f 3337 3348 3296
f 3354 3353 3329
f 3348 3355 3314
f 3356 3302 3314
f 3302 3356 3328
f 3356 3314 3355
f 3356 3329 3328
f 3355 3357 3356
f 3329 3356 3357
f 3358 3357 3355
f 3344 3345 3331
f 3344 3317 3330
f 3345 3359 3346
f 3346 3359 3347
f 3360 3361 3349
f 3334 3350 3324
f 3310 3335 3362
f 3341 3351 3335
f 3335 3351 3363
f 3364 3363 3351
f 3364 3353 3365
f 3353 3366 3365
f 3359 3367 3347
f 3368 3386 3347
f 3347 3386 3348
f 3330 3332 3361
f 3361 3332 3349
f 3330 3361 3369
f 3370 3349 3321
f 3370 3321 3343
f 3339 3338 3350
f 3309 3334 3324
f 3353 3354 3366
f 3366 3354 3371
f 3342 3353 3364
f 3329 3357 3372
f 3372 3354 3329
f 3371 3354 3372
f 3373 3358 3355
f 3345 3344 3374
f 3375 3376 3330
f 3344 3330 3376
f 3377 3360 3398
f 3362 3334 3310
f 3335 3363 3395
f 3378 3335 3395
f 3395 3363 3379
f 3380 3381 3379
f 3368 3347 3367
f 3360 3377 3361
f 3370 3400 3349
f 3377 3369 3361
f 3370 3352 3382
f 3364 3379 3363
f 3365 3379 3364
f 3380 3379 3365
f 3366 3380 3365
f 3384 3380 3383
f 3384 3381 3380
f 3384 3383 3385
f 3386 3368 3405
f 3343 3352 3370
f 3380 3366 3383
f 3383 3366 3371
f 3386 3373 3348
f 3372 3383 3371
f 3383 3372 3385
f 3372 3357 3387
f 3387 3357 3358
f 3373 3355 3348
f 3373 3387 3358
f 3376 3388 3344
f 3344 3388 3374
f 3374 3389 3345
f 3389 3374 3388
f 3389 3359 3345
f 3391 3367 3390
f 3393 3335 3378
f 3393 3378 3394
f 3378 3395 3396
f 3378 3396 3394
f 3396 3395 3379
f 3367 3359 3389
f 3367 3389 3390
f 3397 3398 3392
f 3392 3398 3360
f 3360 3400 3392
f 3399 3400 3382
f 3369 3377 3401
f 3401 3377 3398
f 3330 3369 3401
f 3362 3350 3334
f 3350 3362 3352
f 3379 3381 3402
f 3402 3381 3403
f 3402 3403 3404
f 3367 3405 3368
f 3405 3367 3391
f 3349 3400 3360
f 3370 3382 3400
f 3339 3350 3352
f 3381 3384 3403
f 3403 3384 3385
f 3385 3409 3403
f 3386 3405 3406
f 3407 3408 3406
f 3405 3407 3406
f 3385 3372 3387
f 3387 3409 3385
f 3373 3386 3406
f 3373 3410 3387
f 3410 3373 3406
f 3408 3410 3406
f 3410 3409 3387
f 3412 3411 3413
f 3416 3412 3413
f 3412 3414 3411
f 3414 3415 3411
f 3414 3412 3416
f 3417 3413 3411
f 3418 3413 3417
f 3418 3399 3413
f 3419 3389 3388
f 3419 3420 3389
f 3421 3389 3420
f 3421 3420 3422
f 3397 3392 3418
f 3418 3417 3397
f 3417 3423 3397
f 3397 3423 3398
f 3423 3424 3398
f 3362 3335 3393
f 3362 3394 3425
f 3394 3396 3426
f 3425 3394 3426
f 3426 3427 3425
f 3425 3427 3428
f 3426 3396 3379
f 3379 3427 3426
f 3429 3379 3402
f 3389 3421 3390
f 3422 3430 3421
f 3390 3421 3391
f 3422 3431 3430
f 3391 3430 3432
f 3418 3392 3399
f 3401 3424 3433
f 3401 3398 3424
f 3330 3401 3375
f 3352 3362 3382
f 3434 3429 3402
f 3429 3434 3435
f 3434 3402 3404
f 3436 3435 3434
f 3462 3435 3436
f 3430 3391 3421
f 3399 3392 3400
f 3434 3404 3436
f 3391 3439 3438
f 3391 3438 3437
f 3439 3391 3432
f 3439 3440 3438
f 3465 3440 3439
f 3403 3441 3404
f 3409 3441 3403
f 3404 3441 3436
f 3441 3409 3436
f 3407 3391 3437
f 3437 3408 3407
f 3436 3409 3442
f 3437 3438 3408
f 3443 3408 3438
f 3440 3443 3438
f 3440 3444 3443
f 3445 3409 3410
f 3241 3240 3225
f 3443 3410 3408
f 3464 3445 3443
f 3444 3464 3443
f 3415 3414 3446
f 3414 3449 3448
f 3448 3446 3414
f 3411 3415 3446
f 3446 3417 3411
f 3447 3416 3413
f 3450 3446 3448
f 3450 3433 3446
f 3399 3449 3447
f 3423 3446 3433
f 3388 3375 3419
f 3451 3419 3375
f 3419 3451 3420
f 3452 3473 3420
f 3473 3422 3420
f 3446 3423 3417
f 3447 3413 3399
f 3376 3375 3388
f 3427 3379 3453
f 3427 3453 3454
f 3454 3453 3456
f 3453 3455 3456
f 3473 3456 3422
f 3456 3455 3422
f 3433 3424 3423
f 3394 3362 3393
f 3362 3425 3428
f 3453 3379 3429
f 3457 3453 3429
f 3455 3453 3457
f 3429 3435 3457
f 3458 3457 3435
f 3431 3422 3455
f 3430 3431 3459
f 3459 3460 3430
f 3455 3459 3431
f 3461 3460 3455
f 3459 3455 3460
f 3461 3455 3457
f 3462 3458 3435
f 3458 3462 3461
f 3458 3461 3457
f 3461 3432 3460
f 3462 3436 3442
f 3461 3462 3442
f 3432 3430 3460
f 3432 3465 3439
f 3442 3409 3463
f 3409 3464 3463
f 3440 3465 3444
f 3444 3463 3464
f 3463 3444 3465
f 3464 3409 3445
f 3468 3448 3449
f 3466 3450 3448
f 3466 3448 3468
f 3467 3468 3449
f 3468 3467 3469
f 3466 3468 3469
f 3449 3399 3467
f 3470 3471 3375
f 3375 3471 3451
f 3452 3471 3472
f 3451 3452 3420
f 3451 3471 3452
f 3454 3472 3427
f 3473 3452 3472
f 3454 3456 3473
f 3472 3454 3473
f 3382 3362 3474
f 3428 3474 3362
f 3461 3442 3432
f 3442 3465 3432
f 3463 3475 3442
f 3463 3465 3475
f 3475 3465 3442
f 3433 3450 3476
f 3476 3450 3466
f 3469 3477 3466
f 3466 3477 3476
f 3470 3375 3478
f 3479 3428 3481
f 3480 3471 3470
f 3480 3481 3471
f 3472 3471 3481
f 3481 3427 3472
f 3427 3481 3428
f 3401 3478 3375
f 3428 3479 3474
f 3479 3399 3382
f 3474 3479 3382
f 3477 3482 3476
f 3476 3482 3433
f 3467 3477 3469
f 3477 3467 3482
f 3433 3484 3401
f 3482 3485 3433
f 3482 3467 3483
f 3482 3483 3485
f 3433 3485 3484
f 3485 3480 3484
f 3485 3486 3480
f 3485 3483 3486
f 3484 3478 3401
f 3478 3484 3480
f 3483 3479 3486
f 3470 3478 3480
f 3481 3480 3486
f 3479 3467 3399
f 3467 3479 3483
f 3481 3486 3479
f 3230 3243 3234
f 3240 3243 3242
f 3243 3230 3242
f 3416 3447 3414
f 3414 3447 3449
f 3239 3241 3225
f 3239 3225 3238
f 3242 3230 3234
f 3489 3488 3487
f 3495 3489 3491
f 3492 3491 3487
f 3489 3487 3491
f 3490 3494 3488
f 3488 3489 3490
f 3495 3490 3489
f 3492 3487 3496
f 3488 3494 3487
f 3490 3493 3494
f 3490 3495 3493
f 3496 3497 3492
f 3514 3491 3497
f 3491 3492 3497
f 3498 3491 3514
f 3491 3499 3495
f 3500 3499 3491
f 3501 3487 3494
f 3518 3501 3494
f 3493 3518 3494
f 3493 3495 3518
f 3504 3503 3507
f 3508 3491 3498
f 3491 3508 3509
f 3498 3514 3506
f 3506 3507 3498
f 3491 3509 3500
f 3515 3512 3513
f 3496 3487 3510
f 3510 3497 3496
f 3510 3487 3511
f 3511 3487 3501
f 3512 3514 3497
f 3513 3511 3515
f 3506 3515 3511
f 3501 3518 3517
f 3715 3717 3682
f 3504 3507 3505
f 3505 3519 3504
f 3519 3503 3504
f 3520 3505 3521
f 3679 3677 3663
f 3498 3507 3503
f 3505 3507 3516
f 3503 3522 3498
f 3498 3522 3508
f 3506 3516 3507
f 3506 3511 3516
f 3521 3505 3516
f 3521 3516 3523
f 3524 3499 3500
f 3524 3495 3499
f 3511 3523 3516
f 3501 3523 3511
f 3524 3517 3495
f 3517 3518 3495
f 3523 3501 3517
f 3517 3527 3523
f 3509 3528 3500
f 3525 3524 3500
f 3525 3500 3530
f 3525 3531 3526
f 3529 3520 3549
f 3549 3520 3521
f 3521 3523 3527
f 3527 3532 3521
f 3526 3517 3524
f 3531 3527 3517
f 3526 3524 3525
f 3531 3517 3526
f 3545 3522 3503
f 3519 3545 3503
f 3508 3522 3546
f 3508 3533 3534
f 3509 3508 3534
f 3534 3528 3509
f 3500 3528 3536
f 3536 3530 3500
f 3525 3530 3537
f 3520 3538 3505
f 3519 3505 3538
f 3529 3538 3520
f 3538 3539 3519
f 3521 3540 3549
f 3537 3531 3525
f 3541 3537 3542
f 3540 3532 3543
f 3521 3532 3540
f 3531 3537 3541
f 3532 3531 3541
f 3532 3527 3531
f 3546 3522 3545
f 3544 3533 3546
f 3546 3533 3508
f 3534 3533 3544
f 3547 3534 3544
f 3528 3534 3547
f 3547 3535 3528
f 3535 3536 3528
f 3537 3530 3542
f 3548 3549 3550
f 3550 3549 3540
f 3543 3553 3551
f 3541 3542 3552
f 3543 3532 3553
f 3552 3554 3541
f 3554 3532 3541
f 3553 3532 3554
f 3545 3555 3546
f 3595 3555 3545
f 3546 3555 3544
f 3547 3544 3556
f 3557 3558 3535
f 3535 3558 3536
f 3530 3536 3558
f 3542 3558 3560
f 3539 3538 3529
f 3561 3545 3519
f 3558 3542 3530
f 3559 3542 3560
f 3552 3542 3562
f 3562 3542 3559
f 3563 3529 3549
f 3548 3563 3549
f 3550 3540 3543
f 3550 3543 3551
f 3564 3550 3551
f 3565 3566 3562
f 3566 3552 3562
f 3554 3552 3566
f 3565 3562 3559
f 3595 3545 3561
f 3557 3535 3547
f 3560 3558 3567
f 3559 3560 3568
f 3568 3569 3559
f 3570 3519 3539
f 3563 3539 3529
f 3550 3564 3571
f 3559 3569 3565
f 3553 3572 3551
f 3569 3566 3565
f 3573 3554 3566
f 3553 3554 3573
f 3573 3566 3569
f 3569 3574 3573
f 3573 3572 3553
f 3557 3547 3575
f 3556 3576 3547
f 3575 3547 3576
f 3577 3557 3575
f 3558 3557 3577
f 3519 3570 3561
f 3578 3595 3561
f 3556 3544 3555
f 3579 3555 3595
f 3580 3556 3555
f 3555 3579 3580
f 3581 3571 3582
f 3571 3564 3582
f 3582 3564 3583
f 3568 3560 3567
f 3568 3567 3584
f 3539 3563 3615
f 3585 3550 3571
f 3569 3586 3574
f 3572 3587 3551
f 3576 3577 3575
f 3588 3558 3577
f 3558 3588 3567
f 3589 3567 3588
f 3567 3589 3590
f 3591 3579 3578
f 3590 3584 3567
f 3592 3568 3584
f 3593 3539 3615
f 3594 3561 3570
f 3593 3570 3539
f 3561 3594 3578
f 3595 3578 3579
f 3548 3585 3596
f 3571 3581 3585
f 3597 3583 3564
f 3597 3582 3583
f 3597 3564 3551
f 3569 3568 3586
f 3548 3550 3585
f 3587 3597 3551
f 3587 3572 3598
f 3598 3572 3599
f 3572 3573 3600
f 3574 3600 3573
f 3601 3572 3600
f 3576 3602 3577
f 3602 3588 3577
f 3603 3592 3584
f 3590 3603 3584
f 3594 3604 3602
f 3578 3602 3591
f 3602 3605 3591
f 3602 3578 3594
f 3591 3580 3579
f 3556 3580 3605
f 3591 3605 3580
f 3576 3556 3605
f 3581 3582 3606
f 3607 3582 3597
f 3608 3597 3598
f 3568 3592 3609
f 3594 3570 3604
f 3570 3593 3604
f 3563 3610 3611
f 3548 3610 3563
f 3548 3596 3610
f 3585 3581 3596
f 3587 3598 3597
f 3598 3612 3608
f 3612 3598 3599
f 3597 3608 3613
f 3613 3608 3614
f 3608 3612 3614
f 3614 3612 3599
f 3611 3615 3563
f 3599 3572 3601
f 3588 3602 3589
f 3589 3616 3603
f 3590 3589 3603
f 3603 3617 3592
f 3592 3617 3618
f 3602 3576 3605
f 3597 3613 3607
f 3618 3609 3592
f 3609 3618 3619
f 3619 3620 3609
f 3621 3604 3593
f 3610 3596 3622
f 3623 3613 3614
f 3624 3615 3611
f 3614 3599 3601
f 3636 3623 3614
f 3614 3601 3625
f 3586 3568 3620
f 3609 3620 3568
f 3626 3625 3601
f 3620 3627 3586
f 3628 3574 3586
f 3574 3628 3600
f 3628 3586 3627
f 3628 3601 3600
f 3627 3629 3628
f 3601 3628 3629
f 3630 3629 3627
f 3616 3617 3603
f 3616 3589 3602
f 3617 3631 3618
f 3618 3631 3619
f 3632 3633 3621
f 3606 3622 3596
f 3582 3607 3634
f 3613 3623 3607
f 3607 3623 3635
f 3636 3635 3623
f 3636 3625 3637
f 3625 3638 3637
f 3631 3639 3619
f 3640 3658 3619
f 3619 3658 3620
f 3602 3604 3633
f 3633 3604 3621
f 3602 3633 3641
f 3642 3621 3593
f 3642 3593 3615
f 3611 3610 3622
f 3581 3606 3596
f 3625 3626 3638
f 3638 3626 3643
f 3614 3625 3636
f 3601 3629 3644
f 3644 3626 3601
f 3643 3626 3644
f 3645 3630 3627
f 3617 3616 3646
f 3647 3648 3602
f 3616 3602 3648
f 3649 3632 3670
f 3634 3606 3582
f 3607 3635 3667
f 3650 3607 3667
f 3667 3635 3651
f 3652 3653 3651
f 3640 3619 3639
f 3632 3649 3633
f 3642 3672 3621
f 3649 3641 3633
f 3642 3624 3654
f 3636 3651 3635
f 3637 3651 3636
f 3652 3651 3637
f 3638 3652 3637
f 3656 3652 3655
f 3656 3653 3652
f 3656 3655 3657
f 3658 3640 3677
f 3615 3624 3642
f 3652 3638 3655
f 3655 3638 3643
f 3658 3645 3620
f 3644 3655 3643
f 3655 3644 3657
f 3644 3629 3659
f 3659 3629 3630
f 3645 3627 3620
f 3645 3659 3630
f 3648 3660 3616
f 3616 3660 3646
f 3646 3661 3617
f 3661 3646 3660
f 3661 3631 3617
f 3663 3639 3662
f 3665 3607 3650
f 3665 3650 3666
f 3650 3667 3668
f 3650 3668 3666
f 3668 3667 3651
f 3639 3631 3661
f 3639 3661 3662
f 3669 3670 3664
f 3664 3670 3632
f 3632 3672 3664
f 3671 3672 3654
f 3641 3649 3673
f 3673 3649 3670
f 3602 3641 3673
f 3634 3622 3606
f 3622 3634 3624
f 3651 3653 3674
f 3674 3653 3675
f 3674 3675 3676
f 3639 3677 3640
f 3677 3639 3663
f 3621 3672 3632
f 3642 3654 3672
f 3611 3622 3624
f 3653 3656 3675
f 3675 3656 3657
f 3657 3681 3675
f 3658 3677 3678
f 3679 3680 3678
f 3677 3679 3678
f 3657 3644 3659
f 3659 3681 3657
f 3645 3658 3678
f 3645 3682 3659
f 3682 3645 3678
f 3680 3682 3678
f 3682 3681 3659
f 3684 3683 3685
f 3688 3684 3685
f 3684 3686 3683
f 3686 3687 3683
f 3686 3684 3688
f 3689 3685 3683
f 3690 3685 3689
f 3690 3671 3685
f 3691 3661 3660
f 3691 3692 3661
f 3693 3661 3692
f 3693 3692 3694
f 3669 3664 3690
f 3690 3689 3669
f 3689 3695 3669
f 3669 3695 3670
f 3695 3696 3670
f 3634 3607 3665
f 3634 3666 3697
f 3666 3668 3698
f 3697 3666 3698
f 3698 3699 3697
f 3697 3699 3700
f 3698 3668 3651
f 3651 3699 3698
f 3701 3651 3674
f 3661 3693 3662
f 3694 3702 3693
f 3662 3693 3663
f 3694 3703 3702
f 3663 3702 3704
f 3690 3664 3671
f 3673 3696 3705
f 3673 3670 3696
f 3602 3673 3647
f 3624 3634 3654
f 3706 3701 3674
f 3701 3706 3707
f 3706 3674 3676
f 3708 3707 3706
f 3734 3707 3708
f 3702 3663 3693
f 3671 3664 3672
f 3706 3676 3708
f 3663 3711 3710
f 3663 3710 3709
f 3711 3663 3704
f 3711 3712 3710
f 3737 3712 3711
f 3675 3713 3676
f 3681 3713 3675
f 3676 3713 3708
f 3713 3681 3708
f 3679 3663 3709
f 3709 3680 3679
f 3708 3681 3714
f 3709 3710 3680
f 3715 3680 3710
f 3712 3715 3710
f 3712 3716 3715
f 3717 3681 3682
f 3513 3512 3497
f 3715 3682 3680
f 3736 3717 3715
f 3716 3736 3715
f 3687 3686 3718
f 3686 3721 3720
f 3720 3718 3686
f 3683 3687 3718
f 3718 3689 3683
f 3719 3688 3685
f 3722 3718 3720
f 3722 3705 3718
f 3671 3721 3719
f 3695 3718 3705
f 3660 3647 3691
f 3723 3691 3647
f 3691 3723 3692
f 3724 3745 3692
f 3745 3694 3692
f 3718 3695 3689
f 3719 3685 3671
f 3648 3647 3660
f 3699 3651 3725
f 3699 3725 3726
f 3726 3725 3728
f 3725 3727 3728
f 3745 3728 3694
f 3728 3727 3694
f 3705 3696 3695
f 3666 3634 3665
f 3634 3697 3700
f 3725 3651 3701
f 3729 3725 3701
f 3727 3725 3729
f 3701 3707 3729
f 3730 3729 3707
f 3703 3694 3727
f 3702 3703 3731
f 3731 3732 3702
f 3727 3731 3703
f 3733 3732 3727
f 3731 3727 3732
f 3733 3727 3729
f 3734 3730 3707
f 3730 3734 3733
f 3730 3733 3729
f 3733 3704 3732
f 3734 3708 3714
f 3733 3734 3714
f 3704 3702 3732
f 3704 3737 3711
f 3714 3681 3735
f 3681 3736 3735
f 3712 3737 3716
f 3716 3735 3736
f 3735 3716 3737
f 3736 3681 3717
f 3740 3720 3721
f 3738 3722 3720
f 3738 3720 3740
f 3739 3740 3721
f 3740 3739 3741
f 3738 3740 3741
f 3721 3671 3739
f 3742 3743 3647
f 3647 3743 3723
f 3724 3743 3744
f 3723 3724 3692
f 3723 3743 3724
f 3726 3744 3699
f 3745 3724 3744
f 3726 3728 3745
f 3744 3726 3745
f 3654 3634 3746
f 3700 3746 3634
f 3733 3714 3704
f 3714 3737 3704
f 3735 3747 3714
f 3735 3737 3747
f 3747 3737 3714
f 3705 3722 3748
f 3748 3722 3738
f 3741 3749 3738
f 3738 3749 3748
f 3742 3647 3750
f 3751 3700 3753
f 3752 3743 3742
f 3752 3753 3743
f 3744 3743 3753
f 3753 3699 3744
f 3699 3753 3700
f 3673 3750 3647
f 3700 3751 3746
f 3751 3671 3654
f 3746 3751 3654
f 3749 3754 3748
f 3748 3754 3705
f 3739 3749 3741
f 3749 3739 3754
f 3705 3756 3673
f 3754 3757 3705
f 3754 3739 3755
f 3754 3755 3757
f 3705 3757 3756
f 3757 3752 3756
f 3757 3758 3752
f 3757 3755 3758
f 3756 3750 3673
f 3750 3756 3752
f 3755 3751 3758
f 3742 3750 3752
f 3753 3752 3758
f 3751 3739 3671
f 3739 3751 3755
f 3753 3758 3751
f 3502 3515 3506
f 3512 3515 3514
f 3515 3502 3514
f 3688 3719 3686
f 3686 3719 3721
f 3511 3513 3497
f 3511 3497 3510
f 3514 3502 3506
f 3760 3788 3761
f 3759 3760 3761
f 3760 3762 3763
f 3760 3763 3788
f 3763 3765 3764
f 3765 3763 3762
f 3767 3760 3759
f 3759 3768 3767
f 3767 3781 3760
f 3767 3769 3781
f 3767 3768 3769
f 3768 3770 3784
f 3771 3772 3773
f 3774 3772 3761
f 3800 3759 3772
f 3774 3775 3809
f 3772 3759 3761
f 3776 3777 3775
f 3778 3775 3779
f 3779 3775 3777
f 3777 3780 3779
f 3760 3781 3762
f 3762 3781 3782
f 3782 3781 3769
f 3769 3783 3782
f 3769 3768 3784
f 3784 3783 3769
f 3785 3783 3784
f 3773 3772 3786
f 3787 3786 3772
f 3772 3774 3787
f 3811 3787 3774
f 3774 3761 3776
f 3775 3774 3776
f 3761 3788 3776
f 3776 3788 3777
f 3777 3832 3780
f 3777 3788 3832
f 3783 3762 3782
f 3764 3789 3788
f 3832 3788 3789
f 3790 3764 3765
f 3789 3764 3791
f 3783 3765 3762
f 3766 3790 3765
f 3765 3783 3766
f 3766 3783 3792
f 3764 3790 3791
f 3791 3790 3794
f 3793 3790 3766
f 3790 3793 3794
f 3794 3793 3796
f 3793 3766 3797
f 3792 3797 3766
f 3796 3793 3797
f 3797 3792 3822
f 3798 3768 3759
f 3798 3806 3768
f 3803 3806 3798
f 3799 3828 3801
f 3799 3814 3807
f 3799 3800 3772
f 3800 3801 3759
f 3800 3799 3801
f 3801 3798 3759
f 3802 3803 3801
f 3801 3803 3798
f 3803 3802 3804
f 3805 3778 3804
f 3778 3803 3804
f 3778 3779 3803
f 3779 3806 3803
f 3806 3770 3768
f 3806 3779 3780
f 3770 3806 3780
f 3780 3813 3770
f 3799 3772 3771
f 3814 3799 3771
f 3808 3809 3812
f 3809 3808 3810
f 3804 3802 3812
f 3811 3774 3809
f 3809 3805 3812
f 3805 3809 3775
f 3805 3804 3812
f 3778 3805 3775
f 3784 3770 3785
f 3780 3832 3813
f 3770 3813 3785
f 3771 3773 3814
f 3807 3814 3815
f 3814 3773 3816
f 3816 3773 3786
f 3815 3814 3816
f 3816 3810 3815
f 3810 3808 3815
f 3811 3816 3786
f 3816 3811 3810
f 3787 3811 3786
f 3783 3785 3817
f 3785 3830 3817
f 3819 3789 3791
f 3791 3795 3818
f 3819 3791 3818
f 3792 3783 3821
f 3817 3821 3783
f 3794 3795 3791
f 3796 3795 3794
f 3818 3795 3822
f 3796 3797 3822
f 3795 3796 3822
f 3819 3818 3823
f 3818 3822 3823
f 3822 3792 3824
f 3792 3821 3825
f 3825 3824 3792
f 3822 3824 3826
f 3822 3826 3823
f 3825 3826 3824
f 3826 3825 3827
f 3807 3828 3799
f 3802 3801 3828
f 3815 3808 3802
f 3828 3807 3802
f 3807 3815 3802
f 3802 3808 3812
f 3785 3813 3830
f 3829 3830 3813
f 3830 3833 3817
f 3831 3832 3834
f 3833 3821 3817
f 3830 3835 3833
f 3819 3820 3789
f 3832 3789 3820
f 3832 3820 3834
f 3836 3821 3833
f 3833 3835 3836
f 3835 3843 3836
f 3823 3820 3819
f 3823 3826 3827
f 3825 3821 3827
f 3821 3836 3827
f 3842 3827 3836
f 3809 3810 3811
f 3813 3832 3829
f 3831 3837 3838
f 3838 3837 3839
f 3832 3831 3838
f 3829 3832 3838
f 3837 3831 3834
f 3838 3839 3840
f 3829 3838 3840
f 3841 3830 3829
f 3841 3829 3840
f 3839 3837 3834
f 3820 3839 3834
f 3839 3820 3846
f 3839 3846 3840
f 3820 3842 3846
f 3841 3840 3846
f 3830 3844 3835
f 3841 3844 3830
f 3823 3842 3820
f 3844 3841 3845
f 3844 3845 3843
f 3844 3843 3835
f 3836 3846 3842
f 3841 3846 3845
f 3763 3764 3788
f 3836 3845 3846
f 3836 3843 3845
f 3823 3827 3842
f 3848 3876 3849
f 3847 3848 3849
f 3848 3850 3851
f 3848 3851 3876
f 3851 3853 3852
f 3853 3851 3850
f 3855 3848 3847
f 3847 3856 3855
f 3855 3869 3848
f 3855 3857 3869
f 3855 3856 3857
f 3856 3858 3872
f 3859 3860 3861
f 3862 3860 3849
f 3888 3847 3860
f 3862 3863 3897
f 3860 3847 3849
f 3864 3865 3863
f 3866 3863 3867
f 3867 3863 3865
f 3865 3868 3867
f 3848 3869 3850
f 3850 3869 3870
f 3870 3869 3857
f 3857 3871 3870
f 3857 3856 3872
f 3872 3871 3857
f 3873 3871 3872
f 3861 3860 3874
f 3875 3874 3860
f 3860 3862 3875
f 3899 3875 3862
f 3862 3849 3864
f 3863 3862 3864
f 3849 3876 3864
f 3864 3876 3865
f 3865 3920 3868
f 3865 3876 3920
f 3871 3850 3870
f 3852 3877 3876
f 3920 3876 3877
f 3878 3852 3853
f 3877 3852 3879
f 3871 3853 3850
f 3854 3878 3853
f 3853 3871 3854
f 3854 3871 3880
f 3852 3878 3879
f 3879 3878 3882
f 3881 3878 3854
f 3878 3881 3882
f 3882 3881 3884
f 3881 3854 3885
f 3880 3885 3854
f 3884 3881 3885
f 3885 3880 3910
f 3886 3856 3847
f 3886 3894 3856
f 3891 3894 3886
f 3887 3916 3889
f 3887 3902 3895
f 3887 3888 3860
f 3888 3889 3847
f 3888 3887 3889
f 3889 3886 3847
f 3890 3891 3889
f 3889 3891 3886
f 3891 3890 3892
f 3893 3866 3892
f 3866 3891 3892
f 3866 3867 3891
f 3867 3894 3891
f 3894 3858 3856
f 3894 3867 3868
f 3858 3894 3868
f 3868 3901 3858
f 3887 3860 3859
f 3902 3887 3859
f 3896 3897 3900
f 3897 3896 3898
f 3892 3890 3900
f 3899 3862 3897
f 3897 3893 3900
f 3893 3897 3863
f 3893 3892 3900
f 3866 3893 3863
f 3872 3858 3873
f 3868 3920 3901
f 3858 3901 3873
f 3859 3861 3902
f 3895 3902 3903
f 3902 3861 3904
f 3904 3861 3874
f 3903 3902 3904
f 3904 3898 3903
f 3898 3896 3903
f 3899 3904 3874
f 3904 3899 3898
f 3875 3899 3874
f 3871 3873 3905
f 3873 3918 3905
f 3907 3877 3879
f 3879 3883 3906
f 3907 3879 3906
f 3880 3871 3909
f 3905 3909 3871
f 3882 3883 3879
f 3884 3883 3882
f 3906 3883 3910
f 3884 3885 3910
f 3883 3884 3910
f 3907 3906 3911
f 3906 3910 3911
f 3910 3880 3912
f 3880 3909 3913
f 3913 3912 3880
f 3910 3912 3914
f 3910 3914 3911
f 3913 3914 3912
f 3914 3913 3915
f 3895 3916 3887
f 3890 3889 3916
f 3903 3896 3890
f 3916 3895 3890
f 3895 3903 3890
f 3890 3896 3900
f 3873 3901 3918
f 3917 3918 3901
f 3918 3921 3905
f 3919 3920 3922
f 3921 3909 3905
f 3918 3923 3921
f 3907 3908 3877
f 3920 3877 3908
f 3920 3908 3922
f 3924 3909 3921
f 3921 3923 3924
f 3923 3931 3924
f 3911 3908 3907
f 3911 3914 3915
f 3913 3909 3915
f 3909 3924 3915
f 3930 3915 3924
f 3897 3898 3899
f 3901 3920 3917
f 3919 3925 3926
f 3926 3925 3927
f 3920 3919 3926
f 3917 3920 3926
f 3925 3919 3922
f 3926 3927 3928
f 3917 3926 3928
f 3929 3918 3917
f 3929 3917 3928
f 3927 3925 3922
f 3908 3927 3922
f 3927 3908 3934
f 3927 3934 3928
f 3908 3930 3934
f 3929 3928 3934
f 3918 3932 3923
f 3929 3932 3918
f 3911 3930 3908
f 3932 3929 3933
f 3932 3933 3931
f 3932 3931 3923
f 3924 3934 3930
f 3929 3934 3933
f 3851 3852 3876
f 3924 3933 3934
f 3924 3931 3933
f 3911 3915 3930
f 3952 3935 3936
f 3940 3938 3947
f 3937 3948 3938
f 3940 3937 3938
f 3939 3937 3940
f 3941 3947 3938
f 3936 3941 3938
f 3940 3946 3942
f 3951 3942 3946
f 3941 3943 3945
f 3941 3936 3943
f 3935 3943 3936
f 3944 3943 3935
f 3946 3945 3944
f 3943 3944 3945
f 3941 3945 3946
f 3947 3941 3946
f 3940 3947 3946
f 3938 3948 3949
f 3949 3936 3938
f 3952 3936 3949
f 3950 3935 3952
f 3951 3950 3952
f 3951 3952 3953
f 3951 3953 3954
f 3937 3939 3955
f 3939 3940 3942
f 3951 3954 3942
f 3951 3946 3944
f 3935 3950 3944
f 3944 3950 3951
f 3948 3956 3949
f 3949 3956 3957
f 3953 3952 3958
f 3953 3958 3954
f 3955 3948 3937
f 3942 3954 3939
f 3959 3956 3967
f 3959 3957 3956
f 3957 3960 3949
f 3952 3949 3960
f 3958 3952 3961
f 3965 3958 3962
f 3962 3958 3961
f 3963 3965 3962
f 3967 3948 3964
f 3956 3948 3967
f 3948 3955 3964
f 3958 3965 3963
f 3958 3963 3954
f 3959 3960 3957
f 3966 3959 3967
f 3964 3966 3967
f 3952 3968 3961
f 3969 3954 3963
f 3961 3963 3962
f 3970 3963 3961
f 3963 3971 3969
f 3961 3971 3970
f 3961 3982 3971
f 3972 3955 3939
f 3954 3972 3939
f 3959 3966 3975
f 3959 3975 3960
f 3973 3968 3952
f 3974 3982 3961
f 3966 3964 3976
f 3975 3966 3976
f 3977 3964 3955
f 3977 3955 3978
f 3978 3955 3972
f 3978 3972 3979
f 3979 3972 3980
f 3961 3968 3974
f 3954 3969 3981
f 3981 3969 3971
f 3954 3980 3972
f 3960 3983 3984
f 3960 3968 3973
f 3985 3968 3960
f 3976 3986 3975
f 3975 3983 3960
f 3974 4011 3982
f 3976 3993 3986
f 3993 3976 3964
f 3993 3964 3977
f 3980 3987 3979
f 3981 3982 4011
f 3982 3981 3971
f 3981 3988 3954
f 3968 3985 4003
f 4003 3989 3968
f 3990 3975 3991
f 3990 3983 3975
f 3975 3986 3991
f 3991 3986 3996
f 4006 3993 3977
f 3992 3983 3990
f 4006 3996 3993
f 3994 3977 3987
f 3980 3995 3987
f 3995 4000 3987
f 3974 3968 3989
f 3989 4011 3974
f 4011 3988 3981
f 3993 3996 3986
f 3995 3980 3954
f 3988 3995 3954
f 3984 3997 3999
f 3984 3983 3997
f 3997 3983 3992
f 3999 3998 3985
f 3985 3984 3999
f 3960 3984 3985
f 4000 4001 3994
f 4001 4002 3994
f 4003 4009 3989
f 4011 3989 4009
f 3991 3992 3990
f 3992 3991 3996
f 3992 4005 3997
f 4007 4018 4019
f 3996 4006 4004
f 3996 4004 3992
f 3998 3999 3997
f 3997 4005 3998
f 3992 4004 4005
f 4005 4004 4006
f 4006 3998 4005
f 3977 4002 4006
f 4002 3977 3994
f 4000 3994 3987
f 3995 3988 4012
f 4007 4009 4003
f 4003 3985 4008
f 4011 4009 4012
f 4006 4002 4013
f 3998 4006 4013
f 3985 3998 4008
f 4008 3998 4013
f 4002 4001 4012
f 4001 3995 4012
f 4011 4012 3988
f 4010 4009 4007
f 4003 4008 4007
f 4012 4015 4002
f 4007 4008 4014
f 4019 4010 4007
f 4015 4010 4019
f 4012 4009 4010
f 4012 4010 4015
f 4013 4016 4008
f 4008 4016 4014
f 4016 4013 4002
f 3970 3971 3963
f 3960 3973 3952
f 4014 4017 4018
f 4014 4016 4017
f 4017 4016 4019
f 4007 4014 4018
f 3987 3978 3979
f 4018 4017 4019
f 4015 4019 4016
f 4016 4002 4015
f 4001 4000 3995
f 3987 3977 3978
f 4037 4020 4021
f 4025 4023 4032
f 4022 4033 4023
f 4025 4022 4023
f 4024 4022 4025
f 4026 4032 4023
f 4021 4026 4023
f 4025 4031 4027
f 4036 4027 4031
f 4026 4028 4030
f 4026 4021 4028
f 4020 4028 4021
f 4029 4028 4020
f 4031 4030 4029
f 4028 4029 4030
f 4026 4030 4031
f 4032 4026 4031
f 4025 4032 4031
f 4023 4033 4034
f 4034 4021 4023
f 4037 4021 4034
f 4035 4020 4037
f 4036 4035 4037
f 4036 4037 4038
f 4036 4038 4039
f 4022 4024 4040
f 4024 4025 4027
f 4036 4039 4027
f 4036 4031 4029
f 4020 4035 4029
f 4029 4035 4036
f 4033 4041 4034
f 4034 4041 4042
f 4038 4037 4043
f 4038 4043 4039
f 4040 4033 4022
f 4027 4039 4024
f 4044 4041 4052
f 4044 4042 4041
f 4042 4045 4034
f 4037 4034 4045
f 4043 4037 4046
f 4050 4043 4047
f 4047 4043 4046
f 4048 4050 4047
f 4052 4033 4049
f 4041 4033 4052
f 4033 4040 4049
f 4043 4050 4048
f 4043 4048 4039
f 4044 4045 4042
f 4051 4044 4052
f 4049 4051 4052
f 4037 4053 4046
f 4054 4039 4048
f 4046 4048 4047
f 4055 4048 4046
f 4048 4056 4054
f 4046 4056 4055
f 4046 4067 4056
f 4057 4040 4024
f 4039 4057 4024
f 4044 4051 4060
f 4044 4060 4045
f 4058 4053 4037
f 4059 4067 4046
f 4051 4049 4061
f 4060 4051 4061
f 4062 4049 4040
f 4062 4040 4063
f 4063 4040 4057
f 4063 4057 4064
f 4064 4057 4065
f 4046 4053 4059
f 4039 4054 4066
f 4066 4054 4056
f 4039 4065 4057
f 4045 4068 4069
f 4045 4053 4058
f 4070 4053 4045
f 4061 4071 4060
f 4060 4068 4045
f 4059 4096 4067
f 4061 4078 4071
f 4078 4061 4049
f 4078 4049 4062
f 4065 4072 4064
f 4066 4067 4096
f 4067 4066 4056
f 4066 4073 4039
f 4053 4070 4088
f 4088 4074 4053
f 4075 4060 4076
f 4075 4068 4060
f 4060 4071 4076
f 4076 4071 4081
f 4091 4078 4062
f 4077 4068 4075
f 4091 4081 4078
f 4079 4062 4072
f 4065 4080 4072
f 4080 4085 4072
f 4059 4053 4074
f 4074 4096 4059
f 4096 4073 4066
f 4078 4081 4071
f 4080 4065 4039
f 4073 4080 4039
f 4069 4082 4084
f 4069 4068 4082
f 4082 4068 4077
f 4084 4083 4070
f 4070 4069 4084
f 4045 4069 4070
f 4085 4086 4079
f 4086 4087 4079
f 4088 4094 4074
f 4096 4074 4094
f 4076 4077 4075
f 4077 4076 4081
f 4077 4090 4082
f 4092 4103 4104
f 4081 4091 4089
f 4081 4089 4077
f 4083 4084 4082
f 4082 4090 4083
f 4077 4089 4090
f 4090 4089 4091
f 4091 4083 4090
f 4062 4087 4091
f 4087 4062 4079
f 4085 4079 4072
f 4080 4073 4097
f 4092 4094 4088
f 4088 4070 4093
f 4096 4094 4097
f 4091 4087 4098
f 4083 4091 4098
f 4070 4083 4093
f 4093 4083 4098
f 4087 4086 4097
f 4086 4080 4097
f 4096 4097 4073
f 4095 4094 4092
f 4088 4093 4092
f 4097 4100 4087
f 4092 4093 4099
f 4104 4095 4092
f 4100 4095 4104
f 4097 4094 4095
f 4097 4095 4100
f 4098 4101 4093
f 4093 4101 4099
f 4101 4098 4087
f 4055 4056 4048
f 4045 4058 4037
f 4099 4102 4103
f 4099 4101 4102
f 4102 4101 4104
f 4092 4099 4103
f 4072 4063 4064
f 4103 4102 4104
f 4100 4104 4101
f 4101 4087 4100
f 4086 4085 4080
f 4072 4062 4063
f 4105 4106 4107
f 4108 4110 4109
f 4110 4142 4111
f 4113 4112 4107
f 4117 4112 4113
f 4113 4114 4116
f 4113 4106 4114
f 4107 4106 4113
f 4117 4113 4116
f 4105 4109 4106
f 4106 4115 4114
f 4106 4109 4115
f 4138 4116 4115
f 4105 4108 4109
f 4109 4111 4115
f 4110 4111 4109
f 4164 4165 4118
f 4165 4119 4118
f 4169 4170 4120
f 4170 4121 4120
f 4121 4122 4123
f 4127 4125 4126
f 4105 4127 4126
f 4128 4105 4126
f 4105 4128 4164
f 4120 4129 4108
f 4120 4108 4118
f 4164 4118 4105
f 4129 4130 4108
f 4129 4120 4121
f 4129 4121 4123
f 4130 4129 4123
f 4130 4123 4132
f 4111 4142 4133
f 4130 4134 4131
f 4107 4112 4127
f 4135 4127 4112
f 4135 4112 4150
f 4136 4127 4135
f 4136 4135 4151
f 4105 4107 4127
f 4137 4138 4140
f 4138 4137 4139
f 4105 4118 4108
f 4111 4140 4138
f 4140 4111 4133
f 4130 4110 4108
f 4110 4130 4131
f 4131 4141 4110
f 4141 4142 4110
f 4143 4142 4141
f 4143 4133 4142
f 4141 4144 4143
f 4131 4144 4141
f 4144 4145 4143
f 4143 4145 4146
f 4145 4144 4147
f 4112 4117 4149
f 4149 4150 4112
f 4151 4135 4150
f 4151 4150 4149
f 4117 4116 4138
f 4152 4117 4138
f 4149 4117 4152
f 4149 4152 4151
f 4153 4151 4152
f 4137 4176 4151
f 4115 4111 4138
f 4139 4152 4138
f 4152 4139 4153
f 4151 4153 4137
f 4137 4153 4139
f 4147 4154 4156
f 4155 4156 4154
f 4156 4145 4147
f 4155 4145 4156
f 4183 4155 4154
f 4147 4157 4154
f 4155 4158 4145
f 4158 4155 4183
f 4159 4160 4119
f 4161 4119 4160
f 4126 4125 4162
f 4162 4163 4126
f 4164 4167 4165
f 4166 4167 4168
f 4159 4119 4165
f 4167 4159 4165
f 4167 4166 4159
f 4161 4169 4119
f 4169 4212 4170
f 4171 4124 4212
f 4171 4212 4213
f 4162 4172 4221
f 4162 4125 4172
f 4167 4164 4128
f 4168 4167 4128
f 4126 4168 4128
f 4119 4169 4118
f 4169 4120 4118
f 4121 4212 4122
f 4170 4212 4121
f 4122 4212 4124
f 4124 4132 4122
f 4132 4123 4122
f 4173 4132 4124
f 4132 4173 4174
f 4125 4127 4172
f 4133 4175 4140
f 4177 4176 4175
f 4175 4133 4177
f 4133 4143 4178
f 4134 4130 4132
f 4178 4143 4146
f 4174 4134 4132
f 4174 4179 4134
f 4151 4176 4136
f 4172 4127 4136
f 4175 4176 4137
f 4136 4176 4172
f 4137 4140 4175
f 4134 4144 4131
f 4158 4180 4145
f 4179 4144 4134
f 4145 4180 4146
f 4148 4157 4147
f 4179 4148 4144
f 4179 4181 4157
f 4157 4183 4154
f 4183 4182 4158
f 4158 4182 4180
f 4182 4185 4180
f 4157 4184 4183
f 4181 4183 4184
f 4183 4181 4182
f 4185 4182 4186
f 4186 4187 4185
f 4184 4157 4181
f 4181 4186 4182
f 4187 4192 4185
f 4188 4189 4191
f 4185 4192 4190
f 4192 4191 4190
f 4185 4190 4180
f 4190 4191 4180
f 4188 4193 4189
f 4187 4193 4188
f 4193 4196 4189
f 4187 4226 4202
f 4193 4187 4202
f 4194 4191 4189
f 4180 4191 4195
f 4191 4194 4195
f 4189 4196 4194
f 4195 4194 4197
f 4195 4197 4240
f 4194 4196 4197
f 4196 4198 4197
f 4196 4199 4198
f 4193 4200 4196
f 4201 4198 4199
f 4196 4200 4202
f 4240 4197 4203
f 4197 4198 4203
f 4198 4235 4203
f 4205 4206 4204
f 4207 4204 4163
f 4163 4208 4126
f 4163 4204 4208
f 4166 4209 4159
f 4204 4206 4208
f 4251 4209 4210
f 4161 4212 4169
f 4161 4211 4212
f 4212 4211 4213
f 4162 4214 4163
f 4166 4168 4208
f 4126 4208 4168
f 4215 4160 4159
f 4216 4159 4209
f 4251 4216 4209
f 4216 4215 4159
f 4213 4269 4171
f 4269 4218 4171
f 4218 4217 4171
f 4162 4221 4220
f 4222 4221 4177
f 4124 4275 4173
f 4171 4217 4124
f 4223 4124 4217
f 4275 4124 4223
f 4173 4275 4219
f 4219 4224 4173
f 4177 4221 4176
f 4172 4176 4221
f 4157 4148 4179
f 4181 4179 4186
f 4186 4225 4226
f 4186 4226 4187
f 4226 4227 4202
f 4202 4200 4193
f 4229 4202 4228
f 4195 4240 4180
f 4196 4202 4229
f 4229 4199 4196
f 4230 4199 4229
f 4230 4231 4199
f 4230 4229 4232
f 4230 4232 4233
f 4230 4233 4231
f 4233 4239 4231
f 4229 4234 4232
f 4233 4232 4292
f 4292 4232 4234
f 4235 4237 4240
f 4235 4240 4203
f 4199 4236 4201
f 4236 4199 4238
f 4199 4231 4238
f 4236 4243 4237
f 4243 4238 4231
f 4243 4231 4237
f 4239 4237 4231
f 4240 4241 4236
f 4240 4237 4241
f 4236 4241 4242
f 4236 4242 4243
f 4243 4242 4238
f 4239 4238 4242
f 4241 4237 4242
f 4237 4239 4242
f 4240 4239 4244
f 4244 4239 4233
f 4245 4206 4205
f 4206 4246 4247
f 4246 4248 4247
f 4245 4246 4206
f 4247 4248 4249
f 4250 4247 4249
f 4252 4253 4215
f 4204 4207 4205
f 4166 4247 4209
f 4247 4210 4209
f 4255 4247 4250
f 4210 4247 4255
f 4216 4251 4256
f 4256 4251 4252
f 4252 4215 4256
f 4257 4215 4258
f 4259 4315 4260
f 4273 4254 4207
f 4247 4208 4206
f 4166 4208 4247
f 4261 4262 4178
f 4263 4261 4178
f 4256 4215 4216
f 4161 4259 4211
f 4160 4257 4161
f 4257 4258 4161
f 4257 4160 4215
f 4264 4211 4259
f 4259 4161 4258
f 4259 4260 4264
f 4218 4268 4318
f 4163 4214 4207
f 4273 4207 4214
f 4133 4262 4265
f 4266 4178 4146
f 4211 4264 4213
f 4264 4269 4213
f 4218 4267 4217
f 4318 4267 4218
f 4218 4269 4268
f 4268 4269 4264
f 4217 4267 4270
f 4318 4271 4267
f 4217 4270 4223
f 4277 4272 4270
f 4162 4220 4214
f 4220 4221 4222
f 4214 4220 4273
f 4220 4274 4273
f 4274 4220 4222
f 4265 4222 4133
f 4274 4222 4265
f 4133 4178 4262
f 4223 4272 4275
f 4272 4219 4275
f 4219 4276 4224
f 4277 4219 4272
f 4272 4223 4270
f 4219 4277 4276
f 4133 4222 4177
f 4224 4174 4173
f 4278 4179 4174
f 4179 4278 4279
f 4225 4186 4179
f 4280 4226 4225
f 4279 4280 4225
f 4279 4225 4179
f 4280 4227 4226
f 4279 4227 4280
f 4227 4279 4228
f 4240 4244 4281
f 4227 4228 4202
f 4229 4228 4282
f 4283 4229 4282
f 4233 4284 4281
f 4244 4233 4281
f 4284 4285 4281
f 4283 4289 4286
f 4282 4287 4283
f 4282 4228 4287
f 4287 4289 4283
f 4285 4289 4281
f 4289 4288 4281
f 4289 4287 4288
f 4286 4289 4285
f 4281 4291 4327
f 4291 4287 4327
f 4281 4288 4291
f 4290 4287 4291
f 4290 4291 4288
f 4229 4283 4234
f 4292 4284 4233
f 4293 4292 4234
f 4293 4284 4292
f 4294 4234 4283
f 4234 4286 4293
f 4286 4285 4293
f 4419 4416 4415
f 4285 4284 4293
f 4301 4295 4296
f 4299 4300 4302
f 4301 4245 4205
f 4301 4296 4245
f 4301 4205 4299
f 4302 4300 4261
f 4332 4295 4301
f 4301 4299 4332
f 4332 4299 4302
f 4296 4303 4246
f 4296 4246 4245
f 4303 4296 4304
f 4303 4305 4248
f 4305 4297 4248
f 4248 4297 4249
f 4298 4306 4249
f 4297 4298 4249
f 4299 4207 4254
f 4299 4254 4300
f 4299 4205 4207
f 4300 4307 4261
f 4303 4248 4246
f 4255 4250 4249
f 4306 4255 4249
f 4251 4210 4255
f 4255 4252 4251
f 4306 4252 4255
f 4273 4309 4254
f 4300 4309 4310
f 4309 4273 4310
f 4309 4300 4254
f 4311 4310 4307
f 4307 4300 4311
f 4310 4311 4300
f 4307 4310 4261
f 4263 4312 4313
f 4215 4253 4314
f 4310 4262 4261
f 4265 4262 4310
f 4274 4265 4310
f 4263 4266 4312
f 4258 4215 4314
f 4258 4315 4259
f 4260 4316 4264
f 4258 4314 4315
f 4264 4316 4268
f 4310 4273 4274
f 4263 4178 4266
f 4266 4146 4312
f 4317 4318 4268
f 4318 4317 4271
f 4317 4319 4271
f 4271 4319 4270
f 4271 4270 4267
f 4277 4270 4319
f 4320 4321 4146
f 4322 4174 4276
f 4224 4276 4174
f 4276 4277 4322
f 4278 4322 4323
f 4324 4279 4278
f 4324 4325 4279
f 4180 4240 4281
f 4355 4326 4228
f 4327 4287 4228
f 4228 4326 4327
f 4236 4239 4240
f 4236 4238 4239
f 4446 4447 4445
f 4327 4326 4328
f 4329 4295 4330
f 4333 4295 4332
f 4330 4295 4360
f 4330 4304 4329
f 4302 4331 4332
f 4331 4302 4336
f 4336 4332 4331
f 4332 4336 4333
f 4329 4296 4295
f 4336 4334 4335
f 4188 4191 4192
f 4329 4304 4296
f 4304 4337 4303
f 4298 4297 4305
f 4305 4303 4337
f 4305 4338 4298
f 4305 4337 4338
f 4334 4302 4261
f 4336 4302 4334
f 4313 4339 4334
f 4298 4338 4306
f 4306 4308 4252
f 4340 4308 4306
f 4263 4313 4261
f 4334 4261 4313
f 4340 4252 4308
f 4252 4340 4253
f 4313 4312 4339
f 4339 4312 4341
f 4342 4315 4314
f 4253 4342 4314
f 4339 4341 4343
f 4260 4315 4342
f 4260 4344 4316
f 4341 4312 4146
f 4268 4316 4317
f 4341 4345 4343
f 4317 4316 4344
f 4341 4146 4321
f 4341 4321 4346
f 4347 4346 4321
f 4347 4341 4346
f 4348 4319 4317
f 4319 4348 4349
f 4319 4349 4322
f 4320 4347 4321
f 4319 4322 4277
f 4320 4345 4347
f 4320 4180 4345
f 4146 4180 4320
f 4180 4281 4345
f 4174 4322 4278
f 4278 4323 4324
f 4279 4350 4228
f 4279 4351 4350
f 4350 4352 4228
f 4352 4350 4357
f 4351 4357 4350
f 4328 4326 4353
f 4353 4354 4328
f 4228 4352 4355
f 4397 4395 4389
f 4352 4357 4356
f 4352 4356 4354
f 4357 4358 4354
f 4365 4362 4359
f 4365 4359 4360
f 4359 4330 4360
f 4361 4330 4359
f 4361 4304 4330
f 4359 4362 4361
f 4361 4363 4304
f 4304 4363 4337
f 4363 4364 4337
f 4333 4360 4295
f 4365 4360 4333
f 4366 4365 4333
f 4366 4371 4365
f 4365 4371 4362
f 4362 4371 4396
f 4367 4339 4368
f 4336 4335 4369
f 4333 4370 4366
f 4336 4369 4370
f 4370 4333 4336
f 4366 4370 4369
f 4198 4201 4237
f 4237 4235 4198
f 4354 4356 4357
f 4355 4352 4354
f 4148 4147 4144
f 4369 4371 4366
f 4371 4369 4396
f 4369 4335 4396
f 4367 4335 4334
f 4334 4339 4367
f 4338 4372 4306
f 4372 4373 4306
f 4374 4372 4338
f 4374 4373 4372
f 4340 4306 4373
f 4368 4339 4375
f 4343 4345 4375
f 4340 4342 4253
f 4342 4340 4376
f 4375 4339 4343
f 4344 4260 4342
f 4376 4344 4342
f 4344 4377 4317
f 4317 4377 4348
f 4347 4345 4341
f 4349 4378 4322
f 4379 4345 4281
f 4322 4404 4380
f 4322 4380 4323
f 4323 4325 4324
f 4323 4381 4325
f 4379 4281 4382
f 4327 4382 4281
f 4327 4328 4382
f 4325 4351 4279
f 4383 4351 4325
f 4384 4328 4354
f 4357 4351 4383
f 4357 4383 4385
f 4287 4290 4288
f 4357 4385 4358
f 4384 4354 4358
f 4361 4362 4363
f 4363 4362 4394
f 4363 4394 4386
f 4367 4388 4389
f 4390 4388 4391
f 4388 4367 4391
f 4364 4414 4337
f 4386 4364 4363
f 4392 4337 4414
f 4335 4393 4396
f 4393 4335 4389
f 4394 4362 4396
f 4395 4393 4389
f 4396 4393 4395
f 4397 4389 4388
f 4397 4388 4390
f 4390 4396 4395
f 4389 4335 4367
f 4367 4368 4387
f 4337 4392 4338
f 4392 4374 4338
f 4398 4374 4392
f 4399 4374 4398
f 4374 4399 4373
f 4373 4399 4340
f 4376 4340 4399
f 4400 4368 4375
f 4345 4379 4401
f 4349 4402 4378
f 4378 4404 4322
f 4403 4323 4380
f 4323 4403 4381
f 4404 4403 4380
f 4404 4381 4403
f 4381 4405 4406
f 4382 4441 4440
f 4382 4407 4441
f 4407 4382 4384
f 4381 4406 4325
f 4406 4383 4325
f 4384 4382 4328
f 4409 4411 4408
f 4409 4410 4411
f 4408 4411 4383
f 4410 4384 4358
f 4383 4411 4385
f 4385 4411 4358
f 4358 4411 4410
f 4391 4415 4390
f 4394 4417 4386
f 4396 4412 4394
f 4412 4396 4390
f 4412 4390 4416
f 4386 4414 4364
f 4367 4387 4415
f 4414 4386 4413
f 4367 4415 4391
f 4386 4417 4413
f 4417 4419 4413
f 4353 4326 4355
f 4201 4236 4237
f 4354 4353 4355
f 4419 4414 4413
f 4415 4387 4419
f 4397 4390 4395
f 4415 4416 4390
f 4416 4419 4417
f 4398 4392 4414
f 4419 4418 4414
f 4419 4420 4418
f 4420 4419 4387
f 4414 4418 4398
f 4398 4418 4422
f 4387 4368 4421
f 4398 4422 4421
f 4398 4423 4399
f 4421 4424 4398
f 4398 4424 4423
f 4368 4400 4421
f 4424 4421 4400
f 4399 4425 4376
f 4399 4423 4425
f 4376 4425 4426
f 4400 4375 4427
f 4376 4426 4344
f 4345 4427 4375
f 4428 4377 4344
f 4348 4377 4428
f 4345 4401 4429
f 4348 4428 4430
f 4348 4430 4402
f 4349 4348 4402
f 4430 4378 4402
f 4431 4378 4430
f 4404 4378 4432
f 4431 4432 4378
f 4379 4382 4433
f 4379 4433 4434
f 4435 4433 4382
f 4432 4436 4435
f 4437 4405 4404
f 4432 4437 4404
f 4435 4438 4437
f 4435 4437 4432
f 4435 4382 4438
f 4381 4404 4405
f 4438 4439 4437
f 4382 4439 4438
f 4405 4437 4439
f 4439 4440 4405
f 4382 4440 4439
f 4440 4406 4405
f 4440 4441 4406
f 4408 4383 4406
f 4408 4406 4407
f 4407 4442 4408
f 4406 4441 4407
f 4407 4384 4442
f 4442 4409 4408
f 4409 4442 4384
f 4384 4410 4409
f 4416 4394 4412
f 4417 4394 4416
f 4420 4422 4418
f 4387 4421 4420
f 4420 4421 4422
f 4444 4424 4400
f 4444 4400 4443
f 4423 4424 4444
f 4423 4444 4425
f 4425 4445 4426
f 4444 4443 4425
f 4425 4443 4445
f 4400 4427 4446
f 4400 4446 4443
f 4427 4447 4446
f 4445 4443 4446
f 4447 4426 4445
f 4448 4447 4427
f 4426 4428 4344
f 4426 4447 4448
f 4426 4448 4449
f 4427 4345 4429
f 4448 4427 4429
f 4428 4426 4449
f 4450 4428 4449
f 4450 4451 4428
f 4450 4429 4401
f 4450 4401 4451
f 4430 4428 4451
f 4401 4452 4453
f 4430 4451 4453
f 4453 4451 4401
f 4431 4430 4454
f 4452 4430 4453
f 4454 4430 4452
f 4452 4434 4454
f 4434 4452 4401
f 4455 4454 4434
f 4454 4455 4431
f 4434 4456 4455
f 4434 4401 4379
f 4433 4456 4434
f 4431 4455 4456
f 4436 4431 4456
f 4436 4432 4431
f 4456 4435 4436
f 4456 4433 4435
f 4448 4429 4450
f 4449 4448 4450
f 4294 4283 4286
f 4286 4234 4294
f 4188 4192 4187
f 4114 4115 4116
f 4457 4458 4459
f 4460 4462 4461
f 4462 4494 4463
f 4465 4464 4459
f 4469 4464 4465
f 4465 4466 4468
f 4465 4458 4466
f 4459 4458 4465
f 4469 4465 4468
f 4457 4461 4458
f 4458 4467 4466
f 4458 4461 4467
f 4490 4468 4467
f 4457 4460 4461
f 4461 4463 4467
f 4462 4463 4461
f 4516 4517 4470
f 4517 4471 4470
f 4521 4522 4472
f 4522 4473 4472
f 4473 4474 4475
f 4479 4477 4478
f 4457 4479 4478
f 4480 4457 4478
f 4457 4480 4516
f 4472 4481 4460
f 4472 4460 4470
f 4516 4470 4457
f 4481 4482 4460
f 4481 4472 4473
f 4481 4473 4475
f 4482 4481 4475
f 4482 4475 4484
f 4463 4494 4485
f 4482 4486 4483
f 4459 4464 4479
f 4487 4479 4464
f 4487 4464 4502
f 4488 4479 4487
f 4488 4487 4503
f 4457 4459 4479
f 4489 4490 4492
f 4490 4489 4491
f 4457 4470 4460
f 4463 4492 4490
f 4492 4463 4485
f 4482 4462 4460
f 4462 4482 4483
f 4483 4493 4462
f 4493 4494 4462
f 4495 4494 4493
f 4495 4485 4494
f 4493 4496 4495
f 4483 4496 4493
f 4496 4497 4495
f 4495 4497 4498
f 4497 4496 4499
f 4464 4469 4501
f 4501 4502 4464
f 4503 4487 4502
f 4503 4502 4501
f 4469 4468 4490
f 4504 4469 4490
f 4501 4469 4504
f 4501 4504 4503
f 4505 4503 4504
f 4489 4528 4503
f 4467 4463 4490
f 4491 4504 4490
f 4504 4491 4505
f 4503 4505 4489
f 4489 4505 4491
f 4499 4506 4508
f 4507 4508 4506
f 4508 4497 4499
f 4507 4497 4508
f 4535 4507 4506
f 4499 4509 4506
f 4507 4510 4497
f 4510 4507 4535
f 4511 4512 4471
f 4513 4471 4512
f 4478 4477 4514
f 4514 4515 4478
f 4516 4519 4517
f 4518 4519 4520
f 4511 4471 4517
f 4519 4511 4517
f 4519 4518 4511
f 4513 4521 4471
f 4521 4564 4522
f 4523 4476 4564
f 4523 4564 4565
f 4514 4524 4573
f 4514 4477 4524
f 4519 4516 4480
f 4520 4519 4480
f 4478 4520 4480
f 4471 4521 4470
f 4521 4472 4470
f 4473 4564 4474
f 4522 4564 4473
f 4474 4564 4476
f 4476 4484 4474
f 4484 4475 4474
f 4525 4484 4476
f 4484 4525 4526
f 4477 4479 4524
f 4485 4527 4492
f 4529 4528 4527
f 4527 4485 4529
f 4485 4495 4530
f 4486 4482 4484
f 4530 4495 4498
f 4526 4486 4484
f 4526 4531 4486
f 4503 4528 4488
f 4524 4479 4488
f 4527 4528 4489
f 4488 4528 4524
f 4489 4492 4527
f 4486 4496 4483
f 4510 4532 4497
f 4531 4496 4486
f 4497 4532 4498
f 4500 4509 4499
f 4531 4500 4496
f 4531 4533 4509
f 4509 4535 4506
f 4535 4534 4510
f 4510 4534 4532
f 4534 4537 4532
f 4509 4536 4535
f 4533 4535 4536
f 4535 4533 4534
f 4537 4534 4538
f 4538 4539 4537
f 4536 4509 4533
f 4533 4538 4534
f 4539 4544 4537
f 4540 4541 4543
f 4537 4544 4542
f 4544 4543 4542
f 4537 4542 4532
f 4542 4543 4532
f 4540 4545 4541
f 4539 4545 4540
f 4545 4548 4541
f 4539 4578 4554
f 4545 4539 4554
f 4546 4543 4541
f 4532 4543 4547
f 4543 4546 4547
f 4541 4548 4546
f 4547 4546 4549
f 4547 4549 4592
f 4546 4548 4549
f 4548 4550 4549
f 4548 4551 4550
f 4545 4552 4548
f 4553 4550 4551
f 4548 4552 4554
f 4592 4549 4555
f 4549 4550 4555
f 4550 4587 4555
f 4557 4558 4556
f 4559 4556 4515
f 4515 4560 4478
f 4515 4556 4560
f 4518 4561 4511
f 4556 4558 4560
f 4603 4561 4562
f 4513 4564 4521
f 4513 4563 4564
f 4564 4563 4565
f 4514 4566 4515
f 4518 4520 4560
f 4478 4560 4520
f 4567 4512 4511
f 4568 4511 4561
f 4603 4568 4561
f 4568 4567 4511
f 4565 4621 4523
f 4621 4570 4523
f 4570 4569 4523
f 4514 4573 4572
f 4574 4573 4529
f 4476 4627 4525
f 4523 4569 4476
f 4575 4476 4569
f 4627 4476 4575
f 4525 4627 4571
f 4571 4576 4525
f 4529 4573 4528
f 4524 4528 4573
f 4509 4500 4531
f 4533 4531 4538
f 4538 4577 4578
f 4538 4578 4539
f 4578 4579 4554
f 4554 4552 4545
f 4581 4554 4580
f 4547 4592 4532
f 4548 4554 4581
f 4581 4551 4548
f 4582 4551 4581
f 4582 4583 4551
f 4582 4581 4584
f 4582 4584 4585
f 4582 4585 4583
f 4585 4591 4583
f 4581 4586 4584
f 4585 4584 4644
f 4644 4584 4586
f 4587 4589 4592
f 4587 4592 4555
f 4551 4588 4553
f 4588 4551 4590
f 4551 4583 4590
f 4588 4595 4589
f 4595 4590 4583
f 4595 4583 4589
f 4591 4589 4583
f 4592 4593 4588
f 4592 4589 4593
f 4588 4593 4594
f 4588 4594 4595
f 4595 4594 4590
f 4591 4590 4594
f 4593 4589 4594
f 4589 4591 4594
f 4592 4591 4596
f 4596 4591 4585
f 4597 4558 4557
f 4558 4598 4599
f 4598 4600 4599
f 4597 4598 4558
f 4599 4600 4601
f 4602 4599 4601
f 4604 4605 4567
f 4556 4559 4557
f 4518 4599 4561
f 4599 4562 4561
f 4607 4599 4602
f 4562 4599 4607
f 4568 4603 4608
f 4608 4603 4604
f 4604 4567 4608
f 4609 4567 4610
f 4611 4667 4612
f 4625 4606 4559
f 4599 4560 4558
f 4518 4560 4599
f 4613 4614 4530
f 4615 4613 4530
f 4608 4567 4568
f 4513 4611 4563
f 4512 4609 4513
f 4609 4610 4513
f 4609 4512 4567
f 4616 4563 4611
f 4611 4513 4610
f 4611 4612 4616
f 4570 4620 4670
f 4515 4566 4559
f 4625 4559 4566
f 4485 4614 4617
f 4618 4530 4498
f 4563 4616 4565
f 4616 4621 4565
f 4570 4619 4569
f 4670 4619 4570
f 4570 4621 4620
f 4620 4621 4616
f 4569 4619 4622
f 4670 4623 4619
f 4569 4622 4575
f 4629 4624 4622
f 4514 4572 4566
f 4572 4573 4574
f 4566 4572 4625
f 4572 4626 4625
f 4626 4572 4574
f 4617 4574 4485
f 4626 4574 4617
f 4485 4530 4614
f 4575 4624 4627
f 4624 4571 4627
f 4571 4628 4576
f 4629 4571 4624
f 4624 4575 4622
f 4571 4629 4628
f 4485 4574 4529
f 4576 4526 4525
f 4630 4531 4526
f 4531 4630 4631
f 4577 4538 4531
f 4632 4578 4577
f 4631 4632 4577
f 4631 4577 4531
f 4632 4579 4578
f 4631 4579 4632
f 4579 4631 4580
f 4592 4596 4633
f 4579 4580 4554
f 4581 4580 4634
f 4635 4581 4634
f 4585 4636 4633
f 4596 4585 4633
f 4636 4637 4633
f 4635 4641 4638
f 4634 4639 4635
f 4634 4580 4639
f 4639 4641 4635
f 4637 4641 4633
f 4641 4640 4633
f 4641 4639 4640
f 4638 4641 4637
f 4633 4643 4679
f 4643 4639 4679
f 4633 4640 4643
f 4642 4639 4643
f 4642 4643 4640
f 4581 4635 4586
f 4644 4636 4585
f 4645 4644 4586
f 4645 4636 4644
f 4646 4586 4635
f 4586 4638 4645
f 4638 4637 4645
f 4771 4768 4767
f 4637 4636 4645
f 4653 4647 4648
f 4651 4652 4654
f 4653 4597 4557
f 4653 4648 4597
f 4653 4557 4651
f 4654 4652 4613
f 4684 4647 4653
f 4653 4651 4684
f 4684 4651 4654
f 4648 4655 4598
f 4648 4598 4597
f 4655 4648 4656
f 4655 4657 4600
f 4657 4649 4600
f 4600 4649 4601
f 4650 4658 4601
f 4649 4650 4601
f 4651 4559 4606
f 4651 4606 4652
f 4651 4557 4559
f 4652 4659 4613
f 4655 4600 4598
f 4607 4602 4601
f 4658 4607 4601
f 4603 4562 4607
f 4607 4604 4603
f 4658 4604 4607
f 4625 4661 4606
f 4652 4661 4662
f 4661 4625 4662
f 4661 4652 4606
f 4663 4662 4659
f 4659 4652 4663
f 4662 4663 4652
f 4659 4662 4613
f 4615 4664 4665
f 4567 4605 4666
f 4662 4614 4613
f 4617 4614 4662
f 4626 4617 4662
f 4615 4618 4664
f 4610 4567 4666
f 4610 4667 4611
f 4612 4668 4616
f 4610 4666 4667
f 4616 4668 4620
f 4662 4625 4626
f 4615 4530 4618
f 4618 4498 4664
f 4669 4670 4620
f 4670 4669 4623
f 4669 4671 4623
f 4623 4671 4622
f 4623 4622 4619
f 4629 4622 4671
f 4672 4673 4498
f 4674 4526 4628
f 4576 4628 4526
f 4628 4629 4674
f 4630 4674 4675
f 4676 4631 4630
f 4676 4677 4631
f 4532 4592 4633
f 4707 4678 4580
f 4679 4639 4580
f 4580 4678 4679
f 4588 4591 4592
f 4588 4590 4591
f 4798 4799 4797
f 4679 4678 4680
f 4681 4647 4682
f 4685 4647 4684
f 4682 4647 4712
f 4682 4656 4681
f 4654 4683 4684
f 4683 4654 4688
f 4688 4684 4683
f 4684 4688 4685
f 4681 4648 4647
f 4688 4686 4687
f 4540 4543 4544
f 4681 4656 4648
f 4656 4689 4655
f 4650 4649 4657
f 4657 4655 4689
f 4657 4690 4650
f 4657 4689 4690
f 4686 4654 4613
f 4688 4654 4686
f 4665 4691 4686
f 4650 4690 4658
f 4658 4660 4604
f 4692 4660 4658
f 4615 4665 4613
f 4686 4613 4665
f 4692 4604 4660
f 4604 4692 4605
f 4665 4664 4691
f 4691 4664 4693
f 4694 4667 4666
f 4605 4694 4666
f 4691 4693 4695
f 4612 4667 4694
f 4612 4696 4668
f 4693 4664 4498
f 4620 4668 4669
f 4693 4697 4695
f 4669 4668 4696
f 4693 4498 4673
f 4693 4673 4698
f 4699 4698 4673
f 4699 4693 4698
f 4700 4671 4669
f 4671 4700 4701
f 4671 4701 4674
f 4672 4699 4673
f 4671 4674 4629
f 4672 4697 4699
f 4672 4532 4697
f 4498 4532 4672
f 4532 4633 4697
f 4526 4674 4630
f 4630 4675 4676
f 4631 4702 4580
f 4631 4703 4702
f 4702 4704 4580
f 4704 4702 4709
f 4703 4709 4702
f 4680 4678 4705
f 4705 4706 4680
f 4580 4704 4707
f 4749 4747 4741
f 4704 4709 4708
f 4704 4708 4706
f 4709 4710 4706
f 4717 4714 4711
f 4717 4711 4712
f 4711 4682 4712
f 4713 4682 4711
f 4713 4656 4682
f 4711 4714 4713
f 4713 4715 4656
f 4656 4715 4689
f 4715 4716 4689
f 4685 4712 4647
f 4717 4712 4685
f 4718 4717 4685
f 4718 4723 4717
f 4717 4723 4714
f 4714 4723 4748
f 4719 4691 4720
f 4688 4687 4721
f 4685 4722 4718
f 4688 4721 4722
f 4722 4685 4688
f 4718 4722 4721
f 4550 4553 4589
f 4589 4587 4550
f 4706 4708 4709
f 4707 4704 4706
f 4500 4499 4496
f 4721 4723 4718
f 4723 4721 4748
f 4721 4687 4748
f 4719 4687 4686
f 4686 4691 4719
f 4690 4724 4658
f 4724 4725 4658
f 4726 4724 4690
f 4726 4725 4724
f 4692 4658 4725
f 4720 4691 4727
f 4695 4697 4727
f 4692 4694 4605
f 4694 4692 4728
f 4727 4691 4695
f 4696 4612 4694
f 4728 4696 4694
f 4696 4729 4669
f 4669 4729 4700
f 4699 4697 4693
f 4701 4730 4674
f 4731 4697 4633
f 4674 4756 4732
f 4674 4732 4675
f 4675 4677 4676
f 4675 4733 4677
f 4731 4633 4734
f 4679 4734 4633
f 4679 4680 4734
f 4677 4703 4631
f 4735 4703 4677
f 4736 4680 4706
f 4709 4703 4735
f 4709 4735 4737
f 4639 4642 4640
f 4709 4737 4710
f 4736 4706 4710
f 4713 4714 4715
f 4715 4714 4746
f 4715 4746 4738
f 4719 4740 4741
f 4742 4740 4743
f 4740 4719 4743
f 4716 4766 4689
f 4738 4716 4715
f 4744 4689 4766
f 4687 4745 4748
f 4745 4687 4741
f 4746 4714 4748
f 4747 4745 4741
f 4748 4745 4747
f 4749 4741 4740
f 4749 4740 4742
f 4742 4748 4747
f 4741 4687 4719
f 4719 4720 4739
f 4689 4744 4690
f 4744 4726 4690
f 4750 4726 4744
f 4751 4726 4750
f 4726 4751 4725
f 4725 4751 4692
f 4728 4692 4751
f 4752 4720 4727
f 4697 4731 4753
f 4701 4754 4730
f 4730 4756 4674
f 4755 4675 4732
f 4675 4755 4733
f 4756 4755 4732
f 4756 4733 4755
f 4733 4757 4758
f 4734 4793 4792
f 4734 4759 4793
f 4759 4734 4736
f 4733 4758 4677
f 4758 4735 4677
f 4736 4734 4680
f 4761 4763 4760
f 4761 4762 4763
f 4760 4763 4735
f 4762 4736 4710
f 4735 4763 4737
f 4737 4763 4710
f 4710 4763 4762
f 4743 4767 4742
f 4746 4769 4738
f 4748 4764 4746
f 4764 4748 4742
f 4764 4742 4768
f 4738 4766 4716
f 4719 4739 4767
f 4766 4738 4765
f 4719 4767 4743
f 4738 4769 4765
f 4769 4771 4765
f 4705 4678 4707
f 4553 4588 4589
f 4706 4705 4707
f 4771 4766 4765
f 4767 4739 4771
f 4749 4742 4747
f 4767 4768 4742
f 4768 4771 4769
f 4750 4744 4766
f 4771 4770 4766
f 4771 4772 4770
f 4772 4771 4739
f 4766 4770 4750
f 4750 4770 4774
f 4739 4720 4773
f 4750 4774 4773
f 4750 4775 4751
f 4773 4776 4750
f 4750 4776 4775
f 4720 4752 4773
f 4776 4773 4752
f 4751 4777 4728
f 4751 4775 4777
f 4728 4777 4778
f 4752 4727 4779
f 4728 4778 4696
f 4697 4779 4727
f 4780 4729 4696
f 4700 4729 4780
f 4697 4753 4781
f 4700 4780 4782
f 4700 4782 4754
f 4701 4700 4754
f 4782 4730 4754
f 4783 4730 4782
f 4756 4730 4784
f 4783 4784 4730
f 4731 4734 4785
f 4731 4785 4786
f 4787 4785 4734
f 4784 4788 4787
f 4789 4757 4756
f 4784 4789 4756
f 4787 4790 4789
f 4787 4789 4784
f 4787 4734 4790
f 4733 4756 4757
f 4790 4791 4789
f 4734 4791 4790
f 4757 4789 4791
f 4791 4792 4757
f 4734 4792 4791
f 4792 4758 4757
f 4792 4793 4758
f 4760 4735 4758
f 4760 4758 4759
f 4759 4794 4760
f 4758 4793 4759
f 4759 4736 4794
f 4794 4761 4760
f 4761 4794 4736
f 4736 4762 4761
f 4768 4746 4764
f 4769 4746 4768
f 4772 4774 4770
f 4739 4773 4772
f 4772 4773 4774
f 4796 4776 4752
f 4796 4752 4795
f 4775 4776 4796
f 4775 4796 4777
f 4777 4797 4778
f 4796 4795 4777
f 4777 4795 4797
f 4752 4779 4798
f 4752 4798 4795
f 4779 4799 4798
f 4797 4795 4798
f 4799 4778 4797
f 4800 4799 4779
f 4778 4780 4696
f 4778 4799 4800
f 4778 4800 4801
f 4779 4697 4781
f 4800 4779 4781
f 4780 4778 4801
f 4802 4780 4801
f 4802 4803 4780
f 4802 4781 4753
f 4802 4753 4803
f 4782 4780 4803
f 4753 4804 4805
f 4782 4803 4805
f 4805 4803 4753
f 4783 4782 4806
f 4804 4782 4805
f 4806 4782 4804
f 4804 4786 4806
f 4786 4804 4753
f 4807 4806 4786
f 4806 4807 4783
f 4786 4808 4807
f 4786 4753 4731
f 4785 4808 4786
f 4783 4807 4808
f 4788 4783 4808
f 4788 4784 4783
f 4808 4787 4788
f 4808 4785 4787
f 4800 4781 4802
f 4801 4800 4802
f 4646 4635 4638
f 4638 4586 4646
f 4540 4544 4539
f 4466 4467 4468
f 4809 4810 4811
f 4812 4813 4815
f 4813 4874 4815
f 4874 4814 4815
f 4815 4814 4816
f 4816 4817 4815
f 4818 4819 4820
f 4821 4822 4823
f 4826 4827 4825
f 4824 4825 4827
f 4812 4815 4828
f 4824 4828 4825
f 4812 4828 4824
f 4817 4829 4828
f 4815 4817 4828
f 4829 4820 4825
f 4825 4820 4830
f 4820 4817 4818
f 4820 4829 4817
f 4816 4818 4817
f 4820 4822 4830
f 4822 4820 4831
f 4821 4832 4830
f 4830 4822 4821
f 4821 4833 4832
f 4834 4832 4833
f 4809 4826 4835
f 4825 4835 4826
f 4828 4829 4825
f 4835 4825 4830
f 4835 4830 4810
f 4810 4809 4835
f 4810 4839 4811
f 4832 4839 4810
f 4839 4832 4834
f 4810 4830 4832
f 4809 4836 4826
f 4836 4837 4826
f 4836 4809 4838
f 4811 4838 4809
f 4811 4839 4838
f 4838 4839 4840
f 4838 4841 4836
f 4840 4841 4838
f 4840 4842 4887
f 4840 4839 4843
f 4842 4840 4843
f 4844 4845 4846
f 4848 4849 4844
f 4849 4848 4847
f 4850 4851 4847
f 4851 4849 4847
f 4844 4849 4845
f 4852 4844 4853
f 4853 4854 4852
f 4849 4855 4845
f 4856 4875 4814
f 4853 4814 4854
f 4814 4853 4856
f 4856 4853 4857
f 4875 4856 4876
f 4853 4846 4857
f 4856 4857 4876
f 4859 4876 4857
f 4876 4858 4831
f 4859 4877 4831
f 4831 4877 4876
f 4831 4860 4859
f 4859 4860 4876
f 4859 4819 4877
f 4859 4861 4819
f 4859 4857 4861
f 4858 4876 4861
f 4862 4863 4823
f 4869 4867 4868
f 4869 4870 4827
f 4870 4869 4813
f 4869 4871 4813
f 4871 4869 4868
f 4848 4844 4872
f 4871 4848 4872
f 4872 4852 4873
f 4873 4871 4872
f 4873 4813 4871
f 4844 4852 4872
f 4813 4873 4874
f 4854 4874 4852
f 4874 4854 4814
f 4814 4875 4816
f 4816 4875 4818
f 4820 4819 4831
f 4875 4876 4877
f 4818 4875 4877
f 4877 4819 4818
f 4823 4822 4831
f 4823 4863 4821
f 4831 4858 4823
f 4862 4823 4858
f 4821 4863 4833
f 4863 4834 4833
f 4863 4866 4834
f 4864 4878 4866
f 4870 4812 4824
f 4813 4812 4870
f 4824 4827 4870
f 4879 4827 4826
f 4839 4881 4880
f 4839 4834 4881
f 4834 4882 4881
f 4879 4826 4837
f 4884 4883 4885
f 4920 4885 4883
f 4839 4880 4843
f 4843 4880 4883
f 4841 4837 4836
f 4886 4837 4841
f 4841 4840 4886
f 4840 4887 4886
f 4884 4886 4883
f 4886 4887 4883
f 4843 4883 4887
f 4842 4843 4887
f 4888 4889 4855
f 4844 4846 4853
f 4893 4896 4894
f 4851 4897 4849
f 4897 4855 4849
f 4895 4897 4851
f 4898 4888 4897
f 4888 4855 4897
f 4895 4896 4897
f 4898 4897 4896
f 4889 4845 4855
f 4889 4846 4845
f 4857 4899 4861
f 4899 4862 4861
f 4867 4901 4902
f 4900 4869 4904
f 4869 4900 4867
f 4891 4892 4902
f 4868 4867 4902
f 4868 4902 4892
f 4848 4868 4847
f 4868 4892 4847
f 4892 4896 4895
f 4894 4896 4892
f 4891 4903 4892
f 4903 4894 4892
f 4850 4847 4892
f 4851 4850 4895
f 4850 4892 4895
f 4861 4862 4858
f 4866 4863 4862
f 4864 4866 4862
f 4865 4864 4862
f 4904 4827 4942
f 4827 4904 4869
f 4827 4879 4905
f 4905 4879 4906
f 4907 4908 4909
f 4910 4908 4911
f 4908 4907 4912
f 4907 4913 4912
f 4882 4914 4881
f 4913 4914 4912
f 4878 4834 4866
f 4834 4878 4882
f 4882 4878 4914
f 4906 4879 4837
f 4908 4918 4909
f 4910 4917 4918
f 4920 4913 4907
f 4918 4908 4910
f 4920 4880 4913
f 4914 4913 4881
f 4881 4913 4880
f 4923 4884 4921
f 4917 4884 4885
f 4922 4884 4917
f 4909 4918 4885
f 4885 4918 4917
f 4909 4885 4907
f 4885 4920 4907
f 4880 4920 4883
f 4923 4837 4886
f 4923 4886 4884
f 4893 4924 4925
f 4926 4958 4896
f 4927 4896 4958
f 4898 4928 4888
f 4846 4930 4929
f 4932 4931 4933
f 4936 4934 4935
f 4941 4936 4935
f 4933 4936 4941
f 4966 4893 4934
f 4966 4934 4937
f 4926 4896 4893
f 4924 4893 4966
f 4926 4893 4925
f 4846 4889 4930
f 4846 4929 4857
f 4867 4938 4901
f 4890 4891 4902
f 4890 4939 4940
f 4931 4890 4940
f 4890 4931 4932
f 4894 4903 4941
f 4891 4890 4932
f 4903 4891 4932
f 4935 4894 4941
f 4903 4932 4941
f 4941 4932 4933
f 4935 4893 4894
f 4893 4935 4934
f 4865 4862 4899
f 4943 4904 4942
f 4865 4944 4864
f 4944 4878 4864
f 4942 4945 4947
f 4906 4946 4905
f 4942 4827 4945
f 4945 4827 4905
f 4945 4905 4947
f 4948 4911 4912
f 4915 4948 4912
f 4915 4912 4914
f 4915 4914 4949
f 4916 4949 4914
f 4916 4878 4950
f 4950 4949 4916
f 4919 4910 4911
f 4911 4953 4919
f 4919 4953 4951
f 4912 4911 4908
f 4916 4914 4878
f 4946 4906 5002
f 4884 4922 4921
f 4922 4954 4921
f 4976 4922 4951
f 4917 4910 4922
f 4922 4910 4951
f 4951 4952 4976
f 4951 4910 4919
f 4955 4906 4837
f 4923 4955 4837
f 4955 4923 4921
f 4925 4956 4926
f 4957 4958 4926
f 4959 4960 4956
f 4959 4956 4961
f 4924 4956 4925
f 4961 4956 4924
f 4928 4962 4888
f 4889 4962 4963
f 4889 4888 4962
f 4959 4961 4937
f 4898 4896 4927
f 4889 4963 4930
f 4857 4929 4964
f 4969 4938 4900
f 4900 4938 4867
f 4901 4890 4902
f 4931 4940 4939
f 4890 4901 4939
f 4936 4931 4939
f 4936 4933 4931
f 4936 4965 4934
f 4959 4937 4965
f 4961 4966 4937
f 4937 4934 4965
f 4961 4924 4966
f 4899 4968 4865
f 4942 4947 4943
f 4900 4904 4943
f 4900 4943 4969
f 4972 4974 4973
f 4968 4944 4865
f 4950 4944 4975
f 4976 4977 4978
f 4979 4978 4977
f 4979 4977 4972
f 4972 4980 4979
f 4981 4977 4994
f 4972 4977 4974
f 4981 4994 4982
f 4985 4953 4986
f 4985 4987 4953
f 4953 4911 4986
f 4986 4911 4988
f 4988 4911 4989
f 4986 4988 4990
f 4991 4986 4990
f 4989 4992 4988
f 5035 4989 4948
f 4949 4993 4948
f 4878 4944 4950
f 4977 4976 4994
f 4976 4983 4994
f 4997 4984 4996
f 5045 4951 4953
f 4995 5045 4996
f 4987 5045 4953
f 4911 4948 4989
f 4949 4948 4915
f 4999 4946 5002
f 5051 4954 5001
f 4983 4976 4952
f 4951 4995 4952
f 4983 4952 4984
f 4995 4951 5045
f 4995 4996 4952
f 4952 4996 4984
f 4955 5002 4906
f 4955 4921 5002
f 4921 4954 5000
f 4954 4922 4976
f 5001 4954 4976
f 5003 5004 4962
f 5005 5004 5003
f 5006 5064 5069
f 4958 5008 4927
f 4927 5009 4898
f 4928 4898 5009
f 5004 4963 4962
f 4963 5010 4930
f 4929 4930 5011
f 4939 5012 4965
f 4965 5013 4959
f 4960 5013 5006
f 4959 5013 4960
f 5006 5013 5064
f 5006 4956 4960
f 5017 5014 5015
f 5011 4964 4929
f 4938 4969 4901
f 4939 4965 4936
f 5016 5014 5017
f 5018 5019 5014
f 5014 5019 5020
f 5014 5020 5021
f 5014 5021 5023
f 5024 4973 5025
f 4899 4857 4964
f 4899 5026 4968
f 4899 4964 5026
f 5018 5014 5016
f 5016 4967 5018
f 5016 5017 5028
f 5028 5029 4971
f 5028 5017 5029
f 4967 5019 5018
f 5020 5019 4967
f 4967 5022 5020
f 5022 5030 5031
f 5020 5022 5021
f 5031 5030 4973
f 4973 5024 5031
f 5021 5022 5031
f 5025 4973 4974
f 5032 5033 4982
f 4982 5033 4974
f 4992 5035 5036
f 4944 5038 4975
f 4944 4968 5038
f 5039 4947 4905
f 5028 4970 4967
f 5040 4970 4971
f 5040 4978 4979
f 4970 5028 4971
f 4978 5040 5041
f 4971 5029 5041
f 5040 4971 5041
f 5022 4967 4970
f 4980 5022 4970
f 4970 5040 4980
f 4980 5040 4979
f 5022 4980 5030
f 4980 4973 5030
f 4972 4973 4980
f 4977 4981 4982
f 4974 4977 4982
f 5042 5032 4982
f 5042 4984 4997
f 5043 4997 5044
f 5037 4985 4991
f 4985 5037 4987
f 5043 5045 4987
f 4991 4990 4992
f 4992 5037 4991
f 4948 4993 5035
f 4993 4949 5046
f 4949 5047 5046
f 5047 4949 4975
f 4950 4975 4949
f 4946 5039 4905
f 5041 5049 4978
f 5049 4976 4978
f 4982 4994 5042
f 4983 5042 4994
f 4984 5042 4983
f 5044 5045 5043
f 4988 4992 4990
f 4985 4986 4991
f 4992 4989 5035
f 5044 4997 4996
f 5044 4996 5045
f 5002 4921 5052
f 5051 5052 4921
f 5051 4921 5000
f 4954 5051 5000
f 5051 5001 5053
f 5050 5053 4976
f 4976 5053 5001
f 5054 5055 4957
f 4957 4926 4956
f 4956 5054 4957
f 4956 5006 5007
f 5056 5057 5058
f 5015 5058 5057
f 5058 5059 5056
f 5009 4927 5008
f 4962 4928 5003
f 4963 5004 5005
f 5005 5060 4963
f 5061 5060 5062
f 5061 5010 5060
f 5010 4963 5060
f 5010 5011 4930
f 4965 5063 5013
f 5013 5063 5064
f 5064 5063 5065
f 5064 5065 5066
f 5057 5007 5006
f 5069 5057 5006
f 5057 5069 5015
f 5041 5029 5067
f 5066 5068 5069
f 5066 5070 5068
f 5064 5066 5069
f 5070 5029 5017
f 5066 5029 5070
f 5029 5066 5071
f 5014 5023 5015
f 5070 5017 5015
f 5069 5068 5015
f 5068 5070 5015
f 5023 5058 5015
f 5072 5023 5021
f 5072 5021 5031
f 5072 5031 5024
f 5072 5024 5073
f 5025 5073 5024
f 5074 5025 5075
f 5011 5026 4964
f 5027 4943 5076
f 5076 4943 4947
f 4943 5027 4969
f 5077 5041 5067
f 5025 4974 5033
f 5025 5033 5075
f 5033 5079 5075
f 5079 5032 5034
f 5042 5034 5032
f 5036 5080 5037
f 5036 5035 4993
f 5081 5036 4993
f 5114 5086 5038
f 5039 5082 4947
f 5083 5041 5077
f 5077 5078 5083
f 5079 5033 5032
f 4997 5034 5042
f 5034 4997 5080
f 5037 5043 4987
f 5080 5043 5037
f 5036 5037 4992
f 4993 5046 5084
f 5085 5047 4975
f 5085 4975 5086
f 4975 5038 5086
f 5082 5039 5087
f 5088 5048 5083
f 5041 5083 5048
f 5049 5041 5048
f 4997 5043 5080
f 5085 5046 5047
f 5039 4946 4998
f 5050 5049 5048
f 4999 4998 4946
f 4999 5002 5090
f 5050 5093 5053
f 5051 5053 5092
f 4976 5049 5050
f 5002 5091 5090
f 5054 5094 5055
f 5095 5055 5096
f 4956 5007 5054
f 5095 4957 5055
f 4957 5008 4958
f 4957 5097 5008
f 5003 5098 5100
f 5056 5007 5057
f 5056 5099 5007
f 5005 5062 5060
f 5101 5011 5102
f 5058 5023 5059
f 5105 5074 5075
f 5061 5102 5010
f 5011 5010 5102
f 4939 4901 5106
f 5071 5107 5078
f 5067 5071 5078
f 5103 5023 5072
f 5073 5103 5072
f 5074 5073 5025
f 5104 5073 5074
f 5110 5109 5034
f 5110 5034 5080
f 5029 5071 5067
f 5067 5078 5077
f 5075 5079 5108
f 5079 5034 5108
f 4993 5111 5081
f 5112 5111 4993
f 5112 4993 5084
f 5243 5146 5046
f 5114 5243 5046
f 5038 5115 5114
f 5114 5085 5086
f 5046 5085 5114
f 5087 5039 5089
f 5048 5116 5050
f 5116 5048 5088
f 4998 5089 5039
f 5002 5052 5117
f 5093 5050 5116
f 5090 5089 4999
f 4998 4999 5089
f 5053 5093 5092
f 5007 5094 5054
f 5095 5097 4957
f 5119 5120 5118
f 5127 5118 5120
f 5122 5123 5121
f 5124 5123 5122
f 5124 5105 5123
f 5009 5008 5125
f 5003 4928 5126
f 5126 5098 5003
f 5009 5126 4928
f 5003 5100 5005
f 5100 5062 5005
f 5061 5062 5165
f 5012 5063 4965
f 5056 5059 5127
f 5059 5118 5127
f 5103 5073 5119
f 5023 5103 5059
f 5118 5103 5119
f 5059 5103 5118
f 5119 5104 5120
f 5104 5119 5073
f 5122 5104 5074
f 5104 5122 5121
f 5074 5105 5124
f 5124 5122 5074
f 5128 5108 5129
f 5105 5128 5130
f 5129 5130 5128
f 5132 5130 5129
f 5131 5132 5129
f 5133 5011 5101
f 5066 5065 5134
f 5107 5071 5135
f 5134 5071 5066
f 5135 5071 5134
f 5105 5075 5128
f 5128 5075 5108
f 5129 5034 5109
f 5108 5034 5129
f 5109 5110 5131
f 5131 5110 5136
f 5129 5109 5131
f 5110 5080 5137
f 5136 5110 5137
f 5137 5138 5136
f 5137 5139 5138
f 5133 5140 5011
f 5078 5107 5088
f 5137 5080 5036
f 5036 5139 5137
f 5036 5081 5139
f 5081 5111 5141
f 5147 4968 5026
f 5082 5076 4947
f 5082 5142 5076
f 5083 5078 5088
f 5112 5084 5111
f 5113 5111 5084
f 5113 5144 5111
f 5113 5084 5143
f 5084 5046 5143
f 5144 5113 5143
f 5143 5145 5144
f 5145 5143 5046
f 5146 5145 5046
f 5243 5114 5115
f 4968 5147 5038
f 5115 5038 5147
f 5087 5089 5148
f 5149 5150 5116
f 5148 5089 5090
f 5091 5002 5117
f 5051 5092 5052
f 5052 5092 5117
f 5092 5093 5117
f 5096 5152 5095
f 5152 5153 5095
f 5154 5153 5155
f 5156 5154 5155
f 5094 5007 5099
f 5094 5099 5157
f 5097 5154 5008
f 5095 5153 5097
f 5153 5154 5097
f 5154 5125 5008
f 5009 5125 5158
f 5056 5127 5099
f 5121 5159 5120
f 5121 5160 5159
f 5161 5123 5163
f 5163 5123 5105
f 5009 5158 5126
f 5098 5164 5100
f 5102 5061 5165
f 5165 5166 5102
f 5167 5065 5063
f 5134 5065 5167
f 5104 5121 5120
f 5121 5162 5160
f 5162 5121 5123
f 5130 5163 5105
f 5163 5130 5132
f 5163 5132 5161
f 5170 5101 5102
f 5170 5169 5101
f 5012 4939 5106
f 5135 5134 5171
f 5132 5131 5136
f 5138 5172 5136
f 5139 5168 5138
f 5168 5173 5174
f 5101 5169 5133
f 5139 5141 5173
f 5140 5133 5169
f 4969 5175 5176
f 5175 4969 5027
f 5106 4901 4969
f 4969 5176 5106
f 5173 5168 5139
f 5141 5139 5081
f 5140 5026 5011
f 5026 5140 5147
f 5142 5178 5076
f 5179 5027 5076
f 5177 5088 5107
f 5141 5111 5144
f 5144 5146 5141
f 5180 5243 5115
f 5142 5082 5181
f 5146 5144 5145
f 5082 5087 5182
f 5088 5149 5116
f 5183 5090 5117
f 5090 5184 5148
f 5184 5090 5183
f 5090 5091 5117
f 5055 5157 5185
f 5151 5157 5055
f 5055 5185 5096
f 5151 5055 5094
f 5153 5186 5155
f 5156 5125 5154
f 5158 5125 5164
f 5217 5157 5099
f 5120 5159 5187
f 5188 5159 5160
f 5098 5126 5158
f 5158 5164 5098
f 5190 5191 5012
f 5192 5193 5012
f 5063 5012 5193
f 5193 5167 5063
f 5194 5167 5193
f 5195 5167 5194
f 5167 5195 5171
f 5162 5123 5161
f 5132 5196 5161
f 5062 5100 5165
f 5197 5012 5106
f 5190 5012 5197
f 5135 5177 5107
f 5134 5167 5171
f 5132 5136 5198
f 5132 5198 5196
f 5136 5172 5198
f 5168 5174 5138
f 5138 5174 5172
f 5106 5176 5200
f 5176 5201 5200
f 5197 5106 5200
f 5141 5199 5173
f 5199 5141 5204
f 5199 5204 5205
f 5205 5204 5206
f 5178 5207 5208
f 5027 5179 5175
f 5206 5204 5141
f 5181 5207 5142
f 5076 5178 5208
f 5207 5178 5142
f 5141 5146 5206
f 5146 5242 5206
f 5209 5180 5115
f 5210 5181 5082
f 5149 5088 5211
f 5087 5212 5182
f 5087 5148 5212
f 5184 5213 5212
f 5093 5150 5117
f 5148 5184 5212
f 5184 5183 5213
f 5093 5116 5150
f 5151 5094 5157
f 5214 5153 5152
f 5153 5214 5186
f 5156 5155 5186
f 5156 5186 5215
f 5215 5216 5156
f 5099 5127 5217
f 5164 5125 5156
f 5191 5192 5012
f 5189 5160 5162
f 5161 5189 5162
f 5219 5165 5100
f 5220 5219 5100
f 5219 5166 5165
f 5221 5166 5219
f 5190 5223 5191
f 5218 5190 5197
f 5223 5190 5218
f 5224 5177 5135
f 5135 5171 5195
f 5102 5166 5222
f 5225 5197 5201
f 5201 5197 5200
f 5198 5172 5226
f 5172 5174 5226
f 5174 5227 5226
f 5226 5227 5228
f 5229 5227 5174
f 5229 5174 5173
f 5173 5199 5203
f 5229 5173 5203
f 5229 5203 5230
f 5170 5140 5169
f 5170 5231 5140
f 5076 5232 5179
f 5232 5076 5208
f 5199 5233 5203
f 5205 5233 5199
f 5233 5230 5203
f 5234 5233 5205
f 5147 5140 5231
f 5208 5207 5235
f 5202 5236 5177
f 5205 5206 5234
f 5234 5206 5242
f 5115 5147 5209
f 5235 5207 5181
f 5177 5239 5211
f 5211 5239 5240
f 5236 5239 5177
f 5241 5240 5239
f 5236 5241 5239
f 5242 5146 5243
f 5180 5242 5243
f 5180 5209 5244
f 5244 5242 5180
f 5210 5082 5182
f 5245 5181 5210
f 5211 5246 5149
f 5177 5211 5088
f 5213 5210 5182
f 5150 5246 5117
f 5213 5182 5212
f 5157 5247 5185
f 5248 5152 5096
f 5152 5249 5214
f 5127 5250 5217
f 5214 5215 5186
f 5216 5164 5156
f 5251 5252 5253
f 5193 5192 5255
f 5255 5256 5193
f 5193 5256 5194
f 5127 5120 5187
f 5127 5187 5257
f 5289 5257 5187
f 5250 5127 5257
f 5159 5188 5258
f 5187 5159 5258
f 5259 5187 5258
f 5259 5260 5187
f 5188 5189 5261
f 5188 5262 5258
f 5262 5188 5261
f 5263 5220 5164
f 5253 5191 5223
f 5223 5218 5253
f 5253 5218 5251
f 5264 5192 5191
f 5224 5135 5195
f 5189 5188 5160
f 5164 5220 5100
f 5221 5219 5220
f 5221 5222 5166
f 5221 5265 5222
f 5266 5197 5225
f 5267 5161 5196
f 5268 5196 5198
f 5196 5268 5269
f 5196 5269 5267
f 5170 5102 5222
f 5232 5270 5271
f 5272 5176 5175
f 5175 5179 5273
f 5273 5272 5175
f 5201 5176 5272
f 5201 5272 5274
f 5177 5224 5202
f 5226 5268 5198
f 5227 5229 5230
f 5231 5170 5275
f 5235 5270 5208
f 5270 5235 5276
f 5270 5232 5208
f 5236 5202 5237
f 5238 5147 5231
f 5276 5181 5277
f 5235 5181 5276
f 5241 5236 5237
f 5234 5278 5233
f 5234 5242 5244
f 5244 5278 5234
f 5181 5245 5277
f 5245 5279 5277
f 5211 5240 5246
f 5240 5280 5246
f 5117 5281 5307
f 5246 5349 5117
f 5281 5117 5349
f 5150 5149 5246
f 5247 5282 5185
f 5152 5282 5283
f 5284 5152 5283
f 5157 5285 5247
f 5247 5285 5286
f 5282 5096 5185
f 5248 5096 5282
f 5282 5152 5248
f 5249 5152 5284
f 5249 5287 5214
f 5215 5214 5287
f 5255 5192 5254
f 5250 5313 5217
f 5257 5289 5313
f 5259 5258 5262
f 5215 5290 5216
f 5216 5291 5164
f 5264 5191 5253
f 5253 5252 5264
f 5192 5264 5254
f 5260 5289 5187
f 5313 5250 5257
f 5161 5292 5189
f 5291 5263 5164
f 5266 5251 5197
f 5267 5269 5293
f 5269 5268 5294
f 5293 5269 5294
f 5268 5226 5297
f 5170 5222 5275
f 5232 5271 5179
f 5273 5271 5295
f 5273 5179 5271
f 5226 5228 5297
f 5296 5297 5228
f 5228 5227 5296
f 5230 5298 5227
f 5298 5299 5227
f 5297 5296 5299
f 5270 5276 5271
f 5237 5202 5224
f 5298 5230 5300
f 5233 5278 5301
f 5233 5301 5300
f 5302 5301 5278
f 5230 5233 5300
f 5147 5238 5209
f 5238 5231 5303
f 5240 5241 5280
f 5245 5304 5305
f 5349 5246 5306
f 5280 5306 5246
f 5304 5245 5210
f 5210 5213 5304
f 5307 5183 5117
f 5283 5282 5247
f 5256 5255 5308
f 5308 5255 5254
f 5157 5217 5285
f 5288 5215 5287
f 5290 5215 5288
f 5309 5254 5310
f 5256 5311 5194
f 5311 5337 5194
f 5337 5195 5194
f 5256 5308 5311
f 5260 5312 5289
f 5312 5313 5289
f 5314 5262 5261
f 5261 5364 5314
f 5292 5315 5261
f 5218 5197 5251
f 5316 5224 5195
f 5189 5292 5261
f 5317 5292 5161
f 5220 5265 5221
f 5318 5225 5319
f 5318 5266 5225
f 5161 5267 5317
f 5267 5293 5317
f 5222 5265 5275
f 5295 5272 5273
f 5201 5274 5319
f 5319 5225 5201
f 5320 5224 5436
f 5224 5320 5237
f 5294 5268 5297
f 5298 5300 5299
f 5297 5299 5321
f 5321 5299 5300
f 5301 5322 5300
f 5322 5301 5302
f 5412 5300 5322
f 5412 5322 5324
f 5324 5322 5302
f 5325 5238 5303
f 5209 5238 5325
f 5326 5209 5325
f 5278 5323 5302
f 5327 5278 5244
f 5327 5323 5278
f 5326 5244 5209
f 5327 5244 5328
f 5328 5244 5326
f 5245 5305 5329
f 5183 5304 5213
f 5330 5304 5183
f 5281 5331 5307
f 5332 5307 5331
f 5284 5287 5249
f 5311 5308 5333
f 5361 5337 5311
f 5333 5361 5311
f 5313 5312 5260
f 5313 5260 5334
f 5259 5262 5314
f 5364 5336 5314
f 5310 5264 5252
f 5254 5264 5310
f 5337 5316 5195
f 5364 5261 5315
f 5291 5216 5290
f 5436 5224 5316
f 5292 5338 5315
f 5317 5338 5292
f 5433 5265 5220
f 5339 5317 5293
f 5339 5293 5297
f 5265 5340 5275
f 5341 5231 5275
f 5341 5342 5231
f 5341 5275 5340
f 5568 5295 5271
f 5272 5295 5372
f 5372 5295 5568
f 5343 5237 5320
f 5293 5294 5297
f 5344 5271 5276
f 5231 5345 5303
f 5279 5346 5277
f 5276 5277 5346
f 5302 5347 5324
f 5323 5347 5302
f 5323 5327 5347
f 5347 5412 5324
f 5329 5279 5245
f 5351 5349 5306
f 5348 5351 5350
f 5351 5348 5349
f 5280 5351 5306
f 5241 5352 5280
f 5328 5326 5353
f 5356 5305 5304
f 5354 5331 5281
f 5281 5349 5355
f 5349 5348 5355
f 5281 5355 5354
f 5350 5355 5348
f 5330 5183 5307
f 5330 5356 5304
f 5357 5356 5330
f 5330 5332 5357
f 5307 5332 5330
f 5286 5538 5247
f 5284 5283 5287
f 5287 5358 5288
f 5310 5359 5309
f 5310 5252 5359
f 5254 5309 5360
f 5308 5254 5360
f 5308 5360 5333
f 5361 5362 5337
f 5259 5334 5260
f 5334 5259 5335
f 5314 5396 5335
f 5314 5335 5259
f 5335 5363 5334
f 5363 5335 5396
f 5365 5291 5290
f 5362 5316 5337
f 5366 5364 5315
f 5338 5366 5315
f 5367 5263 5430
f 5263 5291 5430
f 5367 5368 5263
f 5369 5338 5317
f 5265 5433 5370
f 5265 5374 5340
f 5371 5274 5372
f 5319 5274 5371
f 5373 5319 5371
f 5374 5341 5340
f 5272 5372 5274
f 5237 5343 5241
f 5375 5345 5342
f 5342 5345 5231
f 5346 5344 5276
f 5271 5344 5376
f 5412 5321 5300
f 5439 5321 5412
f 5345 5378 5303
f 5347 5327 5328
f 5379 5353 5326
f 5303 5380 5325
f 5380 5326 5325
f 5279 5329 5305
f 5279 5305 5381
f 5382 5355 5350
f 5418 5350 5351
f 5420 5351 5280
f 5383 5356 5357
f 5385 5331 5354
f 5332 5331 5385
f 5385 5354 5384
f 5383 5357 5332
f 5355 5384 5354
f 5286 5386 5538
f 5387 5286 5285
f 5247 5538 5283
f 5360 5309 5388
f 5392 5333 5389
f 5390 5217 5424
f 5390 5285 5217
f 5283 5358 5287
f 5391 5252 5266
f 5391 5359 5252
f 5359 5388 5309
f 5333 5392 5361
f 5361 5392 5362
f 5424 5217 5313
f 5396 5393 5363
f 5393 5394 5363
f 5395 5314 5336
f 5395 5396 5314
f 5366 5397 5364
f 5336 5364 5398
f 5288 5399 5290
f 5373 5266 5318
f 5266 5373 5400
f 5252 5251 5266
f 5397 5366 5338
f 5368 5433 5220
f 5368 5220 5263
f 5368 5370 5433
f 5318 5319 5373
f 5560 5436 5316
f 5560 5401 5436
f 5402 5369 5317
f 5338 5369 5402
f 5265 5403 5374
f 5404 5373 5371
f 5405 5343 5320
f 5406 5320 5436
f 5320 5406 5405
f 5317 5339 5402
f 5402 5339 5407
f 5375 5341 5374
f 5341 5375 5342
f 5376 5408 5271
f 5407 5339 5297
f 5297 5321 5407
f 5407 5321 5377
f 5377 5321 5439
f 5409 5344 5346
f 5410 5409 5346
f 5439 5412 5411
f 5440 5439 5411
f 5413 5412 5414
f 5414 5412 5347
f 5415 5416 5378
f 5346 5279 5410
f 5417 5279 5381
f 5418 5351 5420
f 5419 5280 5352
f 5347 5328 5353
f 5380 5379 5326
f 5421 5347 5353
f 5379 5421 5353
f 5380 5303 5378
f 5416 5380 5378
f 5379 5380 5416
f 5382 5384 5355
f 5419 5420 5280
f 5422 5305 5356
f 5422 5356 5383
f 5332 5385 5383
f 5382 5385 5384
f 5334 5424 5313
f 5363 5424 5334
f 5391 5266 5425
f 5426 5425 5266
f 5359 5391 5388
f 5394 5424 5363
f 5428 5365 5290
f 5365 5428 5291
f 5429 5367 5430
f 5428 5430 5291
f 5400 5426 5266
f 5560 5316 5431
f 5432 5431 5316
f 5432 5316 5362
f 5492 5373 5404
f 5401 5435 5406
f 5406 5435 5405
f 5436 5401 5406
f 5403 5265 5370
f 5403 5370 5434
f 5271 5408 5568
f 5405 5437 5343
f 5377 5439 5441
f 5439 5442 5441
f 5377 5443 5407
f 5440 5442 5439
f 5411 5444 5440
f 5376 5344 5409
f 5445 5376 5409
f 5411 5412 5413
f 5444 5411 5413
f 5442 5440 5465
f 5347 5421 5414
f 5421 5416 5446
f 5415 5446 5416
f 5417 5381 5447
f 5420 5419 5418
f 5421 5379 5416
f 5381 5305 5422
f 5448 5447 5381
f 5448 5381 5422
f 5418 5382 5350
f 5385 5449 5383
f 5450 5389 5333
f 5450 5451 5389
f 5392 5389 5452
f 5423 5358 5283
f 5453 5360 5388
f 5454 5333 5360
f 5450 5333 5454
f 5455 5362 5392
f 5452 5455 5392
f 5358 5399 5288
f 5456 5290 5399
f 5391 5425 5388
f 5431 5432 5457
f 5362 5457 5432
f 5457 5362 5458
f 5427 5393 5395
f 5427 5394 5393
f 5336 5427 5395
f 5367 5429 5368
f 5368 5429 5459
f 5457 5560 5431
f 5434 5370 5368
f 5438 5405 5435
f 5460 5461 5402
f 5463 5372 5568
f 5463 5371 5372
f 5463 5404 5371
f 5437 5405 5438
f 5460 5402 5407
f 5443 5460 5407
f 5445 5408 5376
f 5568 5408 5567
f 5437 5241 5343
f 5443 5377 5441
f 5443 5441 5464
f 5440 5444 5465
f 5442 5464 5441
f 5467 5466 5345
f 5468 5409 5410
f 5352 5469 5470
f 5241 5437 5352
f 5414 5444 5413
f 5446 5471 5421
f 5471 5414 5421
f 5472 5414 5471
f 5466 5446 5415
f 5466 5471 5446
f 5415 5378 5345
f 5466 5415 5345
f 5410 5447 5473
f 5417 5410 5279
f 5410 5417 5447
f 5352 5470 5419
f 5475 5419 5470
f 5475 5476 5419
f 5473 5447 5448
f 5477 5448 5422
f 5478 5448 5477
f 5473 5448 5478
f 5479 5382 5418
f 5479 5480 5382
f 5385 5382 5480
f 5474 5479 5418
f 5449 5422 5383
f 5477 5422 5449
f 5449 5385 5480
f 5387 5285 5482
f 5386 5286 5481
f 5283 5538 5483
f 5484 5450 5454
f 5485 5389 5451
f 5485 5452 5389
f 5390 5486 5285
f 5487 5283 5483
f 5283 5487 5488
f 5500 5453 5388
f 5453 5454 5360
f 5455 5458 5362
f 5399 5358 5489
f 5490 5425 5426
f 5722 5457 5458
f 5398 5364 5397
f 5336 5398 5427
f 5290 5456 5428
f 5429 5430 5428
f 5456 5491 5428
f 5428 5491 5429
f 5459 5434 5368
f 5397 5338 5402
f 5403 5434 5462
f 5560 5435 5401
f 5462 5374 5403
f 5492 5463 5493
f 5492 5404 5463
f 5437 5438 5494
f 5467 5375 5374
f 5375 5467 5345
f 5462 5467 5374
f 5567 5408 5445
f 5465 5444 5414
f 5496 5471 5466
f 5469 5352 5437
f 5475 5470 5469
f 5469 5476 5475
f 5418 5419 5476
f 5497 5478 5477
f 5480 5497 5449
f 5480 5479 5498
f 5497 5477 5449
f 5286 5387 5481
f 5483 5538 5499
f 5500 5501 5453
f 5502 5450 5484
f 5451 5450 5503
f 5485 5451 5503
f 5452 5485 5504
f 5504 5485 5505
f 5503 5505 5485
f 5486 5482 5285
f 5507 5487 5483
f 5488 5487 5507
f 5501 5454 5453
f 5484 5454 5501
f 5504 5455 5452
f 5506 5455 5504
f 5486 5424 5508
f 5390 5424 5486
f 5508 5424 5509
f 5424 5394 5509
f 5456 5399 5510
f 5489 5510 5399
f 5456 5511 5491
f 5427 5512 5394
f 5513 5398 5397
f 5515 5427 5514
f 5427 5398 5513
f 5516 5459 5429
f 5459 5549 5434
f 5560 5457 5517
f 5461 5397 5402
f 5461 5513 5397
f 5461 5460 5519
f 5463 5568 5493
f 5493 5521 5492
f 5732 5373 5492
f 5435 5494 5438
f 5518 5460 5443
f 5443 5464 5523
f 5523 5464 5524
f 5525 5496 5526
f 5496 5466 5467
f 5520 5467 5462
f 5445 5409 5527
f 5527 5409 5468
f 5528 5445 5527
f 5528 5495 5445
f 5567 5445 5495
f 5464 5442 5524
f 5442 5465 5524
f 5465 5414 5529
f 5465 5529 5530
f 5472 5529 5414
f 5496 5472 5471
f 5472 5531 5529
f 5531 5472 5496
f 5525 5531 5496
f 5529 5525 5530
f 5529 5531 5525
f 5468 5410 5473
f 5418 5533 5474
f 5533 5418 5476
f 5534 5480 5498
f 5532 5480 5534
f 5498 5479 5474
f 5478 5497 5532
f 5480 5532 5497
f 5538 5386 5536
f 5386 5481 5536
f 5537 5536 5481
f 5535 5387 5482
f 5536 5499 5538
f 5539 5483 5499
f 5540 5499 5536
f 5541 5539 5499
f 5541 5499 5540
f 5507 5539 5541
f 5507 5483 5539
f 5502 5628 5450
f 5542 5505 5503
f 5450 5628 5503
f 5506 5504 5505
f 5503 5628 5542
f 5588 5505 5542
f 5588 5629 5505
f 5543 5482 5486
f 5543 5486 5508
f 5544 5543 5508
f 5544 5508 5545
f 5283 5488 5423
f 5388 5425 5500
f 5500 5425 5546
f 5546 5501 5500
f 5506 5547 5455
f 5547 5458 5455
f 5545 5508 5509
f 5394 5512 5509
f 5545 5509 5512
f 5510 5511 5456
f 5490 5426 5400
f 5425 5490 5548
f 5514 5427 5513
f 5515 5512 5427
f 5429 5491 5516
f 5516 5549 5459
f 5491 5550 5516
f 5550 5549 5516
f 5491 5551 5550
f 5549 5552 5434
f 5727 5400 5373
f 5457 5553 5517
f 5513 5461 5554
f 5434 5555 5462
f 5556 5557 5558
f 5558 5462 5555
f 5555 5556 5558
f 5559 5435 5517
f 5517 5435 5560
f 5559 5561 5435
f 5460 5563 5562
f 5558 5520 5462
f 5558 5557 5520
f 5564 5565 5566
f 5566 5526 5520
f 5526 5566 5565
f 5567 5493 5568
f 5567 5521 5493
f 5521 5732 5492
f 5569 5494 5435
f 5494 5569 5570
f 5563 5460 5518
f 5518 5443 5571
f 5571 5443 5522
f 5523 5522 5443
f 5522 5523 5524
f 5524 5572 5522
f 5565 5530 5525
f 5572 5530 5565
f 5525 5526 5565
f 5526 5496 5467
f 5526 5467 5520
f 5573 5567 5495
f 5573 5495 5528
f 5575 5469 5437
f 5575 5437 5494
f 5524 5465 5572
f 5572 5465 5530
f 5528 5527 5573
f 5476 5469 5576
f 5468 5473 5577
f 5533 5476 5576
f 5532 5473 5478
f 5612 5534 5498
f 5612 5498 5620
f 5578 5620 5498
f 5578 5498 5474
f 5578 5474 5615
f 5578 5615 5613
f 5474 5533 5579
f 5580 5532 5534
f 5387 5535 5481
f 5535 5581 5481
f 5481 5581 5682
f 5624 5536 5582
f 5624 5540 5536
f 5536 5537 5582
f 5583 5537 5481
f 5582 5537 5583
f 5584 5484 5501
f 5484 5584 5502
f 5585 5542 5628
f 5586 5628 5502
f 5586 5502 5584
f 5585 5587 5588
f 5629 5589 5505
f 5589 5506 5505
f 5690 5629 5588
f 5507 5423 5488
f 5590 5591 5423
f 5592 5425 5548
f 5592 5546 5425
f 5546 5584 5501
f 5593 5458 5547
f 5506 5594 5547
f 5595 5544 5545
f 5423 5591 5358
f 5596 5510 5489
f 5597 5490 5400
f 5727 5597 5400
f 5552 5549 5550
f 5553 5457 5722
f 5513 5554 5599
f 5513 5599 5649
f 5555 5434 5552
f 5602 5556 5555
f 5733 5736 5734
f 5602 5555 5603
f 5600 5602 5603
f 5461 5604 5655
f 5605 5461 5655
f 5554 5461 5605
f 5604 5461 5519
f 5562 5606 5460
f 5519 5460 5606
f 5565 5607 5572
f 5608 5572 5607
f 5601 5608 5607
f 5564 5601 5607
f 5607 5565 5564
f 5564 5600 5601
f 5566 5557 5564
f 5564 5556 5602
f 5557 5556 5564
f 5566 5520 5557
f 5567 5610 5521
f 5561 5569 5435
f 5518 5571 5563
f 5563 5571 5609
f 5608 5609 5571
f 5608 5571 5522
f 5572 5608 5522
f 5574 5610 5567
f 5527 5468 5573
f 5533 5576 5579
f 5611 5473 5532
f 5612 5620 5673
f 5614 5474 5616
f 5474 5579 5616
f 5612 5580 5534
f 5618 5532 5580
f 5612 5617 5580
f 5617 5618 5580
f 5618 5611 5532
f 5675 5612 5673
f 5617 5612 5619
f 5675 5619 5612
f 5611 5618 5617
f 5581 5535 5621
f 5535 5622 5621
f 5623 5481 5682
f 5482 5622 5535
f 5584 5546 5625
f 5625 5626 5584
f 5626 5586 5584
f 5697 5628 5586
f 5585 5628 5587
f 5588 5587 5688
f 5690 5588 5688
f 5627 5628 5697
f 5627 5587 5628
f 5589 5630 5506
f 5630 5631 5506
f 5630 5589 5629
f 5690 5630 5629
f 5692 5631 5630
f 5632 5622 5543
f 5543 5622 5482
f 5702 5423 5507
f 5423 5633 5590
f 5592 5548 5634
f 5592 5635 5546
f 5634 5635 5592
f 5636 5625 5546
f 5506 5631 5594
f 5594 5593 5547
f 5699 5593 5594
f 5632 5700 5622
f 5632 5544 5595
f 5632 5543 5544
f 5700 5632 5637
f 5637 5632 5595
f 5595 5638 5637
f 5512 5595 5545
f 5639 5358 5591
f 5639 5489 5358
f 5639 5591 5694
f 5596 5489 5639
f 5694 5591 5705
f 5657 5604 5731
f 5640 5596 5639
f 5596 5511 5510
f 5511 5596 5641
f 5511 5641 5491
f 5641 5551 5491
f 5641 5642 5551
f 5490 5709 5548
f 5710 5634 5548
f 5458 5593 5643
f 5698 5722 5458
f 5644 5512 5515
f 5645 5638 5595
f 5645 5595 5512
f 5598 5551 5642
f 5551 5598 5550
f 5550 5646 5552
f 5598 5646 5550
f 5552 5646 5652
f 5647 5515 5514
f 5647 5644 5515
f 5514 5723 5647
f 5647 5645 5644
f 5514 5513 5723
f 5649 5599 5648
f 5554 5648 5599
f 5649 5648 5724
f 5601 5600 5651
f 5600 5603 5651
f 5650 5651 5603
f 5603 5652 5650
f 5603 5555 5552
f 5552 5652 5603
f 5653 5373 5732
f 5727 5373 5653
f 5553 5559 5517
f 5561 5559 5654
f 5553 5654 5559
f 5648 5554 5605
f 5605 5655 5648
f 5656 5513 5649
f 5604 5657 5658
f 5655 5604 5658
f 5655 5724 5648
f 5659 5724 5655
f 5604 5519 5660
f 5705 5704 5707
f 5660 5731 5604
f 5519 5606 5660
f 5660 5606 5609
f 5562 5609 5606
f 5562 5563 5609
f 5650 5608 5601
f 5608 5650 5609
f 5651 5650 5601
f 5570 5661 5494
f 5662 5575 5661
f 5663 5661 5570
f 5664 5661 5663
f 5663 5570 5569
f 5574 5665 5666
f 5738 5574 5666
f 5737 5610 5574
f 5610 5737 5521
f 5661 5575 5494
f 5667 5469 5575
f 5662 5667 5575
f 5665 5574 5567
f 5567 5573 5668
f 5665 5567 5668
f 5468 5577 5573
f 5473 5611 5577
f 5670 5577 5611
f 5671 5611 5672
f 5620 5578 5674
f 5674 5578 5672
f 5675 5674 5672
f 5672 5578 5677
f 5676 5678 5615
f 5678 5613 5615
f 5677 5578 5613
f 5678 5677 5613
f 5676 5615 5679
f 5679 5680 5676
f 5615 5474 5679
f 5679 5474 5614
f 5614 5616 5679
f 5616 5579 5576
f 5675 5672 5611
f 5617 5619 5611
f 5611 5619 5675
f 5675 5673 5674
f 5621 5622 5681
f 5681 5581 5621
f 5682 5581 5683
f 5684 5682 5683
f 5623 5682 5684
f 5481 5623 5583
f 5583 5624 5582
f 5583 5685 5624
f 5583 5623 5684
f 5685 5583 5684
f 5684 5683 5686
f 5540 5624 5685
f 5685 5684 5540
f 5540 5684 5686
f 5622 5687 5681
f 5681 5683 5581
f 5683 5681 5687
f 5683 5687 5686
f 5541 5540 5686
f 5686 5507 5541
f 5507 5686 5702
f 5688 5587 5627
f 5689 5690 5688
f 5688 5627 5689
f 5690 5692 5630
f 5692 5691 5631
f 5691 5692 5690
f 5687 5622 5693
f 5693 5622 5700
f 5687 5693 5700
f 5687 5700 5686
f 5423 5702 5633
f 5673 5620 5674
f 5546 5635 5636
f 5634 5695 5635
f 5695 5636 5635
f 5636 5696 5625
f 5626 5625 5696
f 5696 5636 5695
f 5696 5697 5626
f 5626 5697 5586
f 5689 5697 5698
f 5689 5627 5697
f 5691 5690 5689
f 5631 5699 5594
f 5631 5691 5699
f 5698 5691 5689
f 5700 5701 5686
f 5633 5702 5703
f 5633 5703 5590
f 5702 5686 5703
f 5705 5640 5694
f 5590 5704 5705
f 5590 5705 5591
f 5590 5703 5704
f 5704 5703 5706
f 5596 5640 5705
f 5707 5596 5705
f 5669 5740 5469
f 5704 5706 5707
f 5707 5706 5596
f 5596 5706 5641
f 5706 5708 5641
f 5708 5642 5641
f 5711 5490 5597
f 5709 5490 5711
f 5548 5709 5710
f 5711 5710 5709
f 5710 5711 5712
f 5710 5712 5713
f 5634 5710 5713
f 5695 5634 5714
f 5695 5722 5696
f 5634 5713 5714
f 5714 5713 5695
f 5696 5722 5697
f 5697 5722 5698
f 5643 5593 5699
f 5458 5643 5698
f 5691 5698 5699
f 5698 5643 5699
f 5637 5701 5700
f 5715 5701 5637
f 5638 5715 5637
f 5645 5715 5638
f 5701 5715 5716
f 5512 5644 5645
f 5686 5701 5703
f 5708 5706 5717
f 5642 5646 5598
f 5646 5642 5708
f 5708 5718 5646
f 5708 5719 5718
f 5646 5718 5652
f 5720 5597 5727
f 5597 5720 5711
f 5711 5720 5712
f 5721 5712 5720
f 5713 5712 5695
f 5715 5645 5716
f 5716 5645 5647
f 5716 5647 5723
f 5716 5703 5701
f 5703 5716 5723
f 5513 5656 5723
f 5723 5729 5703
f 5649 5725 5656
f 5725 5649 5724
f 5725 5724 5659
f 5656 5725 5659
f 5717 5609 5650
f 5652 5719 5650
f 5708 5717 5719
f 5719 5652 5718
f 5650 5719 5717
f 5732 5726 5653
f 5640 5639 5694
f 5653 5726 5727
f 5727 5728 5720
f 5728 5727 5726
f 5728 5721 5720
f 5695 5712 5721
f 5561 5663 5569
f 5663 5561 5721
f 5695 5721 5654
f 5722 5654 5553
f 5721 5561 5654
f 5695 5654 5722
f 5723 5656 5729
f 5656 5659 5729
f 5659 5655 5729
f 5658 5729 5655
f 5730 5729 5658
f 5703 5730 5717
f 5703 5729 5730
f 5731 5660 5717
f 5657 5730 5658
f 5657 5731 5730
f 5730 5731 5717
f 5706 5703 5717
f 5660 5609 5717
f 5602 5600 5564
f 5585 5588 5542
f 5521 5733 5732
f 5732 5733 5726
f 5733 5734 5726
f 5726 5734 5741
f 5726 5741 5728
f 5664 5735 5661
f 5662 5661 5735
f 5663 5721 5664
f 5721 5728 5664
f 5664 5728 5735
f 5738 5666 5739
f 5738 5737 5574
f 5737 5736 5521
f 5737 5738 5739
f 5736 5737 5734
f 5739 5734 5737
f 5728 5741 5735
f 5667 5662 5735
f 5741 5667 5735
f 5668 5744 5665
f 5666 5665 5742
f 5742 5665 5744
f 5742 5743 5666
f 5744 5743 5742
f 5743 5744 5740
f 5739 5666 5743
f 5734 5739 5740
f 5739 5743 5740
f 5395 5393 5396
f 5734 5740 5741
f 5741 5740 5669
f 5669 5469 5667
f 5741 5669 5667
f 5573 5577 5670
f 5668 5573 5670
f 5668 5670 5746
f 5745 5668 5746
f 5668 5745 5744
f 5745 5746 5740
f 5745 5740 5744
f 5740 5576 5469
f 5670 5611 5746
f 5746 5611 5671
f 5746 5671 5677
f 5671 5672 5677
f 5746 5677 5676
f 5676 5677 5678
f 5740 5746 5747
f 5746 5676 5747
f 5680 5747 5676
f 5679 5616 5748
f 5748 5680 5679
f 5616 5680 5748
f 5747 5616 5740
f 5747 5680 5616
f 5576 5740 5616
f 5296 5227 5299
f 4967 5016 5028
f 4819 4861 4860
f 4871 4868 4848
f 4874 4873 4852
f 4860 4831 4819
f 5733 5521 5736
f 4861 4876 4860
f 5749 5750 5751
f 5752 5753 5755
f 5753 5814 5755
f 5814 5754 5755
f 5755 5754 5756
f 5756 5757 5755
f 5758 5759 5760
f 5761 5762 5763
f 5766 5767 5765
f 5764 5765 5767
f 5752 5755 5768
f 5764 5768 5765
f 5752 5768 5764
f 5757 5769 5768
f 5755 5757 5768
f 5769 5760 5765
f 5765 5760 5770
f 5760 5757 5758
f 5760 5769 5757
f 5756 5758 5757
f 5760 5762 5770
f 5762 5760 5771
f 5761 5772 5770
f 5770 5762 5761
f 5761 5773 5772
f 5774 5772 5773
f 5749 5766 5775
f 5765 5775 5766
f 5768 5769 5765
f 5775 5765 5770
f 5775 5770 5750
f 5750 5749 5775
f 5750 5779 5751
f 5772 5779 5750
f 5779 5772 5774
f 5750 5770 5772
f 5749 5776 5766
f 5776 5777 5766
f 5776 5749 5778
f 5751 5778 5749
f 5751 5779 5778
f 5778 5779 5780
f 5778 5781 5776
f 5780 5781 5778
f 5780 5782 5827
f 5780 5779 5783
f 5782 5780 5783
f 5784 5785 5786
f 5788 5789 5784
f 5789 5788 5787
f 5790 5791 5787
f 5791 5789 5787
f 5784 5789 5785
f 5792 5784 5793
f 5793 5794 5792
f 5789 5795 5785
f 5796 5815 5754
f 5793 5754 5794
f 5754 5793 5796
f 5796 5793 5797
f 5815 5796 5816
f 5793 5786 5797
f 5796 5797 5816
f 5799 5816 5797
f 5816 5798 5771
f 5799 5817 5771
f 5771 5817 5816
f 5771 5800 5799
f 5799 5800 5816
f 5799 5759 5817
f 5799 5801 5759
f 5799 5797 5801
f 5798 5816 5801
f 5802 5803 5763
f 5809 5807 5808
f 5809 5810 5767
f 5810 5809 5753
f 5809 5811 5753
f 5811 5809 5808
f 5788 5784 5812
f 5811 5788 5812
f 5812 5792 5813
f 5813 5811 5812
f 5813 5753 5811
f 5784 5792 5812
f 5753 5813 5814
f 5794 5814 5792
f 5814 5794 5754
f 5754 5815 5756
f 5756 5815 5758
f 5760 5759 5771
f 5815 5816 5817
f 5758 5815 5817
f 5817 5759 5758
f 5763 5762 5771
f 5763 5803 5761
f 5771 5798 5763
f 5802 5763 5798
f 5761 5803 5773
f 5803 5774 5773
f 5803 5806 5774
f 5804 5818 5806
f 5810 5752 5764
f 5753 5752 5810
f 5764 5767 5810
f 5819 5767 5766
f 5779 5821 5820
f 5779 5774 5821
f 5774 5822 5821
f 5819 5766 5777
f 5824 5823 5825
f 5860 5825 5823
f 5779 5820 5783
f 5783 5820 5823
f 5781 5777 5776
f 5826 5777 5781
f 5781 5780 5826
f 5780 5827 5826
f 5824 5826 5823
f 5826 5827 5823
f 5783 5823 5827
f 5782 5783 5827
f 5828 5829 5795
f 5784 5786 5793
f 5833 5836 5834
f 5791 5837 5789
f 5837 5795 5789
f 5835 5837 5791
f 5838 5828 5837
f 5828 5795 5837
f 5835 5836 5837
f 5838 5837 5836
f 5829 5785 5795
f 5829 5786 5785
f 5797 5839 5801
f 5839 5802 5801
f 5807 5841 5842
f 5840 5809 5844
f 5809 5840 5807
f 5831 5832 5842
f 5808 5807 5842
f 5808 5842 5832
f 5788 5808 5787
f 5808 5832 5787
f 5832 5836 5835
f 5834 5836 5832
f 5831 5843 5832
f 5843 5834 5832
f 5790 5787 5832
f 5791 5790 5835
f 5790 5832 5835
f 5801 5802 5798
f 5806 5803 5802
f 5804 5806 5802
f 5805 5804 5802
f 5844 5767 5882
f 5767 5844 5809
f 5767 5819 5845
f 5845 5819 5846
f 5847 5848 5849
f 5850 5848 5851
f 5848 5847 5852
f 5847 5853 5852
f 5822 5854 5821
f 5853 5854 5852
f 5818 5774 5806
f 5774 5818 5822
f 5822 5818 5854
f 5846 5819 5777
f 5848 5858 5849
f 5850 5857 5858
f 5860 5853 5847
f 5858 5848 5850
f 5860 5820 5853
f 5854 5853 5821
f 5821 5853 5820
f 5863 5824 5861
f 5857 5824 5825
f 5862 5824 5857
f 5849 5858 5825
f 5825 5858 5857
f 5849 5825 5847
f 5825 5860 5847
f 5820 5860 5823
f 5863 5777 5826
f 5863 5826 5824
f 5833 5864 5865
f 5866 5898 5836
f 5867 5836 5898
f 5838 5868 5828
f 5786 5870 5869
f 5872 5871 5873
f 5876 5874 5875
f 5881 5876 5875
f 5873 5876 5881
f 5906 5833 5874
f 5906 5874 5877
f 5866 5836 5833
f 5864 5833 5906
f 5866 5833 5865
f 5786 5829 5870
f 5786 5869 5797
f 5807 5878 5841
f 5830 5831 5842
f 5830 5879 5880
f 5871 5830 5880
f 5830 5871 5872
f 5834 5843 5881
f 5831 5830 5872
f 5843 5831 5872
f 5875 5834 5881
f 5843 5872 5881
f 5881 5872 5873
f 5875 5833 5834
f 5833 5875 5874
f 5805 5802 5839
f 5883 5844 5882
f 5805 5884 5804
f 5884 5818 5804
f 5882 5885 5887
f 5846 5886 5845
f 5882 5767 5885
f 5885 5767 5845
f 5885 5845 5887
f 5888 5851 5852
f 5855 5888 5852
f 5855 5852 5854
f 5855 5854 5889
f 5856 5889 5854
f 5856 5818 5890
f 5890 5889 5856
f 5859 5850 5851
f 5851 5893 5859
f 5859 5893 5891
f 5852 5851 5848
f 5856 5854 5818
f 5886 5846 5942
f 5824 5862 5861
f 5862 5894 5861
f 5916 5862 5891
f 5857 5850 5862
f 5862 5850 5891
f 5891 5892 5916
f 5891 5850 5859
f 5895 5846 5777
f 5863 5895 5777
f 5895 5863 5861
f 5865 5896 5866
f 5897 5898 5866
f 5899 5900 5896
f 5899 5896 5901
f 5864 5896 5865
f 5901 5896 5864
f 5868 5902 5828
f 5829 5902 5903
f 5829 5828 5902
f 5899 5901 5877
f 5838 5836 5867
f 5829 5903 5870
f 5797 5869 5904
f 5909 5878 5840
f 5840 5878 5807
f 5841 5830 5842
f 5871 5880 5879
f 5830 5841 5879
f 5876 5871 5879
f 5876 5873 5871
f 5876 5905 5874
f 5899 5877 5905
f 5901 5906 5877
f 5877 5874 5905
f 5901 5864 5906
f 5839 5908 5805
f 5882 5887 5883
f 5840 5844 5883
f 5840 5883 5909
f 5912 5914 5913
f 5908 5884 5805
f 5890 5884 5915
f 5916 5917 5918
f 5919 5918 5917
f 5919 5917 5912
f 5912 5920 5919
f 5921 5917 5934
f 5912 5917 5914
f 5921 5934 5922
f 5925 5893 5926
f 5925 5927 5893
f 5893 5851 5926
f 5926 5851 5928
f 5928 5851 5929
f 5926 5928 5930
f 5931 5926 5930
f 5929 5932 5928
f 5975 5929 5888
f 5889 5933 5888
f 5818 5884 5890
f 5917 5916 5934
f 5916 5923 5934
f 5937 5924 5936
f 5985 5891 5893
f 5935 5985 5936
f 5927 5985 5893
f 5851 5888 5929
f 5889 5888 5855
f 5939 5886 5942
f 5991 5894 5941
f 5923 5916 5892
f 5891 5935 5892
f 5923 5892 5924
f 5935 5891 5985
f 5935 5936 5892
f 5892 5936 5924
f 5895 5942 5846
f 5895 5861 5942
f 5861 5894 5940
f 5894 5862 5916
f 5941 5894 5916
f 5943 5944 5902
f 5945 5944 5943
f 5946 6004 6009
f 5898 5948 5867
f 5867 5949 5838
f 5868 5838 5949
f 5944 5903 5902
f 5903 5950 5870
f 5869 5870 5951
f 5879 5952 5905
f 5905 5953 5899
f 5900 5953 5946
f 5899 5953 5900
f 5946 5953 6004
f 5946 5896 5900
f 5957 5954 5955
f 5951 5904 5869
f 5878 5909 5841
f 5879 5905 5876
f 5956 5954 5957
f 5958 5959 5954
f 5954 5959 5960
f 5954 5960 5961
f 5954 5961 5963
f 5964 5913 5965
f 5839 5797 5904
f 5839 5966 5908
f 5839 5904 5966
f 5958 5954 5956
f 5956 5907 5958
f 5956 5957 5968
f 5968 5969 5911
f 5968 5957 5969
f 5907 5959 5958
f 5960 5959 5907
f 5907 5962 5960
f 5962 5970 5971
f 5960 5962 5961
f 5971 5970 5913
f 5913 5964 5971
f 5961 5962 5971
f 5965 5913 5914
f 5972 5973 5922
f 5922 5973 5914
f 5932 5975 5976
f 5884 5978 5915
f 5884 5908 5978
f 5979 5887 5845
f 5968 5910 5907
f 5980 5910 5911
f 5980 5918 5919
f 5910 5968 5911
f 5918 5980 5981
f 5911 5969 5981
f 5980 5911 5981
f 5962 5907 5910
f 5920 5962 5910
f 5910 5980 5920
f 5920 5980 5919
f 5962 5920 5970
f 5920 5913 5970
f 5912 5913 5920
f 5917 5921 5922
f 5914 5917 5922
f 5982 5972 5922
f 5982 5924 5937
f 5983 5937 5984
f 5977 5925 5931
f 5925 5977 5927
f 5983 5985 5927
f 5931 5930 5932
f 5932 5977 5931
f 5888 5933 5975
f 5933 5889 5986
f 5889 5987 5986
f 5987 5889 5915
f 5890 5915 5889
f 5886 5979 5845
f 5981 5989 5918
f 5989 5916 5918
f 5922 5934 5982
f 5923 5982 5934
f 5924 5982 5923
f 5984 5985 5983
f 5928 5932 5930
f 5925 5926 5931
f 5932 5929 5975
f 5984 5937 5936
f 5984 5936 5985
f 5942 5861 5992
f 5991 5992 5861
f 5991 5861 5940
f 5894 5991 5940
f 5991 5941 5993
f 5990 5993 5916
f 5916 5993 5941
f 5994 5995 5897
f 5897 5866 5896
f 5896 5994 5897
f 5896 5946 5947
f 5996 5997 5998
f 5955 5998 5997
f 5998 5999 5996
f 5949 5867 5948
f 5902 5868 5943
f 5903 5944 5945
f 5945 6000 5903
f 6001 6000 6002
f 6001 5950 6000
f 5950 5903 6000
f 5950 5951 5870
f 5905 6003 5953
f 5953 6003 6004
f 6004 6003 6005
f 6004 6005 6006
f 5997 5947 5946
f 6009 5997 5946
f 5997 6009 5955
f 5981 5969 6007
f 6006 6008 6009
f 6006 6010 6008
f 6004 6006 6009
f 6010 5969 5957
f 6006 5969 6010
f 5969 6006 6011
f 5954 5963 5955
f 6010 5957 5955
f 6009 6008 5955
f 6008 6010 5955
f 5963 5998 5955
f 6012 5963 5961
f 6012 5961 5971
f 6012 5971 5964
f 6012 5964 6013
f 5965 6013 5964
f 6014 5965 6015
f 5951 5966 5904
f 5967 5883 6016
f 6016 5883 5887
f 5883 5967 5909
f 6017 5981 6007
f 5965 5914 5973
f 5965 5973 6015
f 5973 6019 6015
f 6019 5972 5974
f 5982 5974 5972
f 5976 6020 5977
f 5976 5975 5933
f 6021 5976 5933
f 6054 6026 5978
f 5979 6022 5887
f 6023 5981 6017
f 6017 6018 6023
f 6019 5973 5972
f 5937 5974 5982
f 5974 5937 6020
f 5977 5983 5927
f 6020 5983 5977
f 5976 5977 5932
f 5933 5986 6024
f 6025 5987 5915
f 6025 5915 6026
f 5915 5978 6026
f 6022 5979 6027
f 6028 5988 6023
f 5981 6023 5988
f 5989 5981 5988
f 5937 5983 6020
f 6025 5986 5987
f 5979 5886 5938
f 5990 5989 5988
f 5939 5938 5886
f 5939 5942 6030
f 5990 6033 5993
f 5991 5993 6032
f 5916 5989 5990
f 5942 6031 6030
f 5994 6034 5995
f 6035 5995 6036
f 5896 5947 5994
f 6035 5897 5995
f 5897 5948 5898
f 5897 6037 5948
f 5943 6038 6040
f 5996 5947 5997
f 5996 6039 5947
f 5945 6002 6000
f 6041 5951 6042
f 5998 5963 5999
f 6045 6014 6015
f 6001 6042 5950
f 5951 5950 6042
f 5879 5841 6046
f 6011 6047 6018
f 6007 6011 6018
f 6043 5963 6012
f 6013 6043 6012
f 6014 6013 5965
f 6044 6013 6014
f 6050 6049 5974
f 6050 5974 6020
f 5969 6011 6007
f 6007 6018 6017
f 6015 6019 6048
f 6019 5974 6048
f 5933 6051 6021
f 6052 6051 5933
f 6052 5933 6024
f 6183 6086 5986
f 6054 6183 5986
f 5978 6055 6054
f 6054 6025 6026
f 5986 6025 6054
f 6027 5979 6029
f 5988 6056 5990
f 6056 5988 6028
f 5938 6029 5979
f 5942 5992 6057
f 6033 5990 6056
f 6030 6029 5939
f 5938 5939 6029
f 5993 6033 6032
f 5947 6034 5994
f 6035 6037 5897
f 6059 6060 6058
f 6067 6058 6060
f 6062 6063 6061
f 6064 6063 6062
f 6064 6045 6063
f 5949 5948 6065
f 5943 5868 6066
f 6066 6038 5943
f 5949 6066 5868
f 5943 6040 5945
f 6040 6002 5945
f 6001 6002 6105
f 5952 6003 5905
f 5996 5999 6067
f 5999 6058 6067
f 6043 6013 6059
f 5963 6043 5999
f 6058 6043 6059
f 5999 6043 6058
f 6059 6044 6060
f 6044 6059 6013
f 6062 6044 6014
f 6044 6062 6061
f 6014 6045 6064
f 6064 6062 6014
f 6068 6048 6069
f 6045 6068 6070
f 6069 6070 6068
f 6072 6070 6069
f 6071 6072 6069
f 6073 5951 6041
f 6006 6005 6074
f 6047 6011 6075
f 6074 6011 6006
f 6075 6011 6074
f 6045 6015 6068
f 6068 6015 6048
f 6069 5974 6049
f 6048 5974 6069
f 6049 6050 6071
f 6071 6050 6076
f 6069 6049 6071
f 6050 6020 6077
f 6076 6050 6077
f 6077 6078 6076
f 6077 6079 6078
f 6073 6080 5951
f 6018 6047 6028
f 6077 6020 5976
f 5976 6079 6077
f 5976 6021 6079
f 6021 6051 6081
f 6087 5908 5966
f 6022 6016 5887
f 6022 6082 6016
f 6023 6018 6028
f 6052 6024 6051
f 6053 6051 6024
f 6053 6084 6051
f 6053 6024 6083
f 6024 5986 6083
f 6084 6053 6083
f 6083 6085 6084
f 6085 6083 5986
f 6086 6085 5986
f 6183 6054 6055
f 5908 6087 5978
f 6055 5978 6087
f 6027 6029 6088
f 6089 6090 6056
f 6088 6029 6030
f 6031 5942 6057
f 5991 6032 5992
f 5992 6032 6057
f 6032 6033 6057
f 6036 6092 6035
f 6092 6093 6035
f 6094 6093 6095
f 6096 6094 6095
f 6034 5947 6039
f 6034 6039 6097
f 6037 6094 5948
f 6035 6093 6037
f 6093 6094 6037
f 6094 6065 5948
f 5949 6065 6098
f 5996 6067 6039
f 6061 6099 6060
f 6061 6100 6099
f 6101 6063 6103
f 6103 6063 6045
f 5949 6098 6066
f 6038 6104 6040
f 6042 6001 6105
f 6105 6106 6042
f 6107 6005 6003
f 6074 6005 6107
f 6044 6061 6060
f 6061 6102 6100
f 6102 6061 6063
f 6070 6103 6045
f 6103 6070 6072
f 6103 6072 6101
f 6110 6041 6042
f 6110 6109 6041
f 5952 5879 6046
f 6075 6074 6111
f 6072 6071 6076
f 6078 6112 6076
f 6079 6108 6078
f 6108 6113 6114
f 6041 6109 6073
f 6079 6081 6113
f 6080 6073 6109
f 5909 6115 6116
f 6115 5909 5967
f 6046 5841 5909
f 5909 6116 6046
f 6113 6108 6079
f 6081 6079 6021
f 6080 5966 5951
f 5966 6080 6087
f 6082 6118 6016
f 6119 5967 6016
f 6117 6028 6047
f 6081 6051 6084
f 6084 6086 6081
f 6120 6183 6055
f 6082 6022 6121
f 6086 6084 6085
f 6022 6027 6122
f 6028 6089 6056
f 6123 6030 6057
f 6030 6124 6088
f 6124 6030 6123
f 6030 6031 6057
f 5995 6097 6125
f 6091 6097 5995
f 5995 6125 6036
f 6091 5995 6034
f 6093 6126 6095
f 6096 6065 6094
f 6098 6065 6104
f 6157 6097 6039
f 6060 6099 6127
f 6128 6099 6100
f 6038 6066 6098
f 6098 6104 6038
f 6130 6131 5952
f 6132 6133 5952
f 6003 5952 6133
f 6133 6107 6003
f 6134 6107 6133
f 6135 6107 6134
f 6107 6135 6111
f 6102 6063 6101
f 6072 6136 6101
f 6002 6040 6105
f 6137 5952 6046
f 6130 5952 6137
f 6075 6117 6047
f 6074 6107 6111
f 6072 6076 6138
f 6072 6138 6136
f 6076 6112 6138
f 6108 6114 6078
f 6078 6114 6112
f 6046 6116 6140
f 6116 6141 6140
f 6137 6046 6140
f 6081 6139 6113
f 6139 6081 6144
f 6139 6144 6145
f 6145 6144 6146
f 6118 6147 6148
f 5967 6119 6115
f 6146 6144 6081
f 6121 6147 6082
f 6016 6118 6148
f 6147 6118 6082
f 6081 6086 6146
f 6086 6182 6146
f 6149 6120 6055
f 6150 6121 6022
f 6089 6028 6151
f 6027 6152 6122
f 6027 6088 6152
f 6124 6153 6152
f 6033 6090 6057
f 6088 6124 6152
f 6124 6123 6153
f 6033 6056 6090
f 6091 6034 6097
f 6154 6093 6092
f 6093 6154 6126
f 6096 6095 6126
f 6096 6126 6155
f 6155 6156 6096
f 6039 6067 6157
f 6104 6065 6096
f 6131 6132 5952
f 6129 6100 6102
f 6101 6129 6102
f 6159 6105 6040
f 6160 6159 6040
f 6159 6106 6105
f 6161 6106 6159
f 6130 6163 6131
f 6158 6130 6137
f 6163 6130 6158
f 6164 6117 6075
f 6075 6111 6135
f 6042 6106 6162
f 6165 6137 6141
f 6141 6137 6140
f 6138 6112 6166
f 6112 6114 6166
f 6114 6167 6166
f 6166 6167 6168
f 6169 6167 6114
f 6169 6114 6113
f 6113 6139 6143
f 6169 6113 6143
f 6169 6143 6170
f 6110 6080 6109
f 6110 6171 6080
f 6016 6172 6119
f 6172 6016 6148
f 6139 6173 6143
f 6145 6173 6139
f 6173 6170 6143
f 6174 6173 6145
f 6087 6080 6171
f 6148 6147 6175
f 6142 6176 6117
f 6145 6146 6174
f 6174 6146 6182
f 6055 6087 6149
f 6175 6147 6121
f 6117 6179 6151
f 6151 6179 6180
f 6176 6179 6117
f 6181 6180 6179
f 6176 6181 6179
f 6182 6086 6183
f 6120 6182 6183
f 6120 6149 6184
f 6184 6182 6120
f 6150 6022 6122
f 6185 6121 6150
f 6151 6186 6089
f 6117 6151 6028
f 6153 6150 6122
f 6090 6186 6057
f 6153 6122 6152
f 6097 6187 6125
f 6188 6092 6036
f 6092 6189 6154
f 6067 6190 6157
f 6154 6155 6126
f 6156 6104 6096
f 6191 6192 6193
f 6133 6132 6195
f 6195 6196 6133
f 6133 6196 6134
f 6067 6060 6127
f 6067 6127 6197
f 6229 6197 6127
f 6190 6067 6197
f 6099 6128 6198
f 6127 6099 6198
f 6199 6127 6198
f 6199 6200 6127
f 6128 6129 6201
f 6128 6202 6198
f 6202 6128 6201
f 6203 6160 6104
f 6193 6131 6163
f 6163 6158 6193
f 6193 6158 6191
f 6204 6132 6131
f 6164 6075 6135
f 6129 6128 6100
f 6104 6160 6040
f 6161 6159 6160
f 6161 6162 6106
f 6161 6205 6162
f 6206 6137 6165
f 6207 6101 6136
f 6208 6136 6138
f 6136 6208 6209
f 6136 6209 6207
f 6110 6042 6162
f 6172 6210 6211
f 6212 6116 6115
f 6115 6119 6213
f 6213 6212 6115
f 6141 6116 6212
f 6141 6212 6214
f 6117 6164 6142
f 6166 6208 6138
f 6167 6169 6170
f 6171 6110 6215
f 6175 6210 6148
f 6210 6175 6216
f 6210 6172 6148
f 6176 6142 6177
f 6178 6087 6171
f 6216 6121 6217
f 6175 6121 6216
f 6181 6176 6177
f 6174 6218 6173
f 6174 6182 6184
f 6184 6218 6174
f 6121 6185 6217
f 6185 6219 6217
f 6151 6180 6186
f 6180 6220 6186
f 6057 6221 6247
f 6186 6289 6057
f 6221 6057 6289
f 6090 6089 6186
f 6187 6222 6125
f 6092 6222 6223
f 6224 6092 6223
f 6097 6225 6187
f 6187 6225 6226
f 6222 6036 6125
f 6188 6036 6222
f 6222 6092 6188
f 6189 6092 6224
f 6189 6227 6154
f 6155 6154 6227
f 6195 6132 6194
f 6190 6253 6157
f 6197 6229 6253
f 6199 6198 6202
f 6155 6230 6156
f 6156 6231 6104
f 6204 6131 6193
f 6193 6192 6204
f 6132 6204 6194
f 6200 6229 6127
f 6253 6190 6197
f 6101 6232 6129
f 6231 6203 6104
f 6206 6191 6137
f 6207 6209 6233
f 6209 6208 6234
f 6233 6209 6234
f 6208 6166 6237
f 6110 6162 6215
f 6172 6211 6119
f 6213 6211 6235
f 6213 6119 6211
f 6166 6168 6237
f 6236 6237 6168
f 6168 6167 6236
f 6170 6238 6167
f 6238 6239 6167
f 6237 6236 6239
f 6210 6216 6211
f 6177 6142 6164
f 6238 6170 6240
f 6173 6218 6241
f 6173 6241 6240
f 6242 6241 6218
f 6170 6173 6240
f 6087 6178 6149
f 6178 6171 6243
f 6180 6181 6220
f 6185 6244 6245
f 6289 6186 6246
f 6220 6246 6186
f 6244 6185 6150
f 6150 6153 6244
f 6247 6123 6057
f 6223 6222 6187
f 6196 6195 6248
f 6248 6195 6194
f 6097 6157 6225
f 6228 6155 6227
f 6230 6155 6228
f 6249 6194 6250
f 6196 6251 6134
f 6251 6277 6134
f 6277 6135 6134
f 6196 6248 6251
f 6200 6252 6229
f 6252 6253 6229
f 6254 6202 6201
f 6201 6304 6254
f 6232 6255 6201
f 6158 6137 6191
f 6256 6164 6135
f 6129 6232 6201
f 6257 6232 6101
f 6160 6205 6161
f 6258 6165 6259
f 6258 6206 6165
f 6101 6207 6257
f 6207 6233 6257
f 6162 6205 6215
f 6235 6212 6213
f 6141 6214 6259
f 6259 6165 6141
f 6260 6164 6376
f 6164 6260 6177
f 6234 6208 6237
f 6238 6240 6239
f 6237 6239 6261
f 6261 6239 6240
f 6241 6262 6240
f 6262 6241 6242
f 6352 6240 6262
f 6352 6262 6264
f 6264 6262 6242
f 6265 6178 6243
f 6149 6178 6265
f 6266 6149 6265
f 6218 6263 6242
f 6267 6218 6184
f 6267 6263 6218
f 6266 6184 6149
f 6267 6184 6268
f 6268 6184 6266
f 6185 6245 6269
f 6123 6244 6153
f 6270 6244 6123
f 6221 6271 6247
f 6272 6247 6271
f 6224 6227 6189
f 6251 6248 6273
f 6301 6277 6251
f 6273 6301 6251
f 6253 6252 6200
f 6253 6200 6274
f 6199 6202 6254
f 6304 6276 6254
f 6250 6204 6192
f 6194 6204 6250
f 6277 6256 6135
f 6304 6201 6255
f 6231 6156 6230
f 6376 6164 6256
f 6232 6278 6255
f 6257 6278 6232
f 6373 6205 6160
f 6279 6257 6233
f 6279 6233 6237
f 6205 6280 6215
f 6281 6171 6215
f 6281 6282 6171
f 6281 6215 6280
f 6508 6235 6211
f 6212 6235 6312
f 6312 6235 6508
f 6283 6177 6260
f 6233 6234 6237
f 6284 6211 6216
f 6171 6285 6243
f 6219 6286 6217
f 6216 6217 6286
f 6242 6287 6264
f 6263 6287 6242
f 6263 6267 6287
f 6287 6352 6264
f 6269 6219 6185
f 6291 6289 6246
f 6288 6291 6290
f 6291 6288 6289
f 6220 6291 6246
f 6181 6292 6220
f 6268 6266 6293
f 6296 6245 6244
f 6294 6271 6221
f 6221 6289 6295
f 6289 6288 6295
f 6221 6295 6294
f 6290 6295 6288
f 6270 6123 6247
f 6270 6296 6244
f 6297 6296 6270
f 6270 6272 6297
f 6247 6272 6270
f 6226 6478 6187
f 6224 6223 6227
f 6227 6298 6228
f 6250 6299 6249
f 6250 6192 6299
f 6194 6249 6300
f 6248 6194 6300
f 6248 6300 6273
f 6301 6302 6277
f 6199 6274 6200
f 6274 6199 6275
f 6254 6336 6275
f 6254 6275 6199
f 6275 6303 6274
f 6303 6275 6336
f 6305 6231 6230
f 6302 6256 6277
f 6306 6304 6255
f 6278 6306 6255
f 6307 6203 6370
f 6203 6231 6370
f 6307 6308 6203
f 6309 6278 6257
f 6205 6373 6310
f 6205 6314 6280
f 6311 6214 6312
f 6259 6214 6311
f 6313 6259 6311
f 6314 6281 6280
f 6212 6312 6214
f 6177 6283 6181
f 6315 6285 6282
f 6282 6285 6171
f 6286 6284 6216
f 6211 6284 6316
f 6352 6261 6240
f 6379 6261 6352
f 6285 6318 6243
f 6287 6267 6268
f 6319 6293 6266
f 6243 6320 6265
f 6320 6266 6265
f 6219 6269 6245
f 6219 6245 6321
f 6322 6295 6290
f 6358 6290 6291
f 6360 6291 6220
f 6323 6296 6297
f 6325 6271 6294
f 6272 6271 6325
f 6325 6294 6324
f 6323 6297 6272
f 6295 6324 6294
f 6226 6326 6478
f 6327 6226 6225
f 6187 6478 6223
f 6300 6249 6328
f 6332 6273 6329
f 6330 6157 6364
f 6330 6225 6157
f 6223 6298 6227
f 6331 6192 6206
f 6331 6299 6192
f 6299 6328 6249
f 6273 6332 6301
f 6301 6332 6302
f 6364 6157 6253
f 6336 6333 6303
f 6333 6334 6303
f 6335 6254 6276
f 6335 6336 6254
f 6306 6337 6304
f 6276 6304 6338
f 6228 6339 6230
f 6313 6206 6258
f 6206 6313 6340
f 6192 6191 6206
f 6337 6306 6278
f 6308 6373 6160
f 6308 6160 6203
f 6308 6310 6373
f 6258 6259 6313
f 6500 6376 6256
f 6500 6341 6376
f 6342 6309 6257
f 6278 6309 6342
f 6205 6343 6314
f 6344 6313 6311
f 6345 6283 6260
f 6346 6260 6376
f 6260 6346 6345
f 6257 6279 6342
f 6342 6279 6347
f 6315 6281 6314
f 6281 6315 6282
f 6316 6348 6211
f 6347 6279 6237
f 6237 6261 6347
f 6347 6261 6317
f 6317 6261 6379
f 6349 6284 6286
f 6350 6349 6286
f 6379 6352 6351
f 6380 6379 6351
f 6353 6352 6354
f 6354 6352 6287
f 6355 6356 6318
f 6286 6219 6350
f 6357 6219 6321
f 6358 6291 6360
f 6359 6220 6292
f 6287 6268 6293
f 6320 6319 6266
f 6361 6287 6293
f 6319 6361 6293
f 6320 6243 6318
f 6356 6320 6318
f 6319 6320 6356
f 6322 6324 6295
f 6359 6360 6220
f 6362 6245 6296
f 6362 6296 6323
f 6272 6325 6323
f 6322 6325 6324
f 6274 6364 6253
f 6303 6364 6274
f 6331 6206 6365
f 6366 6365 6206
f 6299 6331 6328
f 6334 6364 6303
f 6368 6305 6230
f 6305 6368 6231
f 6369 6307 6370
f 6368 6370 6231
f 6340 6366 6206
f 6500 6256 6371
f 6372 6371 6256
f 6372 6256 6302
f 6432 6313 6344
f 6341 6375 6346
f 6346 6375 6345
f 6376 6341 6346
f 6343 6205 6310
f 6343 6310 6374
f 6211 6348 6508
f 6345 6377 6283
f 6317 6379 6381
f 6379 6382 6381
f 6317 6383 6347
f 6380 6382 6379
f 6351 6384 6380
f 6316 6284 6349
f 6385 6316 6349
f 6351 6352 6353
f 6384 6351 6353
f 6382 6380 6405
f 6287 6361 6354
f 6361 6356 6386
f 6355 6386 6356
f 6357 6321 6387
f 6360 6359 6358
f 6361 6319 6356
f 6321 6245 6362
f 6388 6387 6321
f 6388 6321 6362
f 6358 6322 6290
f 6325 6389 6323
f 6390 6329 6273
f 6390 6391 6329
f 6332 6329 6392
f 6363 6298 6223
f 6393 6300 6328
f 6394 6273 6300
f 6390 6273 6394
f 6395 6302 6332
f 6392 6395 6332
f 6298 6339 6228
f 6396 6230 6339
f 6331 6365 6328
f 6371 6372 6397
f 6302 6397 6372
f 6397 6302 6398
f 6367 6333 6335
f 6367 6334 6333
f 6276 6367 6335
f 6307 6369 6308
f 6308 6369 6399
f 6397 6500 6371
f 6374 6310 6308
f 6378 6345 6375
f 6400 6401 6342
f 6403 6312 6508
f 6403 6311 6312
f 6403 6344 6311
f 6377 6345 6378
f 6400 6342 6347
f 6383 6400 6347
f 6385 6348 6316
f 6508 6348 6507
f 6377 6181 6283
f 6383 6317 6381
f 6383 6381 6404
f 6380 6384 6405
f 6382 6404 6381
f 6407 6406 6285
f 6408 6349 6350
f 6292 6409 6410
f 6181 6377 6292
f 6354 6384 6353
f 6386 6411 6361
f 6411 6354 6361
f 6412 6354 6411
f 6406 6386 6355
f 6406 6411 6386
f 6355 6318 6285
f 6406 6355 6285
f 6350 6387 6413
f 6357 6350 6219
f 6350 6357 6387
f 6292 6410 6359
f 6415 6359 6410
f 6415 6416 6359
f 6413 6387 6388
f 6417 6388 6362
f 6418 6388 6417
f 6413 6388 6418
f 6419 6322 6358
f 6419 6420 6322
f 6325 6322 6420
f 6414 6419 6358
f 6389 6362 6323
f 6417 6362 6389
f 6389 6325 6420
f 6327 6225 6422
f 6326 6226 6421
f 6223 6478 6423
f 6424 6390 6394
f 6425 6329 6391
f 6425 6392 6329
f 6330 6426 6225
f 6427 6223 6423
f 6223 6427 6428
f 6440 6393 6328
f 6393 6394 6300
f 6395 6398 6302
f 6339 6298 6429
f 6430 6365 6366
f 6662 6397 6398
f 6338 6304 6337
f 6276 6338 6367
f 6230 6396 6368
f 6369 6370 6368
f 6396 6431 6368
f 6368 6431 6369
f 6399 6374 6308
f 6337 6278 6342
f 6343 6374 6402
f 6500 6375 6341
f 6402 6314 6343
f 6432 6403 6433
f 6432 6344 6403
f 6377 6378 6434
f 6407 6315 6314
f 6315 6407 6285
f 6402 6407 6314
f 6507 6348 6385
f 6405 6384 6354
f 6436 6411 6406
f 6409 6292 6377
f 6415 6410 6409
f 6409 6416 6415
f 6358 6359 6416
f 6437 6418 6417
f 6420 6437 6389
f 6420 6419 6438
f 6437 6417 6389
f 6226 6327 6421
f 6423 6478 6439
f 6440 6441 6393
f 6442 6390 6424
f 6391 6390 6443
f 6425 6391 6443
f 6392 6425 6444
f 6444 6425 6445
f 6443 6445 6425
f 6426 6422 6225
f 6447 6427 6423
f 6428 6427 6447
f 6441 6394 6393
f 6424 6394 6441
f 6444 6395 6392
f 6446 6395 6444
f 6426 6364 6448
f 6330 6364 6426
f 6448 6364 6449
f 6364 6334 6449
f 6396 6339 6450
f 6429 6450 6339
f 6396 6451 6431
f 6367 6452 6334
f 6453 6338 6337
f 6455 6367 6454
f 6367 6338 6453
f 6456 6399 6369
f 6399 6489 6374
f 6500 6397 6457
f 6401 6337 6342
f 6401 6453 6337
f 6401 6400 6459
f 6403 6508 6433
f 6433 6461 6432
f 6672 6313 6432
f 6375 6434 6378
f 6458 6400 6383
f 6383 6404 6463
f 6463 6404 6464
f 6465 6436 6466
f 6436 6406 6407
f 6460 6407 6402
f 6385 6349 6467
f 6467 6349 6408
f 6468 6385 6467
f 6468 6435 6385
f 6507 6385 6435
f 6404 6382 6464
f 6382 6405 6464
f 6405 6354 6469
f 6405 6469 6470
f 6412 6469 6354
f 6436 6412 6411
f 6412 6471 6469
f 6471 6412 6436
f 6465 6471 6436
f 6469 6465 6470
f 6469 6471 6465
f 6408 6350 6413
f 6358 6473 6414
f 6473 6358 6416
f 6474 6420 6438
f 6472 6420 6474
f 6438 6419 6414
f 6418 6437 6472
f 6420 6472 6437
f 6478 6326 6476
f 6326 6421 6476
f 6477 6476 6421
f 6475 6327 6422
f 6476 6439 6478
f 6479 6423 6439
f 6480 6439 6476
f 6481 6479 6439
f 6481 6439 6480
f 6447 6479 6481
f 6447 6423 6479
f 6442 6568 6390
f 6482 6445 6443
f 6390 6568 6443
f 6446 6444 6445
f 6443 6568 6482
f 6528 6445 6482
f 6528 6569 6445
f 6483 6422 6426
f 6483 6426 6448
f 6484 6483 6448
f 6484 6448 6485
f 6223 6428 6363
f 6328 6365 6440
f 6440 6365 6486
f 6486 6441 6440
f 6446 6487 6395
f 6487 6398 6395
f 6485 6448 6449
f 6334 6452 6449
f 6485 6449 6452
f 6450 6451 6396
f 6430 6366 6340
f 6365 6430 6488
f 6454 6367 6453
f 6455 6452 6367
f 6369 6431 6456
f 6456 6489 6399
f 6431 6490 6456
f 6490 6489 6456
f 6431 6491 6490
f 6489 6492 6374
f 6667 6340 6313
f 6397 6493 6457
f 6453 6401 6494
f 6374 6495 6402
f 6496 6497 6498
f 6498 6402 6495
f 6495 6496 6498
f 6499 6375 6457
f 6457 6375 6500
f 6499 6501 6375
f 6400 6503 6502
f 6498 6460 6402
f 6498 6497 6460
f 6504 6505 6506
f 6506 6466 6460
f 6466 6506 6505
f 6507 6433 6508
f 6507 6461 6433
f 6461 6672 6432
f 6509 6434 6375
f 6434 6509 6510
f 6503 6400 6458
f 6458 6383 6511
f 6511 6383 6462
f 6463 6462 6383
f 6462 6463 6464
f 6464 6512 6462
f 6505 6470 6465
f 6512 6470 6505
f 6465 6466 6505
f 6466 6436 6407
f 6466 6407 6460
f 6513 6507 6435
f 6513 6435 6468
f 6515 6409 6377
f 6515 6377 6434
f 6464 6405 6512
f 6512 6405 6470
f 6468 6467 6513
f 6416 6409 6516
f 6408 6413 6517
f 6473 6416 6516
f 6472 6413 6418
f 6552 6474 6438
f 6552 6438 6560
f 6518 6560 6438
f 6518 6438 6414
f 6518 6414 6555
f 6518 6555 6553
f 6414 6473 6519
f 6520 6472 6474
f 6327 6475 6421
f 6475 6521 6421
f 6421 6521 6622
f 6564 6476 6522
f 6564 6480 6476
f 6476 6477 6522
f 6523 6477 6421
f 6522 6477 6523
f 6524 6424 6441
f 6424 6524 6442
f 6525 6482 6568
f 6526 6568 6442
f 6526 6442 6524
f 6525 6527 6528
f 6569 6529 6445
f 6529 6446 6445
f 6630 6569 6528
f 6447 6363 6428
f 6530 6531 6363
f 6532 6365 6488
f 6532 6486 6365
f 6486 6524 6441
f 6533 6398 6487
f 6446 6534 6487
f 6535 6484 6485
f 6363 6531 6298
f 6536 6450 6429
f 6537 6430 6340
f 6667 6537 6340
f 6492 6489 6490
f 6493 6397 6662
f 6453 6494 6539
f 6453 6539 6589
f 6495 6374 6492
f 6542 6496 6495
f 6673 6676 6674
f 6542 6495 6543
f 6540 6542 6543
f 6401 6544 6595
f 6545 6401 6595
f 6494 6401 6545
f 6544 6401 6459
f 6502 6546 6400
f 6459 6400 6546
f 6505 6547 6512
f 6548 6512 6547
f 6541 6548 6547
f 6504 6541 6547
f 6547 6505 6504
f 6504 6540 6541
f 6506 6497 6504
f 6504 6496 6542
f 6497 6496 6504
f 6506 6460 6497
f 6507 6550 6461
f 6501 6509 6375
f 6458 6511 6503
f 6503 6511 6549
f 6548 6549 6511
f 6548 6511 6462
f 6512 6548 6462
f 6514 6550 6507
f 6467 6408 6513
f 6473 6516 6519
f 6551 6413 6472
f 6552 6560 6613
f 6554 6414 6556
f 6414 6519 6556
f 6552 6520 6474
f 6558 6472 6520
f 6552 6557 6520
f 6557 6558 6520
f 6558 6551 6472
f 6615 6552 6613
f 6557 6552 6559
f 6615 6559 6552
f 6551 6558 6557
f 6521 6475 6561
f 6475 6562 6561
f 6563 6421 6622
f 6422 6562 6475
f 6524 6486 6565
f 6565 6566 6524
f 6566 6526 6524
f 6637 6568 6526
f 6525 6568 6527
f 6528 6527 6628
f 6630 6528 6628
f 6567 6568 6637
f 6567 6527 6568
f 6529 6570 6446
f 6570 6571 6446
f 6570 6529 6569
f 6630 6570 6569
f 6632 6571 6570
f 6572 6562 6483
f 6483 6562 6422
f 6642 6363 6447
f 6363 6573 6530
f 6532 6488 6574
f 6532 6575 6486
f 6574 6575 6532
f 6576 6565 6486
f 6446 6571 6534
f 6534 6533 6487
f 6639 6533 6534
f 6572 6640 6562
f 6572 6484 6535
f 6572 6483 6484
f 6640 6572 6577
f 6577 6572 6535
f 6535 6578 6577
f 6452 6535 6485
f 6579 6298 6531
f 6579 6429 6298
f 6579 6531 6634
f 6536 6429 6579
f 6634 6531 6645
f 6597 6544 6671
f 6580 6536 6579
f 6536 6451 6450
f 6451 6536 6581
f 6451 6581 6431
f 6581 6491 6431
f 6581 6582 6491
f 6430 6649 6488
f 6650 6574 6488
f 6398 6533 6583
f 6638 6662 6398
f 6584 6452 6455
f 6585 6578 6535
f 6585 6535 6452
f 6538 6491 6582
f 6491 6538 6490
f 6490 6586 6492
f 6538 6586 6490
f 6492 6586 6592
f 6587 6455 6454
f 6587 6584 6455
f 6454 6663 6587
f 6587 6585 6584
f 6454 6453 6663
f 6589 6539 6588
f 6494 6588 6539
f 6589 6588 6664
f 6541 6540 6591
f 6540 6543 6591
f 6590 6591 6543
f 6543 6592 6590
f 6543 6495 6492
f 6492 6592 6543
f 6593 6313 6672
f 6667 6313 6593
f 6493 6499 6457
f 6501 6499 6594
f 6493 6594 6499
f 6588 6494 6545
f 6545 6595 6588
f 6596 6453 6589
f 6544 6597 6598
f 6595 6544 6598
f 6595 6664 6588
f 6599 6664 6595
f 6544 6459 6600
f 6645 6644 6647
f 6600 6671 6544
f 6459 6546 6600
f 6600 6546 6549
f 6502 6549 6546
f 6502 6503 6549
f 6590 6548 6541
f 6548 6590 6549
f 6591 6590 6541
f 6510 6601 6434
f 6602 6515 6601
f 6603 6601 6510
f 6604 6601 6603
f 6603 6510 6509
f 6514 6605 6606
f 6678 6514 6606
f 6677 6550 6514
f 6550 6677 6461
f 6601 6515 6434
f 6607 6409 6515
f 6602 6607 6515
f 6605 6514 6507
f 6507 6513 6608
f 6605 6507 6608
f 6408 6517 6513
f 6413 6551 6517
f 6610 6517 6551
f 6611 6551 6612
f 6560 6518 6614
f 6614 6518 6612
f 6615 6614 6612
f 6612 6518 6617
f 6616 6618 6555
f 6618 6553 6555
f 6617 6518 6553
f 6618 6617 6553
f 6616 6555 6619
f 6619 6620 6616
f 6555 6414 6619
f 6619 6414 6554
f 6554 6556 6619
f 6556 6519 6516
f 6615 6612 6551
f 6557 6559 6551
f 6551 6559 6615
f 6615 6613 6614
f 6561 6562 6621
f 6621 6521 6561
f 6622 6521 6623
f 6624 6622 6623
f 6563 6622 6624
f 6421 6563 6523
f 6523 6564 6522
f 6523 6625 6564
f 6523 6563 6624
f 6625 6523 6624
f 6624 6623 6626
f 6480 6564 6625
f 6625 6624 6480
f 6480 6624 6626
f 6562 6627 6621
f 6621 6623 6521
f 6623 6621 6627
f 6623 6627 6626
f 6481 6480 6626
f 6626 6447 6481
f 6447 6626 6642
f 6628 6527 6567
f 6629 6630 6628
f 6628 6567 6629
f 6630 6632 6570
f 6632 6631 6571
f 6631 6632 6630
f 6627 6562 6633
f 6633 6562 6640
f 6627 6633 6640
f 6627 6640 6626
f 6363 6642 6573
f 6613 6560 6614
f 6486 6575 6576
f 6574 6635 6575
f 6635 6576 6575
f 6576 6636 6565
f 6566 6565 6636
f 6636 6576 6635
f 6636 6637 6566
f 6566 6637 6526
f 6629 6637 6638
f 6629 6567 6637
f 6631 6630 6629
f 6571 6639 6534
f 6571 6631 6639
f 6638 6631 6629
f 6640 6641 6626
f 6573 6642 6643
f 6573 6643 6530
f 6642 6626 6643
f 6645 6580 6634
f 6530 6644 6645
f 6530 6645 6531
f 6530 6643 6644
f 6644 6643 6646
f 6536 6580 6645
f 6647 6536 6645
f 6609 6680 6409
f 6644 6646 6647
f 6647 6646 6536
f 6536 6646 6581
f 6646 6648 6581
f 6648 6582 6581
f 6651 6430 6537
f 6649 6430 6651
f 6488 6649 6650
f 6651 6650 6649
f 6650 6651 6652
f 6650 6652 6653
f 6574 6650 6653
f 6635 6574 6654
f 6635 6662 6636
f 6574 6653 6654
f 6654 6653 6635
f 6636 6662 6637
f 6637 6662 6638
f 6583 6533 6639
f 6398 6583 6638
f 6631 6638 6639
f 6638 6583 6639
f 6577 6641 6640
f 6655 6641 6577
f 6578 6655 6577
f 6585 6655 6578
f 6641 6655 6656
f 6452 6584 6585
f 6626 6641 6643
f 6648 6646 6657
f 6582 6586 6538
f 6586 6582 6648
f 6648 6658 6586
f 6648 6659 6658
f 6586 6658 6592
f 6660 6537 6667
f 6537 6660 6651
f 6651 6660 6652
f 6661 6652 6660
f 6653 6652 6635
f 6655 6585 6656
f 6656 6585 6587
f 6656 6587 6663
f 6656 6643 6641
f 6643 6656 6663
f 6453 6596 6663
f 6663 6669 6643
f 6589 6665 6596
f 6665 6589 6664
f 6665 6664 6599
f 6596 6665 6599
f 6657 6549 6590
f 6592 6659 6590
f 6648 6657 6659
f 6659 6592 6658
f 6590 6659 6657
f 6672 6666 6593
f 6580 6579 6634
f 6593 6666 6667
f 6667 6668 6660
f 6668 6667 6666
f 6668 6661 6660
f 6635 6652 6661
f 6501 6603 6509
f 6603 6501 6661
f 6635 6661 6594
f 6662 6594 6493
f 6661 6501 6594
f 6635 6594 6662
f 6663 6596 6669
f 6596 6599 6669
f 6599 6595 6669
f 6598 6669 6595
f 6670 6669 6598
f 6643 6670 6657
f 6643 6669 6670
f 6671 6600 6657
f 6597 6670 6598
f 6597 6671 6670
f 6670 6671 6657
f 6646 6643 6657
f 6600 6549 6657
f 6542 6540 6504
f 6525 6528 6482
f 6461 6673 6672
f 6672 6673 6666
f 6673 6674 6666
f 6666 6674 6681
f 6666 6681 6668
f 6604 6675 6601
f 6602 6601 6675
f 6603 6661 6604
f 6661 6668 6604
f 6604 6668 6675
f 6678 6606 6679
f 6678 6677 6514
f 6677 6676 6461
f 6677 6678 6679
f 6676 6677 6674
f 6679 6674 6677
f 6668 6681 6675
f 6607 6602 6675
f 6681 6607 6675
f 6608 6684 6605
f 6606 6605 6682
f 6682 6605 6684
f 6682 6683 6606
f 6684 6683 6682
f 6683 6684 6680
f 6679 6606 6683
f 6674 6679 6680
f 6679 6683 6680
f 6335 6333 6336
f 6674 6680 6681
f 6681 6680 6609
f 6609 6409 6607
f 6681 6609 6607
f 6513 6517 6610
f 6608 6513 6610
f 6608 6610 6686
f 6685 6608 6686
f 6608 6685 6684
f 6685 6686 6680
f 6685 6680 6684
f 6680 6516 6409
f 6610 6551 6686
f 6686 6551 6611
f 6686 6611 6617
f 6611 6612 6617
f 6686 6617 6616
f 6616 6617 6618
f 6680 6686 6687
f 6686 6616 6687
f 6620 6687 6616
f 6619 6556 6688
f 6688 6620 6619
f 6556 6620 6688
f 6687 6556 6680
f 6687 6620 6556
f 6516 6680 6556
f 6236 6167 6239
f 5907 5956 5968
f 5759 5801 5800
f 5811 5808 5788
f 5814 5813 5792
f 5800 5771 5759
f 6673 6461 6676
f 5801 5816 5800
f 6689 6690 6691
f 6690 6692 6691
f 6694 6692 6695
f 6692 6690 6696
f 6697 6698 6693
f 6699 6700 6701
f 6702 6701 6700
f 6697 6693 6702
f 6703 6697 6702
f 6700 6703 6702
f 6698 6704 6705
f 6708 6699 6706
f 6706 6699 6701
f 6707 6699 6708
f 6693 6698 6689
f 6706 6694 6708
f 6701 6694 6706
f 6694 6701 6702
f 6691 6693 6689
f 6698 6705 6689
f 6705 6704 6711
f 6711 6776 6712
f 6713 6708 6714
f 6710 6708 6713
f 6694 6709 6708
f 6692 6694 6691
f 6702 6691 6694
f 6693 6691 6702
f 6689 6705 6711
f 6690 6689 6711
f 6690 6711 6717
f 6715 6690 6717
f 6717 6711 6716
f 6712 6716 6711
f 6717 6726 6715
f 6716 6712 6719
f 6717 6716 6719
f 6719 6712 6718
f 6709 6714 6708
f 6709 6694 6720
f 6721 6722 6723
f 6721 6738 6722
f 6690 6724 6696
f 6725 6690 6715
f 6724 6690 6725
f 6725 6715 6726
f 6722 6725 6717
f 6722 6732 6725
f 6717 6725 6726
f 6727 6728 6729
f 6709 6720 6714
f 6730 6696 6724
f 6738 6730 6722
f 6737 6747 6811
f 6730 6724 6731
f 6732 6730 6731
f 6722 6730 6732
f 6732 6724 6725
f 6732 6731 6724
f 6733 6734 6735
f 6735 6720 6733
f 6720 6735 6714
f 6720 6694 6695
f 6736 6695 6692
f 6736 6692 6696
f 6738 6736 6696
f 6737 6736 6738
f 6747 6737 6738
f 6738 6696 6730
f 6727 6729 6739
f 6740 6727 6739
f 6729 6733 6739
f 6739 6741 6740
f 6742 6739 6733
f 6739 6742 6741
f 6720 6742 6733
f 6742 6743 6741
f 6695 6742 6720
f 6742 6695 6744
f 6745 6812 6742
f 6744 6695 6736
f 6744 6746 6745
f 6746 6744 6736
f 6742 6744 6745
f 6745 6746 6811
f 6737 6746 6736
f 6811 6746 6737
f 6743 6742 6812
f 6748 6749 6750
f 6751 6752 6753
f 6754 6755 6756
f 6757 6703 6754
f 6749 6753 6750
f 6751 6753 6749
f 6758 6753 6752
f 6753 6758 6759
f 6760 6753 6759
f 6755 6754 6703
f 6697 6703 6750
f 6750 6703 6757
f 6753 6697 6750
f 6753 6698 6697
f 6760 6698 6753
f 6759 6761 6760
f 6699 6755 6700
f 6828 6699 6762
f 6755 6703 6700
f 6760 6764 6763
f 6764 6760 6761
f 6847 6763 6764
f 6707 6766 6765
f 6699 6707 6762
f 6767 6762 6707
f 6707 6765 6767
f 6768 6769 6770
f 6771 6770 6769
f 6763 6704 6698
f 6698 6760 6763
f 6766 6772 6774
f 6774 6765 6766
f 6772 6707 6708
f 6766 6707 6772
f 6723 6722 6769
f 6769 6722 6771
f 6704 6763 6711
f 6711 6763 6776
f 6776 6763 6770
f 6770 6771 6776
f 6777 6778 6779
f 6780 6781 6773
f 6887 6774 6781
f 6781 6780 6887
f 6773 6781 6772
f 6774 6772 6781
f 6710 6772 6708
f 6772 6710 6773
f 6719 6718 6771
f 6785 6779 6784
f 6784 6779 6786
f 6785 6784 6787
f 6788 6787 6784
f 6789 6787 6788
f 6790 6791 6778
f 6778 6791 6792
f 6891 6793 6791
f 6794 6793 6795
f 6795 6797 6713
f 6713 6794 6795
f 6796 6798 6797
f 6797 6795 6796
f 6796 6780 6798
f 6797 6799 6713
f 6799 6797 6798
f 6780 6773 6798
f 6799 6798 6773
f 6799 6710 6713
f 6710 6799 6773
f 6723 6783 6721
f 6722 6717 6771
f 6719 6771 6717
f 6771 6718 6776
f 6776 6718 6712
f 6728 6786 6779
f 6788 6784 6786
f 6728 6800 6786
f 6800 6788 6786
f 6779 6734 6728
f 6779 6802 6734
f 6803 6802 6778
f 6802 6779 6778
f 6803 6804 6735
f 6803 6735 6802
f 6778 6792 6803
f 6804 6803 6792
f 6791 6804 6792
f 6804 6791 6805
f 6791 6793 6805
f 6805 6793 6794
f 6805 6794 6735
f 6713 6735 6794
f 6812 6783 6806
f 6812 6721 6783
f 6801 6788 6800
f 6800 6728 6727
f 6729 6728 6734
f 6802 6735 6734
f 6804 6805 6735
f 6713 6714 6735
f 6806 6808 6812
f 6800 6727 6809
f 6809 6801 6800
f 6807 6801 6809
f 6740 6807 6809
f 6734 6733 6729
f 6812 6811 6721
f 6811 6747 6721
f 6809 6727 6740
f 6807 6740 6810
f 6808 6807 6810
f 6741 6810 6740
f 6812 6808 6810
f 6747 6738 6721
f 6810 6741 6743
f 6810 6743 6812
f 6812 6745 6811
f 6813 6815 6748
f 6814 6751 6749
f 6815 6813 6814
f 6816 6752 6751
f 6748 6817 6813
f 6814 6749 6815
f 6821 6828 6822
f 6754 6756 6821
f 6821 6822 6754
f 6823 6754 6822
f 6754 6823 6757
f 6823 6817 6757
f 6823 6822 6817
f 6815 6749 6748
f 6757 6748 6750
f 6748 6757 6817
f 6824 6825 6818
f 6824 6818 6758
f 6826 6824 6758
f 6767 6827 6819
f 6762 6819 6828
f 6767 6819 6762
f 6827 6820 6819
f 6828 6821 6699
f 6755 6699 6821
f 6755 6821 6756
f 6829 6831 6830
f 6818 6830 6759
f 6830 6818 6829
f 6829 6818 6825
f 6758 6818 6759
f 6827 6767 6832
f 6833 6834 6835
f 6834 6833 6831
f 6761 6830 6831
f 6761 6759 6830
f 6836 6837 6838
f 6836 6839 6837
f 6840 6841 6842
f 6832 6841 6843
f 6844 6832 6767
f 6835 6845 6775
f 6835 6775 6768
f 6768 6833 6835
f 6770 6833 6768
f 6831 6847 6764
f 6770 6847 6831
f 6831 6764 6761
f 6770 6831 6833
f 6839 6785 6837
f 6785 6787 6838
f 6785 6838 6837
f 6838 6787 6849
f 6848 6777 6839
f 6850 6777 6848
f 6851 6852 6853
f 6852 6854 6840
f 6842 6855 6856
f 6856 6852 6842
f 6842 6852 6840
f 6856 6844 6765
f 6856 6855 6844
f 6855 6832 6844
f 6832 6855 6841
f 6855 6842 6841
f 6765 6844 6767
f 6859 6860 6861
f 6857 6858 6859
f 6858 6860 6859
f 6845 6858 6775
f 6775 6858 6769
f 6846 6860 6858
f 6775 6769 6768
f 6847 6770 6763
f 6779 6785 6777
f 6839 6777 6785
f 6777 6862 6790
f 6863 6864 6865
f 6866 6864 6863
f 6867 6959 6865
f 6867 6865 6864
f 6868 6867 6864
f 6959 6869 6865
f 6869 6870 6865
f 6951 6870 6869
f 6872 6865 6870
f 6871 6865 6872
f 6872 6870 6853
f 6951 6853 6870
f 6851 6853 6951
f 6871 6875 6873
f 6853 6874 6872
f 6875 6871 6872
f 6876 6873 6774
f 6874 6853 6852
f 6872 6874 6875
f 6873 6856 6765
f 6774 6873 6765
f 6852 6875 6874
f 6852 6856 6875
f 6875 6856 6873
f 6877 6878 6879
f 6782 6783 6879
f 6879 6878 6782
f 6859 6877 6879
f 6858 6857 6783
f 6857 6879 6783
f 6859 6879 6857
f 6859 6861 6877
f 6769 6783 6723
f 6783 6769 6858
f 6881 6789 6880
f 6777 6790 6778
f 6882 6790 6862
f 6883 6793 6882
f 6884 6793 6883
f 6884 6883 6885
f 6886 6887 6780
f 6886 6780 6884
f 6886 6884 6885
f 6863 6886 6866
f 6885 6888 6866
f 6885 6866 6886
f 6780 6796 6884
f 6863 6887 6886
f 6871 6863 6865
f 6774 6887 6876
f 6871 6873 6876
f 6876 6887 6863
f 6876 6863 6871
f 6877 6889 6878
f 6889 6890 6878
f 6791 6790 6882
f 6791 6882 6891
f 6882 6793 6891
f 6795 6884 6796
f 6884 6795 6793
f 6892 6893 6894
f 6890 6895 6893
f 6782 6893 6783
f 6878 6890 6782
f 6782 6890 6893
f 6880 6789 6788
f 6880 6788 6801
f 6808 6892 6881
f 6893 6808 6806
f 6808 6893 6892
f 6783 6893 6806
f 6807 6880 6801
f 6880 6807 6881
f 6881 6807 6808
f 6898 6896 6813
f 6816 6751 6814
f 6899 6816 6900
f 6900 6816 6814
f 6900 6901 6899
f 6903 6752 6816
f 6898 6817 6822
f 6898 6822 6902
f 6813 6817 6898
f 6814 6813 6896
f 6900 6814 6896
f 6903 6904 6752
f 6905 6758 6904
f 6904 6758 6752
f 6909 6820 6906
f 6826 6910 6824
f 6824 6910 6825
f 6911 6825 6910
f 6905 6826 6758
f 6826 6905 6910
f 6906 6820 6827
f 6820 6908 6819
f 6822 6828 6908
f 6828 6819 6908
f 6912 6913 6911
f 6829 6825 6911
f 6827 6843 6906
f 6831 6829 6913
f 6913 6829 6911
f 6912 6914 6913
f 6836 6915 6916
f 6916 6915 6917
f 6836 6916 6839
f 6918 6919 6920
f 6843 6827 6832
f 6922 6914 6923
f 6834 6831 6913
f 6913 6922 6834
f 6834 6922 6835
f 6914 6922 6913
f 6923 6914 6924
f 6836 6838 6915
f 6849 6915 6838
f 6916 6848 6839
f 6777 6850 6862
f 6925 6928 6926
f 6926 6930 6929
f 6926 6928 6930
f 6918 6932 6931
f 6932 6920 6921
f 6918 6920 6932
f 6921 6854 6932
f 6921 6840 6854
f 6840 6921 6841
f 6846 6934 6933
f 6933 6934 6935
f 6922 6845 6835
f 6845 6922 6846
f 6846 6922 6934
f 6922 6923 6934
f 6937 6789 6938
f 6939 6940 6862
f 6939 6941 6940
f 6943 6947 6888
f 6943 6888 6944
f 6945 6869 6946
f 6947 6945 6946
f 6945 6948 6869
f 6948 6945 6949
f 6948 6949 6950
f 6952 6948 6950
f 6951 6869 6948
f 6948 6952 6951
f 6926 6929 6925
f 6925 6929 6952
f 6952 6927 6925
f 6930 6953 6929
f 6952 6929 6951
f 6953 6951 6929
f 6953 6932 6851
f 6951 6953 6851
f 6932 6953 6931
f 6852 6851 6854
f 6932 6854 6851
f 6861 6933 6955
f 6861 6955 6954
f 6858 6845 6846
f 6860 6933 6861
f 6860 6846 6933
f 6935 6955 6933
f 6789 6936 6787
f 6937 6936 6789
f 6957 6882 6862
f 6883 6882 6957
f 6940 6957 6862
f 6940 6883 6957
f 6940 6885 6883
f 6941 6885 6940
f 6942 6885 6941
f 6885 6944 6888
f 6888 6947 6958
f 6958 6864 6866
f 6947 6868 6958
f 6864 6958 6868
f 6958 6866 6888
f 6947 6946 6868
f 6946 6869 6959
f 6946 6959 6868
f 6959 6867 6868
f 6877 6861 6954
f 6954 6955 6960
f 6789 6881 6938
f 6889 6877 6954
f 6889 6954 6961
f 6954 6960 6961
f 6962 6961 6960
f 6963 6938 6881
f 6963 6881 6964
f 6963 6964 6965
f 6965 6964 6966
f 6881 6894 6964
f 6892 6894 6881
f 6894 6966 6964
f 6968 6894 6967
f 6968 6966 6894
f 6967 6894 6893
f 6967 6893 6895
f 6967 6895 6968
f 6895 6890 6889
f 6895 6961 6968
f 6968 6961 6969
f 6961 6962 6969
f 6889 6961 6895
f 6972 6897 6971
f 6972 6971 6970
f 6973 6970 6971
f 6974 6903 6970
f 6903 6974 6975
f 6901 6897 6899
f 6816 6899 6903
f 6975 6904 6903
f 6970 6903 6899
f 6897 6972 6899
f 6970 6899 6972
f 6898 6897 6896
f 6897 6901 6900
f 6897 6900 6896
f 6905 6904 6976
f 6976 6977 6905
f 6975 6976 6904
f 6979 6978 6907
f 6980 6908 6820
f 6902 6822 6908
f 6981 6911 6910
f 6905 6977 6910
f 6907 6906 6843
f 6909 6906 6907
f 6907 6843 7061
f 6907 7061 6982
f 6820 6909 6980
f 6907 6978 6909
f 6978 6980 6909
f 6979 6907 6982
f 6924 6914 6984
f 6983 6912 6911
f 6985 6986 6916
f 6916 6986 6848
f 6987 6988 6920
f 6919 6987 6920
f 6987 6990 6988
f 6989 6987 6991
f 6991 6987 6919
f 6990 6921 6988
f 6921 6920 6988
f 6990 6987 6989
f 6843 6841 6921
f 6921 6990 6843
f 6934 6924 6992
f 6849 6917 6915
f 6787 6936 6849
f 6862 6993 6994
f 6995 7019 6996
f 6995 6997 6998
f 6928 7019 6995
f 6999 6928 6995
f 6999 6995 7000
f 6918 7001 6919
f 7002 7001 7003
f 6919 7001 7002
f 6919 7002 6991
f 6924 6934 6923
f 7004 6936 6937
f 6939 6862 6994
f 6939 6994 6993
f 7005 6941 6993
f 7005 6942 6941
f 6944 7006 7007
f 7007 7008 6944
f 6944 7008 6943
f 7010 7011 6943
f 7009 7010 7008
f 7010 6943 7008
f 7009 7011 7010
f 7014 7012 7011
f 7013 7015 7016
f 7014 7013 7012
f 7013 6950 7012
f 6950 7013 7016
f 6927 7016 7017
f 7012 6950 6949
f 6927 6950 7016
f 6927 7017 7018
f 6928 6925 7018
f 6927 7018 6925
f 6952 6950 6927
f 7019 6928 7018
f 6999 7000 7020
f 6930 6928 6999
f 7021 6930 6999
f 6999 7020 7021
f 6930 7021 6953
f 7021 7022 6953
f 7021 7020 7022
f 7020 7023 7022
f 6953 7022 6931
f 6931 7025 7024
f 7022 7023 6931
f 7023 7025 6931
f 6918 6931 7024
f 7024 7001 6918
f 7025 7001 7024
f 7003 7001 7025
f 6934 6992 6935
f 7026 6937 6938
f 6938 7027 7026
f 7005 7006 6942
f 6939 6993 6941
f 6944 6942 7006
f 6942 6944 6885
f 6947 7011 7012
f 6947 6943 7011
f 7012 6949 6945
f 6947 7012 6945
f 7023 7028 7025
f 6956 6955 6935
f 6955 6956 7029
f 7029 7030 6960
f 7030 7029 6956
f 6960 6955 7029
f 7031 6938 6963
f 6963 6965 7031
f 7032 7031 6965
f 7033 7034 7035
f 7038 7039 6962
f 7038 6962 7030
f 7038 7030 7040
f 7030 7037 7040
f 7040 7037 7039
f 7038 7040 7039
f 7030 6962 6960
f 6965 6966 7041
f 7032 6965 7041
f 6966 6968 7041
f 7041 6968 7042
f 7042 7044 7041
f 7042 7043 7110
f 7044 7042 7110
f 7043 7042 6968
f 7035 7043 7033
f 7033 7043 6968
f 6969 7033 6968
f 7033 6969 7036
f 7033 7036 7034
f 7046 7036 6969
f 7039 7046 6969
f 7037 7036 7039
f 7039 7036 7046
f 6969 6962 7039
f 7047 6897 6898
f 7048 7049 7047
f 7048 7047 6898
f 6898 7050 7048
f 6970 6973 6974
f 6898 6902 7050
f 6897 7047 6971
f 7051 6908 6980
f 6902 6908 7052
f 6908 7051 7052
f 7053 6911 6981
f 6910 7054 6981
f 7054 6910 6977
f 6982 7061 7055
f 7051 6978 6979
f 7051 6980 6978
f 6911 7053 6983
f 7053 7056 6983
f 6989 7057 7058
f 7058 7057 7059
f 7060 6843 6989
f 6843 6990 6989
f 7061 6843 7060
f 6912 6983 6914
f 6984 6914 6983
f 7062 6916 6917
f 6848 7063 6850
f 6986 7063 6848
f 6924 6984 7064
f 7065 7064 6984
f 7066 7004 7026
f 6850 7063 6862
f 7063 7067 6862
f 6862 7067 6993
f 7068 7006 7069
f 6993 7070 7006
f 7006 7070 7069
f 7071 7072 7007
f 7014 7073 7015
f 7000 6998 7075
f 6989 6991 7057
f 6991 7002 7057
f 7002 7076 7057
f 7076 7077 7078
f 7076 7079 7057
f 6924 7064 6992
f 7004 6917 6849
f 7066 6917 7004
f 7004 6849 6936
f 7026 7004 6937
f 7006 7005 6993
f 7006 7068 7007
f 7008 7007 7072
f 7080 7008 7072
f 7009 7008 7080
f 7014 7011 7080
f 7011 7009 7080
f 7014 7015 7013
f 7074 7017 7016
f 6996 7017 7074
f 7015 7074 7016
f 7019 7018 6996
f 7017 6996 7018
f 6997 6995 6996
f 6995 6998 7000
f 7075 7081 7000
f 7082 7002 7003
f 7082 7076 7002
f 7082 7077 7076
f 6956 6992 7083
f 6956 7083 7084
f 7000 7081 7020
f 7081 7085 7020
f 7003 7028 7086
f 7003 7077 7082
f 7087 7077 7086
f 7077 7087 7088
f 7087 7089 7088
f 7090 7091 6956
f 6935 6992 6956
f 7031 7027 6938
f 7092 7023 7093
f 7094 7028 7023
f 7028 7003 7025
f 7086 7028 7094
f 7095 7086 7094
f 7003 7086 7077
f 7096 7086 7095
f 7096 7087 7086
f 7096 7097 7087
f 7087 7097 7089
f 7089 7097 7098
f 7089 7098 7105
f 7027 7031 7099
f 7032 7099 7031
f 7100 7101 7102
f 7023 7092 7094
f 7092 7151 7095
f 7100 7102 7103
f 7092 7095 7094
f 7096 7095 7104
f 7104 7097 7096
f 7104 7098 7097
f 7090 7034 7037
f 7105 7098 7034
f 7105 7034 7090
f 7090 7037 7091
f 7091 7037 7106
f 6956 7106 7030
f 6956 7091 7106
f 7041 7044 7032
f 7044 7107 7032
f 7108 7107 7044
f 7045 7110 7035
f 7108 7045 7035
f 7108 7035 7102
f 7108 7102 7107
f 7035 7034 7102
f 7103 7102 7034
f 7036 7037 7034
f 7030 7106 7037
f 7044 7110 7045
f 7044 7045 7108
f 7035 7110 7043
f 6973 7047 7049
f 6973 7049 7111
f 7048 7050 7049
f 6971 7047 6973
f 6977 6976 7112
f 7113 6981 7054
f 6989 7114 7060
f 7114 7058 7115
f 7061 7060 7116
f 7117 6982 7118
f 7118 6982 7055
f 7055 7119 7118
f 6979 6982 7117
f 7117 7120 6979
f 7056 6984 6983
f 6989 7058 7114
f 7062 6985 6916
f 7121 6985 7062
f 7122 7062 6917
f 7062 7122 7121
f 6986 7123 7063
f 6985 7123 6986
f 7124 7063 7123
f 6984 7056 7065
f 7064 7065 7125
f 7126 7064 7125
f 7124 7067 7063
f 7069 7127 7128
f 7129 7071 7068
f 7130 7131 7074
f 7131 7132 6996
f 7132 6997 6996
f 7133 6998 6997
f 7059 7057 7079
f 7079 7078 7134
f 6993 7127 7070
f 6993 7067 7127
f 7127 7069 7070
f 7128 7068 7069
f 7080 7072 7071
f 7071 7007 7068
f 7129 7073 7071
f 7071 7073 7080
f 7073 7014 7080
f 7074 7015 7073
f 6996 7074 7131
f 7079 7076 7078
f 7078 7137 7138
f 7083 6992 7064
f 7084 7083 7064
f 7135 6956 7084
f 7027 7139 7026
f 7136 7081 7075
f 7081 7136 7085
f 7077 7088 7078
f 7078 7088 7137
f 7088 7140 7137
f 7137 7140 7141
f 7141 7140 7142
f 7142 7090 7143
f 7090 7142 7140
f 7143 7090 7144
f 6956 7144 7090
f 7145 7139 7027
f 7085 7136 7146
f 7085 7146 7093
f 7089 7105 7140
f 7089 7140 7088
f 7140 7105 7090
f 7147 7150 7101
f 7147 7148 7150
f 7136 7147 7146
f 7093 7146 7147
f 7020 7085 7093
f 7020 7093 7023
f 7032 7109 7099
f 7149 7099 7109
f 7107 7109 7032
f 7148 7149 7109
f 7150 7148 7109
f 7101 7150 7109
f 7101 7093 7147
f 7109 7102 7101
f 7093 7100 7092
f 7093 7101 7100
f 7151 7092 7103
f 7092 7100 7103
f 7095 7151 7104
f 7103 7034 7151
f 7104 7151 7098
f 7034 7098 7151
f 7102 7109 7107
f 7153 7152 6973
f 7152 7153 7154
f 7111 7155 6973
f 6973 7152 6974
f 7152 6975 6974
f 7154 6975 7152
f 6976 6975 7154
f 7050 6902 7156
f 7156 6902 7052
f 6976 7157 7112
f 7156 7052 7158
f 7113 7054 7159
f 6979 7160 7051
f 7158 7051 7160
f 7052 7051 7158
f 6977 7159 7054
f 7115 7161 7114
f 7060 7114 7161
f 7116 7060 7161
f 7116 7161 7162
f 7061 7116 7055
f 7055 7164 7119
f 7164 7055 7116
f 7120 7117 7118
f 7163 7120 7118
f 6979 7120 7160
f 7165 6981 7113
f 7165 7053 6981
f 7056 7053 7165
f 7058 7273 7166
f 7058 7166 7115
f 7163 7118 7119
f 7121 7122 7167
f 7169 7167 7122
f 7170 7124 6985
f 7170 6985 7121
f 7121 7171 7170
f 7170 7171 7124
f 6985 7124 7123
f 7273 7058 7059
f 7273 7059 7134
f 7172 7065 7056
f 7125 7065 7172
f 7126 7125 7173
f 6917 7168 7122
f 7174 7068 7128
f 7174 7129 7068
f 7176 7073 7175
f 7177 7133 7178
f 7059 7079 7134
f 7134 7180 7181
f 7180 7182 7181
f 7126 7084 7064
f 6917 7183 7168
f 7183 6917 7066
f 7066 7026 7183
f 7184 7183 7026
f 7073 7129 7175
f 7132 7178 6997
f 7131 7130 7132
f 7130 7185 7178
f 7132 7130 7178
f 6997 7178 7133
f 7133 7186 6998
f 6998 7186 7075
f 7134 7078 7180
f 7078 7138 7180
f 7138 7137 7187
f 7137 7188 7187
f 7138 7187 7182
f 7138 7182 7180
f 7189 7188 7141
f 7141 7190 7189
f 7182 7187 7191
f 7191 7187 7188
f 6956 7192 7143
f 7126 7135 7084
f 7139 7193 7026
f 7075 7186 7194
f 7194 7136 7075
f 7141 7188 7137
f 7141 7142 7190
f 7190 7142 7195
f 7195 7142 7143
f 6956 7143 7144
f 7190 7195 7196
f 7196 7195 7143
f 7197 7139 7145
f 7147 7136 7194
f 7099 7199 7027
f 7199 7145 7027
f 7198 7149 7200
f 7200 7147 7194
f 7201 7099 7149
f 7147 7200 7148
f 7149 7148 7200
f 7202 7111 7049
f 7153 7203 7154
f 7204 7202 7049
f 7050 7204 7049
f 6973 7155 7153
f 7157 6976 7154
f 7205 7159 6977
f 7205 6977 7112
f 7243 7164 7116
f 7206 7163 7119
f 7206 7119 7164
f 7120 7163 7160
f 7165 7172 7056
f 7207 7121 7167
f 7208 7167 7169
f 7169 7209 7208
f 7210 7207 7167
f 7173 7125 7172
f 7172 7211 7173
f 7168 7169 7122
f 7209 7169 7168
f 7067 7212 7127
f 7174 7213 7175
f 7214 7215 7213
f 7213 7248 7214
f 7176 7215 7073
f 7176 7213 7215
f 7273 7134 7181
f 7216 7217 7135
f 7216 7135 7126
f 7126 7218 7216
f 7211 7126 7173
f 7183 7219 7168
f 7184 7026 7193
f 7175 7129 7174
f 7175 7213 7176
f 7130 7074 7073
f 7220 7073 7215
f 7130 7073 7220
f 7185 7177 7178
f 7186 7133 7179
f 7186 7179 7221
f 7222 7186 7221
f 7223 7191 7189
f 7196 7224 7189
f 7217 6956 7135
f 7192 6956 7217
f 7198 7222 7221
f 7222 7194 7186
f 7191 7188 7189
f 7190 7196 7189
f 7192 7196 7143
f 7224 7196 7192
f 7198 7194 7222
f 7145 7225 7197
f 7225 7145 7199
f 7201 7198 7260
f 7199 7226 7225
f 7099 7226 7199
f 7201 7226 7099
f 7198 7200 7194
f 7149 7198 7201
f 7111 7202 7227
f 7204 7227 7202
f 7111 7228 7155
f 7155 7229 7153
f 7229 7155 7228
f 7230 7154 7203
f 7232 7050 7156
f 7231 7232 7156
f 7157 7233 7112
f 7230 7157 7154
f 7234 7235 7162
f 7236 7237 7160
f 7163 7236 7160
f 7236 7163 7238
f 7238 7163 7206
f 7158 7237 7156
f 7237 7158 7160
f 7239 7165 7113
f 7162 7161 7234
f 7161 7115 7234
f 7240 7166 7241
f 7162 7242 7116
f 7243 7116 7242
f 7235 7242 7162
f 7164 7243 7206
f 7206 7243 7238
f 7235 7238 7243
f 7235 7243 7242
f 7207 7171 7121
f 7171 7244 7245
f 7115 7166 7240
f 7210 7167 7208
f 7124 7171 7245
f 7245 7246 7124
f 7124 7246 7067
f 7128 7247 7174
f 7248 7249 7214
f 7250 7220 7215
f 7214 7250 7215
f 7251 7177 7185
f 7251 7179 7177
f 7273 7253 7254
f 7255 7256 7192
f 7255 7192 7217
f 7217 7216 7218
f 7168 7219 7209
f 7127 7212 7128
f 7247 7213 7174
f 7249 7248 7213
f 7213 7247 7249
f 7130 7220 7185
f 7133 7177 7179
f 7251 7252 7179
f 7179 7252 7221
f 7252 7257 7221
f 7273 7181 7253
f 7181 7182 7253
f 7182 7191 7258
f 7258 7253 7182
f 7258 7191 7223
f 7189 7224 7223
f 7192 7256 7224
f 7184 7259 7183
f 7193 7139 7197
f 7198 7221 7260
f 7201 7260 7226
f 7227 7261 7111
f 7230 7229 7262
f 7231 7204 7050
f 7227 7204 7263
f 7153 7229 7203
f 7230 7203 7229
f 7230 7233 7157
f 7264 7205 7265
f 7205 7264 7159
f 7237 7236 7266
f 7239 7113 7159
f 7239 7159 7264
f 7265 7205 7112
f 7236 7238 7266
f 7240 7268 7115
f 7269 7234 7115
f 7268 7269 7115
f 7270 7165 7271
f 7273 7272 7166
f 7277 7272 7273
f 7166 7272 7302
f 7172 7165 7211
f 7165 7270 7211
f 7274 7207 7210
f 7274 7210 7275
f 7275 7210 7208
f 7245 7244 7276
f 7273 7254 7277
f 7278 7277 7254
f 7278 7254 7280
f 7218 7281 7255
f 7218 7126 7282
f 7282 7283 7218
f 7284 7126 7211
f 7282 7126 7284
f 7285 7208 7209
f 7285 7209 7219
f 7212 7286 7128
f 7247 7128 7286
f 7287 7249 7247
f 7249 7287 7250
f 7214 7249 7250
f 7288 7220 7250
f 7251 7185 7289
f 7288 7185 7220
f 7288 7289 7185
f 7251 7257 7252
f 7258 7254 7253
f 7279 7254 7258
f 7223 7292 7258
f 7281 7256 7255
f 7255 7217 7218
f 7260 7221 7257
f 7223 7224 7291
f 7197 7293 7193
f 7293 7184 7193
f 7294 7293 7197
f 7295 7225 7226
f 7261 7296 7228
f 7228 7296 7229
f 7297 7229 7296
f 7262 7229 7297
f 7111 7261 7228
f 7263 7261 7227
f 7298 7233 7230
f 7299 7298 7230
f 7265 7112 7233
f 7231 7156 7267
f 7300 7231 7267
f 7231 7050 7232
f 7267 7156 7237
f 7269 7235 7234
f 7235 7266 7238
f 7301 7266 7235
f 7302 7241 7166
f 7240 7304 7268
f 7305 7271 7165
f 7306 7270 7307
f 7171 7207 7274
f 7244 7171 7308
f 7309 7277 7278
f 7310 7282 7284
f 7282 7310 7283
f 7306 7211 7270
f 7285 7311 7208
f 7311 7275 7208
f 7276 7246 7245
f 7067 7246 7313
f 7212 7067 7314
f 7212 7314 7315
f 7067 7313 7314
f 7316 7286 7317
f 7316 7247 7286
f 7288 7318 7289
f 7251 7319 7290
f 7289 7319 7251
f 7318 7321 7289
f 7280 7254 7279
f 7279 7258 7292
f 7281 7323 7256
f 7218 7324 7281
f 7259 7219 7183
f 7259 7285 7219
f 7290 7260 7257
f 7260 7290 7320
f 7290 7257 7251
f 7325 7292 7223
f 7325 7223 7291
f 7224 7323 7291
f 7256 7323 7224
f 7259 7184 7326
f 7294 7197 7225
f 7295 7226 7260
f 7262 7299 7230
f 7299 7327 7298
f 7265 7233 7298
f 7265 7298 7327
f 7328 7266 7301
f 7240 7241 7304
f 7241 7303 7304
f 7269 7329 7235
f 7304 7269 7268
f 7329 7301 7235
f 7274 7308 7171
f 7309 7272 7277
f 7302 7303 7241
f 7302 7272 7330
f 7284 7306 7310
f 7271 7305 7270
f 7307 7270 7305
f 7331 7310 7306
f 7246 7276 7332
f 7312 7246 7332
f 7313 7246 7312
f 7333 7312 7332
f 7334 7317 7335
f 7318 7288 7250
f 7324 7336 7281
f 7284 7211 7306
f 7337 7218 7283
f 7335 7286 7212
f 7317 7286 7335
f 7335 7212 7315
f 7335 7315 7334
f 7247 7316 7287
f 7290 7319 7320
f 7289 7338 7319
f 7280 7279 7292
f 7292 7325 7339
f 7291 7323 7322
f 7322 7325 7291
f 7323 7281 7322
f 7293 7294 7340
f 7340 7326 7184
f 7293 7340 7184
f 7295 7260 7341
f 7342 7296 7261
f 7262 7297 7299
f 7328 7344 7266
f 7344 7237 7266
f 7344 7420 7237
f 7420 7267 7237
f 7264 7345 7239
f 7329 7328 7301
f 7346 7165 7239
f 7347 7311 7348
f 7308 7274 7349
f 7276 7244 7350
f 7350 7332 7276
f 7350 7244 7351
f 7330 7272 7309
f 7309 7352 7330
f 7306 7307 7331
f 7348 7311 7285
f 7350 7333 7332
f 7353 7354 7333
f 7354 7312 7333
f 7353 7356 7354
f 7354 7355 7313
f 7313 7312 7354
f 7356 7355 7354
f 7313 7357 7314
f 7357 7358 7314
f 7357 7313 7355
f 7358 7334 7315
f 7314 7358 7315
f 7334 7359 7317
f 7317 7359 7316
f 7287 7316 7359
f 7360 7292 7339
f 7361 7339 7325
f 7362 7361 7325
f 7281 7363 7322
f 7363 7362 7322
f 7281 7336 7365
f 7324 7366 7336
f 7366 7364 7336
f 7285 7259 7326
f 7362 7325 7322
f 7340 7294 7367
f 7320 7341 7368
f 7367 7294 7225
f 7225 7295 7341
f 7368 7260 7320
f 7342 7261 7263
f 7299 7297 7370
f 7231 7300 7204
f 7370 7327 7299
f 7343 7345 7264
f 7265 7343 7264
f 7328 7372 7371
f 7344 7328 7371
f 7344 7371 7394
f 7394 7420 7344
f 7239 7345 7373
f 7374 7304 7303
f 7346 7239 7373
f 7375 7274 7376
f 7376 7274 7347
f 7275 7347 7274
f 7349 7351 7308
f 7244 7308 7351
f 7349 7274 7375
f 7351 7377 7350
f 7305 7165 7346
f 7331 7307 7305
f 7275 7311 7347
f 7379 7353 7333
f 7430 7357 7355
f 7359 7358 7380
f 7250 7321 7318
f 7289 7321 7338
f 7338 7321 7381
f 7309 7378 7352
f 7378 7309 7278
f 7378 7278 7382
f 7360 7280 7292
f 7382 7280 7360
f 7278 7280 7382
f 7383 7360 7339
f 7360 7383 7382
f 7324 7384 7366
f 7337 7384 7218
f 7283 7310 7331
f 7359 7380 7287
f 7358 7359 7334
f 7385 7386 7387
f 7320 7387 7386
f 7387 7320 7319
f 7387 7338 7381
f 7319 7338 7387
f 7365 7363 7281
f 7218 7384 7324
f 7225 7341 7388
f 7260 7368 7341
f 7386 7341 7320
f 7263 7204 7390
f 7390 7204 7369
f 7263 7390 7342
f 7370 7391 7327
f 7300 7267 7420
f 7392 7343 7265
f 7371 7372 7394
f 7392 7395 7345
f 7343 7392 7345
f 7269 7396 7329
f 7329 7372 7328
f 7375 7397 7349
f 7351 7349 7397
f 7303 7302 7398
f 7374 7303 7398
f 7269 7304 7374
f 7305 7346 7399
f 7399 7331 7305
f 7347 7400 7376
f 7377 7351 7397
f 7350 7377 7379
f 7377 7397 7379
f 7350 7379 7333
f 7356 7353 7379
f 7401 7330 7352
f 7378 7401 7352
f 7402 7337 7283
f 7331 7402 7283
f 7356 7430 7355
f 7403 7430 7356
f 7380 7404 7250
f 7250 7287 7380
f 7321 7250 7404
f 7381 7406 7387
f 7405 7381 7321
f 7381 7405 7406
f 7385 7387 7406
f 7408 7378 7382
f 7383 7409 7382
f 7409 7408 7382
f 7383 7339 7361
f 7362 7410 7361
f 7365 7364 7411
f 7384 7412 7366
f 7412 7364 7366
f 7412 7411 7364
f 7285 7326 7348
f 7348 7326 7413
f 7348 7413 7347
f 7414 7363 7365
f 7363 7414 7362
f 7336 7364 7365
f 7367 7225 7388
f 7388 7341 7415
f 7296 7342 7416
f 7417 7370 7297
f 7417 7418 7370
f 7300 7369 7204
f 7391 7370 7418
f 7393 7327 7391
f 7327 7393 7265
f 7392 7393 7395
f 7396 7269 7421
f 7422 7396 7421
f 7421 7374 7398
f 7374 7421 7269
f 7396 7372 7329
f 7423 7424 7346
f 7346 7373 7423
f 7397 7375 7425
f 7375 7376 7425
f 7400 7425 7376
f 7398 7302 7427
f 7331 7399 7402
f 7424 7399 7346
f 7347 7428 7400
f 7379 7403 7356
f 7426 7379 7397
f 7403 7429 7430
f 7431 7429 7403
f 7429 7432 7430
f 7405 7404 7407
f 7404 7433 7407
f 7434 7405 7407
f 7435 7401 7378
f 7430 7432 7357
f 7321 7404 7405
f 7434 7406 7405
f 7383 7361 7410
f 7410 7409 7383
f 7436 7409 7410
f 7409 7436 7408
f 7410 7362 7414
f 7410 7414 7461
f 7414 7365 7411
f 7384 7437 7412
f 7337 7437 7384
f 7326 7340 7413
f 7438 7413 7340
f 7367 7438 7340
f 7388 7440 7367
f 7440 7439 7367
f 7415 7341 7441
f 7441 7442 7415
f 7341 7386 7443
f 7342 7389 7444
f 7445 7296 7416
f 7297 7296 7445
f 7444 7416 7342
f 7389 7342 7390
f 7445 7417 7297
f 7418 7447 7391
f 7393 7392 7265
f 7447 7393 7391
f 7447 7395 7393
f 7420 7394 7372
f 7395 7373 7345
f 7372 7396 7422
f 7373 7448 7423
f 7397 7425 7449
f 7421 7398 7450
f 7421 7450 7451
f 7451 7422 7421
f 7424 7423 7448
f 7426 7397 7449
f 7427 7302 7330
f 7452 7427 7330
f 7452 7330 7401
f 7453 7337 7402
f 7453 7402 7399
f 7403 7379 7426
f 7429 7358 7432
f 7357 7432 7358
f 7454 7358 7429
f 7455 7404 7380
f 7456 7380 7358
f 7434 7460 7406
f 7378 7408 7435
f 7457 7414 7411
f 7458 7437 7337
f 7453 7458 7337
f 7347 7413 7459
f 7428 7347 7459
f 7406 7460 7385
f 7461 7436 7410
f 7462 7408 7436
f 7438 7459 7413
f 7463 7386 7385
f 7415 7442 7464
f 7464 7388 7415
f 7464 7442 7465
f 7442 7441 7465
f 7341 7443 7441
f 7444 7466 7416
f 7416 7466 7445
f 7446 7417 7445
f 7417 7467 7418
f 7468 7467 7417
f 7369 7300 7469
f 7470 7420 7372
f 7470 7372 7471
f 7472 7473 7373
f 7472 7373 7395
f 7474 7475 7425
f 7422 7451 7476
f 7372 7422 7471
f 7448 7373 7473
f 7475 7449 7425
f 7400 7474 7425
f 7427 7477 7478
f 7427 7450 7398
f 7424 7453 7399
f 7479 7403 7426
f 7479 7431 7403
f 7431 7454 7429
f 7479 7454 7431
f 7380 7480 7455
f 7380 7456 7480
f 7481 7404 7455
f 7482 7404 7481
f 7433 7483 7407
f 7477 7427 7452
f 7401 7477 7452
f 7358 7454 7456
f 7460 7434 7485
f 7486 7477 7401
f 7486 7401 7435
f 7435 7408 7486
f 7461 7462 7436
f 7487 7414 7457
f 7488 7457 7411
f 7489 7385 7460
f 7461 7414 7551
f 7367 7439 7438
f 7439 7490 7438
f 7464 7492 7491
f 7464 7491 7440
f 7493 7386 7463
f 7386 7493 7443
f 7489 7463 7385
f 7464 7440 7388
f 7492 7464 7465
f 7492 7465 7443
f 7443 7465 7441
f 7444 7494 7466
f 7444 7389 7495
f 7446 7445 7466
f 7468 7417 7497
f 7497 7417 7496
f 7469 7498 7369
f 7447 7467 7468
f 7447 7418 7467
f 7300 7420 7499
f 7469 7300 7499
f 7499 7420 7419
f 7500 7395 7447
f 7395 7500 7472
f 7424 7448 7473
f 7424 7473 7472
f 7474 7501 7475
f 7475 7502 7449
f 7428 7474 7400
f 7502 7426 7449
f 7426 7503 7479
f 7427 7504 7484
f 7484 7504 7450
f 7478 7504 7427
f 7450 7504 7505
f 7427 7484 7450
f 7506 7458 7453
f 7456 7455 7480
f 7456 7508 7455
f 7542 7508 7456
f 7454 7509 7456
f 7508 7481 7455
f 7433 7404 7483
f 7510 7407 7483
f 7511 7437 7458
f 7428 7459 7512
f 7407 7485 7434
f 7510 7485 7407
f 7513 7460 7485
f 7489 7460 7513
f 7549 7461 7551
f 7514 7551 7414
f 7515 7487 7457
f 7488 7515 7457
f 7511 7412 7437
f 7459 7438 7490
f 7489 7517 7493
f 7513 7517 7489
f 7439 7518 7490
f 7439 7440 7518
f 7440 7491 7518
f 7520 7492 7443
f 7489 7493 7463
f 7444 7495 7494
f 7521 7494 7495
f 7522 7466 7494
f 7522 7523 7466
f 7390 7524 7389
f 7495 7389 7524
f 7525 7369 7498
f 7497 7526 7468
f 7527 7497 7496
f 7526 7497 7527
f 7526 7447 7468
f 7528 7419 7529
f 7499 7419 7528
f 7469 7499 7528
f 7419 7420 7529
f 7470 7529 7420
f 7500 7530 7472
f 7471 7476 7470
f 7532 7533 7502
f 7475 7534 7502
f 7535 7450 7505
f 7451 7450 7536
f 7451 7536 7476
f 7450 7537 7536
f 7476 7471 7422
f 7538 7453 7424
f 7453 7538 7539
f 7501 7474 7428
f 7501 7428 7540
f 7533 7426 7502
f 7507 7479 7503
f 7533 7503 7426
f 7541 7479 7507
f 7479 7509 7454
f 7543 7508 7542
f 7428 7512 7544
f 7459 7544 7512
f 7428 7544 7540
f 7509 7542 7456
f 7483 7404 7482
f 7508 7545 7481
f 7483 7482 7545
f 7481 7545 7482
f 7477 7486 7567
f 7546 7486 7547
f 7548 7511 7458
f 7516 7544 7459
f 7549 7462 7461
f 7550 7549 7551
f 7514 7414 7487
f 7515 7514 7487
f 7412 7488 7411
f 7488 7412 7511
f 7516 7459 7490
f 7490 7518 7516
f 7552 7492 7520
f 7520 7519 7553
f 7520 7553 7552
f 7520 7443 7519
f 7493 7553 7443
f 7519 7443 7553
f 7553 7493 7517
f 7554 7521 7524
f 7555 7494 7521
f 7521 7495 7524
f 7494 7556 7522
f 7494 7555 7556
f 7523 7522 7556
f 7523 7446 7466
f 7557 7417 7446
f 7369 7525 7390
f 7390 7525 7524
f 7558 7498 7469
f 7469 7559 7558
f 7526 7500 7447
f 7528 7529 7560
f 7529 7470 7560
f 7501 7561 7475
f 7531 7561 7501
f 7531 7562 7561
f 7561 7534 7475
f 7532 7502 7534
f 7535 7537 7450
f 7476 7536 7537
f 7563 7470 7476
f 7539 7564 7506
f 7531 7501 7540
f 7479 7541 7509
f 7541 7566 7509
f 7543 7542 7509
f 7478 7477 7567
f 7458 7564 7548
f 7539 7506 7453
f 7564 7458 7506
f 7540 7544 7568
f 7544 7569 7568
f 7569 7544 7516
f 7546 7567 7486
f 7547 7486 7408
f 7570 7488 7511
f 7548 7570 7511
f 7571 7572 7491
f 7517 7513 7573
f 7572 7518 7491
f 7491 7492 7571
f 7552 7571 7492
f 7555 7521 7574
f 7521 7554 7574
f 7554 7524 7575
f 7575 7524 7525
f 7417 7576 7496
f 7557 7576 7417
f 7446 7523 7557
f 7577 7576 7557
f 7496 7576 7527
f 7578 7498 7558
f 7469 7528 7579
f 7500 7526 7580
f 7582 7528 7581
f 7581 7528 7560
f 7561 7583 7534
f 7562 7583 7561
f 7534 7608 7532
f 7533 7507 7503
f 7507 7584 7565
f 7504 7585 7505
f 7535 7505 7585
f 7563 7476 7537
f 7535 7586 7537
f 7586 7563 7537
f 7588 7564 7539
f 7588 7539 7538
f 7540 7568 7531
f 7507 7565 7541
f 7483 7589 7510
f 7590 7478 7567
f 7504 7478 7585
f 7568 7569 7572
f 7569 7516 7572
f 7510 7591 7485
f 7589 7592 7510
f 7592 7591 7510
f 7485 7591 7593
f 7513 7485 7593
f 7567 7546 7618
f 7547 7408 7462
f 7594 7570 7548
f 7572 7516 7518
f 7552 7553 7595
f 7596 7517 7597
f 7573 7597 7517
f 7573 7513 7593
f 7514 7515 7598
f 7553 7517 7595
f 7595 7517 7596
f 7555 7599 7556
f 7599 7523 7556
f 7599 7601 7523
f 7525 7602 7575
f 7575 7603 7554
f 7603 7574 7554
f 7557 7523 7601
f 7498 7578 7525
f 7602 7525 7604
f 7525 7578 7604
f 7527 7580 7526
f 7579 7559 7469
f 7579 7528 7582
f 7605 7472 7530
f 7605 7538 7472
f 7606 7533 7532
f 7533 7606 7607
f 7560 7470 7563
f 7538 7424 7472
f 7583 7608 7534
f 7609 7562 7610
f 7562 7609 7583
f 7611 7584 7507
f 7533 7643 7507
f 7507 7612 7611
f 7541 7565 7584
f 7509 7566 7543
f 7566 7541 7584
f 7590 7585 7478
f 7613 7586 7535
f 7614 7535 7585
f 7613 7563 7586
f 7587 7563 7613
f 7562 7531 7610
f 7610 7531 7615
f 7545 7508 7543
f 7543 7616 7545
f 7483 7545 7617
f 7617 7545 7616
f 7589 7483 7617
f 7619 7590 7618
f 7590 7567 7618
f 7593 7591 7620
f 7622 7547 7549
f 7549 7547 7462
f 7623 7624 7515
f 7598 7515 7624
f 7623 7515 7488
f 7623 7488 7570
f 7626 7552 7595
f 7571 7552 7626
f 7597 7573 7593
f 7550 7627 7549
f 7598 7550 7514
f 7514 7550 7551
f 7599 7555 7630
f 7630 7600 7599
f 7630 7631 7600
f 7630 7629 7631
f 7601 7599 7600
f 7602 7632 7575
f 7633 7603 7575
f 7630 7555 7574
f 7629 7630 7574
f 7577 7634 7576
f 7601 7577 7557
f 7578 7635 7604
f 7576 7634 7527
f 7636 7578 7558
f 7558 7559 7582
f 7579 7582 7559
f 7639 7607 7606
f 7608 7606 7532
f 7607 7639 7612
f 7640 7638 7587
f 7638 7560 7563
f 7638 7563 7587
f 7608 7583 7641
f 7609 7641 7583
f 7615 7642 7610
f 7642 7609 7610
f 7607 7643 7533
f 7507 7643 7612
f 7643 7607 7612
f 7566 7584 7644
f 7543 7566 7616
f 7616 7645 7617
f 7646 7645 7616
f 7617 7647 7589
f 7614 7613 7535
f 7587 7613 7648
f 7649 7564 7588
f 7568 7572 7650
f 7615 7531 7568
f 7568 7650 7615
f 7592 7589 7651
f 7652 7618 7653
f 7590 7619 7585
f 7652 7619 7618
f 7653 7618 7546
f 7654 7594 7548
f 7564 7654 7548
f 7655 7572 7571
f 7655 7571 7626
f 7620 7591 7656
f 7591 7592 7656
f 7657 7620 7656
f 7593 7620 7597
f 7657 7656 7658
f 7653 7546 7621
f 7621 7546 7547
f 7621 7547 7622
f 7598 7752 7659
f 7624 7623 7598
f 7623 7752 7598
f 7594 7625 7570
f 7660 7626 7595
f 7549 7627 7628
f 7622 7549 7628
f 7628 7627 7550
f 7598 7659 7628
f 7628 7550 7598
f 7600 7661 7601
f 7632 7602 7662
f 7575 7632 7633
f 7574 7603 7633
f 7631 7629 7663
f 7631 7663 7600
f 7600 7663 7661
f 7661 7577 7601
f 7635 7578 7636
f 7664 7635 7636
f 7635 7664 7662
f 7662 7602 7604
f 7662 7604 7635
f 7634 7580 7527
f 7558 7582 7636
f 7637 7636 7582
f 7580 7634 7500
f 7666 7665 7638
f 7637 7581 7560
f 7637 7582 7581
f 7665 7560 7638
f 7665 7637 7560
f 7608 7641 7735
f 7606 7608 7667
f 7735 7667 7608
f 7606 7667 7639
f 7644 7584 7611
f 7612 7644 7611
f 7644 7669 7668
f 7669 7645 7668
f 7640 7587 7648
f 7640 7648 7670
f 7671 7588 7538
f 7538 7605 7671
f 7641 7609 7672
f 7642 7672 7609
f 7646 7616 7566
f 7566 7668 7646
f 7566 7644 7668
f 7646 7668 7645
f 7673 7647 7617
f 7673 7651 7647
f 7674 7675 7676
f 7677 7675 7674
f 7674 7676 7619
f 7678 7679 7619
f 7676 7678 7619
f 7619 7614 7585
f 7679 7680 7614
f 7679 7614 7619
f 7613 7614 7680
f 7648 7613 7680
f 7650 7642 7615
f 7592 7651 7681
f 7647 7651 7589
f 7681 7656 7592
f 7656 7681 7658
f 7674 7652 7677
f 7677 7652 7682
f 7653 7682 7652
f 7652 7674 7619
f 7654 7684 7594
f 7655 7650 7572
f 7655 7626 7685
f 7685 7626 7686
f 7686 7626 7660
f 7657 7687 7620
f 7620 7687 7597
f 7687 7657 7688
f 7683 7653 7621
f 7683 7621 7689
f 7622 7689 7621
f 7570 7625 7752
f 7570 7752 7623
f 7625 7690 7752
f 7594 7684 7625
f 7684 7690 7625
f 7595 7596 7660
f 7628 7659 7691
f 7574 7633 7692
f 7629 7574 7692
f 7693 7663 7629
f 7661 7663 7694
f 7661 7695 7577
f 7664 7697 7632
f 7632 7662 7664
f 7696 7697 7636
f 7664 7636 7697
f 7636 7698 7696
f 7699 7637 7666
f 7699 7636 7637
f 7530 7500 7634
f 7700 7639 7701
f 7666 7637 7665
f 7641 7672 7735
f 7735 7672 7708
f 7639 7703 7612
f 7703 7639 7700
f 7644 7612 7704
f 7704 7612 7705
f 7706 7644 7704
f 7644 7706 7707
f 7644 7707 7669
f 7669 7711 7645
f 7670 7648 7680
f 7640 7666 7638
f 7671 7649 7588
f 7650 7655 7642
f 7672 7642 7708
f 7642 7655 7708
f 7655 7685 7708
f 7617 7645 7673
f 7645 7709 7673
f 7673 7710 7681
f 7645 7711 7709
f 7710 7673 7709
f 7712 7676 7675
f 7676 7713 7678
f 7712 7714 7676
f 7713 7676 7714
f 7714 7715 7713
f 7715 7716 7713
f 7713 7679 7678
f 7713 7716 7679
f 7680 7679 7670
f 7670 7679 7716
f 7681 7651 7673
f 7653 7683 7682
f 7649 7717 7654
f 7717 7718 7654
f 7654 7564 7649
f 7719 7597 7687
f 7687 7688 7720
f 7622 7628 7689
f 7719 7660 7596
f 7719 7596 7597
f 7689 7628 7691
f 7693 7629 7692
f 7693 7694 7663
f 7722 7695 7661
f 7661 7694 7721
f 7721 7722 7661
f 7633 7632 7723
f 7723 7692 7633
f 7693 7692 7724
f 7723 7725 7692
f 7695 7634 7577
f 7726 7634 7695
f 7699 7698 7636
f 7530 7634 7726
f 7699 7666 7727
f 7667 7701 7639
f 7703 7700 7728
f 7700 7701 7728
f 7701 7667 7729
f 7701 7729 7728
f 7703 7730 7705
f 7705 7706 7704
f 7705 7612 7703
f 7731 7707 7706
f 7666 7640 7732
f 7530 7702 7605
f 7530 7733 7702
f 7708 7734 7735
f 7708 7685 7734
f 7669 7707 7711
f 7707 7736 7711
f 7709 7711 7737
f 7739 7740 7714
f 7732 7716 7715
f 7670 7732 7640
f 7670 7716 7732
f 7702 7649 7671
f 7605 7702 7671
f 7685 7686 7741
f 7685 7741 7734
f 7681 7710 7742
f 7709 7737 7710
f 7710 7743 7742
f 7675 7677 7746
f 7675 7744 7738
f 7682 7745 7746
f 7739 7714 7712
f 7738 7712 7675
f 7739 7712 7738
f 7702 7747 7649
f 7658 7681 7742
f 7748 7658 7742
f 7682 7746 7677
f 7749 7745 7682
f 7654 7718 7684
f 7747 7717 7649
f 7719 7687 7720
f 7751 7719 7720
f 7658 7748 7657
f 7688 7657 7748
f 7683 7691 7682
f 7752 7753 7854
f 7690 7754 7752
f 7753 7752 7754
f 7690 7755 7754
f 7684 7755 7690
f 7683 7689 7691
f 7691 7659 7756
f 7854 7659 7752
f 7724 7694 7693
f 7694 7724 7721
f 7697 7758 7632
f 7724 7692 7725
f 7757 7724 7725
f 7759 7721 7724
f 7722 7760 7695
f 7695 7760 7726
f 7758 7723 7632
f 7727 7761 7698
f 7762 7696 7698
f 7762 7697 7696
f 7761 7762 7698
f 7761 7697 7762
f 7726 7763 7764
f 7730 7703 7728
f 7765 7766 7705
f 7730 7765 7705
f 7730 7767 7765
f 7768 7727 7666
f 7768 7761 7727
f 7698 7699 7727
f 7733 7530 7764
f 7726 7764 7530
f 7769 7667 7735
f 7667 7769 7729
f 7706 7705 7766
f 7707 7731 7736
f 7766 7731 7706
f 7731 7766 7736
f 7770 7737 7736
f 7771 7737 7772
f 7737 7770 7772
f 7773 7771 7772
f 7774 7775 7787
f 7732 7776 7666
f 7776 7768 7666
f 7733 7764 7763
f 7769 7735 7734
f 7734 7777 7769
f 7778 7777 7734
f 7737 7711 7736
f 7743 7710 7737
f 7779 7743 7780
f 7737 7780 7743
f 7774 7781 7780
f 7781 7774 7782
f 7737 7783 7780
f 7784 7779 7780
f 7784 7780 7781
f 7771 7783 7737
f 7783 7774 7780
f 7773 7783 7771
f 7774 7783 7773
f 7785 7782 7774
f 7784 7781 7782
f 7782 7744 7675
f 7785 7744 7782
f 7786 7739 7738
f 7744 7786 7738
f 7785 7774 7786
f 7785 7786 7744
f 7786 7774 7787
f 7790 7740 7786
f 7787 7826 7786
f 7826 7790 7786
f 7786 7740 7739
f 7788 7789 7790
f 7789 7732 7715
f 7714 7740 7715
f 7715 7740 7790
f 7789 7715 7790
f 7732 7789 7791
f 7732 7791 7776
f 7741 7778 7734
f 7742 7743 7779
f 7784 7746 7792
f 7792 7746 7793
f 7794 7792 7793
f 7746 7782 7675
f 7784 7782 7746
f 7745 7793 7746
f 7733 7747 7702
f 7795 7686 7660
f 7748 7742 7779
f 7793 7745 7749
f 7749 7794 7793
f 7750 7796 7797
f 7718 7750 7684
f 7750 7717 7796
f 7796 7717 7747
f 7750 7718 7717
f 7795 7660 7719
f 7751 7795 7719
f 7688 7799 7720
f 7799 7688 7798
f 7751 7720 7799
f 7748 7798 7688
f 7682 7691 7756
f 7682 7756 7749
f 7756 7659 7800
f 7659 7854 7800
f 7755 7753 7754
f 7750 7755 7684
f 7757 7725 7801
f 7801 7802 7757
f 7757 7759 7724
f 7759 7722 7721
f 7722 7759 7803
f 7806 7758 7697
f 7758 7806 7868
f 7758 7725 7723
f 7725 7758 7801
f 7803 7760 7722
f 7803 7807 7760
f 7807 7726 7760
f 7728 7808 7804
f 7730 7728 7804
f 7728 7729 7808
f 7729 7809 7808
f 7809 7810 7808
f 7804 7767 7730
f 7804 7808 7810
f 7810 7811 7804
f 7767 7805 7766
f 7805 7767 7804
f 7805 7812 7766
f 7813 7814 7815
f 7815 7816 7761
f 7815 7814 7816
f 7814 7806 7816
f 7806 7761 7816
f 7697 7761 7806
f 7726 7807 7763
f 7817 7809 7729
f 7729 7769 7817
f 7765 7767 7766
f 7812 7818 7766
f 7812 7819 7818
f 7812 7821 7822
f 7822 7821 7768
f 7823 7822 7768
f 7821 7820 7813
f 7820 7821 7812
f 7821 7813 7815
f 7761 7768 7815
f 7815 7768 7821
f 7777 7817 7769
f 7777 7778 7824
f 7824 7817 7777
f 7824 7778 7825
f 7736 7766 7770
f 7770 7773 7772
f 7818 7819 7766
f 7770 7766 7819
f 7775 7826 7787
f 7773 7770 7775
f 7770 7827 7775
f 7819 7822 7770
f 7822 7827 7770
f 7828 7826 7775
f 7775 7827 7828
f 7827 7822 7829
f 7812 7822 7819
f 7829 7828 7827
f 7829 7822 7791
f 7788 7790 7828
f 7829 7788 7828
f 7791 7789 7788
f 7791 7788 7829
f 7791 7822 7823
f 7791 7823 7776
f 7768 7776 7823
f 7763 7830 7733
f 7825 7778 7831
f 7832 7825 7831
f 7825 7832 7833
f 7774 7773 7775
f 7790 7826 7828
f 7834 7733 7830
f 7835 7834 7830
f 7778 7741 7686
f 7831 7778 7836
f 7778 7686 7836
f 7686 7837 7836
f 7832 7831 7836
f 7838 7839 7840
f 7796 7747 7842
f 7835 7842 7834
f 7834 7747 7733
f 7842 7747 7834
f 7779 7798 7748
f 7784 7843 7779
f 7843 7798 7779
f 7799 7844 7845
f 7784 7794 7843
f 7792 7794 7784
f 7794 7844 7843
f 7794 7846 7844
f 7845 7844 7846
f 7847 7845 7846
f 7846 7794 7749
f 7838 7848 7839
f 7849 7839 7850
f 7850 7797 7849
f 7797 7796 7849
f 7686 7795 7837
f 7795 7751 7799
f 7799 7837 7795
f 7798 7843 7844
f 7798 7844 7799
f 7847 7846 7749
f 7851 7845 7847
f 7847 7749 7851
f 7749 7848 7851
f 7852 7749 7756
f 7852 7756 7800
f 7839 7848 7853
f 7853 7848 7852
f 7853 7852 7800
f 7853 7800 7854
f 7850 7853 7854
f 7839 7853 7850
f 7854 7753 7755
f 7850 7750 7797
f 7755 7750 7850
f 7854 7755 7850
f 7802 7855 7856
f 7802 7856 7757
f 7856 7759 7757
f 7857 7759 7856
f 7811 7858 7804
f 7804 7858 7805
f 7811 7859 7858
f 7859 7860 7858
f 7861 7859 7811
f 7858 7860 7862
f 7859 7863 7860
f 7859 7861 7863
f 7864 7865 7863
f 7861 7864 7863
f 7864 7866 7867
f 7867 7866 7868
f 7864 7869 7866
f 7869 7855 7866
f 7866 7855 7868
f 7868 7855 7870
f 7870 7855 7802
f 7802 7801 7758
f 7870 7758 7868
f 7802 7758 7870
f 7871 7856 7855
f 7871 7857 7856
f 7803 7759 7857
f 7872 7807 7803
f 7809 7873 7810
f 7810 7873 7811
f 7873 7874 7875
f 7873 7875 7811
f 7875 7861 7811
f 7875 7876 7877
f 7875 7841 7876
f 7805 7820 7812
f 7858 7862 7805
f 7805 7862 7820
f 7860 7863 7862
f 7862 7863 7865
f 7862 7813 7820
f 7862 7865 7867
f 7862 7867 7813
f 7814 7813 7867
f 7867 7865 7864
f 7867 7868 7814
f 7806 7814 7868
f 7879 7763 7880
f 7763 7807 7880
f 7880 7807 7872
f 7817 7824 7809
f 7809 7824 7873
f 7824 7874 7873
f 7875 7874 7841
f 7841 7874 7840
f 7841 7881 7878
f 7879 7872 7882
f 7879 7880 7872
f 7824 7825 7874
f 7825 7833 7874
f 7841 7835 7879
f 7881 7841 7879
f 7879 7882 7881
f 7879 7835 7830
f 7879 7830 7763
f 7874 7833 7840
f 7841 7840 7849
f 7841 7842 7835
f 7833 7832 7836
f 7840 7833 7838
f 7840 7839 7849
f 7841 7849 7796
f 7841 7796 7842
f 7833 7836 7837
f 7837 7845 7833
f 7799 7845 7837
f 7833 7851 7838
f 7845 7851 7833
f 7851 7848 7838
f 7848 7749 7852
f 7869 7871 7855
f 7871 7869 7883
f 7857 7871 7882
f 7857 7872 7803
f 7857 7882 7872
f 7861 7875 7877
f 7877 7878 7861
f 7876 7878 7877
f 7841 7878 7876
f 7861 7869 7864
f 7883 7869 7861
f 7861 7878 7883
f 7883 7878 7881
f 7882 7871 7883
f 7883 7881 7882
f 7884 7885 7886
f 7885 7887 7886
f 7889 7887 7890
f 7887 7885 7891
f 7892 7893 7888
f 7894 7895 7896
f 7897 7896 7895
f 7892 7888 7897
f 7898 7892 7897
f 7895 7898 7897
f 7893 7899 7900
f 7903 7894 7901
f 7901 7894 7896
f 7902 7894 7903
f 7888 7893 7884
f 7901 7889 7903
f 7896 7889 7901
f 7889 7896 7897
f 7886 7888 7884
f 7893 7900 7884
f 7900 7899 7906
f 7906 7971 7907
f 7908 7903 7909
f 7905 7903 7908
f 7889 7904 7903
f 7887 7889 7886
f 7897 7886 7889
f 7888 7886 7897
f 7884 7900 7906
f 7885 7884 7906
f 7885 7906 7912
f 7910 7885 7912
f 7912 7906 7911
f 7907 7911 7906
f 7912 7921 7910
f 7911 7907 7914
f 7912 7911 7914
f 7914 7907 7913
f 7904 7909 7903
f 7904 7889 7915
f 7916 7917 7918
f 7916 7933 7917
f 7885 7919 7891
f 7920 7885 7910
f 7919 7885 7920
f 7920 7910 7921
f 7917 7920 7912
f 7917 7927 7920
f 7912 7920 7921
f 7922 7923 7924
f 7904 7915 7909
f 7925 7891 7919
f 7933 7925 7917
f 7932 7942 8006
f 7925 7919 7926
f 7927 7925 7926
f 7917 7925 7927
f 7927 7919 7920
f 7927 7926 7919
f 7928 7929 7930
f 7930 7915 7928
f 7915 7930 7909
f 7915 7889 7890
f 7931 7890 7887
f 7931 7887 7891
f 7933 7931 7891
f 7932 7931 7933
f 7942 7932 7933
f 7933 7891 7925
f 7922 7924 7934
f 7935 7922 7934
f 7924 7928 7934
f 7934 7936 7935
f 7937 7934 7928
f 7934 7937 7936
f 7915 7937 7928
f 7937 7938 7936
f 7890 7937 7915
f 7937 7890 7939
f 7940 8007 7937
f 7939 7890 7931
f 7939 7941 7940
f 7941 7939 7931
f 7937 7939 7940
f 7940 7941 8006
f 7932 7941 7931
f 8006 7941 7932
f 7938 7937 8007
f 7943 7944 7945
f 7946 7947 7948
f 7949 7950 7951
f 7952 7898 7949
f 7944 7948 7945
f 7946 7948 7944
f 7953 7948 7947
f 7948 7953 7954
f 7955 7948 7954
f 7950 7949 7898
f 7892 7898 7945
f 7945 7898 7952
f 7948 7892 7945
f 7948 7893 7892
f 7955 7893 7948
f 7954 7956 7955
f 7894 7950 7895
f 8023 7894 7957
f 7950 7898 7895
f 7955 7959 7958
f 7959 7955 7956
f 8042 7958 7959
f 7902 7961 7960
f 7894 7902 7957
f 7962 7957 7902
f 7902 7960 7962
f 7963 7964 7965
f 7966 7965 7964
f 7958 7899 7893
f 7893 7955 7958
f 7961 7967 7969
f 7969 7960 7961
f 7967 7902 7903
f 7961 7902 7967
f 7918 7917 7964
f 7964 7917 7966
f 7899 7958 7906
f 7906 7958 7971
f 7971 7958 7965
f 7965 7966 7971
f 7972 7973 7974
f 7975 7976 7968
f 8082 7969 7976
f 7976 7975 8082
f 7968 7976 7967
f 7969 7967 7976
f 7905 7967 7903
f 7967 7905 7968
f 7914 7913 7966
f 7980 7974 7979
f 7979 7974 7981
f 7980 7979 7982
f 7983 7982 7979
f 7984 7982 7983
f 7985 7986 7973
f 7973 7986 7987
f 8086 7988 7986
f 7989 7988 7990
f 7990 7992 7908
f 7908 7989 7990
f 7991 7993 7992
f 7992 7990 7991
f 7991 7975 7993
f 7992 7994 7908
f 7994 7992 7993
f 7975 7968 7993
f 7994 7993 7968
f 7994 7905 7908
f 7905 7994 7968
f 7918 7978 7916
f 7917 7912 7966
f 7914 7966 7912
f 7966 7913 7971
f 7971 7913 7907
f 7923 7981 7974
f 7983 7979 7981
f 7923 7995 7981
f 7995 7983 7981
f 7974 7929 7923
f 7974 7997 7929
f 7998 7997 7973
f 7997 7974 7973
f 7998 7999 7930
f 7998 7930 7997
f 7973 7987 7998
f 7999 7998 7987
f 7986 7999 7987
f 7999 7986 8000
f 7986 7988 8000
f 8000 7988 7989
f 8000 7989 7930
f 7908 7930 7989
f 8007 7978 8001
f 8007 7916 7978
f 7996 7983 7995
f 7995 7923 7922
f 7924 7923 7929
f 7997 7930 7929
f 7999 8000 7930
f 7908 7909 7930
f 8001 8003 8007
f 7995 7922 8004
f 8004 7996 7995
f 8002 7996 8004
f 7935 8002 8004
f 7929 7928 7924
f 8007 8006 7916
f 8006 7942 7916
f 8004 7922 7935
f 8002 7935 8005
f 8003 8002 8005
f 7936 8005 7935
f 8007 8003 8005
f 7942 7933 7916
f 8005 7936 7938
f 8005 7938 8007
f 8007 7940 8006
f 8008 8010 7943
f 8009 7946 7944
f 8010 8008 8009
f 8011 7947 7946
f 7943 8012 8008
f 8009 7944 8010
f 8016 8023 8017
f 7949 7951 8016
f 8016 8017 7949
f 8018 7949 8017
f 7949 8018 7952
f 8018 8012 7952
f 8018 8017 8012
f 8010 7944 7943
f 7952 7943 7945
f 7943 7952 8012
f 8019 8020 8013
f 8019 8013 7953
f 8021 8019 7953
f 7962 8022 8014
f 7957 8014 8023
f 7962 8014 7957
f 8022 8015 8014
f 8023 8016 7894
f 7950 7894 8016
f 7950 8016 7951
f 8024 8026 8025
f 8013 8025 7954
f 8025 8013 8024
f 8024 8013 8020
f 7953 8013 7954
f 8022 7962 8027
f 8028 8029 8030
f 8029 8028 8026
f 7956 8025 8026
f 7956 7954 8025
f 8031 8032 8033
f 8031 8034 8032
f 8035 8036 8037
f 8027 8036 8038
f 8039 8027 7962
f 8030 8040 7970
f 8030 7970 7963
f 7963 8028 8030
f 7965 8028 7963
f 8026 8042 7959
f 7965 8042 8026
f 8026 7959 7956
f 7965 8026 8028
f 8034 7980 8032
f 7980 7982 8033
f 7980 8033 8032
f 8033 7982 8044
f 8043 7972 8034
f 8045 7972 8043
f 8046 8047 8048
f 8047 8049 8035
f 8037 8050 8051
f 8051 8047 8037
f 8037 8047 8035
f 8051 8039 7960
f 8051 8050 8039
f 8050 8027 8039
f 8027 8050 8036
f 8050 8037 8036
f 7960 8039 7962
f 8054 8055 8056
f 8052 8053 8054
f 8053 8055 8054
f 8040 8053 7970
f 7970 8053 7964
f 8041 8055 8053
f 7970 7964 7963
f 8042 7965 7958
f 7974 7980 7972
f 8034 7972 7980
f 7972 8057 7985
f 8058 8059 8060
f 8061 8059 8058
f 8062 8154 8060
f 8062 8060 8059
f 8063 8062 8059
f 8154 8064 8060
f 8064 8065 8060
f 8146 8065 8064
f 8067 8060 8065
f 8066 8060 8067
f 8067 8065 8048
f 8146 8048 8065
f 8046 8048 8146
f 8066 8070 8068
f 8048 8069 8067
f 8070 8066 8067
f 8071 8068 7969
f 8069 8048 8047
f 8067 8069 8070
f 8068 8051 7960
f 7969 8068 7960
f 8047 8070 8069
f 8047 8051 8070
f 8070 8051 8068
f 8072 8073 8074
f 7977 7978 8074
f 8074 8073 7977
f 8054 8072 8074
f 8053 8052 7978
f 8052 8074 7978
f 8054 8074 8052
f 8054 8056 8072
f 7964 7978 7918
f 7978 7964 8053
f 8076 7984 8075
f 7972 7985 7973
f 8077 7985 8057
f 8078 7988 8077
f 8079 7988 8078
f 8079 8078 8080
f 8081 8082 7975
f 8081 7975 8079
f 8081 8079 8080
f 8058 8081 8061
f 8080 8083 8061
f 8080 8061 8081
f 7975 7991 8079
f 8058 8082 8081
f 8066 8058 8060
f 7969 8082 8071
f 8066 8068 8071
f 8071 8082 8058
f 8071 8058 8066
f 8072 8084 8073
f 8084 8085 8073
f 7986 7985 8077
f 7986 8077 8086
f 8077 7988 8086
f 7990 8079 7991
f 8079 7990 7988
f 8087 8088 8089
f 8085 8090 8088
f 7977 8088 7978
f 8073 8085 7977
f 7977 8085 8088
f 8075 7984 7983
f 8075 7983 7996
f 8003 8087 8076
f 8088 8003 8001
f 8003 8088 8087
f 7978 8088 8001
f 8002 8075 7996
f 8075 8002 8076
f 8076 8002 8003
f 8093 8091 8008
f 8011 7946 8009
f 8094 8011 8095
f 8095 8011 8009
f 8095 8096 8094
f 8098 7947 8011
f 8093 8012 8017
f 8093 8017 8097
f 8008 8012 8093
f 8009 8008 8091
f 8095 8009 8091
f 8098 8099 7947
f 8100 7953 8099
f 8099 7953 7947
f 8104 8015 8101
f 8021 8105 8019
f 8019 8105 8020
f 8106 8020 8105
f 8100 8021 7953
f 8021 8100 8105
f 8101 8015 8022
f 8015 8103 8014
f 8017 8023 8103
f 8023 8014 8103
f 8107 8108 8106
f 8024 8020 8106
f 8022 8038 8101
f 8026 8024 8108
f 8108 8024 8106
f 8107 8109 8108
f 8031 8110 8111
f 8111 8110 8112
f 8031 8111 8034
f 8113 8114 8115
f 8038 8022 8027
f 8117 8109 8118
f 8029 8026 8108
f 8108 8117 8029
f 8029 8117 8030
f 8109 8117 8108
f 8118 8109 8119
f 8031 8033 8110
f 8044 8110 8033
f 8111 8043 8034
f 7972 8045 8057
f 8120 8123 8121
f 8121 8125 8124
f 8121 8123 8125
f 8113 8127 8126
f 8127 8115 8116
f 8113 8115 8127
f 8116 8049 8127
f 8116 8035 8049
f 8035 8116 8036
f 8041 8129 8128
f 8128 8129 8130
f 8117 8040 8030
f 8040 8117 8041
f 8041 8117 8129
f 8117 8118 8129
f 8132 7984 8133
f 8134 8135 8057
f 8134 8136 8135
f 8138 8142 8083
f 8138 8083 8139
f 8140 8064 8141
f 8142 8140 8141
f 8140 8143 8064
f 8143 8140 8144
f 8143 8144 8145
f 8147 8143 8145
f 8146 8064 8143
f 8143 8147 8146
f 8121 8124 8120
f 8120 8124 8147
f 8147 8122 8120
f 8125 8148 8124
f 8147 8124 8146
f 8148 8146 8124
f 8148 8127 8046
f 8146 8148 8046
f 8127 8148 8126
f 8047 8046 8049
f 8127 8049 8046
f 8056 8128 8150
f 8056 8150 8149
f 8053 8040 8041
f 8055 8128 8056
f 8055 8041 8128
f 8130 8150 8128
f 7984 8131 7982
f 8132 8131 7984
f 8152 8077 8057
f 8078 8077 8152
f 8135 8152 8057
f 8135 8078 8152
f 8135 8080 8078
f 8136 8080 8135
f 8137 8080 8136
f 8080 8139 8083
f 8083 8142 8153
f 8153 8059 8061
f 8142 8063 8153
f 8059 8153 8063
f 8153 8061 8083
f 8142 8141 8063
f 8141 8064 8154
f 8141 8154 8063
f 8154 8062 8063
f 8072 8056 8149
f 8149 8150 8155
f 7984 8076 8133
f 8084 8072 8149
f 8084 8149 8156
f 8149 8155 8156
f 8157 8156 8155
f 8158 8133 8076
f 8158 8076 8159
f 8158 8159 8160
f 8160 8159 8161
f 8076 8089 8159
f 8087 8089 8076
f 8089 8161 8159
f 8163 8089 8162
f 8163 8161 8089
f 8162 8089 8088
f 8162 8088 8090
f 8162 8090 8163
f 8090 8085 8084
f 8090 8156 8163
f 8163 8156 8164
f 8156 8157 8164
f 8084 8156 8090
f 8167 8092 8166
f 8167 8166 8165
f 8168 8165 8166
f 8169 8098 8165
f 8098 8169 8170
f 8096 8092 8094
f 8011 8094 8098
f 8170 8099 8098
f 8165 8098 8094
f 8092 8167 8094
f 8165 8094 8167
f 8093 8092 8091
f 8092 8096 8095
f 8092 8095 8091
f 8100 8099 8171
f 8171 8172 8100
f 8170 8171 8099
f 8174 8173 8102
f 8175 8103 8015
f 8097 8017 8103
f 8176 8106 8105
f 8100 8172 8105
f 8102 8101 8038
f 8104 8101 8102
f 8102 8038 8256
f 8102 8256 8177
f 8015 8104 8175
f 8102 8173 8104
f 8173 8175 8104
f 8174 8102 8177
f 8119 8109 8179
f 8178 8107 8106
f 8180 8181 8111
f 8111 8181 8043
f 8182 8183 8115
f 8114 8182 8115
f 8182 8185 8183
f 8184 8182 8186
f 8186 8182 8114
f 8185 8116 8183
f 8116 8115 8183
f 8185 8182 8184
f 8038 8036 8116
f 8116 8185 8038
f 8129 8119 8187
f 8044 8112 8110
f 7982 8131 8044
f 8057 8188 8189
f 8190 8214 8191
f 8190 8192 8193
f 8123 8214 8190
f 8194 8123 8190
f 8194 8190 8195
f 8113 8196 8114
f 8197 8196 8198
f 8114 8196 8197
f 8114 8197 8186
f 8119 8129 8118
f 8199 8131 8132
f 8134 8057 8189
f 8134 8189 8188
f 8200 8136 8188
f 8200 8137 8136
f 8139 8201 8202
f 8202 8203 8139
f 8139 8203 8138
f 8205 8206 8138
f 8204 8205 8203
f 8205 8138 8203
f 8204 8206 8205
f 8209 8207 8206
f 8208 8210 8211
f 8209 8208 8207
f 8208 8145 8207
f 8145 8208 8211
f 8122 8211 8212
f 8207 8145 8144
f 8122 8145 8211
f 8122 8212 8213
f 8123 8120 8213
f 8122 8213 8120
f 8147 8145 8122
f 8214 8123 8213
f 8194 8195 8215
f 8125 8123 8194
f 8216 8125 8194
f 8194 8215 8216
f 8125 8216 8148
f 8216 8217 8148
f 8216 8215 8217
f 8215 8218 8217
f 8148 8217 8126
f 8126 8220 8219
f 8217 8218 8126
f 8218 8220 8126
f 8113 8126 8219
f 8219 8196 8113
f 8220 8196 8219
f 8198 8196 8220
f 8129 8187 8130
f 8221 8132 8133
f 8133 8222 8221
f 8200 8201 8137
f 8134 8188 8136
f 8139 8137 8201
f 8137 8139 8080
f 8142 8206 8207
f 8142 8138 8206
f 8207 8144 8140
f 8142 8207 8140
f 8218 8223 8220
f 8151 8150 8130
f 8150 8151 8224
f 8224 8225 8155
f 8225 8224 8151
f 8155 8150 8224
f 8226 8133 8158
f 8158 8160 8226
f 8227 8226 8160
f 8228 8229 8230
f 8233 8234 8157
f 8233 8157 8225
f 8233 8225 8235
f 8225 8232 8235
f 8235 8232 8234
f 8233 8235 8234
f 8225 8157 8155
f 8160 8161 8236
f 8227 8160 8236
f 8161 8163 8236
f 8236 8163 8237
f 8237 8239 8236
f 8237 8238 8305
f 8239 8237 8305
f 8238 8237 8163
f 8230 8238 8228
f 8228 8238 8163
f 8164 8228 8163
f 8228 8164 8231
f 8228 8231 8229
f 8241 8231 8164
f 8234 8241 8164
f 8232 8231 8234
f 8234 8231 8241
f 8164 8157 8234
f 8242 8092 8093
f 8243 8244 8242
f 8243 8242 8093
f 8093 8245 8243
f 8165 8168 8169
f 8093 8097 8245
f 8092 8242 8166
f 8246 8103 8175
f 8097 8103 8247
f 8103 8246 8247
f 8248 8106 8176
f 8105 8249 8176
f 8249 8105 8172
f 8177 8256 8250
f 8246 8173 8174
f 8246 8175 8173
f 8106 8248 8178
f 8248 8251 8178
f 8184 8252 8253
f 8253 8252 8254
f 8255 8038 8184
f 8038 8185 8184
f 8256 8038 8255
f 8107 8178 8109
f 8179 8109 8178
f 8257 8111 8112
f 8043 8258 8045
f 8181 8258 8043
f 8119 8179 8259
f 8260 8259 8179
f 8261 8199 8221
f 8045 8258 8057
f 8258 8262 8057
f 8057 8262 8188
f 8263 8201 8264
f 8188 8265 8201
f 8201 8265 8264
f 8266 8267 8202
f 8209 8268 8210
f 8195 8193 8270
f 8184 8186 8252
f 8186 8197 8252
f 8197 8271 8252
f 8271 8272 8273
f 8271 8274 8252
f 8119 8259 8187
f 8199 8112 8044
f 8261 8112 8199
f 8199 8044 8131
f 8221 8199 8132
f 8201 8200 8188
f 8201 8263 8202
f 8203 8202 8267
f 8275 8203 8267
f 8204 8203 8275
f 8209 8206 8275
f 8206 8204 8275
f 8209 8210 8208
f 8269 8212 8211
f 8191 8212 8269
f 8210 8269 8211
f 8214 8213 8191
f 8212 8191 8213
f 8192 8190 8191
f 8190 8193 8195
f 8270 8276 8195
f 8277 8197 8198
f 8277 8271 8197
f 8277 8272 8271
f 8151 8187 8278
f 8151 8278 8279
f 8195 8276 8215
f 8276 8280 8215
f 8198 8223 8281
f 8198 8272 8277
f 8282 8272 8281
f 8272 8282 8283
f 8282 8284 8283
f 8285 8286 8151
f 8130 8187 8151
f 8226 8222 8133
f 8287 8218 8288
f 8289 8223 8218
f 8223 8198 8220
f 8281 8223 8289
f 8290 8281 8289
f 8198 8281 8272
f 8291 8281 8290
f 8291 8282 8281
f 8291 8292 8282
f 8282 8292 8284
f 8284 8292 8293
f 8284 8293 8300
f 8222 8226 8294
f 8227 8294 8226
f 8295 8296 8297
f 8218 8287 8289
f 8287 8346 8290
f 8295 8297 8298
f 8287 8290 8289
f 8291 8290 8299
f 8299 8292 8291
f 8299 8293 8292
f 8285 8229 8232
f 8300 8293 8229
f 8300 8229 8285
f 8285 8232 8286
f 8286 8232 8301
f 8151 8301 8225
f 8151 8286 8301
f 8236 8239 8227
f 8239 8302 8227
f 8303 8302 8239
f 8240 8305 8230
f 8303 8240 8230
f 8303 8230 8297
f 8303 8297 8302
f 8230 8229 8297
f 8298 8297 8229
f 8231 8232 8229
f 8225 8301 8232
f 8239 8305 8240
f 8239 8240 8303
f 8230 8305 8238
f 8168 8242 8244
f 8168 8244 8306
f 8243 8245 8244
f 8166 8242 8168
f 8172 8171 8307
f 8308 8176 8249
f 8184 8309 8255
f 8309 8253 8310
f 8256 8255 8311
f 8312 8177 8313
f 8313 8177 8250
f 8250 8314 8313
f 8174 8177 8312
f 8312 8315 8174
f 8251 8179 8178
f 8184 8253 8309
f 8257 8180 8111
f 8316 8180 8257
f 8317 8257 8112
f 8257 8317 8316
f 8181 8318 8258
f 8180 8318 8181
f 8319 8258 8318
f 8179 8251 8260
f 8259 8260 8320
f 8321 8259 8320
f 8319 8262 8258
f 8264 8322 8323
f 8324 8266 8263
f 8325 8326 8269
f 8326 8327 8191
f 8327 8192 8191
f 8328 8193 8192
f 8254 8252 8274
f 8274 8273 8329
f 8188 8322 8265
f 8188 8262 8322
f 8322 8264 8265
f 8323 8263 8264
f 8275 8267 8266
f 8266 8202 8263
f 8324 8268 8266
f 8266 8268 8275
f 8268 8209 8275
f 8269 8210 8268
f 8191 8269 8326
f 8274 8271 8273
f 8273 8332 8333
f 8278 8187 8259
f 8279 8278 8259
f 8330 8151 8279
f 8222 8334 8221
f 8331 8276 8270
f 8276 8331 8280
f 8272 8283 8273
f 8273 8283 8332
f 8283 8335 8332
f 8332 8335 8336
f 8336 8335 8337
f 8337 8285 8338
f 8285 8337 8335
f 8338 8285 8339
f 8151 8339 8285
f 8340 8334 8222
f 8280 8331 8341
f 8280 8341 8288
f 8284 8300 8335
f 8284 8335 8283
f 8335 8300 8285
f 8342 8345 8296
f 8342 8343 8345
f 8331 8342 8341
f 8288 8341 8342
f 8215 8280 8288
f 8215 8288 8218
f 8227 8304 8294
f 8344 8294 8304
f 8302 8304 8227
f 8343 8344 8304
f 8345 8343 8304
f 8296 8345 8304
f 8296 8288 8342
f 8304 8297 8296
f 8288 8295 8287
f 8288 8296 8295
f 8346 8287 8298
f 8287 8295 8298
f 8290 8346 8299
f 8298 8229 8346
f 8299 8346 8293
f 8229 8293 8346
f 8297 8304 8302
f 8348 8347 8168
f 8347 8348 8349
f 8306 8350 8168
f 8168 8347 8169
f 8347 8170 8169
f 8349 8170 8347
f 8171 8170 8349
f 8245 8097 8351
f 8351 8097 8247
f 8171 8352 8307
f 8351 8247 8353
f 8308 8249 8354
f 8174 8355 8246
f 8353 8246 8355
f 8247 8246 8353
f 8172 8354 8249
f 8310 8356 8309
f 8255 8309 8356
f 8311 8255 8356
f 8311 8356 8357
f 8256 8311 8250
f 8250 8359 8314
f 8359 8250 8311
f 8315 8312 8313
f 8358 8315 8313
f 8174 8315 8355
f 8360 8176 8308
f 8360 8248 8176
f 8251 8248 8360
f 8253 8468 8361
f 8253 8361 8310
f 8358 8313 8314
f 8316 8317 8362
f 8364 8362 8317
f 8365 8319 8180
f 8365 8180 8316
f 8316 8366 8365
f 8365 8366 8319
f 8180 8319 8318
f 8468 8253 8254
f 8468 8254 8329
f 8367 8260 8251
f 8320 8260 8367
f 8321 8320 8368
f 8112 8363 8317
f 8369 8263 8323
f 8369 8324 8263
f 8371 8268 8370
f 8372 8328 8373
f 8254 8274 8329
f 8329 8375 8376
f 8375 8377 8376
f 8321 8279 8259
f 8112 8378 8363
f 8378 8112 8261
f 8261 8221 8378
f 8379 8378 8221
f 8268 8324 8370
f 8327 8373 8192
f 8326 8325 8327
f 8325 8380 8373
f 8327 8325 8373
f 8192 8373 8328
f 8328 8381 8193
f 8193 8381 8270
f 8329 8273 8375
f 8273 8333 8375
f 8333 8332 8382
f 8332 8383 8382
f 8333 8382 8377
f 8333 8377 8375
f 8384 8383 8336
f 8336 8385 8384
f 8377 8382 8386
f 8386 8382 8383
f 8151 8387 8338
f 8321 8330 8279
f 8334 8388 8221
f 8270 8381 8389
f 8389 8331 8270
f 8336 8383 8332
f 8336 8337 8385
f 8385 8337 8390
f 8390 8337 8338
f 8151 8338 8339
f 8385 8390 8391
f 8391 8390 8338
f 8392 8334 8340
f 8342 8331 8389
f 8294 8394 8222
f 8394 8340 8222
f 8393 8344 8395
f 8395 8342 8389
f 8396 8294 8344
f 8342 8395 8343
f 8344 8343 8395
f 8397 8306 8244
f 8348 8398 8349
f 8399 8397 8244
f 8245 8399 8244
f 8168 8350 8348
f 8352 8171 8349
f 8400 8354 8172
f 8400 8172 8307
f 8438 8359 8311
f 8401 8358 8314
f 8401 8314 8359
f 8315 8358 8355
f 8360 8367 8251
f 8402 8316 8362
f 8403 8362 8364
f 8364 8404 8403
f 8405 8402 8362
f 8368 8320 8367
f 8367 8406 8368
f 8363 8364 8317
f 8404 8364 8363
f 8262 8407 8322
f 8369 8408 8370
f 8409 8410 8408
f 8408 8443 8409
f 8371 8410 8268
f 8371 8408 8410
f 8468 8329 8376
f 8411 8412 8330
f 8411 8330 8321
f 8321 8413 8411
f 8406 8321 8368
f 8378 8414 8363
f 8379 8221 8388
f 8370 8324 8369
f 8370 8408 8371
f 8325 8269 8268
f 8415 8268 8410
f 8325 8268 8415
f 8380 8372 8373
f 8381 8328 8374
f 8381 8374 8416
f 8417 8381 8416
f 8418 8386 8384
f 8391 8419 8384
f 8412 8151 8330
f 8387 8151 8412
f 8393 8417 8416
f 8417 8389 8381
f 8386 8383 8384
f 8385 8391 8384
f 8387 8391 8338
f 8419 8391 8387
f 8393 8389 8417
f 8340 8420 8392
f 8420 8340 8394
f 8396 8393 8455
f 8394 8421 8420
f 8294 8421 8394
f 8396 8421 8294
f 8393 8395 8389
f 8344 8393 8396
f 8306 8397 8422
f 8399 8422 8397
f 8306 8423 8350
f 8350 8424 8348
f 8424 8350 8423
f 8425 8349 8398
f 8427 8245 8351
f 8426 8427 8351
f 8352 8428 8307
f 8425 8352 8349
f 8429 8430 8357
f 8431 8432 8355
f 8358 8431 8355
f 8431 8358 8433
f 8433 8358 8401
f 8353 8432 8351
f 8432 8353 8355
f 8434 8360 8308
f 8357 8356 8429
f 8356 8310 8429
f 8435 8361 8436
f 8357 8437 8311
f 8438 8311 8437
f 8430 8437 8357
f 8359 8438 8401
f 8401 8438 8433
f 8430 8433 8438
f 8430 8438 8437
f 8402 8366 8316
f 8366 8439 8440
f 8310 8361 8435
f 8405 8362 8403
f 8319 8366 8440
f 8440 8441 8319
f 8319 8441 8262
f 8323 8442 8369
f 8443 8444 8409
f 8445 8415 8410
f 8409 8445 8410
f 8446 8372 8380
f 8446 8374 8372
f 8468 8448 8449
f 8450 8451 8387
f 8450 8387 8412
f 8412 8411 8413
f 8363 8414 8404
f 8322 8407 8323
f 8442 8408 8369
f 8444 8443 8408
f 8408 8442 8444
f 8325 8415 8380
f 8328 8372 8374
f 8446 8447 8374
f 8374 8447 8416
f 8447 8452 8416
f 8468 8376 8448
f 8376 8377 8448
f 8377 8386 8453
f 8453 8448 8377
f 8453 8386 8418
f 8384 8419 8418
f 8387 8451 8419
f 8379 8454 8378
f 8388 8334 8392
f 8393 8416 8455
f 8396 8455 8421
f 8422 8456 8306
f 8425 8424 8457
f 8426 8399 8245
f 8422 8399 8458
f 8348 8424 8398
f 8425 8398 8424
f 8425 8428 8352
f 8459 8400 8460
f 8400 8459 8354
f 8432 8431 8461
f 8434 8308 8354
f 8434 8354 8459
f 8460 8400 8307
f 8431 8433 8461
f 8435 8463 8310
f 8464 8429 8310
f 8463 8464 8310
f 8465 8360 8466
f 8468 8467 8361
f 8472 8467 8468
f 8361 8467 8497
f 8367 8360 8406
f 8360 8465 8406
f 8469 8402 8405
f 8469 8405 8470
f 8470 8405 8403
f 8440 8439 8471
f 8468 8449 8472
f 8473 8472 8449
f 8473 8449 8475
f 8413 8476 8450
f 8413 8321 8477
f 8477 8478 8413
f 8479 8321 8406
f 8477 8321 8479
f 8480 8403 8404
f 8480 8404 8414
f 8407 8481 8323
f 8442 8323 8481
f 8482 8444 8442
f 8444 8482 8445
f 8409 8444 8445
f 8483 8415 8445
f 8446 8380 8484
f 8483 8380 8415
f 8483 8484 8380
f 8446 8452 8447
f 8453 8449 8448
f 8474 8449 8453
f 8418 8487 8453
f 8476 8451 8450
f 8450 8412 8413
f 8455 8416 8452
f 8418 8419 8486
f 8392 8488 8388
f 8488 8379 8388
f 8489 8488 8392
f 8490 8420 8421
f 8456 8491 8423
f 8423 8491 8424
f 8492 8424 8491
f 8457 8424 8492
f 8306 8456 8423
f 8458 8456 8422
f 8493 8428 8425
f 8494 8493 8425
f 8460 8307 8428
f 8426 8351 8462
f 8495 8426 8462
f 8426 8245 8427
f 8462 8351 8432
f 8464 8430 8429
f 8430 8461 8433
f 8496 8461 8430
f 8497 8436 8361
f 8435 8499 8463
f 8500 8466 8360
f 8501 8465 8502
f 8366 8402 8469
f 8439 8366 8503
f 8504 8472 8473
f 8505 8477 8479
f 8477 8505 8478
f 8501 8406 8465
f 8480 8506 8403
f 8506 8470 8403
f 8471 8441 8440
f 8262 8441 8508
f 8407 8262 8509
f 8407 8509 8510
f 8262 8508 8509
f 8511 8481 8512
f 8511 8442 8481
f 8483 8513 8484
f 8446 8514 8485
f 8484 8514 8446
f 8513 8516 8484
f 8475 8449 8474
f 8474 8453 8487
f 8476 8518 8451
f 8413 8519 8476
f 8454 8414 8378
f 8454 8480 8414
f 8485 8455 8452
f 8455 8485 8515
f 8485 8452 8446
f 8520 8487 8418
f 8520 8418 8486
f 8419 8518 8486
f 8451 8518 8419
f 8454 8379 8521
f 8489 8392 8420
f 8490 8421 8455
f 8457 8494 8425
f 8494 8522 8493
f 8460 8428 8493
f 8460 8493 8522
f 8523 8461 8496
f 8435 8436 8499
f 8436 8498 8499
f 8464 8524 8430
f 8499 8464 8463
f 8524 8496 8430
f 8469 8503 8366
f 8504 8467 8472
f 8497 8498 8436
f 8497 8467 8525
f 8479 8501 8505
f 8466 8500 8465
f 8502 8465 8500
f 8526 8505 8501
f 8441 8471 8527
f 8507 8441 8527
f 8508 8441 8507
f 8528 8507 8527
f 8529 8512 8530
f 8513 8483 8445
f 8519 8531 8476
f 8479 8406 8501
f 8532 8413 8478
f 8530 8481 8407
f 8512 8481 8530
f 8530 8407 8510
f 8530 8510 8529
f 8442 8511 8482
f 8485 8514 8515
f 8484 8533 8514
f 8475 8474 8487
f 8487 8520 8534
f 8486 8518 8517
f 8517 8520 8486
f 8518 8476 8517
f 8488 8489 8535
f 8535 8521 8379
f 8488 8535 8379
f 8490 8455 8536
f 8537 8491 8456
f 8457 8492 8494
f 8523 8539 8461
f 8539 8432 8461
f 8539 8615 8432
f 8615 8462 8432
f 8459 8540 8434
f 8524 8523 8496
f 8541 8360 8434
f 8542 8506 8543
f 8503 8469 8544
f 8471 8439 8545
f 8545 8527 8471
f 8545 8439 8546
f 8525 8467 8504
f 8504 8547 8525
f 8501 8502 8526
f 8543 8506 8480
f 8545 8528 8527
f 8548 8549 8528
f 8549 8507 8528
f 8548 8551 8549
f 8549 8550 8508
f 8508 8507 8549
f 8551 8550 8549
f 8508 8552 8509
f 8552 8553 8509
f 8552 8508 8550
f 8553 8529 8510
f 8509 8553 8510
f 8529 8554 8512
f 8512 8554 8511
f 8482 8511 8554
f 8555 8487 8534
f 8556 8534 8520
f 8557 8556 8520
f 8476 8558 8517
f 8558 8557 8517
f 8476 8531 8560
f 8519 8561 8531
f 8561 8559 8531
f 8480 8454 8521
f 8557 8520 8517
f 8535 8489 8562
f 8515 8536 8563
f 8562 8489 8420
f 8420 8490 8536
f 8563 8455 8515
f 8537 8456 8458
f 8494 8492 8565
f 8426 8495 8399
f 8565 8522 8494
f 8538 8540 8459
f 8460 8538 8459
f 8523 8567 8566
f 8539 8523 8566
f 8539 8566 8589
f 8589 8615 8539
f 8434 8540 8568
f 8569 8499 8498
f 8541 8434 8568
f 8570 8469 8571
f 8571 8469 8542
f 8470 8542 8469
f 8544 8546 8503
f 8439 8503 8546
f 8544 8469 8570
f 8546 8572 8545
f 8500 8360 8541
f 8526 8502 8500
f 8470 8506 8542
f 8574 8548 8528
f 8625 8552 8550
f 8554 8553 8575
f 8445 8516 8513
f 8484 8516 8533
f 8533 8516 8576
f 8504 8573 8547
f 8573 8504 8473
f 8573 8473 8577
f 8555 8475 8487
f 8577 8475 8555
f 8473 8475 8577
f 8578 8555 8534
f 8555 8578 8577
f 8519 8579 8561
f 8532 8579 8413
f 8478 8505 8526
f 8554 8575 8482
f 8553 8554 8529
f 8580 8581 8582
f 8515 8582 8581
f 8582 8515 8514
f 8582 8533 8576
f 8514 8533 8582
f 8560 8558 8476
f 8413 8579 8519
f 8420 8536 8583
f 8455 8563 8536
f 8581 8536 8515
f 8458 8399 8585
f 8585 8399 8564
f 8458 8585 8537
f 8565 8586 8522
f 8495 8462 8615
f 8587 8538 8460
f 8566 8567 8589
f 8587 8590 8540
f 8538 8587 8540
f 8464 8591 8524
f 8524 8567 8523
f 8570 8592 8544
f 8546 8544 8592
f 8498 8497 8593
f 8569 8498 8593
f 8464 8499 8569
f 8500 8541 8594
f 8594 8526 8500
f 8542 8595 8571
f 8572 8546 8592
f 8545 8572 8574
f 8572 8592 8574
f 8545 8574 8528
f 8551 8548 8574
f 8596 8525 8547
f 8573 8596 8547
f 8597 8532 8478
f 8526 8597 8478
f 8551 8625 8550
f 8598 8625 8551
f 8575 8599 8445
f 8445 8482 8575
f 8516 8445 8599
f 8576 8601 8582
f 8600 8576 8516
f 8576 8600 8601
f 8580 8582 8601
f 8603 8573 8577
f 8578 8604 8577
f 8604 8603 8577
f 8578 8534 8556
f 8557 8605 8556
f 8560 8559 8606
f 8579 8607 8561
f 8607 8559 8561
f 8607 8606 8559
f 8480 8521 8543
f 8543 8521 8608
f 8543 8608 8542
f 8609 8558 8560
f 8558 8609 8557
f 8531 8559 8560
f 8562 8420 8583
f 8583 8536 8610
f 8491 8537 8611
f 8612 8565 8492
f 8612 8613 8565
f 8495 8564 8399
f 8586 8565 8613
f 8588 8522 8586
f 8522 8588 8460
f 8587 8588 8590
f 8591 8464 8616
f 8617 8591 8616
f 8616 8569 8593
f 8569 8616 8464
f 8591 8567 8524
f 8618 8619 8541
f 8541 8568 8618
f 8592 8570 8620
f 8570 8571 8620
f 8595 8620 8571
f 8593 8497 8622
f 8526 8594 8597
f 8619 8594 8541
f 8542 8623 8595
f 8574 8598 8551
f 8621 8574 8592
f 8598 8624 8625
f 8626 8624 8598
f 8624 8627 8625
f 8600 8599 8602
f 8599 8628 8602
f 8629 8600 8602
f 8630 8596 8573
f 8625 8627 8552
f 8516 8599 8600
f 8629 8601 8600
f 8578 8556 8605
f 8605 8604 8578
f 8631 8604 8605
f 8604 8631 8603
f 8605 8557 8609
f 8605 8609 8656
f 8609 8560 8606
f 8579 8632 8607
f 8532 8632 8579
f 8521 8535 8608
f 8633 8608 8535
f 8562 8633 8535
f 8583 8635 8562
f 8635 8634 8562
f 8610 8536 8636
f 8636 8637 8610
f 8536 8581 8638
f 8537 8584 8639
f 8640 8491 8611
f 8492 8491 8640
f 8639 8611 8537
f 8584 8537 8585
f 8640 8612 8492
f 8613 8642 8586
f 8588 8587 8460
f 8642 8588 8586
f 8642 8590 8588
f 8615 8589 8567
f 8590 8568 8540
f 8567 8591 8617
f 8568 8643 8618
f 8592 8620 8644
f 8616 8593 8645
f 8616 8645 8646
f 8646 8617 8616
f 8619 8618 8643
f 8621 8592 8644
f 8622 8497 8525
f 8647 8622 8525
f 8647 8525 8596
f 8648 8532 8597
f 8648 8597 8594
f 8598 8574 8621
f 8624 8553 8627
f 8552 8627 8553
f 8649 8553 8624
f 8650 8599 8575
f 8651 8575 8553
f 8629 8655 8601
f 8573 8603 8630
f 8652 8609 8606
f 8653 8632 8532
f 8648 8653 8532
f 8542 8608 8654
f 8623 8542 8654
f 8601 8655 8580
f 8656 8631 8605
f 8657 8603 8631
f 8633 8654 8608
f 8658 8581 8580
f 8610 8637 8659
f 8659 8583 8610
f 8659 8637 8660
f 8637 8636 8660
f 8536 8638 8636
f 8639 8661 8611
f 8611 8661 8640
f 8641 8612 8640
f 8612 8662 8613
f 8663 8662 8612
f 8564 8495 8664
f 8665 8615 8567
f 8665 8567 8666
f 8667 8668 8568
f 8667 8568 8590
f 8669 8670 8620
f 8617 8646 8671
f 8567 8617 8666
f 8643 8568 8668
f 8670 8644 8620
f 8595 8669 8620
f 8622 8672 8673
f 8622 8645 8593
f 8619 8648 8594
f 8674 8598 8621
f 8674 8626 8598
f 8626 8649 8624
f 8674 8649 8626
f 8575 8675 8650
f 8575 8651 8675
f 8676 8599 8650
f 8677 8599 8676
f 8628 8678 8602
f 8672 8622 8647
f 8596 8672 8647
f 8553 8649 8651
f 8655 8629 8680
f 8681 8672 8596
f 8681 8596 8630
f 8630 8603 8681
f 8656 8657 8631
f 8682 8609 8652
f 8683 8652 8606
f 8684 8580 8655
f 8656 8609 8746
f 8562 8634 8633
f 8634 8685 8633
f 8659 8687 8686
f 8659 8686 8635
f 8688 8581 8658
f 8581 8688 8638
f 8684 8658 8580
f 8659 8635 8583
f 8687 8659 8660
f 8687 8660 8638
f 8638 8660 8636
f 8639 8689 8661
f 8639 8584 8690
f 8641 8640 8661
f 8663 8612 8692
f 8692 8612 8691
f 8664 8693 8564
f 8642 8662 8663
f 8642 8613 8662
f 8495 8615 8694
f 8664 8495 8694
f 8694 8615 8614
f 8695 8590 8642
f 8590 8695 8667
f 8619 8643 8668
f 8619 8668 8667
f 8669 8696 8670
f 8670 8697 8644
f 8623 8669 8595
f 8697 8621 8644
f 8621 8698 8674
f 8622 8699 8679
f 8679 8699 8645
f 8673 8699 8622
f 8645 8699 8700
f 8622 8679 8645
f 8701 8653 8648
f 8651 8650 8675
f 8651 8703 8650
f 8737 8703 8651
f 8649 8704 8651
f 8703 8676 8650
f 8628 8599 8678
f 8705 8602 8678
f 8706 8632 8653
f 8623 8654 8707
f 8602 8680 8629
f 8705 8680 8602
f 8708 8655 8680
f 8684 8655 8708
f 8744 8656 8746
f 8709 8746 8609
f 8710 8682 8652
f 8683 8710 8652
f 8706 8607 8632
f 8654 8633 8685
f 8684 8712 8688
f 8708 8712 8684
f 8634 8713 8685
f 8634 8635 8713
f 8635 8686 8713
f 8715 8687 8638
f 8684 8688 8658
f 8639 8690 8689
f 8716 8689 8690
f 8717 8661 8689
f 8717 8718 8661
f 8585 8719 8584
f 8690 8584 8719
f 8720 8564 8693
f 8692 8721 8663
f 8722 8692 8691
f 8721 8692 8722
f 8721 8642 8663
f 8723 8614 8724
f 8694 8614 8723
f 8664 8694 8723
f 8614 8615 8724
f 8665 8724 8615
f 8695 8725 8667
f 8666 8671 8665
f 8727 8728 8697
f 8670 8729 8697
f 8730 8645 8700
f 8646 8645 8731
f 8646 8731 8671
f 8645 8732 8731
f 8671 8666 8617
f 8733 8648 8619
f 8648 8733 8734
f 8696 8669 8623
f 8696 8623 8735
f 8728 8621 8697
f 8702 8674 8698
f 8728 8698 8621
f 8736 8674 8702
f 8674 8704 8649
f 8738 8703 8737
f 8623 8707 8739
f 8654 8739 8707
f 8623 8739 8735
f 8704 8737 8651
f 8678 8599 8677
f 8703 8740 8676
f 8678 8677 8740
f 8676 8740 8677
f 8672 8681 8762
f 8741 8681 8742
f 8743 8706 8653
f 8711 8739 8654
f 8744 8657 8656
f 8745 8744 8746
f 8709 8609 8682
f 8710 8709 8682
f 8607 8683 8606
f 8683 8607 8706
f 8711 8654 8685
f 8685 8713 8711
f 8747 8687 8715
f 8715 8714 8748
f 8715 8748 8747
f 8715 8638 8714
f 8688 8748 8638
f 8714 8638 8748
f 8748 8688 8712
f 8749 8716 8719
f 8750 8689 8716
f 8716 8690 8719
f 8689 8751 8717
f 8689 8750 8751
f 8718 8717 8751
f 8718 8641 8661
f 8752 8612 8641
f 8564 8720 8585
f 8585 8720 8719
f 8753 8693 8664
f 8664 8754 8753
f 8721 8695 8642
f 8723 8724 8755
f 8724 8665 8755
f 8696 8756 8670
f 8726 8756 8696
f 8726 8757 8756
f 8756 8729 8670
f 8727 8697 8729
f 8730 8732 8645
f 8671 8731 8732
f 8758 8665 8671
f 8734 8759 8701
f 8726 8696 8735
f 8674 8736 8704
f 8736 8761 8704
f 8738 8737 8704
f 8673 8672 8762
f 8653 8759 8743
f 8734 8701 8648
f 8759 8653 8701
f 8735 8739 8763
f 8739 8764 8763
f 8764 8739 8711
f 8741 8762 8681
f 8742 8681 8603
f 8765 8683 8706
f 8743 8765 8706
f 8766 8767 8686
f 8712 8708 8768
f 8767 8713 8686
f 8686 8687 8766
f 8747 8766 8687
f 8750 8716 8769
f 8716 8749 8769
f 8749 8719 8770
f 8770 8719 8720
f 8612 8771 8691
f 8752 8771 8612
f 8641 8718 8752
f 8772 8771 8752
f 8691 8771 8722
f 8773 8693 8753
f 8664 8723 8774
f 8695 8721 8775
f 8777 8723 8776
f 8776 8723 8755
f 8756 8778 8729
f 8757 8778 8756
f 8729 8803 8727
f 8728 8702 8698
f 8702 8779 8760
f 8699 8780 8700
f 8730 8700 8780
f 8758 8671 8732
f 8730 8781 8732
f 8781 8758 8732
f 8783 8759 8734
f 8783 8734 8733
f 8735 8763 8726
f 8702 8760 8736
f 8678 8784 8705
f 8785 8673 8762
f 8699 8673 8780
f 8763 8764 8767
f 8764 8711 8767
f 8705 8786 8680
f 8784 8787 8705
f 8787 8786 8705
f 8680 8786 8788
f 8708 8680 8788
f 8762 8741 8813
f 8742 8603 8657
f 8789 8765 8743
f 8767 8711 8713
f 8747 8748 8790
f 8791 8712 8792
f 8768 8792 8712
f 8768 8708 8788
f 8709 8710 8793
f 8748 8712 8790
f 8790 8712 8791
f 8750 8794 8751
f 8794 8718 8751
f 8794 8796 8718
f 8720 8797 8770
f 8770 8798 8749
f 8798 8769 8749
f 8752 8718 8796
f 8693 8773 8720
f 8797 8720 8799
f 8720 8773 8799
f 8722 8775 8721
f 8774 8754 8664
f 8774 8723 8777
f 8800 8667 8725
f 8800 8733 8667
f 8801 8728 8727
f 8728 8801 8802
f 8755 8665 8758
f 8733 8619 8667
f 8778 8803 8729
f 8804 8757 8805
f 8757 8804 8778
f 8806 8779 8702
f 8728 8838 8702
f 8702 8807 8806
f 8736 8760 8779
f 8704 8761 8738
f 8761 8736 8779
f 8785 8780 8673
f 8808 8781 8730
f 8809 8730 8780
f 8808 8758 8781
f 8782 8758 8808
f 8757 8726 8805
f 8805 8726 8810
f 8740 8703 8738
f 8738 8811 8740
f 8678 8740 8812
f 8812 8740 8811
f 8784 8678 8812
f 8814 8785 8813
f 8785 8762 8813
f 8788 8786 8815
f 8817 8742 8744
f 8744 8742 8657
f 8818 8819 8710
f 8793 8710 8819
f 8818 8710 8683
f 8818 8683 8765
f 8821 8747 8790
f 8766 8747 8821
f 8792 8768 8788
f 8745 8822 8744
f 8793 8745 8709
f 8709 8745 8746
f 8794 8750 8825
f 8825 8795 8794
f 8825 8826 8795
f 8825 8824 8826
f 8796 8794 8795
f 8797 8827 8770
f 8828 8798 8770
f 8825 8750 8769
f 8824 8825 8769
f 8772 8829 8771
f 8796 8772 8752
f 8773 8830 8799
f 8771 8829 8722
f 8831 8773 8753
f 8753 8754 8777
f 8774 8777 8754
f 8834 8802 8801
f 8803 8801 8727
f 8802 8834 8807
f 8835 8833 8782
f 8833 8755 8758
f 8833 8758 8782
f 8803 8778 8836
f 8804 8836 8778
f 8810 8837 8805
f 8837 8804 8805
f 8802 8838 8728
f 8702 8838 8807
f 8838 8802 8807
f 8761 8779 8839
f 8738 8761 8811
f 8811 8840 8812
f 8841 8840 8811
f 8812 8842 8784
f 8809 8808 8730
f 8782 8808 8843
f 8844 8759 8783
f 8763 8767 8845
f 8810 8726 8763
f 8763 8845 8810
f 8787 8784 8846
f 8847 8813 8848
f 8785 8814 8780
f 8847 8814 8813
f 8848 8813 8741
f 8849 8789 8743
f 8759 8849 8743
f 8850 8767 8766
f 8850 8766 8821
f 8815 8786 8851
f 8786 8787 8851
f 8852 8815 8851
f 8788 8815 8792
f 8852 8851 8853
f 8848 8741 8816
f 8816 8741 8742
f 8816 8742 8817
f 8793 8947 8854
f 8819 8818 8793
f 8818 8947 8793
f 8789 8820 8765
f 8855 8821 8790
f 8744 8822 8823
f 8817 8744 8823
f 8823 8822 8745
f 8793 8854 8823
f 8823 8745 8793
f 8795 8856 8796
f 8827 8797 8857
f 8770 8827 8828
f 8769 8798 8828
f 8826 8824 8858
f 8826 8858 8795
f 8795 8858 8856
f 8856 8772 8796
f 8830 8773 8831
f 8859 8830 8831
f 8830 8859 8857
f 8857 8797 8799
f 8857 8799 8830
f 8829 8775 8722
f 8753 8777 8831
f 8832 8831 8777
f 8775 8829 8695
f 8861 8860 8833
f 8832 8776 8755
f 8832 8777 8776
f 8860 8755 8833
f 8860 8832 8755
f 8803 8836 8930
f 8801 8803 8862
f 8930 8862 8803
f 8801 8862 8834
f 8839 8779 8806
f 8807 8839 8806
f 8839 8864 8863
f 8864 8840 8863
f 8835 8782 8843
f 8835 8843 8865
f 8866 8783 8733
f 8733 8800 8866
f 8836 8804 8867
f 8837 8867 8804
f 8841 8811 8761
f 8761 8863 8841
f 8761 8839 8863
f 8841 8863 8840
f 8868 8842 8812
f 8868 8846 8842
f 8869 8870 8871
f 8872 8870 8869
f 8869 8871 8814
f 8873 8874 8814
f 8871 8873 8814
f 8814 8809 8780
f 8874 8875 8809
f 8874 8809 8814
f 8808 8809 8875
f 8843 8808 8875
f 8845 8837 8810
f 8787 8846 8876
f 8842 8846 8784
f 8876 8851 8787
f 8851 8876 8853
f 8869 8847 8872
f 8872 8847 8877
f 8848 8877 8847
f 8847 8869 8814
f 8849 8879 8789
f 8850 8845 8767
f 8850 8821 8880
f 8880 8821 8881
f 8881 8821 8855
f 8852 8882 8815
f 8815 8882 8792
f 8882 8852 8883
f 8878 8848 8816
f 8878 8816 8884
f 8817 8884 8816
f 8765 8820 8947
f 8765 8947 8818
f 8820 8885 8947
f 8789 8879 8820
f 8879 8885 8820
f 8790 8791 8855
f 8823 8854 8886
f 8769 8828 8887
f 8824 8769 8887
f 8888 8858 8824
f 8856 8858 8889
f 8856 8890 8772
f 8859 8892 8827
f 8827 8857 8859
f 8891 8892 8831
f 8859 8831 8892
f 8831 8893 8891
f 8894 8832 8861
f 8894 8831 8832
f 8725 8695 8829
f 8895 8834 8896
f 8861 8832 8860
f 8836 8867 8930
f 8930 8867 8903
f 8834 8898 8807
f 8898 8834 8895
f 8839 8807 8899
f 8899 8807 8900
f 8901 8839 8899
f 8839 8901 8902
f 8839 8902 8864
f 8864 8906 8840
f 8865 8843 8875
f 8835 8861 8833
f 8866 8844 8783
f 8845 8850 8837
f 8867 8837 8903
f 8837 8850 8903
f 8850 8880 8903
f 8812 8840 8868
f 8840 8904 8868
f 8868 8905 8876
f 8840 8906 8904
f 8905 8868 8904
f 8907 8871 8870
f 8871 8908 8873
f 8907 8909 8871
f 8908 8871 8909
f 8909 8910 8908
f 8910 8911 8908
f 8908 8874 8873
f 8908 8911 8874
f 8875 8874 8865
f 8865 8874 8911
f 8876 8846 8868
f 8848 8878 8877
f 8844 8912 8849
f 8912 8913 8849
f 8849 8759 8844
f 8914 8792 8882
f 8882 8883 8915
f 8817 8823 8884
f 8914 8855 8791
f 8914 8791 8792
f 8884 8823 8886
f 8888 8824 8887
f 8888 8889 8858
f 8917 8890 8856
f 8856 8889 8916
f 8916 8917 8856
f 8828 8827 8918
f 8918 8887 8828
f 8888 8887 8919
f 8918 8920 8887
f 8890 8829 8772
f 8921 8829 8890
f 8894 8893 8831
f 8725 8829 8921
f 8894 8861 8922
f 8862 8896 8834
f 8898 8895 8923
f 8895 8896 8923
f 8896 8862 8924
f 8896 8924 8923
f 8898 8925 8900
f 8900 8901 8899
f 8900 8807 8898
f 8926 8902 8901
f 8861 8835 8927
f 8725 8897 8800
f 8725 8928 8897
f 8903 8929 8930
f 8903 8880 8929
f 8864 8902 8906
f 8902 8931 8906
f 8904 8906 8932
f 8934 8935 8909
f 8927 8911 8910
f 8865 8927 8835
f 8865 8911 8927
f 8897 8844 8866
f 8800 8897 8866
f 8880 8881 8936
f 8880 8936 8929
f 8876 8905 8937
f 8904 8932 8905
f 8905 8938 8937
f 8870 8872 8941
f 8870 8939 8933
f 8877 8940 8941
f 8934 8909 8907
f 8933 8907 8870
f 8934 8907 8933
f 8897 8942 8844
f 8853 8876 8937
f 8943 8853 8937
f 8877 8941 8872
f 8944 8940 8877
f 8849 8913 8879
f 8942 8912 8844
f 8914 8882 8915
f 8946 8914 8915
f 8853 8943 8852
f 8883 8852 8943
f 8878 8886 8877
f 8947 8948 9049
f 8885 8949 8947
f 8948 8947 8949
f 8885 8950 8949
f 8879 8950 8885
f 8878 8884 8886
f 8886 8854 8951
f 9049 8854 8947
f 8919 8889 8888
f 8889 8919 8916
f 8892 8953 8827
f 8919 8887 8920
f 8952 8919 8920
f 8954 8916 8919
f 8917 8955 8890
f 8890 8955 8921
f 8953 8918 8827
f 8922 8956 8893
f 8957 8891 8893
f 8957 8892 8891
f 8956 8957 8893
f 8956 8892 8957
f 8921 8958 8959
f 8925 8898 8923
f 8960 8961 8900
f 8925 8960 8900
f 8925 8962 8960
f 8963 8922 8861
f 8963 8956 8922
f 8893 8894 8922
f 8928 8725 8959
f 8921 8959 8725
f 8964 8862 8930
f 8862 8964 8924
f 8901 8900 8961
f 8902 8926 8931
f 8961 8926 8901
f 8926 8961 8931
f 8965 8932 8931
f 8966 8932 8967
f 8932 8965 8967
f 8968 8966 8967
f 8969 8970 8982
f 8927 8971 8861
f 8971 8963 8861
f 8928 8959 8958
f 8964 8930 8929
f 8929 8972 8964
f 8973 8972 8929
f 8932 8906 8931
f 8938 8905 8932
f 8974 8938 8975
f 8932 8975 8938
f 8969 8976 8975
f 8976 8969 8977
f 8932 8978 8975
f 8979 8974 8975
f 8979 8975 8976
f 8966 8978 8932
f 8978 8969 8975
f 8968 8978 8966
f 8969 8978 8968
f 8980 8977 8969
f 8979 8976 8977
f 8977 8939 8870
f 8980 8939 8977
f 8981 8934 8933
f 8939 8981 8933
f 8980 8969 8981
f 8980 8981 8939
f 8981 8969 8982
f 8985 8935 8981
f 8982 9021 8981
f 9021 8985 8981
f 8981 8935 8934
f 8983 8984 8985
f 8984 8927 8910
f 8909 8935 8910
f 8910 8935 8985
f 8984 8910 8985
f 8927 8984 8986
f 8927 8986 8971
f 8936 8973 8929
f 8937 8938 8974
f 8979 8941 8987
f 8987 8941 8988
f 8989 8987 8988
f 8941 8977 8870
f 8979 8977 8941
f 8940 8988 8941
f 8928 8942 8897
f 8990 8881 8855
f 8943 8937 8974
f 8988 8940 8944
f 8944 8989 8988
f 8945 8991 8992
f 8913 8945 8879
f 8945 8912 8991
f 8991 8912 8942
f 8945 8913 8912
f 8990 8855 8914
f 8946 8990 8914
f 8883 8994 8915
f 8994 8883 8993
f 8946 8915 8994
f 8943 8993 8883
f 8877 8886 8951
f 8877 8951 8944
f 8951 8854 8995
f 8854 9049 8995
f 8950 8948 8949
f 8945 8950 8879
f 8952 8920 8996
f 8996 8997 8952
f 8952 8954 8919
f 8954 8917 8916
f 8917 8954 8998
f 9001 8953 8892
f 8953 9001 9063
f 8953 8920 8918
f 8920 8953 8996
f 8998 8955 8917
f 8998 9002 8955
f 9002 8921 8955
f 8923 9003 8999
f 8925 8923 8999
f 8923 8924 9003
f 8924 9004 9003
f 9004 9005 9003
f 8999 8962 8925
f 8999 9003 9005
f 9005 9006 8999
f 8962 9000 8961
f 9000 8962 8999
f 9000 9007 8961
f 9008 9009 9010
f 9010 9011 8956
f 9010 9009 9011
f 9009 9001 9011
f 9001 8956 9011
f 8892 8956 9001
f 8921 9002 8958
f 9012 9004 8924
f 8924 8964 9012
f 8960 8962 8961
f 9007 9013 8961
f 9007 9014 9013
f 9007 9016 9017
f 9017 9016 8963
f 9018 9017 8963
f 9016 9015 9008
f 9015 9016 9007
f 9016 9008 9010
f 8956 8963 9010
f 9010 8963 9016
f 8972 9012 8964
f 8972 8973 9019
f 9019 9012 8972
f 9019 8973 9020
f 8931 8961 8965
f 8965 8968 8967
f 9013 9014 8961
f 8965 8961 9014
f 8970 9021 8982
f 8968 8965 8970
f 8965 9022 8970
f 9014 9017 8965
f 9017 9022 8965
f 9023 9021 8970
f 8970 9022 9023
f 9022 9017 9024
f 9007 9017 9014
f 9024 9023 9022
f 9024 9017 8986
f 8983 8985 9023
f 9024 8983 9023
f 8986 8984 8983
f 8986 8983 9024
f 8986 9017 9018
f 8986 9018 8971
f 8963 8971 9018
f 8958 9025 8928
f 9020 8973 9026
f 9027 9020 9026
f 9020 9027 9028
f 8969 8968 8970
f 8985 9021 9023
f 9029 8928 9025
f 9030 9029 9025
f 8973 8936 8881
f 9026 8973 9031
f 8973 8881 9031
f 8881 9032 9031
f 9027 9026 9031
f 9033 9034 9035
f 8991 8942 9037
f 9030 9037 9029
f 9029 8942 8928
f 9037 8942 9029
f 8974 8993 8943
f 8979 9038 8974
f 9038 8993 8974
f 8994 9039 9040
f 8979 8989 9038
f 8987 8989 8979
f 8989 9039 9038
f 8989 9041 9039
f 9040 9039 9041
f 9042 9040 9041
f 9041 8989 8944
f 9033 9043 9034
f 9044 9034 9045
f 9045 8992 9044
f 8992 8991 9044
f 8881 8990 9032
f 8990 8946 8994
f 8994 9032 8990
f 8993 9038 9039
f 8993 9039 8994
f 9042 9041 8944
f 9046 9040 9042
f 9042 8944 9046
f 8944 9043 9046
f 9047 8944 8951
f 9047 8951 8995
f 9034 9043 9048
f 9048 9043 9047
f 9048 9047 8995
f 9048 8995 9049
f 9045 9048 9049
f 9034 9048 9045
f 9049 8948 8950
f 9045 8945 8992
f 8950 8945 9045
f 9049 8950 9045
f 8997 9050 9051
f 8997 9051 8952
f 9051 8954 8952
f 9052 8954 9051
f 9006 9053 8999
f 8999 9053 9000
f 9006 9054 9053
f 9054 9055 9053
f 9056 9054 9006
f 9053 9055 9057
f 9054 9058 9055
f 9054 9056 9058
f 9059 9060 9058
f 9056 9059 9058
f 9059 9061 9062
f 9062 9061 9063
f 9059 9064 9061
f 9064 9050 9061
f 9061 9050 9063
f 9063 9050 9065
f 9065 9050 8997
f 8997 8996 8953
f 9065 8953 9063
f 8997 8953 9065
f 9066 9051 9050
f 9066 9052 9051
f 8998 8954 9052
f 9067 9002 8998
f 9004 9068 9005
f 9005 9068 9006
f 9068 9069 9070
f 9068 9070 9006
f 9070 9056 9006
f 9070 9071 9072
f 9070 9036 9071
f 9000 9015 9007
f 9053 9057 9000
f 9000 9057 9015
f 9055 9058 9057
f 9057 9058 9060
f 9057 9008 9015
f 9057 9060 9062
f 9057 9062 9008
f 9009 9008 9062
f 9062 9060 9059
f 9062 9063 9009
f 9001 9009 9063
f 9074 8958 9075
f 8958 9002 9075
f 9075 9002 9067
f 9012 9019 9004
f 9004 9019 9068
f 9019 9069 9068
f 9070 9069 9036
f 9036 9069 9035
f 9036 9076 9073
f 9074 9067 9077
f 9074 9075 9067
f 9019 9020 9069
f 9020 9028 9069
f 9036 9030 9074
f 9076 9036 9074
f 9074 9077 9076
f 9074 9030 9025
f 9074 9025 8958
f 9069 9028 9035
f 9036 9035 9044
f 9036 9037 9030
f 9028 9027 9031
f 9035 9028 9033
f 9035 9034 9044
f 9036 9044 8991
f 9036 8991 9037
f 9028 9031 9032
f 9032 9040 9028
f 8994 9040 9032
f 9028 9046 9033
f 9040 9046 9028
f 9046 9043 9033
f 9043 8944 9047
f 9064 9066 9050
f 9066 9064 9078
f 9052 9066 9077
f 9052 9067 8998
f 9052 9077 9067
f 9056 9070 9072
f 9072 9073 9056
f 9071 9073 9072
f 9036 9073 9071
f 9056 9064 9059
f 9078 9064 9056
f 9056 9073 9078
f 9078 9073 9076
f 9077 9066 9078
f 9078 9076 9077
f 9079 9080 9107
f 9079 9081 9082
f 9079 9107 9083
f 9089 9084 9085
f 9083 9086 9079
f 9087 9086 9088
f 9088 9086 9083
f 9107 9085 9083
f 9084 9089 9090
f 9087 9088 9092
f 9093 9087 9092
f 9092 9094 9093
f 9083 9085 9095
f 9083 9095 9088
f 9088 9095 9096
f 9092 9088 9096
f 9092 9096 9097
f 9098 9092 9097
f 9098 9094 9092
f 9095 9085 9096
f 9097 9096 9085
f 9084 9097 9085
f 9097 9100 9098
f 9097 9084 9100
f 9098 9100 9099
f 9091 9100 9084
f 9101 9102 9107
f 9103 9080 9082
f 9081 9104 9082
f 9105 9106 9082
f 9106 9103 9082
f 9082 9104 9105
f 9101 9107 9108
f 9102 9085 9107
f 9109 9110 9112
f 9109 9111 9110
f 9154 9112 9110
f 9082 9080 9079
f 9103 9114 9080
f 9169 9114 9113
f 9114 9161 9113
f 9108 9107 9115
f 9080 9114 9115
f 9107 9080 9115
f 9116 9115 9114
f 9116 9108 9115
f 9169 9116 9114
f 9089 9112 9090
f 9089 9085 9109
f 9174 9090 9112
f 9112 9089 9109
f 9117 9118 9086
f 9079 9086 9118
f 9121 9122 9123
f 9122 9120 9123
f 9123 9120 9124
f 9121 9123 9125
f 9126 9127 9128
f 9124 9126 9172
f 9126 9124 9127
f 9123 9124 9172
f 9126 9128 9172
f 9086 9087 9117
f 9179 9117 9087
f 9140 9130 9131
f 9130 9132 9131
f 9133 9134 9119
f 9119 9134 9120
f 9133 9119 9135
f 9135 9130 9133
f 9120 9134 9124
f 9134 9127 9124
f 9134 9133 9130
f 9127 9136 9128
f 9128 9136 9137
f 9084 9090 9091
f 9137 9138 9128
f 9128 9138 9129
f 9129 9091 9090
f 9093 9180 9087
f 9139 9180 9093
f 9131 9139 9140
f 9136 9130 9140
f 9094 9098 9093
f 9093 9098 9099
f 9139 9099 9141
f 9093 9099 9139
f 9140 9141 9136
f 9136 9141 9138
f 9140 9139 9141
f 9130 9136 9134
f 9134 9136 9127
f 9100 9141 9099
f 9138 9141 9100
f 9138 9100 9091
f 9136 9138 9137
f 9091 9129 9138
f 9186 9144 9106
f 9145 9101 9108
f 9142 9143 9146
f 9143 9147 9146
f 9105 9104 9148
f 9104 9149 9148
f 9150 9149 9104
f 9150 9104 9081
f 9145 9108 9151
f 9145 9151 9192
f 9101 9142 9102
f 9142 9146 9102
f 9102 9109 9085
f 9102 9146 9109
f 9109 9152 9111
f 9147 9152 9109
f 9146 9147 9109
f 9147 9153 9152
f 9110 9111 9154
f 9155 9156 9111
f 9111 9156 9154
f 9155 9111 9152
f 9156 9157 9154
f 9159 9160 9161
f 9160 9122 9113
f 9103 9161 9114
f 9103 9159 9161
f 9151 9108 9116
f 9162 9151 9116
f 9163 9164 9165
f 9165 9128 9166
f 9154 9174 9112
f 9081 9118 9158
f 9168 9119 9178
f 9113 9161 9160
f 9116 9169 9162
f 9113 9121 9169
f 9170 9169 9171
f 9169 9121 9171
f 9162 9170 9164
f 9169 9170 9162
f 9125 9170 9171
f 9170 9125 9164
f 9172 9165 9125
f 9164 9125 9165
f 9165 9172 9128
f 9166 9128 9173
f 9174 9173 9129
f 9167 9117 9176
f 9176 9117 9175
f 9177 9176 9175
f 9167 9176 9177
f 9168 9177 9175
f 9081 9079 9118
f 9118 9117 9167
f 9122 9119 9120
f 9135 9119 9168
f 9178 9119 9122
f 9113 9122 9121
f 9171 9121 9125
f 9125 9123 9172
f 9129 9090 9174
f 9128 9129 9173
f 9117 9179 9175
f 9168 9175 9179
f 9168 9179 9135
f 9135 9179 9132
f 9130 9135 9132
f 9179 9180 9132
f 9132 9180 9131
f 9087 9180 9179
f 9139 9131 9180
f 9101 9181 9142
f 9142 9181 9143
f 9101 9145 9181
f 9181 9183 9143
f 9106 9185 9186
f 9186 9187 9144
f 9188 9185 9106
f 9145 9192 9182
f 9147 9189 9153
f 9149 9188 9148
f 9149 9190 9188
f 9105 9188 9106
f 9188 9105 9148
f 9103 9106 9144
f 9159 9144 9187
f 9191 9192 9193
f 9194 9195 9196
f 9155 9197 9156
f 9197 9155 9153
f 9197 9157 9156
f 9198 9081 9158
f 9150 9081 9198
f 9199 9178 9200
f 9144 9159 9103
f 9200 9159 9201
f 9162 9164 9193
f 9192 9151 9193
f 9151 9162 9193
f 9164 9195 9193
f 9163 9195 9164
f 9163 9165 9202
f 9196 9195 9163
f 9166 9203 9202
f 9202 9196 9163
f 9203 9196 9202
f 9155 9152 9153
f 9204 9154 9157
f 9204 9174 9154
f 9204 9203 9174
f 9198 9158 9206
f 9212 9207 9208
f 9207 9168 9208
f 9178 9208 9168
f 9160 9200 9178
f 9178 9122 9160
f 9200 9160 9159
f 9166 9202 9165
f 9166 9173 9203
f 9158 9118 9205
f 9118 9167 9205
f 9205 9167 9210
f 9167 9211 9210
f 9207 9211 9177
f 9211 9207 9210
f 9205 9210 9212
f 9212 9210 9207
f 9177 9168 9207
f 9211 9167 9177
f 9443 9456 9455
f 9183 9181 9145
f 9185 9187 9186
f 9187 9185 9213
f 9215 9145 9182
f 9216 9217 9218
f 9216 9218 9195
f 9143 9183 9184
f 9184 9189 9143
f 9219 9189 9184
f 9190 9213 9188
f 9190 9149 9220
f 9185 9188 9213
f 9191 9182 9192
f 9217 9182 9218
f 9182 9191 9218
f 9182 9217 9215
f 9193 9195 9218
f 9143 9189 9147
f 9197 9153 9219
f 9198 9149 9150
f 9198 9206 9220
f 9220 9149 9198
f 9221 9201 9222
f 9199 9200 9201
f 9159 9222 9201
f 9222 9159 9223
f 9223 9159 9187
f 9191 9193 9218
f 9194 9196 9203
f 9224 9204 9157
f 9206 9158 9205
f 9212 9208 9226
f 9226 9208 9209
f 9178 9209 9208
f 9209 9178 9199
f 9204 9234 9203
f 9226 9225 9205
f 9212 9226 9205
f 9174 9203 9173
f 9183 9227 9184
f 9228 9214 9213
f 9213 9214 9187
f 9184 9229 9219
f 9227 9229 9184
f 9190 9220 9230
f 9195 9231 9216
f 9195 9194 9232
f 9231 9195 9232
f 9221 9222 9223
f 9223 9187 9214
f 9232 9194 9234
f 9189 9219 9153
f 9197 9224 9157
f 9209 9235 9236
f 9199 9235 9209
f 9201 9221 9235
f 9201 9235 9199
f 9234 9194 9203
f 9206 9205 9225
f 9233 9220 9206
f 9225 9233 9206
f 9236 9226 9209
f 9238 9227 9183
f 9238 9183 9239
f 9228 9213 9190
f 9217 9240 9215
f 9230 9220 9233
f 9253 9223 9214
f 9241 9197 9219
f 9235 9242 9236
f 9242 9235 9221
f 9253 9221 9223
f 9232 9234 9237
f 9243 9232 9237
f 9245 9233 9225
f 9234 9204 9246
f 9237 9234 9246
f 9224 9244 9204
f 9246 9204 9244
f 9247 9225 9226
f 9236 9247 9226
f 9239 9183 9145
f 9215 9239 9145
f 9248 9227 9238
f 9227 9248 9229
f 9217 9216 9249
f 9216 9231 9249
f 9240 9217 9250
f 9249 9250 9217
f 9231 9251 9249
f 9230 9228 9190
f 9214 9228 9230
f 9232 9251 9231
f 9251 9232 9252
f 9252 9232 9243
f 9241 9219 9229
f 9242 9221 9253
f 9254 9243 9237
f 9255 9197 9241
f 9255 9224 9197
f 9236 9256 9247
f 9238 9257 9248
f 9239 9215 9240
f 9241 9229 9248
f 9214 9230 9258
f 9250 9249 9251
f 9233 9259 9230
f 9241 9260 9261
f 9262 9256 9242
f 9243 9254 9263
f 9261 9255 9241
f 9261 9224 9255
f 9261 9244 9224
f 9236 9242 9256
f 9254 9237 9266
f 9266 9237 9246
f 9254 9266 9265
f 9246 9265 9266
f 9265 9246 9244
f 9247 9245 9225
f 9239 9267 9257
f 9267 9239 9268
f 9240 9269 9268
f 9257 9238 9239
f 9239 9240 9268
f 9257 9241 9248
f 9230 9259 9272
f 9272 9259 9271
f 9258 9230 9272
f 9274 9214 9258
f 9285 9274 9258
f 9251 9252 9270
f 9259 9233 9245
f 9273 9242 9274
f 9253 9274 9242
f 9274 9253 9214
f 9276 9252 9243
f 9276 9243 9263
f 9278 9259 9245
f 9263 9254 9265
f 9244 9261 9265
f 9245 9264 9278
f 9247 9279 9245
f 9279 9247 9256
f 9279 9304 9245
f 9304 9279 9256
f 9250 9270 9240
f 9269 9240 9270
f 9257 9267 9241
f 9270 9250 9251
f 9280 9260 9241
f 9281 9271 9259
f 9307 9285 9258
f 9277 9270 9252
f 9242 9273 9282
f 9283 9273 9274
f 9275 9284 9274
f 9274 9284 9283
f 9273 9283 9282
f 9274 9285 9275
f 9277 9252 9276
f 9276 9263 9286
f 9287 9278 9264
f 9303 9288 9265
f 9289 9265 9261
f 9267 9268 9291
f 9267 9291 9292
f 9293 9292 9291
f 9294 9269 9270
f 9270 9295 9294
f 9295 9270 9296
f 9292 9241 9267
f 9292 9280 9241
f 9296 9270 9277
f 9297 9259 9278
f 9258 9272 9307
f 9298 9299 9262
f 9298 9262 9282
f 9300 9282 9283
f 9300 9284 9275
f 9262 9242 9282
f 9300 9283 9284
f 9282 9300 9298
f 9301 9261 9260
f 9302 9301 9260
f 9301 9289 9261
f 9299 9304 9262
f 9288 9286 9263
f 9265 9288 9263
f 9303 9265 9289
f 9245 9314 9264
f 9304 9314 9245
f 9314 9287 9264
f 9304 9256 9262
f 9269 9305 9268
f 9291 9268 9290
f 9280 9292 9306
f 9293 9306 9292
f 9307 9272 9271
f 9295 9296 9277
f 9298 9300 9308
f 9300 9275 9285
f 9285 9309 9300
f 9300 9309 9308
f 9277 9276 9286
f 9310 9260 9280
f 9310 9302 9260
f 9311 9310 9280
f 9288 9312 9286
f 9313 9301 9302
f 9301 9313 9361
f 9315 9314 9304
f 9316 9304 9299
f 9316 9315 9304
f 9317 9305 9269
f 9305 9290 9268
f 9318 9293 9291
f 9294 9317 9269
f 9294 9295 9319
f 9295 9320 9319
f 9281 9259 9297
f 9281 9307 9271
f 9307 9281 9321
f 9307 9321 9322
f 9323 9324 9277
f 9324 9295 9277
f 9325 9295 9324
f 9326 9324 9323
f 9327 9323 9277
f 9277 9286 9327
f 9278 9328 9297
f 9321 9281 9297
f 9309 9329 9308
f 9309 9285 9307
f 9321 9297 9328
f 9313 9302 9310
f 9330 9289 9301
f 9314 9315 9287
f 9287 9315 9338
f 9337 9288 9303
f 9330 9303 9289
f 9319 9305 9317
f 9318 9291 9290
f 9311 9280 9306
f 9306 9331 9311
f 9306 9293 9318
f 9317 9294 9319
f 9331 9332 9311
f 9325 9324 9326
f 9333 9325 9326
f 9286 9334 9327
f 9298 9308 9329
f 9310 9335 9313
f 9287 9328 9278
f 9312 9288 9337
f 9336 9286 9312
f 9336 9312 9337
f 9338 9328 9287
f 9330 9337 9303
f 9338 9315 9316
f 9339 9305 9319
f 9340 9305 9339
f 9331 9306 9318
f 9341 9309 9307
f 9307 9322 9341
f 9320 9295 9325
f 9327 9342 9323
f 9343 9320 9325
f 9342 9333 9326
f 9323 9342 9326
f 9331 9344 9332
f 9310 9311 9345
f 9345 9311 9332
f 9346 9329 9309
f 9310 9345 9335
f 9298 9347 9299
f 9347 9298 9329
f 9348 9361 9313
f 9361 9330 9301
f 9349 9330 9361
f 9316 9299 9363
f 9363 9338 9316
f 9328 9371 9350
f 9305 9340 9351
f 9305 9318 9290
f 9351 9318 9305
f 9318 9352 9331
f 9352 9318 9351
f 9353 9339 9319
f 9319 9355 9353
f 9322 9378 9341
f 9321 9354 9322
f 9322 9354 9378
f 9355 9319 9320
f 9333 9342 9343
f 9355 9320 9343
f 9333 9343 9325
f 9342 9327 9334
f 9345 9332 9344
f 9328 9356 9321
f 9309 9341 9346
f 9357 9334 9286
f 9358 9335 9345
f 9358 9348 9335
f 9348 9313 9335
f 9356 9328 9350
f 9347 9329 9359
f 9286 9336 9357
f 9336 9337 9360
f 9349 9337 9330
f 9338 9371 9328
f 9362 9338 9363
f 9362 9363 9376
f 9362 9371 9338
f 9364 9331 9352
f 9331 9364 9344
f 9359 9329 9346
f 9365 9346 9341
f 9365 9359 9346
f 9366 9342 9334
f 9348 9358 9369
f 9334 9357 9367
f 9360 9368 9357
f 9336 9360 9357
f 9337 9349 9360
f 9369 9361 9348
f 9370 9362 9376
f 9370 9371 9362
f 9363 9372 9376
f 9299 9372 9363
f 9371 9370 9373
f 9374 9370 9376
f 9376 9375 9374
f 9372 9375 9376
f 9373 9370 9374
f 9360 9349 9386
f 9340 9339 9377
f 9377 9351 9340
f 9356 9354 9321
f 9365 9341 9378
f 9356 9378 9354
f 9356 9379 9378
f 9355 9343 9380
f 9381 9353 9355
f 9381 9355 9380
f 9342 9380 9343
f 9364 9345 9344
f 9347 9359 9375
f 9382 9367 9357
f 9382 9357 9368
f 9407 9361 9369
f 9383 9373 9374
f 9350 9371 9384
f 9383 9385 9373
f 9396 9385 9383
f 9347 9372 9299
f 9375 9372 9347
f 9360 9386 9368
f 9374 9375 9387
f 9383 9374 9387
f 9387 9396 9383
f 9351 9391 9352
f 9378 9379 9388
f 9353 9381 9339
f 9377 9339 9389
f 9389 9339 9381
f 9390 9364 9391
f 9352 9391 9364
f 9359 9365 9392
f 9388 9365 9378
f 9366 9380 9342
f 9366 9334 9367
f 9345 9364 9358
f 9408 9369 9358
f 9384 9356 9350
f 9356 9384 9393
f 9393 9379 9356
f 9382 9394 9367
f 9361 9407 9349
f 9407 9410 9349
f 9373 9395 9371
f 9386 9349 9410
f 9385 9396 9387
f 9397 9385 9387
f 9387 9375 9398
f 9397 9387 9398
f 9399 9397 9398
f 9391 9351 9377
f 9400 9380 9366
f 9380 9401 9381
f 9400 9401 9380
f 9358 9364 9402
f 9408 9358 9402
f 9375 9359 9403
f 9359 9392 9404
f 9359 9404 9403
f 9366 9367 9405
f 9406 9366 9405
f 9367 9394 9405
f 9407 9408 9417
f 9395 9384 9371
f 9395 9373 9385
f 9393 9384 9395
f 9395 9385 9397
f 9386 9418 9368
f 9407 9417 9410
f 9399 9395 9397
f 9411 9399 9398
f 9375 9412 9398
f 9389 9381 9413
f 9379 9414 9388
f 9415 9392 9365
f 9415 9365 9388
f 9381 9401 9413
f 9390 9402 9364
f 9394 9416 9405
f 9408 9402 9417
f 9393 9395 9409
f 9395 9399 9409
f 9382 9368 9394
f 9419 9386 9410
f 9420 9399 9411
f 9420 9411 9424
f 9420 9409 9399
f 9421 9420 9424
f 9398 9412 9422
f 9411 9398 9422
f 9412 9423 9422
f 9411 9422 9423
f 9413 9425 9440
f 9428 9389 9413
f 9428 9391 9377
f 9389 9428 9377
f 9426 9414 9379
f 9427 9392 9415
f 9425 9413 9401
f 9428 9429 9391
f 9391 9429 9430
f 9390 9391 9430
f 9431 9402 9390
f 9393 9432 9379
f 9400 9433 9401
f 9433 9434 9401
f 9425 9401 9434
f 9433 9400 9366
f 9406 9433 9366
f 9417 9435 9410
f 9436 9403 9404
f 9435 9419 9410
f 9424 9411 9423
f 9420 9438 9409
f 9438 9420 9421
f 9439 9412 9403
f 9375 9403 9412
f 9412 9439 9436
f 9403 9436 9439
f 9418 9416 9394
f 9386 9419 9418
f 9418 9394 9368
f 9421 9424 9438
f 9484 9424 9423
f 9438 9424 9484
f 9413 9440 9428
f 9415 9442 9427
f 9388 9414 9441
f 9441 9415 9388
f 9441 9442 9415
f 9443 9428 9440
f 9471 9428 9443
f 9429 9428 9431
f 9431 9390 9430
f 9429 9431 9430
f 9432 9426 9379
f 9417 9402 9444
f 9444 9435 9417
f 9409 9432 9393
f 9404 9392 9427
f 9436 9404 9427
f 9436 9427 9447
f 9405 9437 9406
f 9448 9437 9416
f 9444 9445 9435
f 9419 9445 9465
f 9445 9419 9435
f 9412 9449 9423
f 9450 9409 9438
f 9412 9436 9449
f 9423 9449 9451
f 9484 9423 9451
f 9449 9436 9452
f 9416 9437 9405
f 9453 9448 9416
f 9453 9416 9454
f 9416 9418 9454
f 9419 9454 9418
f 9425 9456 9440
f 9455 9425 9434
f 9456 9425 9455
f 9457 9455 9434
f 9456 9443 9440
f 9428 9471 9431
f 9426 9441 9414
f 9457 9434 9458
f 9444 9402 9431
f 9459 9445 9444
f 9431 9459 9444
f 9446 9427 9460
f 9447 9427 9446
f 9461 9460 9427
f 9461 9427 9442
f 9463 9446 9460
f 9446 9468 9466
f 9458 9434 9433
f 9462 9458 9433
f 9437 9433 9406
f 9445 9464 9465
f 9449 9452 9451
f 9484 9451 9483
f 9466 9447 9446
f 9447 9466 9436
f 9452 9483 9451
f 9436 9466 9452
f 9466 9468 9467
f 9468 9462 9467
f 9467 9452 9466
f 9462 9433 9437
f 9469 9437 9448
f 9465 9453 9419
f 9419 9453 9454
f 9465 9469 9448
f 9465 9448 9453
f 9470 9443 9455
f 9455 9457 9470
f 9470 9471 9443
f 9471 9470 9472
f 9431 9471 9472
f 9426 9473 9441
f 9432 9473 9426
f 9442 9441 9473
f 9450 9473 9432
f 9474 9457 9458
f 9442 9474 9461
f 9457 9474 9487
f 9487 9474 9442
f 9472 9475 9431
f 9431 9475 9459
f 9459 9475 9476
f 9460 9461 9463
f 9458 9463 9474
f 9446 9463 9468
f 9468 9458 9462
f 9461 9474 9463
f 9458 9468 9463
f 9445 9459 9464
f 9450 9432 9409
f 9477 9452 9467
f 9477 9467 9478
f 9467 9462 9437
f 9437 9478 9467
f 9437 9469 9479
f 9478 9437 9479
f 9469 9465 9480
f 9464 9480 9465
f 9481 9450 9438
f 9483 9452 9477
f 9477 9482 9483
f 9481 9483 9482
f 9481 9484 9483
f 9438 9484 9481
f 9477 9478 9482
f 9478 9485 9482
f 9482 9485 9486
f 9485 9479 9486
f 9485 9478 9479
f 9469 9480 9479
f 9442 9473 9487
f 9457 9487 9470
f 9473 9450 9487
f 9470 9487 9488
f 9487 9450 9489
f 9487 9489 9488
f 9488 9489 9490
f 9472 9488 9490
f 9470 9488 9472
f 9472 9490 9475
f 9476 9475 9490
f 9490 9489 9476
f 9489 9491 9476
f 9491 9459 9476
f 9480 9464 9491
f 9491 9464 9459
f 9481 9482 9486
f 9481 9486 9480
f 9492 9481 9480
f 9450 9481 9492
f 9486 9479 9480
f 9489 9493 9491
f 9493 9492 9480
f 9493 9489 9492
f 9489 9450 9492
f 9491 9493 9480
f 9408 9407 9369
f 9494 9495 9522
f 9494 9496 9497
f 9494 9522 9498
f 9504 9499 9500
f 9498 9501 9494
f 9502 9501 9503
f 9503 9501 9498
f 9522 9500 9498
f 9499 9504 9505
f 9502 9503 9507
f 9508 9502 9507
f 9507 9509 9508
f 9498 9500 9510
f 9498 9510 9503
f 9503 9510 9511
f 9507 9503 9511
f 9507 9511 9512
f 9513 9507 9512
f 9513 9509 9507
f 9510 9500 9511
f 9512 9511 9500
f 9499 9512 9500
f 9512 9515 9513
f 9512 9499 9515
f 9513 9515 9514
f 9506 9515 9499
f 9516 9517 9522
f 9518 9495 9497
f 9496 9519 9497
f 9520 9521 9497
f 9521 9518 9497
f 9497 9519 9520
f 9516 9522 9523
f 9517 9500 9522
f 9524 9525 9527
f 9524 9526 9525
f 9569 9527 9525
f 9497 9495 9494
f 9518 9529 9495
f 9584 9529 9528
f 9529 9576 9528
f 9523 9522 9530
f 9495 9529 9530
f 9522 9495 9530
f 9531 9530 9529
f 9531 9523 9530
f 9584 9531 9529
f 9504 9527 9505
f 9504 9500 9524
f 9589 9505 9527
f 9527 9504 9524
f 9532 9533 9501
f 9494 9501 9533
f 9536 9537 9538
f 9537 9535 9538
f 9538 9535 9539
f 9536 9538 9540
f 9541 9542 9543
f 9539 9541 9587
f 9541 9539 9542
f 9538 9539 9587
f 9541 9543 9587
f 9501 9502 9532
f 9594 9532 9502
f 9555 9545 9546
f 9545 9547 9546
f 9548 9549 9534
f 9534 9549 9535
f 9548 9534 9550
f 9550 9545 9548
f 9535 9549 9539
f 9549 9542 9539
f 9549 9548 9545
f 9542 9551 9543
f 9543 9551 9552
f 9499 9505 9506
f 9552 9553 9543
f 9543 9553 9544
f 9544 9506 9505
f 9508 9595 9502
f 9554 9595 9508
f 9546 9554 9555
f 9551 9545 9555
f 9509 9513 9508
f 9508 9513 9514
f 9554 9514 9556
f 9508 9514 9554
f 9555 9556 9551
f 9551 9556 9553
f 9555 9554 9556
f 9545 9551 9549
f 9549 9551 9542
f 9515 9556 9514
f 9553 9556 9515
f 9553 9515 9506
f 9551 9553 9552
f 9506 9544 9553
f 9601 9559 9521
f 9560 9516 9523
f 9557 9558 9561
f 9558 9562 9561
f 9520 9519 9563
f 9519 9564 9563
f 9565 9564 9519
f 9565 9519 9496
f 9560 9523 9566
f 9560 9566 9607
f 9516 9557 9517
f 9557 9561 9517
f 9517 9524 9500
f 9517 9561 9524
f 9524 9567 9526
f 9562 9567 9524
f 9561 9562 9524
f 9562 9568 9567
f 9525 9526 9569
f 9570 9571 9526
f 9526 9571 9569
f 9570 9526 9567
f 9571 9572 9569
f 9574 9575 9576
f 9575 9537 9528
f 9518 9576 9529
f 9518 9574 9576
f 9566 9523 9531
f 9577 9566 9531
f 9578 9579 9580
f 9580 9543 9581
f 9569 9589 9527
f 9496 9533 9573
f 9583 9534 9593
f 9528 9576 9575
f 9531 9584 9577
f 9528 9536 9584
f 9585 9584 9586
f 9584 9536 9586
f 9577 9585 9579
f 9584 9585 9577
f 9540 9585 9586
f 9585 9540 9579
f 9587 9580 9540
f 9579 9540 9580
f 9580 9587 9543
f 9581 9543 9588
f 9589 9588 9544
f 9582 9532 9591
f 9591 9532 9590
f 9592 9591 9590
f 9582 9591 9592
f 9583 9592 9590
f 9496 9494 9533
f 9533 9532 9582
f 9537 9534 9535
f 9550 9534 9583
f 9593 9534 9537
f 9528 9537 9536
f 9586 9536 9540
f 9540 9538 9587
f 9544 9505 9589
f 9543 9544 9588
f 9532 9594 9590
f 9583 9590 9594
f 9583 9594 9550
f 9550 9594 9547
f 9545 9550 9547
f 9594 9595 9547
f 9547 9595 9546
f 9502 9595 9594
f 9554 9546 9595
f 9516 9596 9557
f 9557 9596 9558
f 9516 9560 9596
f 9596 9598 9558
f 9521 9600 9601
f 9601 9602 9559
f 9603 9600 9521
f 9560 9607 9597
f 9562 9604 9568
f 9564 9603 9563
f 9564 9605 9603
f 9520 9603 9521
f 9603 9520 9563
f 9518 9521 9559
f 9574 9559 9602
f 9606 9607 9608
f 9609 9610 9611
f 9570 9612 9571
f 9612 9570 9568
f 9612 9572 9571
f 9613 9496 9573
f 9565 9496 9613
f 9614 9593 9615
f 9559 9574 9518
f 9615 9574 9616
f 9577 9579 9608
f 9607 9566 9608
f 9566 9577 9608
f 9579 9610 9608
f 9578 9610 9579
f 9578 9580 9617
f 9611 9610 9578
f 9581 9618 9617
f 9617 9611 9578
f 9618 9611 9617
f 9570 9567 9568
f 9619 9569 9572
f 9619 9589 9569
f 9619 9618 9589
f 9613 9573 9621
f 9627 9622 9623
f 9622 9583 9623
f 9593 9623 9583
f 9575 9615 9593
f 9593 9537 9575
f 9615 9575 9574
f 9581 9617 9580
f 9581 9588 9618
f 9573 9533 9620
f 9533 9582 9620
f 9620 9582 9625
f 9582 9626 9625
f 9622 9626 9592
f 9626 9622 9625
f 9620 9625 9627
f 9627 9625 9622
f 9592 9583 9622
f 9626 9582 9592
f 9858 9871 9870
f 9598 9596 9560
f 9600 9602 9601
f 9602 9600 9628
f 9630 9560 9597
f 9631 9632 9633
f 9631 9633 9610
f 9558 9598 9599
f 9599 9604 9558
f 9634 9604 9599
f 9605 9628 9603
f 9605 9564 9635
f 9600 9603 9628
f 9606 9597 9607
f 9632 9597 9633
f 9597 9606 9633
f 9597 9632 9630
f 9608 9610 9633
f 9558 9604 9562
f 9612 9568 9634
f 9613 9564 9565
f 9613 9621 9635
f 9635 9564 9613
f 9636 9616 9637
f 9614 9615 9616
f 9574 9637 9616
f 9637 9574 9638
f 9638 9574 9602
f 9606 9608 9633
f 9609 9611 9618
f 9639 9619 9572
f 9621 9573 9620
f 9627 9623 9641
f 9641 9623 9624
f 9593 9624 9623
f 9624 9593 9614
f 9619 9649 9618
f 9641 9640 9620
f 9627 9641 9620
f 9589 9618 9588
f 9598 9642 9599
f 9643 9629 9628
f 9628 9629 9602
f 9599 9644 9634
f 9642 9644 9599
f 9605 9635 9645
f 9610 9646 9631
f 9610 9609 9647
f 9646 9610 9647
f 9636 9637 9638
f 9638 9602 9629
f 9647 9609 9649
f 9604 9634 9568
f 9612 9639 9572
f 9624 9650 9651
f 9614 9650 9624
f 9616 9636 9650
f 9616 9650 9614
f 9649 9609 9618
f 9621 9620 9640
f 9648 9635 9621
f 9640 9648 9621
f 9651 9641 9624
f 9653 9642 9598
f 9653 9598 9654
f 9643 9628 9605
f 9632 9655 9630
f 9645 9635 9648
f 9668 9638 9629
f 9656 9612 9634
f 9650 9657 9651
f 9657 9650 9636
f 9668 9636 9638
f 9647 9649 9652
f 9658 9647 9652
f 9660 9648 9640
f 9649 9619 9661
f 9652 9649 9661
f 9639 9659 9619
f 9661 9619 9659
f 9662 9640 9641
f 9651 9662 9641
f 9654 9598 9560
f 9630 9654 9560
f 9663 9642 9653
f 9642 9663 9644
f 9632 9631 9664
f 9631 9646 9664
f 9655 9632 9665
f 9664 9665 9632
f 9646 9666 9664
f 9645 9643 9605
f 9629 9643 9645
f 9647 9666 9646
f 9666 9647 9667
f 9667 9647 9658
f 9656 9634 9644
f 9657 9636 9668
f 9669 9658 9652
f 9670 9612 9656
f 9670 9639 9612
f 9651 9671 9662
f 9653 9672 9663
f 9654 9630 9655
f 9656 9644 9663
f 9629 9645 9673
f 9665 9664 9666
f 9648 9674 9645
f 9656 9675 9676
f 9677 9671 9657
f 9658 9669 9678
f 9676 9670 9656
f 9676 9639 9670
f 9676 9659 9639
f 9651 9657 9671
f 9669 9652 9681
f 9681 9652 9661
f 9669 9681 9680
f 9661 9680 9681
f 9680 9661 9659
f 9662 9660 9640
f 9654 9682 9672
f 9682 9654 9683
f 9655 9684 9683
f 9672 9653 9654
f 9654 9655 9683
f 9672 9656 9663
f 9645 9674 9687
f 9687 9674 9686
f 9673 9645 9687
f 9689 9629 9673
f 9700 9689 9673
f 9666 9667 9685
f 9674 9648 9660
f 9688 9657 9689
f 9668 9689 9657
f 9689 9668 9629
f 9691 9667 9658
f 9691 9658 9678
f 9693 9674 9660
f 9678 9669 9680
f 9659 9676 9680
f 9660 9679 9693
f 9662 9694 9660
f 9694 9662 9671
f 9694 9719 9660
f 9719 9694 9671
f 9665 9685 9655
f 9684 9655 9685
f 9672 9682 9656
f 9685 9665 9666
f 9695 9675 9656
f 9696 9686 9674
f 9722 9700 9673
f 9692 9685 9667
f 9657 9688 9697
f 9698 9688 9689
f 9690 9699 9689
f 9689 9699 9698
f 9688 9698 9697
f 9689 9700 9690
f 9692 9667 9691
f 9691 9678 9701
f 9702 9693 9679
f 9718 9703 9680
f 9704 9680 9676
f 9682 9683 9706
f 9682 9706 9707
f 9708 9707 9706
f 9709 9684 9685
f 9685 9710 9709
f 9710 9685 9711
f 9707 9656 9682
f 9707 9695 9656
f 9711 9685 9692
f 9712 9674 9693
f 9673 9687 9722
f 9713 9714 9677
f 9713 9677 9697
f 9715 9697 9698
f 9715 9699 9690
f 9677 9657 9697
f 9715 9698 9699
f 9697 9715 9713
f 9716 9676 9675
f 9717 9716 9675
f 9716 9704 9676
f 9714 9719 9677
f 9703 9701 9678
f 9680 9703 9678
f 9718 9680 9704
f 9660 9729 9679
f 9719 9729 9660
f 9729 9702 9679
f 9719 9671 9677
f 9684 9720 9683
f 9706 9683 9705
f 9695 9707 9721
f 9708 9721 9707
f 9722 9687 9686
f 9710 9711 9692
f 9713 9715 9723
f 9715 9690 9700
f 9700 9724 9715
f 9715 9724 9723
f 9692 9691 9701
f 9725 9675 9695
f 9725 9717 9675
f 9726 9725 9695
f 9703 9727 9701
f 9728 9716 9717
f 9716 9728 9776
f 9730 9729 9719
f 9731 9719 9714
f 9731 9730 9719
f 9732 9720 9684
f 9720 9705 9683
f 9733 9708 9706
f 9709 9732 9684
f 9709 9710 9734
f 9710 9735 9734
f 9696 9674 9712
f 9696 9722 9686
f 9722 9696 9736
f 9722 9736 9737
f 9738 9739 9692
f 9739 9710 9692
f 9740 9710 9739
f 9741 9739 9738
f 9742 9738 9692
f 9692 9701 9742
f 9693 9743 9712
f 9736 9696 9712
f 9724 9744 9723
f 9724 9700 9722
f 9736 9712 9743
f 9728 9717 9725
f 9745 9704 9716
f 9729 9730 9702
f 9702 9730 9753
f 9752 9703 9718
f 9745 9718 9704
f 9734 9720 9732
f 9733 9706 9705
f 9726 9695 9721
f 9721 9746 9726
f 9721 9708 9733
f 9732 9709 9734
f 9746 9747 9726
f 9740 9739 9741
f 9748 9740 9741
f 9701 9749 9742
f 9713 9723 9744
f 9725 9750 9728
f 9702 9743 9693
f 9727 9703 9752
f 9751 9701 9727
f 9751 9727 9752
f 9753 9743 9702
f 9745 9752 9718
f 9753 9730 9731
f 9754 9720 9734
f 9755 9720 9754
f 9746 9721 9733
f 9756 9724 9722
f 9722 9737 9756
f 9735 9710 9740
f 9742 9757 9738
f 9758 9735 9740
f 9757 9748 9741
f 9738 9757 9741
f 9746 9759 9747
f 9725 9726 9760
f 9760 9726 9747
f 9761 9744 9724
f 9725 9760 9750
f 9713 9762 9714
f 9762 9713 9744
f 9763 9776 9728
f 9776 9745 9716
f 9764 9745 9776
f 9731 9714 9778
f 9778 9753 9731
f 9743 9786 9765
f 9720 9755 9766
f 9720 9733 9705
f 9766 9733 9720
f 9733 9767 9746
f 9767 9733 9766
f 9768 9754 9734
f 9734 9770 9768
f 9737 9793 9756
f 9736 9769 9737
f 9737 9769 9793
f 9770 9734 9735
f 9748 9757 9758
f 9770 9735 9758
f 9748 9758 9740
f 9757 9742 9749
f 9760 9747 9759
f 9743 9771 9736
f 9724 9756 9761
f 9772 9749 9701
f 9773 9750 9760
f 9773 9763 9750
f 9763 9728 9750
f 9771 9743 9765
f 9762 9744 9774
f 9701 9751 9772
f 9751 9752 9775
f 9764 9752 9745
f 9753 9786 9743
f 9777 9753 9778
f 9777 9778 9791
f 9777 9786 9753
f 9779 9746 9767
f 9746 9779 9759
f 9774 9744 9761
f 9780 9761 9756
f 9780 9774 9761
f 9781 9757 9749
f 9763 9773 9784
f 9749 9772 9782
f 9775 9783 9772
f 9751 9775 9772
f 9752 9764 9775
f 9784 9776 9763
f 9785 9777 9791
f 9785 9786 9777
f 9778 9787 9791
f 9714 9787 9778
f 9786 9785 9788
f 9789 9785 9791
f 9791 9790 9789
f 9787 9790 9791
f 9788 9785 9789
f 9775 9764 9801
f 9755 9754 9792
f 9792 9766 9755
f 9771 9769 9736
f 9780 9756 9793
f 9771 9793 9769
f 9771 9794 9793
f 9770 9758 9795
f 9796 9768 9770
f 9796 9770 9795
f 9757 9795 9758
f 9779 9760 9759
f 9762 9774 9790
f 9797 9782 9772
f 9797 9772 9783
f 9822 9776 9784
f 9798 9788 9789
f 9765 9786 9799
f 9798 9800 9788
f 9811 9800 9798
f 9762 9787 9714
f 9790 9787 9762
f 9775 9801 9783
f 9789 9790 9802
f 9798 9789 9802
f 9802 9811 9798
f 9766 9806 9767
f 9793 9794 9803
f 9768 9796 9754
f 9792 9754 9804
f 9804 9754 9796
f 9805 9779 9806
f 9767 9806 9779
f 9774 9780 9807
f 9803 9780 9793
f 9781 9795 9757
f 9781 9749 9782
f 9760 9779 9773
f 9823 9784 9773
f 9799 9771 9765
f 9771 9799 9808
f 9808 9794 9771
f 9797 9809 9782
f 9776 9822 9764
f 9822 9825 9764
f 9788 9810 9786
f 9801 9764 9825
f 9800 9811 9802
f 9812 9800 9802
f 9802 9790 9813
f 9812 9802 9813
f 9814 9812 9813
f 9806 9766 9792
f 9815 9795 9781
f 9795 9816 9796
f 9815 9816 9795
f 9773 9779 9817
f 9823 9773 9817
f 9790 9774 9818
f 9774 9807 9819
f 9774 9819 9818
f 9781 9782 9820
f 9821 9781 9820
f 9782 9809 9820
f 9822 9823 9832
f 9810 9799 9786
f 9810 9788 9800
f 9808 9799 9810
f 9810 9800 9812
f 9801 9833 9783
f 9822 9832 9825
f 9814 9810 9812
f 9826 9814 9813
f 9790 9827 9813
f 9804 9796 9828
f 9794 9829 9803
f 9830 9807 9780
f 9830 9780 9803
f 9796 9816 9828
f 9805 9817 9779
f 9809 9831 9820
f 9823 9817 9832
f 9808 9810 9824
f 9810 9814 9824
f 9797 9783 9809
f 9834 9801 9825
f 9835 9814 9826
f 9835 9826 9839
f 9835 9824 9814
f 9836 9835 9839
f 9813 9827 9837
f 9826 9813 9837
f 9827 9838 9837
f 9826 9837 9838
f 9828 9840 9855
f 9843 9804 9828
f 9843 9806 9792
f 9804 9843 9792
f 9841 9829 9794
f 9842 9807 9830
f 9840 9828 9816
f 9843 9844 9806
f 9806 9844 9845
f 9805 9806 9845
f 9846 9817 9805
f 9808 9847 9794
f 9815 9848 9816
f 9848 9849 9816
f 9840 9816 9849
f 9848 9815 9781
f 9821 9848 9781
f 9832 9850 9825
f 9851 9818 9819
f 9850 9834 9825
f 9839 9826 9838
f 9835 9853 9824
f 9853 9835 9836
f 9854 9827 9818
f 9790 9818 9827
f 9827 9854 9851
f 9818 9851 9854
f 9833 9831 9809
f 9801 9834 9833
f 9833 9809 9783
f 9836 9839 9853
f 9899 9839 9838
f 9853 9839 9899
f 9828 9855 9843
f 9830 9857 9842
f 9803 9829 9856
f 9856 9830 9803
f 9856 9857 9830
f 9858 9843 9855
f 9886 9843 9858
f 9844 9843 9846
f 9846 9805 9845
f 9844 9846 9845
f 9847 9841 9794
f 9832 9817 9859
f 9859 9850 9832
f 9824 9847 9808
f 9819 9807 9842
f 9851 9819 9842
f 9851 9842 9862
f 9820 9852 9821
f 9863 9852 9831
f 9859 9860 9850
f 9834 9860 9880
f 9860 9834 9850
f 9827 9864 9838
f 9865 9824 9853
f 9827 9851 9864
f 9838 9864 9866
f 9899 9838 9866
f 9864 9851 9867
f 9831 9852 9820
f 9868 9863 9831
f 9868 9831 9869
f 9831 9833 9869
f 9834 9869 9833
f 9840 9871 9855
f 9870 9840 9849
f 9871 9840 9870
f 9872 9870 9849
f 9871 9858 9855
f 9843 9886 9846
f 9841 9856 9829
f 9872 9849 9873
f 9859 9817 9846
f 9874 9860 9859
f 9846 9874 9859
f 9861 9842 9875
f 9862 9842 9861
f 9876 9875 9842
f 9876 9842 9857
f 9878 9861 9875
f 9861 9883 9881
f 9873 9849 9848
f 9877 9873 9848
f 9852 9848 9821
f 9860 9879 9880
f 9864 9867 9866
f 9899 9866 9898
f 9881 9862 9861
f 9862 9881 9851
f 9867 9898 9866
f 9851 9881 9867
f 9881 9883 9882
f 9883 9877 9882
f 9882 9867 9881
f 9877 9848 9852
f 9884 9852 9863
f 9880 9868 9834
f 9834 9868 9869
f 9880 9884 9863
f 9880 9863 9868
f 9885 9858 9870
f 9870 9872 9885
f 9885 9886 9858
f 9886 9885 9887
f 9846 9886 9887
f 9841 9888 9856
f 9847 9888 9841
f 9857 9856 9888
f 9865 9888 9847
f 9889 9872 9873
f 9857 9889 9876
f 9872 9889 9902
f 9902 9889 9857
f 9887 9890 9846
f 9846 9890 9874
f 9874 9890 9891
f 9875 9876 9878
f 9873 9878 9889
f 9861 9878 9883
f 9883 9873 9877
f 9876 9889 9878
f 9873 9883 9878
f 9860 9874 9879
f 9865 9847 9824
f 9892 9867 9882
f 9892 9882 9893
f 9882 9877 9852
f 9852 9893 9882
f 9852 9884 9894
f 9893 9852 9894
f 9884 9880 9895
f 9879 9895 9880
f 9896 9865 9853
f 9898 9867 9892
f 9892 9897 9898
f 9896 9898 9897
f 9896 9899 9898
f 9853 9899 9896
f 9892 9893 9897
f 9893 9900 9897
f 9897 9900 9901
f 9900 9894 9901
f 9900 9893 9894
f 9884 9895 9894
f 9857 9888 9902
f 9872 9902 9885
f 9888 9865 9902
f 9885 9902 9903
f 9902 9865 9904
f 9902 9904 9903
f 9903 9904 9905
f 9887 9903 9905
f 9885 9903 9887
f 9887 9905 9890
f 9891 9890 9905
f 9905 9904 9891
f 9904 9906 9891
f 9906 9874 9891
f 9895 9879 9906
f 9906 9879 9874
f 9896 9897 9901
f 9896 9901 9895
f 9907 9896 9895
f 9865 9896 9907
f 9901 9894 9895
f 9904 9908 9906
f 9908 9907 9895
f 9908 9904 9907
f 9904 9865 9907
f 9906 9908 9895
f 9823 9822 9784
f 9911 9909 9910
f 9909 9911 9912
f 9911 9913 9912
f 9913 9915 9914
f 9917 9914 9915
f 9916 9918 9915
f 9919 9916 9913
f 9918 9917 9915
f 9918 9920 9917
f 9916 9920 9918
f 9916 9919 9920
f 9913 9916 9915
f 9910 9909 9917
f 9917 9909 9914
f 9911 9922 9913
f 9922 9911 9923
f 9913 9922 9953
f 9921 9922 9923
f 9951 9910 9917
f 9924 9953 9922
f 9913 9953 9919
f 9920 9927 9917
f 9917 9927 9926
f 9920 9919 9928
f 9928 9927 9920
f 9927 9929 9926
f 9923 9911 9910
f 9925 9923 9910
f 9951 9925 9910
f 9928 9919 9930
f 9933 9932 9934
f 9933 9934 9935
f 9936 9934 9937
f 9934 9932 9937
f 9935 9939 9938
f 9940 9921 9925
f 9924 9921 9940
f 9951 9940 9925
f 9917 9941 9951
f 9940 9951 9950
f 9921 9924 9922
f 9953 9924 9942
f 9943 9953 9944
f 9919 9953 9945
f 9919 9946 9930
f 9930 9946 9934
f 9934 9946 9960
f 9926 9929 9936
f 9945 9946 9919
f 9936 9947 9926
f 9934 9960 9935
f 9960 9939 9935
f 9936 9937 9948
f 9937 9938 9948
f 9938 9939 9948
f 9948 9939 9949
f 9947 9948 9949
f 9924 9940 9950
f 9952 9941 9924
f 9950 9951 9952
f 9941 9952 9951
f 9952 9924 9950
f 9954 9953 9942
f 9954 9942 9941
f 9954 9941 9955
f 9944 9953 9954
f 9956 9954 9955
f 9917 9947 9941
f 9917 9926 9947
f 9945 9943 9946
f 9969 9960 9946
f 9960 9959 9939
f 9957 9949 9939
f 9939 9959 9957
f 9958 9949 9957
f 9958 9947 9949
f 9959 9958 9957
f 9944 9961 9943
f 9961 9944 9962
f 9945 9953 9943
f 9948 9947 9936
f 9962 9965 9961
f 9966 9956 9967
f 9964 9966 9967
f 9954 9962 9944
f 9967 9956 9955
f 9941 9967 9955
f 9968 9969 9946
f 9960 9969 9968
f 9970 9959 9960
f 9959 9970 9972
f 9973 9971 9958
f 9972 9958 9959
f 9972 9973 9958
f 9973 9972 9974
f 9975 9958 9971
f 9974 9976 9973
f 9941 9947 9967
f 9964 9983 9963
f 9961 9979 9943
f 9980 9979 9977
f 9979 9961 9977
f 9981 9980 9977
f 9978 9981 9977
f 9965 9982 9961
f 9967 9983 9964
f 10135 10134 10155
f 9961 9982 9977
f 9977 9982 9983
f 9977 9983 9978
f 9978 9983 9967
f 9978 9967 9981
f 9960 9968 9970
f 9943 9968 9946
f 10079 10093 10095
f 9975 9976 9984
f 9976 9985 9984
f 9987 9986 9989
f 9943 9979 9986
f 9986 9979 9980
f 9980 9988 9986
f 9988 9980 9981
f 9989 9986 9988
f 9990 9968 9943
f 9947 9958 9975
f 9974 9991 9976
f 10092 10078 10095
f 9943 9986 9987
f 10013 10017 10031
f 9993 9992 9989
f 9994 10005 9987
f 9988 9993 9989
f 9993 9988 9981
f 9995 9996 9991
f 9997 10002 9996
f 9997 9998 10002
f 9999 9968 9990
f 9972 9970 9974
f 10000 9947 9975
f 9975 9984 10001
f 9991 9996 10001
f 10001 9996 10002
f 9991 10001 9985
f 9984 9985 10001
f 10003 10001 10002
f 9998 10004 10002
f 10069 10070 10067
f 10003 10004 10010
f 10005 9994 10006
f 10006 9994 9992
f 10006 9992 10014
f 10007 10005 10006
f 10005 10007 9987
f 9974 9970 9999
f 9995 9991 9974
f 9996 9995 10008
f 9998 9997 10009
f 10009 10010 9998
f 9970 9968 9999
f 10011 9947 10000
f 9975 10001 10000
f 10002 10004 10003
f 10004 9998 10010
f 9947 10011 9967
f 10092 10000 10093
f 9987 10007 10012
f 10012 10007 10017
f 10012 10017 10013
f 10084 10086 10085
f 10007 10006 10014
f 10015 10014 9992
f 10016 10014 10015
f 9967 9993 9981
f 10017 10007 10014
f 10018 10017 10016
f 10017 10014 10016
f 10031 10017 10018
f 10015 10018 10016
f 10019 10020 9999
f 9974 9999 10020
f 10021 9995 9974
f 10021 9974 10022
f 10034 10021 10022
f 10008 9995 10021
f 10008 9997 9996
f 10024 10025 10009
f 10000 10001 10003
f 10010 10009 10026
f 10003 10010 10026
f 9914 9912 9913
f 10003 10027 10000
f 10025 10028 10026
f 10025 10026 10009
f 10028 10025 10029
f 10028 10029 10027
f 9990 9943 10030
f 10044 9990 10030
f 10015 9967 10011
f 10012 9943 9987
f 10013 10031 10032
f 10012 10013 10032
f 10033 10030 9943
f 10012 10033 9943
f 10015 9992 9993
f 10032 10031 10018
f 10020 10022 9974
f 10008 10021 10034
f 10035 10036 10008
f 10008 10036 9997
f 9997 10036 10009
f 10009 10036 10023
f 10037 10024 10009
f 10038 10025 10024
f 9990 10019 9999
f 10000 10027 10029
f 10025 10039 10029
f 10039 10040 10029
f 10025 10041 10039
f 10025 10038 10041
f 10040 10000 10029
f 10040 10039 10041
f 10038 10052 10041
f 10041 10052 10040
f 10042 10043 10032
f 10043 10042 10044
f 10043 10012 10032
f 10043 10033 10012
f 10030 10033 10044
f 10044 10033 10043
f 10032 10018 10045
f 10032 10045 10042
f 10008 10046 10035
f 10036 10047 10023
f 10048 10009 10023
f 10024 10037 10038
f 10052 10038 10049
f 10019 9990 10050
f 10050 10020 10019
f 10050 10046 10020
f 10020 10046 10022
f 10046 10034 10022
f 10046 10008 10034
f 10000 10040 10051
f 10051 10040 10052
f 10052 10053 10051
f 10049 10053 10052
f 10054 10042 10056
f 10044 10042 10054
f 10018 10055 10045
f 9967 10015 9993
f 10042 10045 10056
f 10057 10036 10035
f 10057 10058 10036
f 10058 10057 10059
f 10036 10058 10047
f 10047 10060 10023
f 10060 10096 10023
f 10096 10061 10023
f 10023 10061 10048
f 10048 10037 10009
f 10062 10037 10048
f 10037 10063 10064
f 10038 10037 10065
f 10065 10049 10038
f 10066 10049 10065
f 10066 10065 10067
f 10068 10046 10050
f 10057 10046 10068
f 10057 10035 10046
f 10053 10049 10066
f 10069 10051 10053
f 10066 10070 10053
f 10071 10050 10044
f 9990 10044 10050
f 10073 10075 10056
f 10072 10075 10073
f 10075 10054 10056
f 10075 10044 10054
f 10075 10074 10044
f 10074 10071 10044
f 10055 10018 10015
f 10055 10056 10045
f 10077 10047 10058
f 10078 10060 10047
f 10078 10047 10091
f 10096 10060 10078
f 10094 10062 10061
f 10094 10061 10096
f 10062 10094 10079
f 10062 10048 10061
f 10062 10063 10037
f 10037 10064 10080
f 10065 10037 10080
f 10067 10065 10080
f 10067 10080 10081
f 10076 10082 10112
f 10082 10083 10086
f 10084 10082 10086
f 9924 9941 9942
f 10076 10083 10082
f 10088 10086 10087
f 10083 10087 10086
f 10085 10086 10088
f 10068 10059 10057
f 10059 10077 10058
f 10059 10068 10077
f 10077 10089 10047
f 10089 10090 10047
f 10090 10091 10047
f 10011 10092 10179
f 10000 10092 10011
f 9937 9932 9933
f 10093 10094 10078
f 10092 10093 10078
f 10094 10093 10079
f 10093 10000 10095
f 10091 10079 10095
f 10078 10091 10095
f 9963 9983 9982
f 10078 10094 10096
f 10000 10051 10069
f 10070 10066 10067
f 10070 10069 10053
f 10098 10088 10087
f 10085 10088 10097
f 10087 10083 10072
f 10087 10072 10098
f 10088 10098 10097
f 10097 10098 10073
f 10083 10099 10072
f 10098 10072 10073
f 10072 10099 10075
f 10099 10074 10075
f 10099 10100 10074
f 10083 10100 10099
f 10100 10071 10074
f 10101 10102 10071
f 10050 10071 10102
f 10102 10068 10050
f 10181 10015 10011
f 10073 10056 10055
f 10103 10073 10055
f 10181 10055 10015
f 10104 10105 10106
f 10105 10107 10106
f 10109 10108 10106
f 10104 10106 10108
f 10109 10106 10110
f 10109 10110 10111
f 10076 10112 10108
f 10112 10114 10108
f 10114 10104 10108
f 10114 10112 10113
f 10104 10114 10105
f 10076 10109 10083
f 10076 10108 10109
f 10109 10111 10083
f 10101 10083 10111
f 10101 10100 10083
f 10115 10116 10079
f 10091 10115 10079
f 10079 10117 10062
f 10117 10063 10062
f 10064 10081 10080
f 10118 10067 10081
f 10119 10113 10112
f 10112 10082 10119
f 10119 10082 10084
f 10085 10119 10084
f 10119 10085 10097
f 10120 10121 10068
f 10122 10116 10121
f 10068 10121 10077
f 10121 10089 10077
f 10089 10116 10115
f 10121 10116 10089
f 10090 10089 10115
f 10090 10115 10091
f 10123 10000 10069
f 10118 10124 10067
f 10124 10069 10067
f 10125 10118 10081
f 10118 10125 10124
f 10125 10081 10126
f 10073 10103 10097
f 10101 10071 10100
f 10127 10102 10101
f 10128 10068 10102
f 10128 10129 10068
f 10068 10129 10120
f 10120 10122 10121
f 10181 10180 10055
f 10106 10107 10110
f 10107 10130 10110
f 10131 10130 10107
f 10105 10131 10107
f 10113 10131 10105
f 10132 10110 10130
f 10133 10132 10130
f 10133 10130 10131
f 10134 10132 10133
f 10134 10135 10132
f 10132 10135 10136
f 10132 10136 10110
f 10110 10136 10111
f 10113 10105 10114
f 10113 10119 10133
f 10133 10131 10113
f 10119 10155 10133
f 10097 10155 10119
f 10136 10101 10111
f 10136 10138 10101
f 10117 10159 10139
f 10117 10139 10063
f 10064 10063 10140
f 10140 10081 10064
f 10081 10141 10126
f 10141 10142 10126
f 10138 10127 10101
f 10138 10143 10127
f 10127 10144 10128
f 10129 10145 10122
f 10122 10145 10116
f 10145 10079 10116
f 10117 10079 10145
f 10146 10000 10123
f 10124 10147 10069
f 10124 10125 10126
f 9971 9973 9976
f 10124 10126 10147
f 10097 10103 10148
f 10102 10127 10128
f 10149 10129 10128
f 10122 10120 10129
f 10153 10152 10150
f 10151 10153 10150
f 9985 9976 9991
f 9925 9921 9923
f 10153 10151 10167
f 10136 10135 10137
f 10150 10135 10155
f 10135 10150 10137
f 10150 10152 10137
f 10150 10155 10151
f 10154 10152 10153
f 10138 10137 10152
f 10155 10134 10133
f 10138 10136 10137
f 10156 10143 10138
f 10159 10157 10139
f 10159 10158 10157
f 10139 10161 10063
f 10161 10139 10157
f 10140 10161 10160
f 10161 10158 10160
f 10161 10157 10158
f 10161 10140 10063
f 10081 10140 10160
f 10160 10162 10081
f 10081 10173 10141
f 10162 10173 10081
f 10163 10155 10097
f 10148 10178 10097
f 10143 10144 10127
f 10143 10164 10144
f 10165 10166 10129
f 10129 10166 10145
f 10145 10166 10117
f 10159 10117 10166
f 10159 10166 10158
f 10179 10092 10095
f 10095 10000 10146
f 10123 10069 10147
f 10142 10147 10126
f 10149 10128 10144
f 10164 10149 10144
f 10165 10129 10149
f 10103 10055 10148
f 10148 10055 10178
f 10178 10055 10180
f 10153 10167 10154
f 10168 10154 10167
f 10154 10168 10152
f 10168 10169 10152
f 10169 10168 10167
f 10152 10169 10138
f 10138 10169 10156
f 10155 10167 10151
f 10163 10167 10155
f 10169 10167 10163
f 10170 10156 10169
f 10156 10170 10143
f 10171 10162 10158
f 10162 10160 10158
f 10171 10172 10173
f 10171 10173 10162
f 10142 10141 10174
f 10141 10173 10174
f 10173 10175 10174
f 10097 10178 10163
f 10169 10163 10170
f 10170 10164 10143
f 10176 10170 10163
f 10176 10177 10164
f 10170 10176 10164
f 10176 10163 10178
f 10166 10171 10158
f 10166 10165 10171
f 10171 10165 10172
f 10172 10179 10146
f 10146 10179 10095
f 10172 10146 10123
f 10173 10172 10175
f 10172 10123 10175
f 10175 10123 10147
f 10174 10147 10142
f 10174 10175 10147
f 10176 10178 10177
f 10177 10149 10164
f 10177 10178 10180
f 10149 10177 10165
f 10177 10180 10165
f 10165 10180 10181
f 10165 10181 10172
f 10011 10179 10181
f 10179 10172 10181
f 9930 9927 9928
f 9930 9931 9927
f 9927 9931 9929
f 9930 9929 9931
f 9936 9930 9934
f 9914 9909 9912
f 10028 10027 10026
f 10027 10003 10026
f 9933 9935 9938
f 9938 9937 9933
f 9956 9966 9965
f 9966 9964 9965
f 9964 9963 9982
f 9962 9954 9956
f 9965 9962 9956
f 9964 9982 9965
f 9976 9975 9971
f 9989 9992 9987
f 9992 9994 9987
f 9936 9929 9930
f 10184 10182 10183
f 10182 10184 10185
f 10184 10186 10185
f 10186 10188 10187
f 10190 10187 10188
f 10189 10191 10188
f 10192 10189 10186
f 10191 10190 10188
f 10191 10193 10190
f 10189 10193 10191
f 10189 10192 10193
f 10186 10189 10188
f 10183 10182 10190
f 10190 10182 10187
f 10184 10195 10186
f 10195 10184 10196
f 10186 10195 10226
f 10194 10195 10196
f 10224 10183 10190
f 10197 10226 10195
f 10186 10226 10192
f 10193 10200 10190
f 10190 10200 10199
f 10193 10192 10201
f 10201 10200 10193
f 10200 10202 10199
f 10196 10184 10183
f 10198 10196 10183
f 10224 10198 10183
f 10201 10192 10203
f 10206 10205 10207
f 10206 10207 10208
f 10209 10207 10210
f 10207 10205 10210
f 10208 10212 10211
f 10213 10194 10198
f 10197 10194 10213
f 10224 10213 10198
f 10190 10214 10224
f 10213 10224 10223
f 10194 10197 10195
f 10226 10197 10215
f 10216 10226 10217
f 10192 10226 10218
f 10192 10219 10203
f 10203 10219 10207
f 10207 10219 10233
f 10199 10202 10209
f 10218 10219 10192
f 10209 10220 10199
f 10207 10233 10208
f 10233 10212 10208
f 10209 10210 10221
f 10210 10211 10221
f 10211 10212 10221
f 10221 10212 10222
f 10220 10221 10222
f 10197 10213 10223
f 10225 10214 10197
f 10223 10224 10225
f 10214 10225 10224
f 10225 10197 10223
f 10227 10226 10215
f 10227 10215 10214
f 10227 10214 10228
f 10217 10226 10227
f 10229 10227 10228
f 10190 10220 10214
f 10190 10199 10220
f 10218 10216 10219
f 10242 10233 10219
f 10233 10232 10212
f 10230 10222 10212
f 10212 10232 10230
f 10231 10222 10230
f 10231 10220 10222
f 10232 10231 10230
f 10217 10234 10216
f 10234 10217 10235
f 10218 10226 10216
f 10221 10220 10209
f 10235 10238 10234
f 10239 10229 10240
f 10237 10239 10240
f 10227 10235 10217
f 10240 10229 10228
f 10214 10240 10228
f 10241 10242 10219
f 10233 10242 10241
f 10243 10232 10233
f 10232 10243 10245
f 10246 10244 10231
f 10245 10231 10232
f 10245 10246 10231
f 10246 10245 10247
f 10248 10231 10244
f 10247 10249 10246
f 10214 10220 10240
f 10237 10256 10236
f 10234 10252 10216
f 10253 10252 10250
f 10252 10234 10250
f 10254 10253 10250
f 10251 10254 10250
f 10238 10255 10234
f 10240 10256 10237
f 10408 10407 10428
f 10234 10255 10250
f 10250 10255 10256
f 10250 10256 10251
f 10251 10256 10240
f 10251 10240 10254
f 10233 10241 10243
f 10216 10241 10219
f 10352 10366 10368
f 10248 10249 10257
f 10249 10258 10257
f 10260 10259 10262
f 10216 10252 10259
f 10259 10252 10253
f 10253 10261 10259
f 10261 10253 10254
f 10262 10259 10261
f 10263 10241 10216
f 10220 10231 10248
f 10247 10264 10249
f 10365 10351 10368
f 10216 10259 10260
f 10286 10290 10304
f 10266 10265 10262
f 10267 10278 10260
f 10261 10266 10262
f 10266 10261 10254
f 10268 10269 10264
f 10270 10275 10269
f 10270 10271 10275
f 10272 10241 10263
f 10245 10243 10247
f 10273 10220 10248
f 10248 10257 10274
f 10264 10269 10274
f 10274 10269 10275
f 10264 10274 10258
f 10257 10258 10274
f 10276 10274 10275
f 10271 10277 10275
f 10342 10343 10340
f 10276 10277 10283
f 10278 10267 10279
f 10279 10267 10265
f 10279 10265 10287
f 10280 10278 10279
f 10278 10280 10260
f 10247 10243 10272
f 10268 10264 10247
f 10269 10268 10281
f 10271 10270 10282
f 10282 10283 10271
f 10243 10241 10272
f 10284 10220 10273
f 10248 10274 10273
f 10275 10277 10276
f 10277 10271 10283
f 10220 10284 10240
f 10365 10273 10366
f 10260 10280 10285
f 10285 10280 10290
f 10285 10290 10286
f 10357 10359 10358
f 10280 10279 10287
f 10288 10287 10265
f 10289 10287 10288
f 10240 10266 10254
f 10290 10280 10287
f 10291 10290 10289
f 10290 10287 10289
f 10304 10290 10291
f 10288 10291 10289
f 10292 10293 10272
f 10247 10272 10293
f 10294 10268 10247
f 10294 10247 10295
f 10307 10294 10295
f 10281 10268 10294
f 10281 10270 10269
f 10297 10298 10282
f 10273 10274 10276
f 10283 10282 10299
f 10276 10283 10299
f 10187 10185 10186
f 10276 10300 10273
f 10298 10301 10299
f 10298 10299 10282
f 10301 10298 10302
f 10301 10302 10300
f 10263 10216 10303
f 10317 10263 10303
f 10288 10240 10284
f 10285 10216 10260
f 10286 10304 10305
f 10285 10286 10305
f 10306 10303 10216
f 10285 10306 10216
f 10288 10265 10266
f 10305 10304 10291
f 10293 10295 10247
f 10281 10294 10307
f 10308 10309 10281
f 10281 10309 10270
f 10270 10309 10282
f 10282 10309 10296
f 10310 10297 10282
f 10311 10298 10297
f 10263 10292 10272
f 10273 10300 10302
f 10298 10312 10302
f 10312 10313 10302
f 10298 10314 10312
f 10298 10311 10314
f 10313 10273 10302
f 10313 10312 10314
f 10311 10325 10314
f 10314 10325 10313
f 10315 10316 10305
f 10316 10315 10317
f 10316 10285 10305
f 10316 10306 10285
f 10303 10306 10317
f 10317 10306 10316
f 10305 10291 10318
f 10305 10318 10315
f 10281 10319 10308
f 10309 10320 10296
f 10321 10282 10296
f 10297 10310 10311
f 10325 10311 10322
f 10292 10263 10323
f 10323 10293 10292
f 10323 10319 10293
f 10293 10319 10295
f 10319 10307 10295
f 10319 10281 10307
f 10273 10313 10324
f 10324 10313 10325
f 10325 10326 10324
f 10322 10326 10325
f 10327 10315 10329
f 10317 10315 10327
f 10291 10328 10318
f 10240 10288 10266
f 10315 10318 10329
f 10330 10309 10308
f 10330 10331 10309
f 10331 10330 10332
f 10309 10331 10320
f 10320 10333 10296
f 10333 10369 10296
f 10369 10334 10296
f 10296 10334 10321
f 10321 10310 10282
f 10335 10310 10321
f 10310 10336 10337
f 10311 10310 10338
f 10338 10322 10311
f 10339 10322 10338
f 10339 10338 10340
f 10341 10319 10323
f 10330 10319 10341
f 10330 10308 10319
f 10326 10322 10339
f 10342 10324 10326
f 10339 10343 10326
f 10344 10323 10317
f 10263 10317 10323
f 10346 10348 10329
f 10345 10348 10346
f 10348 10327 10329
f 10348 10317 10327
f 10348 10347 10317
f 10347 10344 10317
f 10328 10291 10288
f 10328 10329 10318
f 10350 10320 10331
f 10351 10333 10320
f 10351 10320 10364
f 10369 10333 10351
f 10367 10335 10334
f 10367 10334 10369
f 10335 10367 10352
f 10335 10321 10334
f 10335 10336 10310
f 10310 10337 10353
f 10338 10310 10353
f 10340 10338 10353
f 10340 10353 10354
f 10349 10355 10385
f 10355 10356 10359
f 10357 10355 10359
f 10197 10214 10215
f 10349 10356 10355
f 10361 10359 10360
f 10356 10360 10359
f 10358 10359 10361
f 10341 10332 10330
f 10332 10350 10331
f 10332 10341 10350
f 10350 10362 10320
f 10362 10363 10320
f 10363 10364 10320
f 10284 10365 10452
f 10273 10365 10284
f 10210 10205 10206
f 10366 10367 10351
f 10365 10366 10351
f 10367 10366 10352
f 10366 10273 10368
f 10364 10352 10368
f 10351 10364 10368
f 10236 10256 10255
f 10351 10367 10369
f 10273 10324 10342
f 10343 10339 10340
f 10343 10342 10326
f 10371 10361 10360
f 10358 10361 10370
f 10360 10356 10345
f 10360 10345 10371
f 10361 10371 10370
f 10370 10371 10346
f 10356 10372 10345
f 10371 10345 10346
f 10345 10372 10348
f 10372 10347 10348
f 10372 10373 10347
f 10356 10373 10372
f 10373 10344 10347
f 10374 10375 10344
f 10323 10344 10375
f 10375 10341 10323
f 10454 10288 10284
f 10346 10329 10328
f 10376 10346 10328
f 10454 10328 10288
f 10377 10378 10379
f 10378 10380 10379
f 10382 10381 10379
f 10377 10379 10381
f 10382 10379 10383
f 10382 10383 10384
f 10349 10385 10381
f 10385 10387 10381
f 10387 10377 10381
f 10387 10385 10386
f 10377 10387 10378
f 10349 10382 10356
f 10349 10381 10382
f 10382 10384 10356
f 10374 10356 10384
f 10374 10373 10356
f 10388 10389 10352
f 10364 10388 10352
f 10352 10390 10335
f 10390 10336 10335
f 10337 10354 10353
f 10391 10340 10354
f 10392 10386 10385
f 10385 10355 10392
f 10392 10355 10357
f 10358 10392 10357
f 10392 10358 10370
f 10393 10394 10341
f 10395 10389 10394
f 10341 10394 10350
f 10394 10362 10350
f 10362 10389 10388
f 10394 10389 10362
f 10363 10362 10388
f 10363 10388 10364
f 10396 10273 10342
f 10391 10397 10340
f 10397 10342 10340
f 10398 10391 10354
f 10391 10398 10397
f 10398 10354 10399
f 10346 10376 10370
f 10374 10344 10373
f 10400 10375 10374
f 10401 10341 10375
f 10401 10402 10341
f 10341 10402 10393
f 10393 10395 10394
f 10454 10453 10328
f 10379 10380 10383
f 10380 10403 10383
f 10404 10403 10380
f 10378 10404 10380
f 10386 10404 10378
f 10405 10383 10403
f 10406 10405 10403
f 10406 10403 10404
f 10407 10405 10406
f 10407 10408 10405
f 10405 10408 10409
f 10405 10409 10383
f 10383 10409 10384
f 10386 10378 10387
f 10386 10392 10406
f 10406 10404 10386
f 10392 10428 10406
f 10370 10428 10392
f 10409 10374 10384
f 10409 10411 10374
f 10390 10432 10412
f 10390 10412 10336
f 10337 10336 10413
f 10413 10354 10337
f 10354 10414 10399
f 10414 10415 10399
f 10411 10400 10374
f 10411 10416 10400
f 10400 10417 10401
f 10402 10418 10395
f 10395 10418 10389
f 10418 10352 10389
f 10390 10352 10418
f 10419 10273 10396
f 10397 10420 10342
f 10397 10398 10399
f 10244 10246 10249
f 10397 10399 10420
f 10370 10376 10421
f 10375 10400 10401
f 10422 10402 10401
f 10395 10393 10402
f 10426 10425 10423
f 10424 10426 10423
f 10258 10249 10264
f 10198 10194 10196
f 10426 10424 10440
f 10409 10408 10410
f 10423 10408 10428
f 10408 10423 10410
f 10423 10425 10410
f 10423 10428 10424
f 10427 10425 10426
f 10411 10410 10425
f 10428 10407 10406
f 10411 10409 10410
f 10429 10416 10411
f 10432 10430 10412
f 10432 10431 10430
f 10412 10434 10336
f 10434 10412 10430
f 10413 10434 10433
f 10434 10431 10433
f 10434 10430 10431
f 10434 10413 10336
f 10354 10413 10433
f 10433 10435 10354
f 10354 10446 10414
f 10435 10446 10354
f 10436 10428 10370
f 10421 10451 10370
f 10416 10417 10400
f 10416 10437 10417
f 10438 10439 10402
f 10402 10439 10418
f 10418 10439 10390
f 10432 10390 10439
f 10432 10439 10431
f 10452 10365 10368
f 10368 10273 10419
f 10396 10342 10420
f 10415 10420 10399
f 10422 10401 10417
f 10437 10422 10417
f 10438 10402 10422
f 10376 10328 10421
f 10421 10328 10451
f 10451 10328 10453
f 10426 10440 10427
f 10441 10427 10440
f 10427 10441 10425
f 10441 10442 10425
f 10442 10441 10440
f 10425 10442 10411
f 10411 10442 10429
f 10428 10440 10424
f 10436 10440 10428
f 10442 10440 10436
f 10443 10429 10442
f 10429 10443 10416
f 10444 10435 10431
f 10435 10433 10431
f 10444 10445 10446
f 10444 10446 10435
f 10415 10414 10447
f 10414 10446 10447
f 10446 10448 10447
f 10370 10451 10436
f 10442 10436 10443
f 10443 10437 10416
f 10449 10443 10436
f 10449 10450 10437
f 10443 10449 10437
f 10449 10436 10451
f 10439 10444 10431
f 10439 10438 10444
f 10444 10438 10445
f 10445 10452 10419
f 10419 10452 10368
f 10445 10419 10396
f 10446 10445 10448
f 10445 10396 10448
f 10448 10396 10420
f 10447 10420 10415
f 10447 10448 10420
f 10449 10451 10450
f 10450 10422 10437
f 10450 10451 10453
f 10422 10450 10438
f 10450 10453 10438
f 10438 10453 10454
f 10438 10454 10445
f 10284 10452 10454
f 10452 10445 10454
f 10203 10200 10201
f 10203 10204 10200
f 10200 10204 10202
f 10203 10202 10204
f 10209 10203 10207
f 10187 10182 10185
f 10301 10300 10299
f 10300 10276 10299
f 10206 10208 10211
f 10211 10210 10206
f 10229 10239 10238
f 10239 10237 10238
f 10237 10236 10255
f 10235 10227 10229
f 10238 10235 10229
f 10237 10255 10238
f 10249 10248 10244
f 10262 10265 10260
f 10265 10267 10260
f 10209 10202 10203
f 10459 10461 10460
f 10462 10458 10460
f 10463 10459 10460
f 10462 10460 10461
f 10465 10462 10461
f 10461 10464 10465
f 10467 10466 10468
f 10464 10461 10459
f 10457 10467 10516
f 10463 10516 10467
f 10468 10456 10464
f 10470 10472 10469
f 10472 10471 10469
f 10469 10495 10483
f 10495 10475 10484
f 10484 10469 10476
f 10476 10469 10483
f 10469 10477 10495
f 10470 10484 10475
f 10478 10480 10479
f 10480 10478 10481
f 10482 10478 10479
f 10482 10479 10474
f 10476 10483 10484
f 10489 10488 10485
f 10486 10487 10485
f 10485 10488 10486
f 10486 10488 10487
f 10489 10487 10488
f 10458 10490 10463
f 10491 10465 10492
f 10466 10750 10456
f 10750 10465 10456
f 10492 10465 10750
f 10477 10471 10494
f 10465 10475 10495
f 10495 10477 10458
f 10460 10458 10463
f 10496 10458 10477
f 10497 10485 10505
f 10480 10494 10479
f 10480 10493 10494
f 10471 10477 10469
f 10479 10494 10473
f 10473 10494 10472
f 10494 10471 10472
f 10475 10472 10470
f 10472 10491 10498
f 10472 10465 10491
f 10465 10472 10475
f 10514 10524 10499
f 10499 10500 10514
f 10500 10504 10501
f 10502 10504 10500
f 10502 10503 10504
f 10505 10485 10506
f 10505 10506 10507
f 10508 10472 10507
f 10509 10472 10498
f 10472 10509 10507
f 10480 10489 10485
f 10489 10480 10482
f 10480 10481 10482
f 10489 10482 10472
f 10508 10489 10472
f 10514 10501 10511
f 10501 10512 10511
f 10513 10514 10511
f 10500 10501 10514
f 10504 10512 10501
f 10515 10513 10512
f 10504 10503 10512
f 10512 10503 10515
f 10514 10513 10515
f 10499 10510 10515
f 10510 10514 10515
f 10487 10489 10508
f 10519 10516 10517
f 10490 10496 10518
f 10492 10519 10517
f 10517 10520 10492
f 10494 10496 10477
f 10494 10493 10496
f 10458 10496 10490
f 10516 10463 10490
f 10493 10480 10485
f 10523 10522 10524
f 10522 10525 10535
f 10526 10497 10505
f 10526 10525 10497
f 10491 10525 10526
f 10491 10536 10525
f 10521 10539 10527
f 10529 10521 10527
f 10531 10528 10530
f 10527 10557 10529
f 10529 10531 10530
f 10532 10531 10529
f 10538 10521 10533
f 10533 10521 10534
f 10534 10523 10510
f 10523 10534 10521
f 10527 10534 10535
f 10514 10510 10524
f 10510 10523 10524
f 10510 10499 10535
f 10499 10524 10522
f 10499 10522 10535
f 10535 10534 10510
f 10536 10535 10525
f 10498 10491 10509
f 10526 10505 10502
f 10515 10503 10491
f 10541 10528 10531
f 10539 10538 10542
f 10539 10521 10538
f 10532 10540 10531
f 10532 10528 10540
f 10528 10541 10540
f 10534 10543 10533
f 10542 10533 10543
f 10539 10543 10527
f 10542 10543 10539
f 10534 10527 10543
f 10516 10490 10601
f 10544 10545 10520
f 10520 10545 10492
f 10518 10496 10493
f 10545 10544 10546
f 10493 10485 10497
f 10545 10491 10492
f 10545 10547 10491
f 10521 10548 10522
f 10497 10525 10522
f 10522 10523 10521
f 10535 10536 10578
f 10549 10530 10553
f 10550 10551 10549
f 10530 10561 10552
f 10530 10552 10553
f 10554 10530 10528
f 10530 10555 10537
f 10555 10530 10554
f 10578 10555 10554
f 10561 10530 10537
f 10555 10578 10556
f 10578 10532 10557
f 10557 10532 10529
f 10528 10532 10554
f 10532 10578 10554
f 10578 10557 10535
f 10557 10527 10535
f 10553 10550 10549
f 10550 10553 10558
f 10537 10560 10561
f 10555 10556 10560
f 10553 10552 10558
f 10558 10552 10578
f 10578 10552 10556
f 10537 10555 10562
f 10562 10555 10560
f 10601 10563 10516
f 10563 10517 10516
f 10517 10563 10602
f 10517 10602 10520
f 10564 10520 10602
f 10544 10520 10564
f 10518 10493 10497
f 10566 10565 10545
f 10545 10546 10567
f 10546 10568 10567
f 10566 10545 10567
f 10530 10549 10569
f 10491 10547 10536
f 10570 10551 10571
f 10551 10570 10572
f 10575 10573 10551
f 10573 10575 10574
f 10551 10573 10571
f 10576 10547 10577
f 10536 10547 10576
f 10576 10578 10536
f 10579 10570 10580
f 10570 10581 10591
f 10581 10571 10582
f 10590 10582 10571
f 10571 10581 10570
f 10590 10583 10591
f 10583 10577 10618
f 10577 10583 10590
f 10574 10575 10587
f 10587 10575 10584
f 10587 10584 10585
f 10576 10573 10574
f 10590 10576 10577
f 10576 10587 10578
f 10578 10597 10559
f 10586 10575 10551
f 10581 10582 10588
f 10590 10588 10582
f 10589 10591 10588
f 10591 10581 10588
f 10589 10588 10590
f 10590 10591 10592
f 10590 10592 10589
f 10593 10594 10596
f 10595 10585 10593
f 10593 10596 10595
f 10585 10597 10587
f 10594 10584 10600
f 10584 10575 10600
f 10584 10594 10593
f 10584 10593 10585
f 10598 10595 10596
f 10598 10596 10594
f 10598 10585 10595
f 10598 10599 10597
f 10585 10598 10597
f 10575 10586 10600
f 10599 10600 10586
f 10599 10559 10597
f 10586 10550 10559
f 10558 10578 10559
f 10602 10563 10619
f 10518 10522 10603
f 10530 10569 10548
f 10518 10497 10522
f 10544 10564 10546
f 10605 10546 10564
f 10547 10545 10565
f 10565 10566 10606
f 10606 10566 10568
f 10567 10568 10566
f 10551 10569 10549
f 10607 10608 10609
f 10612 10608 10607
f 10547 10610 10611
f 10633 10610 10547
f 10626 10633 10547
f 10609 10579 10613
f 10607 10609 10613
f 10577 10611 10614
f 10609 10572 10579
f 10611 10577 10547
f 10616 10615 10612
f 10739 10738 10736
f 10616 10612 10607
f 10607 10611 10616
f 10735 10729 10739
f 10613 10579 10617
f 10533 10542 10538
f 10541 10531 10540
f 10613 10617 10614
f 10611 10607 10614
f 10570 10579 10572
f 10583 10618 10580
f 10579 10618 10617
f 10577 10614 10618
f 10618 10614 10617
f 10601 10490 10518
f 10619 10564 10602
f 10564 10640 10605
f 10569 10603 10620
f 10604 10620 10603
f 10620 10604 10548
f 10569 10620 10548
f 10522 10604 10603
f 10621 10568 10546
f 10605 10621 10546
f 10522 10548 10604
f 10608 10622 10609
f 10551 10572 10622
f 10572 10609 10622
f 10625 10633 10626
f 10623 10647 10624
f 10647 10625 10626
f 10547 10565 10626
f 10565 10647 10626
f 10649 10608 10627
f 10628 10610 10629
f 10628 10629 10630
f 10631 10630 10629
f 10610 10632 10629
f 10633 10632 10610
f 10633 10623 10632
f 10625 10623 10633
f 10634 10627 10635
f 10627 10634 10649
f 10615 10608 10612
f 10615 10627 10608
f 10611 10610 10628
f 10561 10560 10556
f 10574 10587 10576
f 10637 10635 10627
f 10638 10637 10639
f 10637 10638 10635
f 10637 10615 10611
f 10616 10611 10615
f 10564 10619 10640
f 10641 10568 10621
f 10622 10569 10551
f 10642 10622 10608
f 10645 10643 10644
f 10645 10642 10649
f 10643 10645 10658
f 10645 10649 10658
f 10642 10608 10649
f 10630 10631 10646
f 10624 10632 10623
f 10646 10632 10624
f 10647 10623 10625
f 10648 10643 10658
f 10648 10644 10643
f 10658 10649 10662
f 10649 10634 10662
f 10663 10611 10682
f 10650 10684 10611
f 10651 10611 10652
f 10628 10654 10652
f 10654 10630 10655
f 10655 10652 10654
f 10628 10630 10654
f 10632 10631 10629
f 10631 10632 10646
f 10660 10656 10666
f 10591 10589 10592
f 10597 10578 10587
f 10656 10658 10662
f 10660 10657 10656
f 10657 10658 10656
f 10500 10499 10515
f 10662 10679 10661
f 10600 10599 10598
f 10559 10599 10586
f 10586 10551 10550
f 10558 10559 10550
f 10618 10579 10580
f 10648 10658 10657
f 10648 10661 10679
f 10639 10634 10638
f 10636 10634 10635
f 10580 10570 10583
f 10634 10639 10663
f 10662 10634 10663
f 10679 10662 10663
f 10663 10637 10611
f 10637 10663 10639
f 10628 10652 10611
f 10656 10664 10666
f 10665 10666 10664
f 10667 10665 10664
f 10563 10668 10619
f 10640 10619 10668
f 10640 10668 10690
f 10603 10569 10622
f 10641 10606 10568
f 10641 10605 10640
f 10622 10669 10670
f 10605 10641 10621
f 10672 10645 10671
f 10669 10642 10672
f 10673 10647 10565
f 10622 10642 10669
f 10672 10642 10645
f 10674 10671 10645
f 10671 10674 10675
f 10676 10677 10674
f 10674 10678 10675
f 10674 10677 10678
f 10630 10646 10655
f 10644 10679 10676
f 10645 10644 10674
f 10674 10644 10676
f 10676 10679 10686
f 10676 10686 10677
f 10651 10653 10680
f 10680 10681 10651
f 10653 10652 10655
f 10682 10702 10663
f 10638 10636 10635
f 10682 10611 10684
f 10681 10684 10650
f 10684 10685 10682
f 10702 10682 10685
f 10681 10685 10684
f 10685 10681 10702
f 10651 10652 10653
f 10681 10650 10651
f 10651 10650 10611
f 10648 10679 10644
f 10686 10679 10687
f 10687 10688 10686
f 10683 10679 10663
f 10683 10687 10679
f 10687 10683 10688
f 10563 10601 10689
f 10689 10518 10603
f 10640 10690 10691
f 10603 10692 10689
f 10694 10693 10641
f 10694 10641 10695
f 10622 10670 10603
f 10670 10692 10603
f 10640 10695 10641
f 10696 10669 10672
f 10696 10670 10669
f 10672 10671 10696
f 10696 10671 10697
f 10697 10671 10675
f 10698 10697 10677
f 10699 10700 10680
f 10680 10653 10646
f 10653 10655 10646
f 10675 10678 10697
f 10678 10677 10697
f 10700 10698 10701
f 10701 10681 10680
f 10700 10701 10680
f 10700 10699 10698
f 10698 10681 10701
f 10702 10681 10698
f 10677 10702 10698
f 10702 10683 10663
f 10677 10686 10688
f 10462 10465 10495
f 10677 10688 10702
f 10601 10518 10689
f 10690 10668 10703
f 10690 10703 10691
f 10640 10691 10695
f 10696 10692 10670
f 10693 10565 10606
f 10705 10696 10706
f 10606 10641 10693
f 10696 10697 10706
f 10646 10647 10673
f 10707 10706 10697
f 10707 10708 10706
f 10646 10624 10647
f 10707 10709 10699
f 10646 10710 10680
f 10699 10680 10710
f 10709 10697 10698
f 10698 10699 10709
f 10709 10707 10697
f 10563 10689 10711
f 10711 10668 10563
f 10692 10712 10689
f 10695 10691 10703
f 10565 10693 10704
f 10704 10694 10695
f 10704 10693 10694
f 10705 10706 10708
f 10713 10708 10707
f 10710 10713 10699
f 10713 10707 10699
f 10710 10646 10713
f 10723 10734 10714
f 10715 10668 10711
f 10712 10723 10714
f 10692 10717 10712
f 10717 10692 10718
f 10712 10714 10689
f 10689 10714 10734
f 10673 10704 10719
f 10692 10696 10705
f 10705 10718 10692
f 10721 10713 10673
f 10721 10673 10722
f 10565 10704 10673
f 10708 10720 10705
f 10646 10673 10713
f 10689 10734 10711
f 10711 10728 10715
f 10728 10711 10724
f 10717 10725 10716
f 10716 10723 10717
f 10715 10703 10668
f 10715 10726 10703
f 10728 10726 10715
f 10725 10717 10720
f 10717 10723 10712
f 10695 10727 10704
f 10726 10695 10703
f 10727 10695 10726
f 10728 10727 10726
f 10717 10718 10720
f 10720 10718 10705
f 10722 10719 10727
f 10713 10721 10720
f 10673 10719 10722
f 10720 10708 10713
f 10734 10723 10743
f 10734 10724 10711
f 10723 10716 10741
f 10737 10716 10729
f 10741 10730 10723
f 10731 10732 10725
f 10729 10716 10725
f 10725 10732 10729
f 10720 10731 10725
f 10732 10731 10722
f 10732 10722 10727
f 10731 10720 10721
f 10731 10721 10722
f 10719 10704 10727
f 10724 10734 10733
f 10743 10733 10734
f 10733 10743 10727
f 10737 10729 10735
f 10735 10736 10737
f 10744 10736 10738
f 10736 10735 10739
f 10740 10738 10739
f 10741 10745 10742
f 10743 10723 10730
f 10743 10730 10727
f 10749 10727 10730
f 10733 10728 10724
f 10733 10727 10728
f 10741 10716 10744
f 10737 10744 10716
f 10744 10737 10736
f 10741 10744 10745
f 10744 10738 10745
f 10740 10745 10738
f 10729 10747 10740
f 10750 10466 10457
f 10740 10739 10729
f 10746 10742 10747
f 10742 10740 10747
f 10741 10742 10746
f 10748 10746 10747
f 10732 10747 10729
f 10727 10748 10732
f 10747 10732 10748
f 10730 10741 10749
f 10749 10741 10746
f 10749 10746 10748
f 10748 10727 10749
f 10664 10656 10667
f 10492 10750 10457
f 10659 10662 10661
f 10661 10648 10657
f 10657 10660 10659
f 10745 10740 10742
f 10561 10556 10552
f 10537 10562 10560
f 10590 10573 10576
f 10573 10590 10571
f 10512 10513 10511
f 10491 10503 10509
f 10507 10502 10505
f 10509 10502 10507
f 10502 10509 10503
f 10487 10508 10485
f 10485 10508 10506
f 10506 10508 10507
f 10502 10515 10526
f 10526 10515 10491
f 10500 10515 10502
f 10600 10598 10594
f 10583 10570 10591
f 10607 10613 10614
f 10495 10484 10483
f 10482 10481 10478
f 10627 10615 10637
f 10484 10470 10469
f 10636 10638 10634
f 10462 10495 10458
f 10482 10474 10472
f 10464 10467 10468
f 10464 10463 10467
f 10464 10459 10463
f 10688 10683 10702
f 10455 10468 10466
f 10456 10455 10466
f 10455 10456 10468
f 10479 10473 10474
f 10516 10519 10492
f 10473 10472 10474
f 10667 10656 10659
f 10662 10659 10656
f 10464 10456 10465
f 10521 10530 10548
f 10530 10521 10529
f 10657 10659 10661
f 10666 10659 10660
f 10667 10666 10665
f 10667 10659 10666
f 10516 10492 10457
f 10467 10457 10466
f 10755 10757 10756
f 10758 10754 10756
f 10759 10755 10756
f 10758 10756 10757
f 10761 10758 10757
f 10757 10760 10761
f 10763 10762 10764
f 10760 10757 10755
f 10753 10763 10812
f 10759 10812 10763
f 10764 10752 10760
f 10766 10768 10765
f 10768 10767 10765
f 10765 10791 10779
f 10791 10771 10780
f 10780 10765 10772
f 10772 10765 10779
f 10765 10773 10791
f 10766 10780 10771
f 10774 10776 10775
f 10776 10774 10777
f 10778 10774 10775
f 10778 10775 10770
f 10772 10779 10780
f 10785 10784 10781
f 10782 10783 10781
f 10781 10784 10782
f 10782 10784 10783
f 10785 10783 10784
f 10754 10786 10759
f 10787 10761 10788
f 10762 11046 10752
f 11046 10761 10752
f 10788 10761 11046
f 10773 10767 10790
f 10761 10771 10791
f 10791 10773 10754
f 10756 10754 10759
f 10792 10754 10773
f 10793 10781 10801
f 10776 10790 10775
f 10776 10789 10790
f 10767 10773 10765
f 10775 10790 10769
f 10769 10790 10768
f 10790 10767 10768
f 10771 10768 10766
f 10768 10787 10794
f 10768 10761 10787
f 10761 10768 10771
f 10810 10820 10795
f 10795 10796 10810
f 10796 10800 10797
f 10798 10800 10796
f 10798 10799 10800
f 10801 10781 10802
f 10801 10802 10803
f 10804 10768 10803
f 10805 10768 10794
f 10768 10805 10803
f 10776 10785 10781
f 10785 10776 10778
f 10776 10777 10778
f 10785 10778 10768
f 10804 10785 10768
f 10810 10797 10807
f 10797 10808 10807
f 10809 10810 10807
f 10796 10797 10810
f 10800 10808 10797
f 10811 10809 10808
f 10800 10799 10808
f 10808 10799 10811
f 10810 10809 10811
f 10795 10806 10811
f 10806 10810 10811
f 10783 10785 10804
f 10815 10812 10813
f 10786 10792 10814
f 10788 10815 10813
f 10813 10816 10788
f 10790 10792 10773
f 10790 10789 10792
f 10754 10792 10786
f 10812 10759 10786
f 10789 10776 10781
f 10819 10818 10820
f 10818 10821 10831
f 10822 10793 10801
f 10822 10821 10793
f 10787 10821 10822
f 10787 10832 10821
f 10817 10835 10823
f 10825 10817 10823
f 10827 10824 10826
f 10823 10853 10825
f 10825 10827 10826
f 10828 10827 10825
f 10834 10817 10829
f 10829 10817 10830
f 10830 10819 10806
f 10819 10830 10817
f 10823 10830 10831
f 10810 10806 10820
f 10806 10819 10820
f 10806 10795 10831
f 10795 10820 10818
f 10795 10818 10831
f 10831 10830 10806
f 10832 10831 10821
f 10794 10787 10805
f 10822 10801 10798
f 10811 10799 10787
f 10837 10824 10827
f 10835 10834 10838
f 10835 10817 10834
f 10828 10836 10827
f 10828 10824 10836
f 10824 10837 10836
f 10830 10839 10829
f 10838 10829 10839
f 10835 10839 10823
f 10838 10839 10835
f 10830 10823 10839
f 10812 10786 10897
f 10840 10841 10816
f 10816 10841 10788
f 10814 10792 10789
f 10841 10840 10842
f 10789 10781 10793
f 10841 10787 10788
f 10841 10843 10787
f 10817 10844 10818
f 10793 10821 10818
f 10818 10819 10817
f 10831 10832 10874
f 10845 10826 10849
f 10846 10847 10845
f 10826 10857 10848
f 10826 10848 10849
f 10850 10826 10824
f 10826 10851 10833
f 10851 10826 10850
f 10874 10851 10850
f 10857 10826 10833
f 10851 10874 10852
f 10874 10828 10853
f 10853 10828 10825
f 10824 10828 10850
f 10828 10874 10850
f 10874 10853 10831
f 10853 10823 10831
f 10849 10846 10845
f 10846 10849 10854
f 10833 10856 10857
f 10851 10852 10856
f 10849 10848 10854
f 10854 10848 10874
f 10874 10848 10852
f 10833 10851 10858
f 10858 10851 10856
f 10897 10859 10812
f 10859 10813 10812
f 10813 10859 10898
f 10813 10898 10816
f 10860 10816 10898
f 10840 10816 10860
f 10814 10789 10793
f 10862 10861 10841
f 10841 10842 10863
f 10842 10864 10863
f 10862 10841 10863
f 10826 10845 10865
f 10787 10843 10832
f 10866 10847 10867
f 10847 10866 10868
f 10871 10869 10847
f 10869 10871 10870
f 10847 10869 10867
f 10872 10843 10873
f 10832 10843 10872
f 10872 10874 10832
f 10875 10866 10876
f 10866 10877 10887
f 10877 10867 10878
f 10886 10878 10867
f 10867 10877 10866
f 10886 10879 10887
f 10879 10873 10914
f 10873 10879 10886
f 10870 10871 10883
f 10883 10871 10880
f 10883 10880 10881
f 10872 10869 10870
f 10886 10872 10873
f 10872 10883 10874
f 10874 10893 10855
f 10882 10871 10847
f 10877 10878 10884
f 10886 10884 10878
f 10885 10887 10884
f 10887 10877 10884
f 10885 10884 10886
f 10886 10887 10888
f 10886 10888 10885
f 10889 10890 10892
f 10891 10881 10889
f 10889 10892 10891
f 10881 10893 10883
f 10890 10880 10896
f 10880 10871 10896
f 10880 10890 10889
f 10880 10889 10881
f 10894 10891 10892
f 10894 10892 10890
f 10894 10881 10891
f 10894 10895 10893
f 10881 10894 10893
f 10871 10882 10896
f 10895 10896 10882
f 10895 10855 10893
f 10882 10846 10855
f 10854 10874 10855
f 10898 10859 10915
f 10814 10818 10899
f 10826 10865 10844
f 10814 10793 10818
f 10840 10860 10842
f 10901 10842 10860
f 10843 10841 10861
f 10861 10862 10902
f 10902 10862 10864
f 10863 10864 10862
f 10847 10865 10845
f 10903 10904 10905
f 10908 10904 10903
f 10843 10906 10907
f 10929 10906 10843
f 10922 10929 10843
f 10905 10875 10909
f 10903 10905 10909
f 10873 10907 10910
f 10905 10868 10875
f 10907 10873 10843
f 10912 10911 10908
f 11035 11034 11032
f 10912 10908 10903
f 10903 10907 10912
f 11031 11025 11035
f 10909 10875 10913
f 10829 10838 10834
f 10837 10827 10836
f 10909 10913 10910
f 10907 10903 10910
f 10866 10875 10868
f 10879 10914 10876
f 10875 10914 10913
f 10873 10910 10914
f 10914 10910 10913
f 10897 10786 10814
f 10915 10860 10898
f 10860 10936 10901
f 10865 10899 10916
f 10900 10916 10899
f 10916 10900 10844
f 10865 10916 10844
f 10818 10900 10899
f 10917 10864 10842
f 10901 10917 10842
f 10818 10844 10900
f 10904 10918 10905
f 10847 10868 10918
f 10868 10905 10918
f 10921 10929 10922
f 10919 10943 10920
f 10943 10921 10922
f 10843 10861 10922
f 10861 10943 10922
f 10945 10904 10923
f 10924 10906 10925
f 10924 10925 10926
f 10927 10926 10925
f 10906 10928 10925
f 10929 10928 10906
f 10929 10919 10928
f 10921 10919 10929
f 10930 10923 10931
f 10923 10930 10945
f 10911 10904 10908
f 10911 10923 10904
f 10907 10906 10924
f 10857 10856 10852
f 10870 10883 10872
f 10933 10931 10923
f 10934 10933 10935
f 10933 10934 10931
f 10933 10911 10907
f 10912 10907 10911
f 10860 10915 10936
f 10937 10864 10917
f 10918 10865 10847
f 10938 10918 10904
f 10941 10939 10940
f 10941 10938 10945
f 10939 10941 10954
f 10941 10945 10954
f 10938 10904 10945
f 10926 10927 10942
f 10920 10928 10919
f 10942 10928 10920
f 10943 10919 10921
f 10944 10939 10954
f 10944 10940 10939
f 10954 10945 10958
f 10945 10930 10958
f 10959 10907 10978
f 10946 10980 10907
f 10947 10907 10948
f 10924 10950 10948
f 10950 10926 10951
f 10951 10948 10950
f 10924 10926 10950
f 10928 10927 10925
f 10927 10928 10942
f 10956 10952 10962
f 10887 10885 10888
f 10893 10874 10883
f 10952 10954 10958
f 10956 10953 10952
f 10953 10954 10952
f 10796 10795 10811
f 10958 10975 10957
f 10896 10895 10894
f 10855 10895 10882
f 10882 10847 10846
f 10854 10855 10846
f 10914 10875 10876
f 10944 10954 10953
f 10944 10957 10975
f 10935 10930 10934
f 10932 10930 10931
f 10876 10866 10879
f 10930 10935 10959
f 10958 10930 10959
f 10975 10958 10959
f 10959 10933 10907
f 10933 10959 10935
f 10924 10948 10907
f 10952 10960 10962
f 10961 10962 10960
f 10963 10961 10960
f 10859 10964 10915
f 10936 10915 10964
f 10936 10964 10986
f 10899 10865 10918
f 10937 10902 10864
f 10937 10901 10936
f 10918 10965 10966
f 10901 10937 10917
f 10968 10941 10967
f 10965 10938 10968
f 10969 10943 10861
f 10918 10938 10965
f 10968 10938 10941
f 10970 10967 10941
f 10967 10970 10971
f 10972 10973 10970
f 10970 10974 10971
f 10970 10973 10974
f 10926 10942 10951
f 10940 10975 10972
f 10941 10940 10970
f 10970 10940 10972
f 10972 10975 10982
f 10972 10982 10973
f 10947 10949 10976
f 10976 10977 10947
f 10949 10948 10951
f 10978 10998 10959
f 10934 10932 10931
f 10978 10907 10980
f 10977 10980 10946
f 10980 10981 10978
f 10998 10978 10981
f 10977 10981 10980
f 10981 10977 10998
f 10947 10948 10949
f 10977 10946 10947
f 10947 10946 10907
f 10944 10975 10940
f 10982 10975 10983
f 10983 10984 10982
f 10979 10975 10959
f 10979 10983 10975
f 10983 10979 10984
f 10859 10897 10985
f 10985 10814 10899
f 10936 10986 10987
f 10899 10988 10985
f 10990 10989 10937
f 10990 10937 10991
f 10918 10966 10899
f 10966 10988 10899
f 10936 10991 10937
f 10992 10965 10968
f 10992 10966 10965
f 10968 10967 10992
f 10992 10967 10993
f 10993 10967 10971
f 10994 10993 10973
f 10995 10996 10976
f 10976 10949 10942
f 10949 10951 10942
f 10971 10974 10993
f 10974 10973 10993
f 10996 10994 10997
f 10997 10977 10976
f 10996 10997 10976
f 10996 10995 10994
f 10994 10977 10997
f 10998 10977 10994
f 10973 10998 10994
f 10998 10979 10959
f 10973 10982 10984
f 10758 10761 10791
f 10973 10984 10998
f 10897 10814 10985
f 10986 10964 10999
f 10986 10999 10987
f 10936 10987 10991
f 10992 10988 10966
f 10989 10861 10902
f 11001 10992 11002
f 10902 10937 10989
f 10992 10993 11002
f 10942 10943 10969
f 11003 11002 10993
f 11003 11004 11002
f 10942 10920 10943
f 11003 11005 10995
f 10942 11006 10976
f 10995 10976 11006
f 11005 10993 10994
f 10994 10995 11005
f 11005 11003 10993
f 10859 10985 11007
f 11007 10964 10859
f 10988 11008 10985
f 10991 10987 10999
f 10861 10989 11000
f 11000 10990 10991
f 11000 10989 10990
f 11001 11002 11004
f 11009 11004 11003
f 11006 11009 10995
f 11009 11003 10995
f 11006 10942 11009
f 11019 11030 11010
f 11011 10964 11007
f 11008 11019 11010
f 10988 11013 11008
f 11013 10988 11014
f 11008 11010 10985
f 10985 11010 11030
f 10969 11000 11015
f 10988 10992 11001
f 11001 11014 10988
f 11017 11009 10969
f 11017 10969 11018
f 10861 11000 10969
f 11004 11016 11001
f 10942 10969 11009
f 10985 11030 11007
f 11007 11024 11011
f 11024 11007 11020
f 11013 11021 11012
f 11012 11019 11013
f 11011 10999 10964
f 11011 11022 10999
f 11024 11022 11011
f 11021 11013 11016
f 11013 11019 11008
f 10991 11023 11000
f 11022 10991 10999
f 11023 10991 11022
f 11024 11023 11022
f 11013 11014 11016
f 11016 11014 11001
f 11018 11015 11023
f 11009 11017 11016
f 10969 11015 11018
f 11016 11004 11009
f 11030 11019 11039
f 11030 11020 11007
f 11019 11012 11037
f 11033 11012 11025
f 11037 11026 11019
f 11027 11028 11021
f 11025 11012 11021
f 11021 11028 11025
f 11016 11027 11021
f 11028 11027 11018
f 11028 11018 11023
f 11027 11016 11017
f 11027 11017 11018
f 11015 11000 11023
f 11020 11030 11029
f 11039 11029 11030
f 11029 11039 11023
f 11033 11025 11031
f 11031 11032 11033
f 11040 11032 11034
f 11032 11031 11035
f 11036 11034 11035
f 11037 11041 11038
f 11039 11019 11026
f 11039 11026 11023
f 11045 11023 11026
f 11029 11024 11020
f 11029 11023 11024
f 11037 11012 11040
f 11033 11040 11012
f 11040 11033 11032
f 11037 11040 11041
f 11040 11034 11041
f 11036 11041 11034
f 11025 11043 11036
f 11046 10762 10753
f 11036 11035 11025
f 11042 11038 11043
f 11038 11036 11043
f 11037 11038 11042
f 11044 11042 11043
f 11028 11043 11025
f 11023 11044 11028
f 11043 11028 11044
f 11026 11037 11045
f 11045 11037 11042
f 11045 11042 11044
f 11044 11023 11045
f 10960 10952 10963
f 10788 11046 10753
f 10955 10958 10957
f 10957 10944 10953
f 10953 10956 10955
f 11041 11036 11038
f 10857 10852 10848
f 10833 10858 10856
f 10886 10869 10872
f 10869 10886 10867
f 10808 10809 10807
f 10787 10799 10805
f 10803 10798 10801
f 10805 10798 10803
f 10798 10805 10799
f 10783 10804 10781
f 10781 10804 10802
f 10802 10804 10803
f 10798 10811 10822
f 10822 10811 10787
f 10796 10811 10798
f 10896 10894 10890
f 10879 10866 10887
f 10903 10909 10910
f 10791 10780 10779
f 10778 10777 10774
f 10923 10911 10933
f 10780 10766 10765
f 10932 10934 10930
f 10758 10791 10754
f 10778 10770 10768
f 10760 10763 10764
f 10760 10759 10763
f 10760 10755 10759
f 10984 10979 10998
f 10751 10764 10762
f 10752 10751 10762
f 10751 10752 10764
f 10775 10769 10770
f 10812 10815 10788
f 10769 10768 10770
f 10963 10952 10955
f 10958 10955 10952
f 10760 10752 10761
f 10817 10826 10844
f 10826 10817 10825
f 10953 10955 10957
f 10962 10955 10956
f 10963 10962 10961
f 10963 10955 10962
f 10812 10788 10753
f 10763 10753 10762
f 11066 11047 11048
f 11067 11049 11066
f 11050 11051 11053
f 11051 11052 11053
f 11054 11055 11056
f 11055 11057 11056
f 11054 11056 11065
f 11053 11065 11056
f 11053 11056 11050
f 11067 11443 11049
f 11057 11054 11058
f 11054 11057 11060
f 11055 11062 11063
f 11060 11062 11055
f 11062 11060 11057
f 11055 11063 11057
f 11061 11057 11063
f 11051 11054 11052
f 11054 11065 11052
f 11061 11063 11059
f 11059 11063 11056
f 11064 11050 11065
f 11065 11050 11063
f 11056 11063 11050
f 11058 11048 11059
f 11062 11059 11048
f 11048 11063 11062
f 11063 11048 11052
f 11057 11059 11056
f 11068 11066 11058
f 11058 11059 11057
f 11066 11068 11067
f 11049 11047 11066
f 11077 11084 11443
f 11443 11074 11049
f 11047 11069 11070
f 11069 11071 11072
f 11047 11049 11069
f 11069 11074 11071
f 11075 11443 11054
f 11076 11054 11051
f 11443 11075 11077
f 11077 11075 11078
f 11079 11078 11075
f 11113 11098 11096
f 11086 11116 11098
f 11112 11086 11098
f 11080 11098 11081
f 11116 11100 11098
f 11096 11098 11093
f 11109 11111 11092
f 11081 11083 11082
f 11084 11069 11072
f 11078 11082 11077
f 11077 11082 11085
f 11100 11116 11099
f 11101 11084 11085
f 11101 11082 11083
f 11048 11087 11064
f 11072 11073 11084
f 11122 11064 11087
f 11122 11089 11064
f 11075 11054 11090
f 11090 11091 11075
f 11079 11075 11091
f 11109 11080 11091
f 11092 11080 11109
f 11080 11079 11091
f 11092 11093 11080
f 11094 11090 11076
f 11090 11054 11076
f 11070 11134 11095
f 11098 11080 11093
f 11093 11092 11096
f 11096 11092 11113
f 11097 11048 11047
f 11070 11095 11097
f 11070 11097 11047
f 11100 11099 11081
f 11099 11102 11081
f 11103 11105 11099
f 11116 11104 11105
f 11106 11105 11103
f 11116 11105 11106
f 11076 11051 11089
f 11083 11104 11101
f 11102 11083 11081
f 11087 11120 11122
f 11048 11107 11087
f 11108 11091 11090
f 11108 11109 11091
f 11086 11112 11114
f 11112 11111 11114
f 11070 11114 11134
f 11092 11112 11113
f 11108 11090 11094
f 11094 11076 11117
f 11117 11137 11094
f 11048 11097 11118
f 11119 11048 11118
f 11116 11106 11115
f 11076 11089 11117
f 11087 11107 11120
f 11121 11089 11120
f 11089 11122 11120
f 11123 11109 11124
f 11110 11109 11123
f 11095 11134 11138
f 11118 11097 11095
f 11118 11095 11119
f 11138 11119 11095
f 11139 11137 11117
f 11119 11107 11048
f 11126 11120 11107
f 11127 11117 11089
f 11127 11089 11121
f 11128 11127 11121
f 11120 11129 11121
f 11129 11128 11121
f 11129 11120 11126
f 11130 11131 11124
f 11123 11124 11132
f 11133 11111 11132
f 11133 11114 11111
f 11114 11133 11134
f 11123 11132 11110
f 11111 11110 11132
f 11109 11130 11124
f 11131 11130 11108
f 11131 11108 11125
f 11108 11130 11109
f 11108 11094 11135
f 11144 11141 11136
f 11379 11378 11377
f 11138 11140 11107
f 11364 11316 11363
f 11412 11431 11432
f 11138 11107 11119
f 11347 11371 11355
f 11094 11136 11141
f 11428 11410 11401
f 11404 11407 11438
f 11150 11143 11140
f 11150 11140 11138
f 11357 11354 11356
f 11346 11295 11345
f 11150 11138 11142
f 11058 11066 11048
f 11144 11139 11117
f 11144 11136 11139
f 11126 11107 11143
f 11140 11143 11107
f 11127 11144 11117
f 11129 11126 11128
f 11124 11145 11132
f 11131 11145 11124
f 11146 11133 11132
f 11134 11133 11147
f 11108 11135 11125
f 11147 11138 11134
f 11139 11136 11137
f 11102 11105 11104
f 11136 11094 11137
f 11148 11143 11150
f 11148 11150 11142
f 11143 11148 11149
f 11143 11149 11126
f 11149 11128 11126
f 11145 11151 11152
f 11132 11145 11152
f 11146 11132 11152
f 11131 11153 11145
f 11138 11147 11154
f 11146 11154 11147
f 11147 11133 11146
f 11142 11138 11154
f 11155 11148 11142
f 11155 11156 11148
f 11148 11157 11149
f 11153 11151 11145
f 11146 11152 11151
f 11125 11135 11158
f 11142 11154 11159
f 11094 11141 11160
f 11156 11166 11157
f 11157 11148 11156
f 11155 11161 11156
f 11149 11157 11128
f 11153 11131 11125
f 11154 11146 11151
f 11162 11155 11142
f 11141 11163 11160
f 11155 11162 11164
f 11161 11155 11164
f 11163 11141 11144
f 11165 11167 11157
f 11156 11161 11166
f 11161 11165 11166
f 11165 11157 11166
f 11158 11153 11125
f 11142 11168 11162
f 11094 11160 11169
f 11170 11165 11161
f 11167 11128 11157
f 11151 11153 11158
f 11154 11151 11171
f 11154 11171 11159
f 11172 11171 11151
f 11158 11135 11196
f 11094 11169 11173
f 11174 11162 11168
f 11163 11175 11160
f 11144 11176 11177
f 11177 11163 11144
f 11170 11167 11165
f 11144 11178 11176
f 11144 11180 11190
f 11180 11144 11127
f 11179 11180 11127
f 11151 11181 11172
f 11182 11172 11181
f 11183 11135 11094
f 11196 11135 11183
f 11172 11184 11171
f 11171 11184 11159
f 11211 11185 11186
f 11211 11186 11173
f 11183 11094 11186
f 11186 11094 11173
f 11168 11142 11187
f 11177 11188 11163
f 11175 11169 11160
f 11174 11164 11162
f 11177 11176 11189
f 11177 11189 11188
f 11164 11170 11161
f 11178 11190 11191
f 11180 11192 11190
f 11178 11144 11190
f 11179 11192 11180
f 11128 11205 11179
f 11179 11127 11128
f 11193 11181 11151
f 11172 11182 11184
f 11186 11185 11194
f 11195 11196 11183
f 11194 11195 11183
f 11183 11186 11194
f 11159 11197 11187
f 11159 11184 11197
f 11169 11198 11173
f 11169 11215 11198
f 11159 11187 11142
f 11175 11200 11199
f 11199 11214 11169
f 11175 11188 11200
f 11201 11174 11168
f 11164 11174 11201
f 11188 11189 11202
f 11189 11176 11178
f 11175 11163 11188
f 11199 11169 11175
f 11170 11203 11167
f 11190 11192 11191
f 11204 11192 11179
f 11167 11203 11205
f 11205 11204 11179
f 11167 11205 11128
f 11206 11195 11194
f 11207 11208 11196
f 11193 11158 11196
f 11158 11193 11151
f 11209 11184 11182
f 11212 11213 11211
f 11213 11185 11211
f 11194 11185 11206
f 11196 11195 11207
f 11199 11210 11214
f 11199 11200 11210
f 11215 11214 11216
f 11216 11214 11210
f 11198 11212 11173
f 11211 11173 11212
f 11217 11201 11168
f 11168 11187 11217
f 11189 11247 11218
f 11189 11218 11200
f 11189 11200 11202
f 11202 11200 11188
f 11169 11214 11215
f 11220 11219 11191
f 11170 11164 11201
f 11201 11203 11170
f 11191 11192 11220
f 11221 11192 11204
f 11222 11221 11204
f 11223 11221 11222
f 11203 11204 11205
f 11222 11204 11203
f 11224 11185 11213
f 11225 11207 11206
f 11226 11193 11196
f 11181 11193 11182
f 11198 11227 11212
f 11227 11198 11228
f 11207 11195 11206
f 11184 11209 11197
f 11247 11248 11218
f 11200 11230 11210
f 11228 11198 11215
f 11215 11216 11228
f 11216 11210 11229
f 11216 11229 11228
f 11247 11189 11178
f 11231 11201 11217
f 11220 11192 11232
f 11221 11232 11192
f 11233 11252 11224
f 11185 11234 11225
f 11207 11225 11235
f 11208 11236 11196
f 11182 11193 11237
f 11240 11241 11229
f 11227 11233 11212
f 11233 11213 11212
f 11185 11224 11234
f 11224 11213 11233
f 11206 11185 11225
f 11208 11207 11235
f 11236 11226 11196
f 11226 11242 11193
f 11182 11237 11244
f 11239 11200 11218
f 11200 11239 11230
f 11239 11218 11238
f 11228 11229 11241
f 11210 11240 11229
f 11240 11210 11230
f 11228 11241 11227
f 11245 11187 11197
f 11245 11217 11187
f 11197 11209 11243
f 11246 11219 11220
f 11238 11218 11248
f 11238 11248 11247
f 11219 11238 11247
f 11178 11219 11247
f 11191 11219 11178
f 11249 11223 11222
f 11203 11249 11222
f 11249 11203 11231
f 11203 11201 11231
f 11234 11252 11296
f 11296 11266 11225
f 11235 11236 11208
f 11226 11236 11242
f 11250 11256 11255
f 11241 11240 11251
f 11227 11241 11272
f 11252 11234 11224
f 11233 11227 11252
f 11296 11225 11234
f 11235 11225 11266
f 11193 11242 11237
f 11209 11244 11253
f 11209 11182 11244
f 11253 11243 11209
f 11254 11246 11286
f 11219 11246 11255
f 11255 11246 11254
f 11256 11240 11230
f 11256 11251 11240
f 11256 11257 11255
f 11239 11257 11256
f 11239 11256 11230
f 11239 11238 11257
f 11197 11259 11245
f 11246 11220 11286
f 11255 11257 11219
f 11219 11257 11238
f 11260 11249 11261
f 11288 11220 11232
f 11262 11288 11232
f 11249 11262 11263
f 11249 11231 11261
f 11262 11232 11221
f 11263 11262 11221
f 11223 11249 11263
f 11221 11223 11263
f 11264 11296 11252
f 11296 11265 11266
f 11235 11266 11267
f 11267 11268 11235
f 11268 11236 11235
f 11269 11236 11268
f 11236 11270 11242
f 11237 11242 11276
f 11250 11313 11271
f 11272 11317 11227
f 11227 11317 11273
f 11252 11227 11273
f 11275 11274 11411
f 11276 11244 11237
f 11253 11244 11277
f 11278 11253 11277
f 11274 11243 11278
f 11280 11281 11254
f 11250 11282 11256
f 11281 11250 11255
f 11271 11282 11250
f 11282 11251 11256
f 11281 11255 11254
f 11251 11272 11241
f 11251 11282 11272
f 11258 11217 11245
f 11259 11258 11245
f 11197 11275 11259
f 11274 11275 11197
f 11274 11197 11243
f 11253 11278 11243
f 11283 11254 11284
f 11254 11283 11279
f 11285 11260 11261
f 11261 11231 11285
f 11286 11287 11284
f 11254 11286 11284
f 11288 11287 11286
f 11289 11288 11290
f 11286 11220 11288
f 11289 11290 11260
f 11288 11262 11290
f 11290 11249 11260
f 11249 11290 11262
f 11268 11291 11292
f 11352 11309 11294
f 11294 11295 11352
f 11334 11296 11293
f 11309 11353 11293
f 11296 11297 11298
f 11298 11299 11265
f 11265 11299 11266
f 11266 11299 11300
f 11300 11303 11266
f 11302 11301 11291
f 11303 11301 11302
f 11267 11291 11268
f 11291 11267 11302
f 11292 11269 11268
f 11304 11270 11269
f 11276 11270 11304
f 11317 11316 11305
f 11305 11306 11317
f 11308 11306 11305
f 11306 11307 11273
f 11273 11317 11306
f 11307 11306 11308
f 11308 11294 11307
f 11252 11273 11307
f 11309 11264 11294
f 11264 11309 11296
f 11252 11294 11264
f 11252 11307 11294
f 11373 11231 11425
f 11296 11298 11265
f 11303 11267 11266
f 11302 11267 11303
f 11258 11310 11311
f 11270 11236 11269
f 11258 11259 11411
f 11242 11270 11276
f 11276 11277 11244
f 11313 11312 11271
f 11380 11314 11271
f 11271 11314 11316
f 11282 11271 11315
f 11271 11316 11315
f 11316 11317 11315
f 11285 11367 11289
f 11282 11315 11272
f 11317 11272 11315
f 11231 11373 11285
f 11311 11217 11258
f 11411 11259 11275
f 11278 11411 11274
f 11283 11392 11318
f 11318 11319 11320
f 11318 11320 11283
f 11320 11279 11283
f 11322 11279 11321
f 11321 11279 11320
f 11322 11280 11279
f 11279 11280 11254
f 11250 11281 11313
f 11313 11281 11280
f 11285 11289 11260
f 11324 11326 11325
f 11326 11329 11325
f 11324 11323 11327
f 11327 11323 11328
f 11326 11324 11327
f 11326 11397 11330
f 11398 11327 11328
f 11324 11284 11323
f 11284 11287 11323
f 11325 11284 11324
f 11283 11284 11325
f 11323 11287 11328
f 11283 11325 11329
f 11287 11289 11328
f 11393 11328 11289
f 11393 11289 11395
f 11288 11289 11287
f 11340 11331 11291
f 11332 11331 11340
f 11404 11333 11304
f 11341 11404 11304
f 11337 11334 11335
f 11334 11336 11297
f 11297 11336 11298
f 11337 11336 11334
f 11416 11415 11336
f 11338 11300 11299
f 11338 11299 11336
f 11415 11300 11338
f 11415 11338 11336
f 11415 11339 11300
f 11339 11301 11300
f 11291 11301 11340
f 11331 11292 11291
f 11331 11341 11292
f 11341 11342 11292
f 11342 11304 11269
f 11341 11304 11342
f 11276 11304 11343
f 11347 11295 11346
f 11350 11348 11349
f 11348 11350 11351
f 11348 11351 11345
f 11372 11345 11370
f 11346 11345 11372
f 11295 11356 11352
f 11352 11354 11353
f 11354 11352 11356
f 11354 11358 11353
f 11356 11295 11355
f 11071 11088 11072
f 11358 11354 11357
f 11357 11355 11358
f 11358 11355 11373
f 11355 11357 11356
f 11352 11353 11309
f 11293 11358 11359
f 11293 11359 11334
f 11293 11353 11358
f 11373 11360 11358
f 11359 11335 11334
f 11425 11359 11358
f 11335 11359 11425
f 11425 11358 11360
f 11373 11425 11360
f 11296 11334 11297
f 11299 11298 11336
f 11420 11418 11217
f 11300 11301 11303
f 11269 11292 11342
f 11276 11343 11277
f 11361 11411 11278
f 11361 11278 11277
f 11362 11365 11363
f 11364 11363 11365
f 11365 11362 11389
f 11365 11389 11364
f 11316 11367 11305
f 11366 11344 11350
f 11344 11366 11368
f 11367 11366 11305
f 11367 11368 11366
f 11368 11367 11369
f 11368 11369 11344
f 11369 11351 11344
f 11308 11305 11349
f 11366 11349 11305
f 11366 11350 11349
f 11369 11285 11370
f 11348 11308 11349
f 11348 11345 11308
f 11370 11351 11369
f 11371 11372 11370
f 11294 11308 11295
f 11345 11295 11308
f 11347 11355 11295
f 11285 11373 11355
f 11285 11355 11371
f 11084 11077 11085
f 11370 11285 11371
f 11425 11231 11417
f 11217 11418 11231
f 11322 11321 11374
f 11375 11322 11374
f 11377 11380 11271
f 11280 11322 11381
f 11312 11377 11271
f 11380 11377 11378
f 11312 11379 11377
f 11313 11379 11312
f 11383 11379 11313
f 11383 11380 11378
f 11383 11386 11380
f 11381 11383 11280
f 11381 11376 11384
f 11381 11322 11376
f 11379 11383 11378
f 11382 11383 11381
f 11382 11386 11383
f 11387 11382 11381
f 11289 11386 11385
f 11387 11385 11382
f 11382 11385 11386
f 11314 11363 11316
f 11386 11314 11380
f 11314 11362 11363
f 11388 11362 11314
f 11386 11388 11314
f 11388 11386 11289
f 11082 11101 11085
f 11389 11362 11388
f 11289 11389 11388
f 11389 11289 11364
f 11316 11364 11367
f 11364 11289 11367
f 11367 11285 11369
f 11088 11073 11072
f 11399 11393 11392
f 11391 11390 11392
f 11393 11394 11391
f 11318 11390 11319
f 11396 11320 11319
f 11392 11393 11391
f 11390 11394 11319
f 11396 11319 11394
f 11396 11394 11395
f 11394 11393 11395
f 11321 11320 11396
f 11374 11321 11396
f 11375 11376 11322
f 11061 11062 11057
f 11374 11396 11375
f 11396 11395 11375
f 11375 11395 11376
f 11376 11395 11289
f 11289 11384 11376
f 11385 11384 11289
f 11055 11054 11060
f 11392 11283 11399
f 11330 11398 11329
f 11399 11283 11329
f 11398 11397 11327
f 11330 11397 11398
f 11399 11329 11398
f 11328 11399 11398
f 11399 11328 11393
f 11400 11333 11426
f 11332 11402 11421
f 11332 11403 11404
f 11332 11421 11405
f 11406 11403 11332
f 11407 11403 11406
f 11407 11406 11310
f 11341 11332 11404
f 11341 11331 11332
f 11333 11404 11438
f 11304 11333 11400
f 11310 11408 11407
f 11333 11438 11427
f 11052 11065 11063
f 11438 11407 11408
f 11400 11401 11304
f 11411 11429 11408
f 11409 11304 11401
f 11304 11409 11430
f 11064 11051 11050
f 11409 11410 11411
f 11430 11409 11411
f 11412 11304 11430
f 11413 11343 11304
f 11416 11414 11415
f 11414 11419 11415
f 11416 11336 11337
f 11337 11335 11417
f 11418 11416 11337
f 11337 11417 11418
f 11419 11414 11418
f 11416 11418 11414
f 11419 11418 11420
f 11339 11415 11421
f 11419 11421 11415
f 11420 11421 11419
f 11217 11311 11420
f 11311 11421 11420
f 11340 11301 11339
f 11340 11339 11402
f 11340 11402 11332
f 11421 11402 11339
f 11311 11405 11421
f 11311 11310 11405
f 11258 11411 11408
f 11413 11304 11412
f 11422 11361 11423
f 11413 11424 11343
f 11424 11361 11343
f 11424 11423 11361
f 11437 11424 11413
f 11372 11347 11346
f 11309 11293 11296
f 11313 11280 11383
f 11335 11425 11417
f 11418 11417 11231
f 11258 11408 11310
f 11361 11277 11343
f 11401 11400 11426
f 11333 11427 11426
f 11426 11427 11429
f 11426 11429 11428
f 11329 11326 11330
f 11428 11429 11410
f 11430 11431 11412
f 11430 11411 11431
f 11431 11411 11432
f 11413 11436 11434
f 11433 11413 11434
f 11435 11434 11436
f 11433 11434 11440
f 11433 11437 11413
f 11440 11437 11433
f 11332 11405 11406
f 11405 11310 11406
f 11429 11438 11408
f 11438 11429 11427
f 11429 11411 11410
f 11422 11432 11411
f 11411 11361 11422
f 11412 11436 11413
f 11439 11423 11424
f 11435 11436 11432
f 11435 11432 11422
f 11435 11422 11423
f 11439 11424 11437
f 11434 11435 11440
f 11440 11435 11439
f 11440 11439 11437
f 11435 11423 11439
f 11069 11049 11074
f 11113 11112 11098
f 11326 11327 11397
f 11116 11103 11099
f 11116 11115 11103
f 11100 11081 11098
f 11082 11078 11081
f 11078 11079 11081
f 11079 11080 11081
f 11114 11070 11441
f 11070 11069 11441
f 11084 11441 11069
f 11084 11101 11441
f 11101 11104 11441
f 11104 11116 11441
f 11116 11086 11441
f 11114 11441 11086
f 11074 11088 11071
f 11074 11084 11073
f 11088 11074 11073
f 11084 11074 11443
f 11058 11054 11442
f 11054 11443 11442
f 11442 11068 11058
f 11442 11443 11068
f 11068 11443 11067
f 11109 11110 11111
f 11092 11111 11112
f 11106 11103 11115
f 11436 11412 11432
f 11347 11372 11371
f 11410 11409 11401
f 11404 11403 11407
f 11426 11428 11401
f 11391 11394 11390
f 11384 11385 11387
f 11387 11381 11384
f 11345 11351 11370
f 11351 11350 11344
f 11104 11083 11102
f 11102 11099 11105
f 11061 11059 11062
f 11053 11052 11048
f 11053 11048 11064
f 11053 11064 11065
f 11064 11089 11051
f 11392 11390 11318
f 11463 11444 11445
f 11464 11446 11463
f 11447 11448 11450
f 11448 11449 11450
f 11451 11452 11453
f 11452 11454 11453
f 11451 11453 11462
f 11450 11462 11453
f 11450 11453 11447
f 11464 11840 11446
f 11454 11451 11455
f 11451 11454 11457
f 11452 11459 11460
f 11457 11459 11452
f 11459 11457 11454
f 11452 11460 11454
f 11458 11454 11460
f 11448 11451 11449
f 11451 11462 11449
f 11458 11460 11456
f 11456 11460 11453
f 11461 11447 11462
f 11462 11447 11460
f 11453 11460 11447
f 11455 11445 11456
f 11459 11456 11445
f 11445 11460 11459
f 11460 11445 11449
f 11454 11456 11453
f 11465 11463 11455
f 11455 11456 11454
f 11463 11465 11464
f 11446 11444 11463
f 11474 11481 11840
f 11840 11471 11446
f 11444 11466 11467
f 11466 11468 11469
f 11444 11446 11466
f 11466 11471 11468
f 11472 11840 11451
f 11473 11451 11448
f 11840 11472 11474
f 11474 11472 11475
f 11476 11475 11472
f 11510 11495 11493
f 11483 11513 11495
f 11509 11483 11495
f 11477 11495 11478
f 11513 11497 11495
f 11493 11495 11490
f 11506 11508 11489
f 11478 11480 11479
f 11481 11466 11469
f 11475 11479 11474
f 11474 11479 11482
f 11497 11513 11496
f 11498 11481 11482
f 11498 11479 11480
f 11445 11484 11461
f 11469 11470 11481
f 11519 11461 11484
f 11519 11486 11461
f 11472 11451 11487
f 11487 11488 11472
f 11476 11472 11488
f 11506 11477 11488
f 11489 11477 11506
f 11477 11476 11488
f 11489 11490 11477
f 11491 11487 11473
f 11487 11451 11473
f 11467 11531 11492
f 11495 11477 11490
f 11490 11489 11493
f 11493 11489 11510
f 11494 11445 11444
f 11467 11492 11494
f 11467 11494 11444
f 11497 11496 11478
f 11496 11499 11478
f 11500 11502 11496
f 11513 11501 11502
f 11503 11502 11500
f 11513 11502 11503
f 11473 11448 11486
f 11480 11501 11498
f 11499 11480 11478
f 11484 11517 11519
f 11445 11504 11484
f 11505 11488 11487
f 11505 11506 11488
f 11483 11509 11511
f 11509 11508 11511
f 11467 11511 11531
f 11489 11509 11510
f 11505 11487 11491
f 11491 11473 11514
f 11514 11534 11491
f 11445 11494 11515
f 11516 11445 11515
f 11513 11503 11512
f 11473 11486 11514
f 11484 11504 11517
f 11518 11486 11517
f 11486 11519 11517
f 11520 11506 11521
f 11507 11506 11520
f 11492 11531 11535
f 11515 11494 11492
f 11515 11492 11516
f 11535 11516 11492
f 11536 11534 11514
f 11516 11504 11445
f 11523 11517 11504
f 11524 11514 11486
f 11524 11486 11518
f 11525 11524 11518
f 11517 11526 11518
f 11526 11525 11518
f 11526 11517 11523
f 11527 11528 11521
f 11520 11521 11529
f 11530 11508 11529
f 11530 11511 11508
f 11511 11530 11531
f 11520 11529 11507
f 11508 11507 11529
f 11506 11527 11521
f 11528 11527 11505
f 11528 11505 11522
f 11505 11527 11506
f 11505 11491 11532
f 11541 11538 11533
f 11776 11775 11774
f 11535 11537 11504
f 11761 11713 11760
f 11809 11828 11829
f 11535 11504 11516
f 11744 11768 11752
f 11491 11533 11538
f 11825 11807 11798
f 11801 11804 11835
f 11547 11540 11537
f 11547 11537 11535
f 11754 11751 11753
f 11743 11692 11742
f 11547 11535 11539
f 11455 11463 11445
f 11541 11536 11514
f 11541 11533 11536
f 11523 11504 11540
f 11537 11540 11504
f 11524 11541 11514
f 11526 11523 11525
f 11521 11542 11529
f 11528 11542 11521
f 11543 11530 11529
f 11531 11530 11544
f 11505 11532 11522
f 11544 11535 11531
f 11536 11533 11534
f 11499 11502 11501
f 11533 11491 11534
f 11545 11540 11547
f 11545 11547 11539
f 11540 11545 11546
f 11540 11546 11523
f 11546 11525 11523
f 11542 11548 11549
f 11529 11542 11549
f 11543 11529 11549
f 11528 11550 11542
f 11535 11544 11551
f 11543 11551 11544
f 11544 11530 11543
f 11539 11535 11551
f 11552 11545 11539
f 11552 11553 11545
f 11545 11554 11546
f 11550 11548 11542
f 11543 11549 11548
f 11522 11532 11555
f 11539 11551 11556
f 11491 11538 11557
f 11553 11563 11554
f 11554 11545 11553
f 11552 11558 11553
f 11546 11554 11525
f 11550 11528 11522
f 11551 11543 11548
f 11559 11552 11539
f 11538 11560 11557
f 11552 11559 11561
f 11558 11552 11561
f 11560 11538 11541
f 11562 11564 11554
f 11553 11558 11563
f 11558 11562 11563
f 11562 11554 11563
f 11555 11550 11522
f 11539 11565 11559
f 11491 11557 11566
f 11567 11562 11558
f 11564 11525 11554
f 11548 11550 11555
f 11551 11548 11568
f 11551 11568 11556
f 11569 11568 11548
f 11555 11532 11593
f 11491 11566 11570
f 11571 11559 11565
f 11560 11572 11557
f 11541 11573 11574
f 11574 11560 11541
f 11567 11564 11562
f 11541 11575 11573
f 11541 11577 11587
f 11577 11541 11524
f 11576 11577 11524
f 11548 11578 11569
f 11579 11569 11578
f 11580 11532 11491
f 11593 11532 11580
f 11569 11581 11568
f 11568 11581 11556
f 11608 11582 11583
f 11608 11583 11570
f 11580 11491 11583
f 11583 11491 11570
f 11565 11539 11584
f 11574 11585 11560
f 11572 11566 11557
f 11571 11561 11559
f 11574 11573 11586
f 11574 11586 11585
f 11561 11567 11558
f 11575 11587 11588
f 11577 11589 11587
f 11575 11541 11587
f 11576 11589 11577
f 11525 11602 11576
f 11576 11524 11525
f 11590 11578 11548
f 11569 11579 11581
f 11583 11582 11591
f 11592 11593 11580
f 11591 11592 11580
f 11580 11583 11591
f 11556 11594 11584
f 11556 11581 11594
f 11566 11595 11570
f 11566 11612 11595
f 11556 11584 11539
f 11572 11597 11596
f 11596 11611 11566
f 11572 11585 11597
f 11598 11571 11565
f 11561 11571 11598
f 11585 11586 11599
f 11586 11573 11575
f 11572 11560 11585
f 11596 11566 11572
f 11567 11600 11564
f 11587 11589 11588
f 11601 11589 11576
f 11564 11600 11602
f 11602 11601 11576
f 11564 11602 11525
f 11603 11592 11591
f 11604 11605 11593
f 11590 11555 11593
f 11555 11590 11548
f 11606 11581 11579
f 11609 11610 11608
f 11610 11582 11608
f 11591 11582 11603
f 11593 11592 11604
f 11596 11607 11611
f 11596 11597 11607
f 11612 11611 11613
f 11613 11611 11607
f 11595 11609 11570
f 11608 11570 11609
f 11614 11598 11565
f 11565 11584 11614
f 11586 11644 11615
f 11586 11615 11597
f 11586 11597 11599
f 11599 11597 11585
f 11566 11611 11612
f 11617 11616 11588
f 11567 11561 11598
f 11598 11600 11567
f 11588 11589 11617
f 11618 11589 11601
f 11619 11618 11601
f 11620 11618 11619
f 11600 11601 11602
f 11619 11601 11600
f 11621 11582 11610
f 11622 11604 11603
f 11623 11590 11593
f 11578 11590 11579
f 11595 11624 11609
f 11624 11595 11625
f 11604 11592 11603
f 11581 11606 11594
f 11644 11645 11615
f 11597 11627 11607
f 11625 11595 11612
f 11612 11613 11625
f 11613 11607 11626
f 11613 11626 11625
f 11644 11586 11575
f 11628 11598 11614
f 11617 11589 11629
f 11618 11629 11589
f 11630 11649 11621
f 11582 11631 11622
f 11604 11622 11632
f 11605 11633 11593
f 11579 11590 11634
f 11637 11638 11626
f 11624 11630 11609
f 11630 11610 11609
f 11582 11621 11631
f 11621 11610 11630
f 11603 11582 11622
f 11605 11604 11632
f 11633 11623 11593
f 11623 11639 11590
f 11579 11634 11641
f 11636 11597 11615
f 11597 11636 11627
f 11636 11615 11635
f 11625 11626 11638
f 11607 11637 11626
f 11637 11607 11627
f 11625 11638 11624
f 11642 11584 11594
f 11642 11614 11584
f 11594 11606 11640
f 11643 11616 11617
f 11635 11615 11645
f 11635 11645 11644
f 11616 11635 11644
f 11575 11616 11644
f 11588 11616 11575
f 11646 11620 11619
f 11600 11646 11619
f 11646 11600 11628
f 11600 11598 11628
f 11631 11649 11693
f 11693 11663 11622
f 11632 11633 11605
f 11623 11633 11639
f 11647 11653 11652
f 11638 11637 11648
f 11624 11638 11669
f 11649 11631 11621
f 11630 11624 11649
f 11693 11622 11631
f 11632 11622 11663
f 11590 11639 11634
f 11606 11641 11650
f 11606 11579 11641
f 11650 11640 11606
f 11651 11643 11683
f 11616 11643 11652
f 11652 11643 11651
f 11653 11637 11627
f 11653 11648 11637
f 11653 11654 11652
f 11636 11654 11653
f 11636 11653 11627
f 11636 11635 11654
f 11594 11656 11642
f 11643 11617 11683
f 11652 11654 11616
f 11616 11654 11635
f 11657 11646 11658
f 11685 11617 11629
f 11659 11685 11629
f 11646 11659 11660
f 11646 11628 11658
f 11659 11629 11618
f 11660 11659 11618
f 11620 11646 11660
f 11618 11620 11660
f 11661 11693 11649
f 11693 11662 11663
f 11632 11663 11664
f 11664 11665 11632
f 11665 11633 11632
f 11666 11633 11665
f 11633 11667 11639
f 11634 11639 11673
f 11647 11710 11668
f 11669 11714 11624
f 11624 11714 11670
f 11649 11624 11670
f 11672 11671 11808
f 11673 11641 11634
f 11650 11641 11674
f 11675 11650 11674
f 11671 11640 11675
f 11677 11678 11651
f 11647 11679 11653
f 11678 11647 11652
f 11668 11679 11647
f 11679 11648 11653
f 11678 11652 11651
f 11648 11669 11638
f 11648 11679 11669
f 11655 11614 11642
f 11656 11655 11642
f 11594 11672 11656
f 11671 11672 11594
f 11671 11594 11640
f 11650 11675 11640
f 11680 11651 11681
f 11651 11680 11676
f 11682 11657 11658
f 11658 11628 11682
f 11683 11684 11681
f 11651 11683 11681
f 11685 11684 11683
f 11686 11685 11687
f 11683 11617 11685
f 11686 11687 11657
f 11685 11659 11687
f 11687 11646 11657
f 11646 11687 11659
f 11665 11688 11689
f 11749 11706 11691
f 11691 11692 11749
f 11731 11693 11690
f 11706 11750 11690
f 11693 11694 11695
f 11695 11696 11662
f 11662 11696 11663
f 11663 11696 11697
f 11697 11700 11663
f 11699 11698 11688
f 11700 11698 11699
f 11664 11688 11665
f 11688 11664 11699
f 11689 11666 11665
f 11701 11667 11666
f 11673 11667 11701
f 11714 11713 11702
f 11702 11703 11714
f 11705 11703 11702
f 11703 11704 11670
f 11670 11714 11703
f 11704 11703 11705
f 11705 11691 11704
f 11649 11670 11704
f 11706 11661 11691
f 11661 11706 11693
f 11649 11691 11661
f 11649 11704 11691
f 11770 11628 11822
f 11693 11695 11662
f 11700 11664 11663
f 11699 11664 11700
f 11655 11707 11708
f 11667 11633 11666
f 11655 11656 11808
f 11639 11667 11673
f 11673 11674 11641
f 11710 11709 11668
f 11777 11711 11668
f 11668 11711 11713
f 11679 11668 11712
f 11668 11713 11712
f 11713 11714 11712
f 11682 11764 11686
f 11679 11712 11669
f 11714 11669 11712
f 11628 11770 11682
f 11708 11614 11655
f 11808 11656 11672
f 11675 11808 11671
f 11680 11789 11715
f 11715 11716 11717
f 11715 11717 11680
f 11717 11676 11680
f 11719 11676 11718
f 11718 11676 11717
f 11719 11677 11676
f 11676 11677 11651
f 11647 11678 11710
f 11710 11678 11677
f 11682 11686 11657
f 11721 11723 11722
f 11723 11726 11722
f 11721 11720 11724
f 11724 11720 11725
f 11723 11721 11724
f 11723 11794 11727
f 11795 11724 11725
f 11721 11681 11720
f 11681 11684 11720
f 11722 11681 11721
f 11680 11681 11722
f 11720 11684 11725
f 11680 11722 11726
f 11684 11686 11725
f 11790 11725 11686
f 11790 11686 11792
f 11685 11686 11684
f 11737 11728 11688
f 11729 11728 11737
f 11801 11730 11701
f 11738 11801 11701
f 11734 11731 11732
f 11731 11733 11694
f 11694 11733 11695
f 11734 11733 11731
f 11813 11812 11733
f 11735 11697 11696
f 11735 11696 11733
f 11812 11697 11735
f 11812 11735 11733
f 11812 11736 11697
f 11736 11698 11697
f 11688 11698 11737
f 11728 11689 11688
f 11728 11738 11689
f 11738 11739 11689
f 11739 11701 11666
f 11738 11701 11739
f 11673 11701 11740
f 11744 11692 11743
f 11747 11745 11746
f 11745 11747 11748
f 11745 11748 11742
f 11769 11742 11767
f 11743 11742 11769
f 11692 11753 11749
f 11749 11751 11750
f 11751 11749 11753
f 11751 11755 11750
f 11753 11692 11752
f 11468 11485 11469
f 11755 11751 11754
f 11754 11752 11755
f 11755 11752 11770
f 11752 11754 11753
f 11749 11750 11706
f 11690 11755 11756
f 11690 11756 11731
f 11690 11750 11755
f 11770 11757 11755
f 11756 11732 11731
f 11822 11756 11755
f 11732 11756 11822
f 11822 11755 11757
f 11770 11822 11757
f 11693 11731 11694
f 11696 11695 11733
f 11817 11815 11614
f 11697 11698 11700
f 11666 11689 11739
f 11673 11740 11674
f 11758 11808 11675
f 11758 11675 11674
f 11759 11762 11760
f 11761 11760 11762
f 11762 11759 11786
f 11762 11786 11761
f 11713 11764 11702
f 11763 11741 11747
f 11741 11763 11765
f 11764 11763 11702
f 11764 11765 11763
f 11765 11764 11766
f 11765 11766 11741
f 11766 11748 11741
f 11705 11702 11746
f 11763 11746 11702
f 11763 11747 11746
f 11766 11682 11767
f 11745 11705 11746
f 11745 11742 11705
f 11767 11748 11766
f 11768 11769 11767
f 11691 11705 11692
f 11742 11692 11705
f 11744 11752 11692
f 11682 11770 11752
f 11682 11752 11768
f 11481 11474 11482
f 11767 11682 11768
f 11822 11628 11814
f 11614 11815 11628
f 11719 11718 11771
f 11772 11719 11771
f 11774 11777 11668
f 11677 11719 11778
f 11709 11774 11668
f 11777 11774 11775
f 11709 11776 11774
f 11710 11776 11709
f 11780 11776 11710
f 11780 11777 11775
f 11780 11783 11777
f 11778 11780 11677
f 11778 11773 11781
f 11778 11719 11773
f 11776 11780 11775
f 11779 11780 11778
f 11779 11783 11780
f 11784 11779 11778
f 11686 11783 11782
f 11784 11782 11779
f 11779 11782 11783
f 11711 11760 11713
f 11783 11711 11777
f 11711 11759 11760
f 11785 11759 11711
f 11783 11785 11711
f 11785 11783 11686
f 11479 11498 11482
f 11786 11759 11785
f 11686 11786 11785
f 11786 11686 11761
f 11713 11761 11764
f 11761 11686 11764
f 11764 11682 11766
f 11485 11470 11469
f 11796 11790 11789
f 11788 11787 11789
f 11790 11791 11788
f 11715 11787 11716
f 11793 11717 11716
f 11789 11790 11788
f 11787 11791 11716
f 11793 11716 11791
f 11793 11791 11792
f 11791 11790 11792
f 11718 11717 11793
f 11771 11718 11793
f 11772 11773 11719
f 11458 11459 11454
f 11771 11793 11772
f 11793 11792 11772
f 11772 11792 11773
f 11773 11792 11686
f 11686 11781 11773
f 11782 11781 11686
f 11452 11451 11457
f 11789 11680 11796
f 11727 11795 11726
f 11796 11680 11726
f 11795 11794 11724
f 11727 11794 11795
f 11796 11726 11795
f 11725 11796 11795
f 11796 11725 11790
f 11797 11730 11823
f 11729 11799 11818
f 11729 11800 11801
f 11729 11818 11802
f 11803 11800 11729
f 11804 11800 11803
f 11804 11803 11707
f 11738 11729 11801
f 11738 11728 11729
f 11730 11801 11835
f 11701 11730 11797
f 11707 11805 11804
f 11730 11835 11824
f 11449 11462 11460
f 11835 11804 11805
f 11797 11798 11701
f 11808 11826 11805
f 11806 11701 11798
f 11701 11806 11827
f 11461 11448 11447
f 11806 11807 11808
f 11827 11806 11808
f 11809 11701 11827
f 11810 11740 11701
f 11813 11811 11812
f 11811 11816 11812
f 11813 11733 11734
f 11734 11732 11814
f 11815 11813 11734
f 11734 11814 11815
f 11816 11811 11815
f 11813 11815 11811
f 11816 11815 11817
f 11736 11812 11818
f 11816 11818 11812
f 11817 11818 11816
f 11614 11708 11817
f 11708 11818 11817
f 11737 11698 11736
f 11737 11736 11799
f 11737 11799 11729
f 11818 11799 11736
f 11708 11802 11818
f 11708 11707 11802
f 11655 11808 11805
f 11810 11701 11809
f 11819 11758 11820
f 11810 11821 11740
f 11821 11758 11740
f 11821 11820 11758
f 11834 11821 11810
f 11769 11744 11743
f 11706 11690 11693
f 11710 11677 11780
f 11732 11822 11814
f 11815 11814 11628
f 11655 11805 11707
f 11758 11674 11740
f 11798 11797 11823
f 11730 11824 11823
f 11823 11824 11826
f 11823 11826 11825
f 11726 11723 11727
f 11825 11826 11807
f 11827 11828 11809
f 11827 11808 11828
f 11828 11808 11829
f 11810 11833 11831
f 11830 11810 11831
f 11832 11831 11833
f 11830 11831 11837
f 11830 11834 11810
f 11837 11834 11830
f 11729 11802 11803
f 11802 11707 11803
f 11826 11835 11805
f 11835 11826 11824
f 11826 11808 11807
f 11819 11829 11808
f 11808 11758 11819
f 11809 11833 11810
f 11836 11820 11821
f 11832 11833 11829
f 11832 11829 11819
f 11832 11819 11820
f 11836 11821 11834
f 11831 11832 11837
f 11837 11832 11836
f 11837 11836 11834
f 11832 11820 11836
f 11466 11446 11471
f 11510 11509 11495
f 11723 11724 11794
f 11513 11500 11496
f 11513 11512 11500
f 11497 11478 11495
f 11479 11475 11478
f 11475 11476 11478
f 11476 11477 11478
f 11511 11467 11838
f 11467 11466 11838
f 11481 11838 11466
f 11481 11498 11838
f 11498 11501 11838
f 11501 11513 11838
f 11513 11483 11838
f 11511 11838 11483
f 11471 11485 11468
f 11471 11481 11470
f 11485 11471 11470
f 11481 11471 11840
f 11455 11451 11839
f 11451 11840 11839
f 11839 11465 11455
f 11839 11840 11465
f 11465 11840 11464
f 11506 11507 11508
f 11489 11508 11509
f 11503 11500 11512
f 11833 11809 11829
f 11744 11769 11768
f 11807 11806 11798
f 11801 11800 11804
f 11823 11825 11798
f 11788 11791 11787
f 11781 11782 11784
f 11784 11778 11781
f 11742 11748 11767
f 11748 11747 11741
f 11501 11480 11499
f 11499 11496 11502
f 11458 11456 11459
f 11450 11449 11445
f 11450 11445 11461
f 11450 11461 11462
f 11461 11486 11448
f 11789 11787 11715
f 11849 11844 11850
f 11851 11850 11844
f 11841 11842 11843
f 11842 11841 11858
f 11843 11844 11841
f 11843 11845 11844
f 11846 11858 11841
f 11844 11846 11841
f 11847 11846 11849
f 11849 11850 11851
f 11844 11852 11851
f 11852 11853 11851
f 11844 11848 11852
f 11851 11853 11854
f 11854 11852 11848
f 11843 11842 11856
f 11856 11845 11843
f 11856 11842 11855
f 11857 11858 11846
f 11847 11857 11846
f 11858 11857 11864
f 11847 11866 11857
f 11948 11911 11949
f 11854 11853 11852
f 11846 11844 11849
f 11848 11844 11845
f 11873 11861 11860
f 11862 11855 11842
f 11856 11855 11863
f 11855 11862 11863
f 11858 11862 11842
f 11862 11858 11864
f 11865 11862 11864
f 11857 11866 11864
f 11869 11845 11856
f 11866 11847 11867
f 11868 11866 11867
f 11859 11867 11847
f 11867 11859 11870
f 11860 11845 11871
f 11872 11859 11873
f 11859 11861 11873
f 11874 11865 11864
f 11876 11856 11863
f 11871 11869 11877
f 11864 11866 11868
f 11875 11864 11868
f 11867 11870 11868
f 11878 11868 11870
f 11859 11879 11880
f 11869 11871 11845
f 11879 11859 11872
f 11881 11879 11872
f 11860 11871 11883
f 11882 11881 11872
f 11882 11872 11883
f 11860 11883 11873
f 11883 11872 11873
f 11865 11884 11862
f 11863 11884 11885
f 11884 11863 11862
f 11876 11869 11856
f 11876 11877 11869
f 11868 11886 11875
f 11878 11886 11868
f 11871 11877 11887
f 11878 11870 11880
f 11880 11870 11859
f 11879 11881 11880
f 11865 11874 11884
f 11875 11888 11889
f 11886 11888 11875
f 11877 11876 11891
f 11874 11864 11875
f 11886 11878 11890
f 11880 11881 11878
f 11892 11881 11882
f 11887 11883 11871
f 11882 11883 11892
f 11863 11885 11893
f 11893 11876 11863
f 11877 11891 11894
f 11877 11894 11887
f 11886 11890 11888
f 11892 11895 11881
f 11896 11892 11883
f 11887 11896 11883
f 11891 11876 11893
f 11895 11892 11896
f 11897 11875 11889
f 11875 11897 11874
f 11878 11898 11890
f 11878 11881 11895
f 11899 11884 11900
f 11885 11884 11899
f 11885 11899 11893
f 11900 11884 11897
f 11884 11874 11897
f 11897 11889 11907
f 11888 11890 11889
f 11889 11890 11898
f 11898 11878 11895
f 11895 11901 11898
f 11902 11895 11896
f 11887 11902 11896
f 11903 11899 11900
f 11891 11904 11894
f 11905 11898 11901
f 11887 11894 11910
f 11906 11887 11910
f 11900 11897 11907
f 11906 11902 11887
f 11901 11895 11902
f 11906 11908 11902
f 11902 11908 11901
f 11893 11909 11891
f 11909 11904 11891
f 11905 11901 11911
f 11912 11908 11910
f 11908 11911 11901
f 11910 11908 11906
f 11913 11914 11900
f 11913 11900 11907
f 11893 11899 11915
f 11916 11910 11894
f 11912 11910 11916
f 11917 11914 11913
f 11913 11907 11917
f 11904 11916 11894
f 11914 11918 11903
f 11909 11893 11919
f 11949 11908 11912
f 11900 11914 11903
f 11907 11889 11898
f 11905 11920 11898
f 11915 11899 11903
f 11904 11909 11921
f 11912 11916 11922
f 11921 11916 11904
f 11916 11921 11922
f 11924 11920 11905
f 11924 11905 11911
f 11908 11949 11911
f 11922 11949 11912
f 11914 11917 11935
f 11925 11903 11918
f 11915 11919 11893
f 11926 11917 11907
f 11923 11898 11920
f 11927 11928 11919
f 11919 11928 11909
f 11921 11909 11928
f 11921 11929 11922
f 11927 11919 11915
f 11915 11903 11925
f 11927 11915 11925
f 11935 11918 11914
f 11931 11935 11926
f 11932 11918 11935
f 11926 11907 11898
f 11926 11935 11917
f 11928 11927 11933
f 11929 11928 11933
f 11929 11921 11928
f 11950 11922 11929
f 11922 11950 11949
f 11934 11925 11918
f 11935 11931 11932
f 11932 11936 11918
f 11930 11926 11937
f 11926 11898 11937
f 11930 11931 11926
f 11934 11918 11936
f 11938 11927 11925
f 11925 11934 11938
f 11933 11927 11938
f 11923 11939 11898
f 11898 11939 11937
f 11948 11924 11911
f 11931 11930 11936
f 11936 11940 11934
f 11940 11938 11934
f 11942 11923 11920
f 11948 11943 11924
f 11936 11932 11931
f 11937 11941 11930
f 11942 11920 11924
f 11938 11944 11933
f 11929 11933 11945
f 11940 11946 11938
f 11940 11936 11947
f 11948 11949 11950
f 11951 11936 11930
f 11947 11936 11951
f 11941 11937 11939
f 11939 11959 11941
f 11952 11951 11930
f 11941 11952 11930
f 11953 11959 11939
f 11939 11954 11953
f 11941 11955 11952
f 11941 11959 11955
f 11954 11939 11923
f 11942 11954 11923
f 11943 11942 11924
f 11956 11940 11947
f 11938 11946 11944
f 11945 11933 11957
f 11957 11929 11945
f 11958 11947 11951
f 11960 11952 11955
f 11955 11959 11960
f 11953 11960 11959
f 11942 11961 11954
f 11962 11948 11963
f 11963 11948 11950
f 11961 11953 11954
f 11961 11942 11943
f 11956 11966 11964
f 11956 11964 11946
f 11957 11933 11944
f 11965 11950 11929
f 11967 11966 11956
f 11966 11967 11958
f 11956 11946 11940
f 11956 11947 11967
f 11958 11967 11947
f 11958 11951 11968
f 11968 11951 11952
f 11969 11961 11943
f 11969 11948 11962
f 11943 11948 11969
f 11970 11963 11950
f 11965 11970 11950
f 11970 11976 11963
f 11961 11960 11953
f 11971 11952 11960
f 11976 11962 11963
f 11966 11972 11964
f 11968 11966 11958
f 11944 11946 11973
f 11957 11944 11973
f 11957 11965 11929
f 11968 11952 11974
f 11974 11952 11971
f 11975 11971 11961
f 11971 11975 11974
f 11971 11960 11961
f 11976 11969 11962
f 11977 11972 11978
f 11972 11977 11979
f 11964 11972 11979
f 11980 11978 11972
f 11973 11964 11979
f 11964 11973 11946
f 11973 11981 11957
f 11982 11965 11957
f 11982 11957 11981
f 11965 11982 11983
f 11972 11966 11980
f 11980 11966 11968
f 11980 11968 11974
f 11975 11984 11974
f 11961 11969 11975
f 11976 11985 11969
f 11965 11983 11970
f 11983 11976 11970
f 11989 11988 11986
f 11986 11987 11989
f 11978 11989 11977
f 11989 11987 11977
f 11978 11990 11989
f 11990 11978 11980
f 11977 11987 11973
f 11973 11979 11977
f 11974 11984 11980
f 11975 11969 11991
f 11991 11969 11985
f 11991 11985 11992
f 11983 11982 11981
f 11983 11993 11976
f 11983 12027 11993
f 11985 11976 11993
f 11996 11994 11995
f 11994 12000 11995
f 11994 11997 11998
f 11998 11997 11999
f 11995 12000 12013
f 11994 12002 11997
f 11999 11997 11988
f 11986 12002 11996
f 11996 12001 11986
f 11986 12001 11987
f 12002 11986 11988
f 11988 11989 11990
f 11994 11996 12002
f 11997 12002 11988
f 11999 11988 11990
f 11996 12003 12001
f 12003 11987 12001
f 11973 11987 12003
f 12003 12004 11973
f 11990 11980 11984
f 11973 12004 12005
f 12005 12006 11973
f 11981 11973 12006
f 11981 12006 12007
f 12008 11983 11981
f 12008 12027 11983
f 11992 12009 11991
f 11992 11985 12010
f 11985 11993 12010
f 12010 11993 12027
f 11994 11998 12000
f 12000 11998 12011
f 12000 12011 12013
f 12012 12011 11998
f 12013 12011 12014
f 12003 11995 12013
f 11995 12003 11996
f 12003 12013 12016
f 12015 12016 12013
f 12017 12004 12003
f 12016 12017 12003
f 12012 11998 11999
f 12018 12012 11999
f 12018 12019 12012
f 12018 11999 11990
f 11984 12020 12018
f 12020 11984 12021
f 12005 12007 12006
f 12018 11990 11984
f 12022 12021 11984
f 11975 12022 11984
f 12022 12023 12024
f 11975 12023 12022
f 12023 12009 12025
f 12025 12026 12023
f 12025 12009 11992
f 11981 12007 12008
f 12028 12008 12007
f 12028 12027 12008
f 12010 12027 11992
f 12023 11975 12009
f 11991 12009 11975
f 12015 12014 12029
f 12030 12029 12014
f 12030 12017 12029
f 12030 12014 12034
f 12030 12034 12031
f 12032 12030 12031
f 12030 12032 12017
f 12017 12033 12004
f 12017 12032 12033
f 12013 12014 12015
f 12012 12014 12011
f 12034 12014 12012
f 12019 12034 12012
f 12034 12019 12035
f 12015 12029 12016
f 12029 12017 12016
f 12035 12019 12020
f 12033 12036 12004
f 12005 12004 12036
f 12020 12019 12018
f 12021 12035 12020
f 12022 12037 12021
f 12038 12042 12005
f 12038 12048 12042
f 12042 12007 12005
f 12042 12039 12007
f 12039 12028 12007
f 12040 12041 12039
f 12039 12041 12028
f 12042 12040 12039
f 12043 12023 12026
f 12026 12025 12044
f 12044 12041 12040
f 12025 11992 12041
f 12025 12041 12044
f 12027 12028 11992
f 11992 12028 12041
f 12035 12031 12034
f 12045 12031 12035
f 12045 12032 12031
f 12032 12036 12033
f 12032 12045 12036
f 12037 12035 12021
f 12035 12037 12046
f 12045 12035 12046
f 12024 12046 12037
f 12022 12024 12037
f 12024 12043 12046
f 12043 12024 12023
f 12026 12048 12043
f 12048 12038 12049
f 12048 12040 12042
f 12048 12044 12040
f 12048 12026 12044
f 12050 12036 12045
f 12051 12052 12050
f 12050 12052 12036
f 12036 12052 12005
f 12051 12050 12045
f 12046 12051 12045
f 12051 12053 12052
f 12054 12051 12046
f 12046 12047 12054
f 12054 12053 12051
f 12053 12054 12055
f 12005 12052 12058
f 12052 12053 12058
f 12058 12038 12005
f 12047 12046 12043
f 12043 12056 12047
f 12057 12056 12038
f 12038 12056 12049
f 12056 12043 12048
f 12049 12056 12048
f 12047 12055 12054
f 12058 12053 12055
f 12055 12057 12058
f 12047 12057 12055
f 12056 12057 12047
f 12038 12058 12057
f 11861 11859 11849
f 11854 11861 11849
f 11859 11847 11849
f 11849 11851 11854
f 11861 11854 11848
f 11861 11848 11845
f 11860 11861 11845
f 12067 12062 12068
f 12069 12068 12062
f 12059 12060 12061
f 12060 12059 12076
f 12061 12062 12059
f 12061 12063 12062
f 12064 12076 12059
f 12062 12064 12059
f 12065 12064 12067
f 12067 12068 12069
f 12062 12070 12069
f 12070 12071 12069
f 12062 12066 12070
f 12069 12071 12072
f 12072 12070 12066
f 12061 12060 12074
f 12074 12063 12061
f 12074 12060 12073
f 12075 12076 12064
f 12065 12075 12064
f 12076 12075 12082
f 12065 12084 12075
f 12166 12129 12167
f 12072 12071 12070
f 12064 12062 12067
f 12066 12062 12063
f 12091 12079 12078
f 12080 12073 12060
f 12074 12073 12081
f 12073 12080 12081
f 12076 12080 12060
f 12080 12076 12082
f 12083 12080 12082
f 12075 12084 12082
f 12087 12063 12074
f 12084 12065 12085
f 12086 12084 12085
f 12077 12085 12065
f 12085 12077 12088
f 12078 12063 12089
f 12090 12077 12091
f 12077 12079 12091
f 12092 12083 12082
f 12094 12074 12081
f 12089 12087 12095
f 12082 12084 12086
f 12093 12082 12086
f 12085 12088 12086
f 12096 12086 12088
f 12077 12097 12098
f 12087 12089 12063
f 12097 12077 12090
f 12099 12097 12090
f 12078 12089 12101
f 12100 12099 12090
f 12100 12090 12101
f 12078 12101 12091
f 12101 12090 12091
f 12083 12102 12080
f 12081 12102 12103
f 12102 12081 12080
f 12094 12087 12074
f 12094 12095 12087
f 12086 12104 12093
f 12096 12104 12086
f 12089 12095 12105
f 12096 12088 12098
f 12098 12088 12077
f 12097 12099 12098
f 12083 12092 12102
f 12093 12106 12107
f 12104 12106 12093
f 12095 12094 12109
f 12092 12082 12093
f 12104 12096 12108
f 12098 12099 12096
f 12110 12099 12100
f 12105 12101 12089
f 12100 12101 12110
f 12081 12103 12111
f 12111 12094 12081
f 12095 12109 12112
f 12095 12112 12105
f 12104 12108 12106
f 12110 12113 12099
f 12114 12110 12101
f 12105 12114 12101
f 12109 12094 12111
f 12113 12110 12114
f 12115 12093 12107
f 12093 12115 12092
f 12096 12116 12108
f 12096 12099 12113
f 12117 12102 12118
f 12103 12102 12117
f 12103 12117 12111
f 12118 12102 12115
f 12102 12092 12115
f 12115 12107 12125
f 12106 12108 12107
f 12107 12108 12116
f 12116 12096 12113
f 12113 12119 12116
f 12120 12113 12114
f 12105 12120 12114
f 12121 12117 12118
f 12109 12122 12112
f 12123 12116 12119
f 12105 12112 12128
f 12124 12105 12128
f 12118 12115 12125
f 12124 12120 12105
f 12119 12113 12120
f 12124 12126 12120
f 12120 12126 12119
f 12111 12127 12109
f 12127 12122 12109
f 12123 12119 12129
f 12130 12126 12128
f 12126 12129 12119
f 12128 12126 12124
f 12131 12132 12118
f 12131 12118 12125
f 12111 12117 12133
f 12134 12128 12112
f 12130 12128 12134
f 12135 12132 12131
f 12131 12125 12135
f 12122 12134 12112
f 12132 12136 12121
f 12127 12111 12137
f 12167 12126 12130
f 12118 12132 12121
f 12125 12107 12116
f 12123 12138 12116
f 12133 12117 12121
f 12122 12127 12139
f 12130 12134 12140
f 12139 12134 12122
f 12134 12139 12140
f 12142 12138 12123
f 12142 12123 12129
f 12126 12167 12129
f 12140 12167 12130
f 12132 12135 12153
f 12143 12121 12136
f 12133 12137 12111
f 12144 12135 12125
f 12141 12116 12138
f 12145 12146 12137
f 12137 12146 12127
f 12139 12127 12146
f 12139 12147 12140
f 12145 12137 12133
f 12133 12121 12143
f 12145 12133 12143
f 12153 12136 12132
f 12149 12153 12144
f 12150 12136 12153
f 12144 12125 12116
f 12144 12153 12135
f 12146 12145 12151
f 12147 12146 12151
f 12147 12139 12146
f 12168 12140 12147
f 12140 12168 12167
f 12152 12143 12136
f 12153 12149 12150
f 12150 12154 12136
f 12148 12144 12155
f 12144 12116 12155
f 12148 12149 12144
f 12152 12136 12154
f 12156 12145 12143
f 12143 12152 12156
f 12151 12145 12156
f 12141 12157 12116
f 12116 12157 12155
f 12166 12142 12129
f 12149 12148 12154
f 12154 12158 12152
f 12158 12156 12152
f 12160 12141 12138
f 12166 12161 12142
f 12154 12150 12149
f 12155 12159 12148
f 12160 12138 12142
f 12156 12162 12151
f 12147 12151 12163
f 12158 12164 12156
f 12158 12154 12165
f 12166 12167 12168
f 12169 12154 12148
f 12165 12154 12169
f 12159 12155 12157
f 12157 12177 12159
f 12170 12169 12148
f 12159 12170 12148
f 12171 12177 12157
f 12157 12172 12171
f 12159 12173 12170
f 12159 12177 12173
f 12172 12157 12141
f 12160 12172 12141
f 12161 12160 12142
f 12174 12158 12165
f 12156 12164 12162
f 12163 12151 12175
f 12175 12147 12163
f 12176 12165 12169
f 12178 12170 12173
f 12173 12177 12178
f 12171 12178 12177
f 12160 12179 12172
f 12180 12166 12181
f 12181 12166 12168
f 12179 12171 12172
f 12179 12160 12161
f 12174 12184 12182
f 12174 12182 12164
f 12175 12151 12162
f 12183 12168 12147
f 12185 12184 12174
f 12184 12185 12176
f 12174 12164 12158
f 12174 12165 12185
f 12176 12185 12165
f 12176 12169 12186
f 12186 12169 12170
f 12187 12179 12161
f 12187 12166 12180
f 12161 12166 12187
f 12188 12181 12168
f 12183 12188 12168
f 12188 12194 12181
f 12179 12178 12171
f 12189 12170 12178
f 12194 12180 12181
f 12184 12190 12182
f 12186 12184 12176
f 12162 12164 12191
f 12175 12162 12191
f 12175 12183 12147
f 12186 12170 12192
f 12192 12170 12189
f 12193 12189 12179
f 12189 12193 12192
f 12189 12178 12179
f 12194 12187 12180
f 12195 12190 12196
f 12190 12195 12197
f 12182 12190 12197
f 12198 12196 12190
f 12191 12182 12197
f 12182 12191 12164
f 12191 12199 12175
f 12200 12183 12175
f 12200 12175 12199
f 12183 12200 12201
f 12190 12184 12198
f 12198 12184 12186
f 12198 12186 12192
f 12193 12202 12192
f 12179 12187 12193
f 12194 12203 12187
f 12183 12201 12188
f 12201 12194 12188
f 12207 12206 12204
f 12204 12205 12207
f 12196 12207 12195
f 12207 12205 12195
f 12196 12208 12207
f 12208 12196 12198
f 12195 12205 12191
f 12191 12197 12195
f 12192 12202 12198
f 12193 12187 12209
f 12209 12187 12203
f 12209 12203 12210
f 12201 12200 12199
f 12201 12211 12194
f 12201 12245 12211
f 12203 12194 12211
f 12214 12212 12213
f 12212 12218 12213
f 12212 12215 12216
f 12216 12215 12217
f 12213 12218 12231
f 12212 12220 12215
f 12217 12215 12206
f 12204 12220 12214
f 12214 12219 12204
f 12204 12219 12205
f 12220 12204 12206
f 12206 12207 12208
f 12212 12214 12220
f 12215 12220 12206
f 12217 12206 12208
f 12214 12221 12219
f 12221 12205 12219
f 12191 12205 12221
f 12221 12222 12191
f 12208 12198 12202
f 12191 12222 12223
f 12223 12224 12191
f 12199 12191 12224
f 12199 12224 12225
f 12226 12201 12199
f 12226 12245 12201
f 12210 12227 12209
f 12210 12203 12228
f 12203 12211 12228
f 12228 12211 12245
f 12212 12216 12218
f 12218 12216 12229
f 12218 12229 12231
f 12230 12229 12216
f 12231 12229 12232
f 12221 12213 12231
f 12213 12221 12214
f 12221 12231 12234
f 12233 12234 12231
f 12235 12222 12221
f 12234 12235 12221
f 12230 12216 12217
f 12236 12230 12217
f 12236 12237 12230
f 12236 12217 12208
f 12202 12238 12236
f 12238 12202 12239
f 12223 12225 12224
f 12236 12208 12202
f 12240 12239 12202
f 12193 12240 12202
f 12240 12241 12242
f 12193 12241 12240
f 12241 12227 12243
f 12243 12244 12241
f 12243 12227 12210
f 12199 12225 12226
f 12246 12226 12225
f 12246 12245 12226
f 12228 12245 12210
f 12241 12193 12227
f 12209 12227 12193
f 12233 12232 12247
f 12248 12247 12232
f 12248 12235 12247
f 12248 12232 12252
f 12248 12252 12249
f 12250 12248 12249
f 12248 12250 12235
f 12235 12251 12222
f 12235 12250 12251
f 12231 12232 12233
f 12230 12232 12229
f 12252 12232 12230
f 12237 12252 12230
f 12252 12237 12253
f 12233 12247 12234
f 12247 12235 12234
f 12253 12237 12238
f 12251 12254 12222
f 12223 12222 12254
f 12238 12237 12236
f 12239 12253 12238
f 12240 12255 12239
f 12256 12260 12223
f 12256 12266 12260
f 12260 12225 12223
f 12260 12257 12225
f 12257 12246 12225
f 12258 12259 12257
f 12257 12259 12246
f 12260 12258 12257
f 12261 12241 12244
f 12244 12243 12262
f 12262 12259 12258
f 12243 12210 12259
f 12243 12259 12262
f 12245 12246 12210
f 12210 12246 12259
f 12253 12249 12252
f 12263 12249 12253
f 12263 12250 12249
f 12250 12254 12251
f 12250 12263 12254
f 12255 12253 12239
f 12253 12255 12264
f 12263 12253 12264
f 12242 12264 12255
f 12240 12242 12255
f 12242 12261 12264
f 12261 12242 12241
f 12244 12266 12261
f 12266 12256 12267
f 12266 12258 12260
f 12266 12262 12258
f 12266 12244 12262
f 12268 12254 12263
f 12269 12270 12268
f 12268 12270 12254
f 12254 12270 12223
f 12269 12268 12263
f 12264 12269 12263
f 12269 12271 12270
f 12272 12269 12264
f 12264 12265 12272
f 12272 12271 12269
f 12271 12272 12273
f 12223 12270 12276
f 12270 12271 12276
f 12276 12256 12223
f 12265 12264 12261
f 12261 12274 12265
f 12275 12274 12256
f 12256 12274 12267
f 12274 12261 12266
f 12267 12274 12266
f 12265 12273 12272
f 12276 12271 12273
f 12273 12275 12276
f 12265 12275 12273
f 12274 12275 12265
f 12256 12276 12275
f 12079 12077 12067
f 12072 12079 12067
f 12077 12065 12067
f 12067 12069 12072
f 12079 12072 12066
f 12079 12066 12063
f 12078 12079 12063
