# Z-Anatomy (CC BY-SA 4.0, BodyParts3D), head layer 'teeth-upper'
# millimeters, Blender frame: z up, -y front; recentered on the (full) skull's bbox center
o teeth-upper
v 21.132 -80.080 -69.358
v 21.424 -81.325 -70.342
v 21.673 -82.797 -68.143
v 20.103 -83.434 -72.398
v 21.502 -81.543 -67.426
v 21.230 -83.819 -63.040
v 20.959 -84.202 -68.857
v 20.813 -80.776 -71.423
v 20.599 -80.128 -70.957
v 20.328 -81.819 -72.429
v 20.257 -84.167 -71.300
v 20.858 -80.067 -67.423
v 20.245 -85.934 -66.863
v 20.207 -81.675 -63.295
v 20.429 -83.438 -61.080
v 20.972 -84.650 -62.242
v 20.179 -85.691 -61.984
v 19.953 -84.133 -59.960
v 19.938 -81.414 -72.747
v 19.144 -82.681 -73.587
v 19.903 -80.978 -72.472
v 19.242 -79.698 -70.130
v 19.446 -83.132 -73.421
v 20.056 -79.322 -69.997
v 19.265 -79.070 -69.744
v 19.401 -84.087 -72.923
v 19.853 -79.246 -67.509
v 19.719 -84.736 -71.542
v 18.695 -78.876 -67.714
v 16.902 -86.821 -71.255
v 19.494 -86.396 -68.723
v 18.244 -79.288 -64.292
v 19.281 -86.953 -66.870
v 20.224 -82.382 -61.194
v 19.280 -80.944 -60.724
v 19.438 -82.104 -58.634
v 18.701 -84.989 -59.129
v 19.633 -83.301 -58.310
v 18.283 -83.580 -73.815
v 17.746 -82.712 -73.176
v 18.701 -83.818 -73.678
v 16.760 -85.448 -73.105
v 18.255 -87.280 -69.210
v 18.066 -87.488 -67.609
v 17.753 -80.581 -56.795
v 18.646 -86.597 -61.944
v 17.956 -81.636 -55.452
v 19.476 -84.257 -58.689
v 18.212 -83.648 -56.576
v 17.050 -82.265 -70.641
v 17.882 -79.453 -68.688
v 17.626 -80.798 -69.374
v 17.680 -79.038 -67.390
v 17.639 -79.318 -63.777
v 17.205 -79.898 -60.763
v 16.372 -87.150 -66.998
v 18.518 -86.888 -64.160
v 17.547 -86.619 -62.132
v 17.677 -85.198 -59.183
v 16.946 -80.148 -53.650
v 17.266 -84.103 -73.489
v 16.304 -81.314 -68.796
v 16.888 -79.782 -68.207
v 15.274 -80.007 -66.280
v 16.881 -87.520 -69.531
v 16.215 -86.432 -64.832
v 16.770 -79.473 -58.625
v 16.278 -79.561 -55.550
v 15.496 -84.865 -60.061
v 17.297 -84.731 -57.712
v 16.884 -80.893 -51.757
v 17.515 -83.082 -55.432
v 14.844 -83.996 -70.633
v 16.355 -84.838 -73.162
v 16.149 -85.686 -72.634
v 14.453 -81.239 -67.424
v 16.150 -87.014 -70.527
v 15.357 -80.197 -63.406
v 16.265 -79.849 -60.748
v 15.103 -85.323 -62.705
v 15.781 -84.343 -56.988
v 16.411 -79.679 -53.150
v 15.653 -82.112 -51.951
v 16.667 -79.931 -49.808
v 16.579 -80.394 -48.717
v 16.092 -79.080 -49.834
v 15.475 -85.813 -71.873
v 14.230 -82.802 -68.091
v 14.866 -86.572 -68.924
v 15.479 -80.139 -60.872
v 14.364 -84.016 -59.729
v 15.132 -79.190 -57.156
v 15.526 -79.461 -54.482
v 14.037 -79.782 -55.153
v 15.520 -78.928 -50.964
v 16.147 -79.207 -46.977
v 15.734 -80.982 -48.750
v 14.659 -81.417 -49.557
v 15.406 -78.682 -45.707
v 15.738 -79.867 -45.616
v 14.010 -80.650 -45.107
v 14.383 -84.894 -70.499
v 14.526 -85.488 -70.485
v 14.448 -80.621 -66.623
v 14.425 -85.556 -65.586
v 14.686 -80.979 -61.888
v 14.028 -81.393 -60.600
v 14.390 -84.419 -63.043
v 14.442 -79.543 -58.135
v 13.599 -79.904 -57.269
v 13.677 -83.360 -56.836
v 14.526 -79.000 -52.454
v 14.167 -82.356 -52.440
v 14.209 -79.087 -47.268
v 14.042 -78.792 -44.889
v 14.384 -79.267 -43.349
v 14.175 -78.431 -43.528
v 14.248 -85.738 -68.900
v 14.042 -82.026 -66.826
v 13.977 -83.985 -67.931
v 14.350 -82.078 -63.502
v 14.207 -83.553 -65.236
v 14.058 -84.605 -64.730
v 14.012 -82.466 -61.436
v 14.040 -83.271 -61.043
v 13.758 -79.306 -52.401
v 13.152 -79.543 -50.227
v 13.609 -82.543 -53.733
v 13.355 -81.439 -49.993
v 13.902 -78.448 -43.437
v 14.227 -79.037 -43.227
v 13.658 -80.478 -44.520
v 13.885 -79.113 -43.146
v 12.802 -81.461 -58.123
v 13.328 -80.412 -55.059
v 12.843 -82.293 -57.267
v 13.193 -81.946 -54.294
v 12.662 -80.389 -50.229
v 12.765 -80.084 -47.993
v 13.144 -80.690 -46.491
v 13.006 -80.249 -46.438
v 13.576 -78.988 -43.433
v 13.335 -80.093 -44.211
v 12.574 -80.709 -48.509
v -21.028 -80.080 -69.358
v -21.320 -81.325 -70.342
v -21.569 -82.797 -68.143
v -19.999 -83.434 -72.398
v -21.398 -81.543 -67.426
v -21.126 -83.819 -63.040
v -20.855 -84.202 -68.857
v -20.709 -80.776 -71.423
v -20.495 -80.128 -70.957
v -20.224 -81.819 -72.429
v -20.153 -84.167 -71.300
v -20.754 -80.067 -67.423
v -20.141 -85.934 -66.863
v -20.103 -81.675 -63.295
v -20.325 -83.438 -61.080
v -20.868 -84.650 -62.242
v -20.075 -85.691 -61.984
v -19.849 -84.133 -59.960
v -19.834 -81.414 -72.747
v -19.040 -82.681 -73.587
v -19.799 -80.978 -72.472
v -19.138 -79.698 -70.130
v -19.342 -83.132 -73.421
v -19.952 -79.322 -69.997
v -19.161 -79.070 -69.744
v -19.297 -84.087 -72.923
v -19.749 -79.246 -67.509
v -19.615 -84.736 -71.542
v -18.591 -78.876 -67.714
v -16.798 -86.821 -71.255
v -19.390 -86.396 -68.723
v -18.140 -79.288 -64.292
v -19.177 -86.953 -66.870
v -20.120 -82.382 -61.194
v -19.176 -80.944 -60.724
v -19.334 -82.104 -58.634
v -18.597 -84.989 -59.129
v -19.529 -83.301 -58.310
v -18.179 -83.580 -73.815
v -17.642 -82.712 -73.176
v -18.597 -83.818 -73.678
v -16.656 -85.448 -73.105
v -18.151 -87.280 -69.210
v -17.962 -87.488 -67.609
v -17.649 -80.581 -56.795
v -18.542 -86.597 -61.944
v -17.852 -81.636 -55.452
v -19.372 -84.257 -58.689
v -18.108 -83.648 -56.576
v -16.946 -82.265 -70.641
v -17.778 -79.453 -68.688
v -17.522 -80.798 -69.374
v -17.576 -79.038 -67.390
v -17.535 -79.318 -63.777
v -17.101 -79.898 -60.763
v -16.268 -87.150 -66.998
v -18.414 -86.888 -64.160
v -17.443 -86.619 -62.132
v -17.573 -85.198 -59.183
v -16.842 -80.148 -53.650
v -17.162 -84.103 -73.489
v -16.200 -81.314 -68.796
v -16.784 -79.782 -68.207
v -15.170 -80.007 -66.280
v -16.777 -87.520 -69.531
v -16.111 -86.432 -64.832
v -16.666 -79.473 -58.625
v -16.174 -79.561 -55.550
v -15.392 -84.865 -60.061
v -17.193 -84.731 -57.712
v -16.780 -80.893 -51.757
v -17.411 -83.082 -55.432
v -14.740 -83.996 -70.633
v -16.251 -84.838 -73.162
v -16.045 -85.686 -72.634
v -14.349 -81.239 -67.424
v -16.046 -87.014 -70.527
v -15.253 -80.197 -63.406
v -16.161 -79.849 -60.748
v -14.999 -85.323 -62.705
v -15.677 -84.343 -56.988
v -16.307 -79.679 -53.150
v -15.549 -82.112 -51.951
v -16.563 -79.931 -49.808
v -16.475 -80.394 -48.717
v -15.988 -79.080 -49.834
v -15.371 -85.813 -71.873
v -14.126 -82.802 -68.091
v -14.762 -86.572 -68.924
v -15.375 -80.139 -60.872
v -14.260 -84.016 -59.729
v -15.028 -79.190 -57.156
v -15.422 -79.461 -54.482
v -13.932 -79.782 -55.153
v -15.416 -78.928 -50.964
v -16.043 -79.207 -46.977
v -15.630 -80.982 -48.750
v -14.555 -81.417 -49.557
v -15.302 -78.682 -45.707
v -15.634 -79.867 -45.616
v -13.906 -80.650 -45.107
v -14.279 -84.894 -70.499
v -14.422 -85.488 -70.485
v -14.344 -80.621 -66.623
v -14.321 -85.556 -65.586
v -14.582 -80.979 -61.888
v -13.924 -81.393 -60.600
v -14.286 -84.419 -63.043
v -14.338 -79.543 -58.135
v -13.495 -79.904 -57.269
v -13.573 -83.360 -56.836
v -14.422 -79.000 -52.454
v -14.063 -82.356 -52.440
v -14.105 -79.087 -47.268
v -13.938 -78.792 -44.889
v -14.280 -79.267 -43.349
v -14.071 -78.431 -43.528
v -14.144 -85.738 -68.900
v -13.938 -82.026 -66.826
v -13.873 -83.985 -67.931
v -14.246 -82.078 -63.502
v -14.103 -83.553 -65.236
v -13.954 -84.605 -64.730
v -13.908 -82.466 -61.436
v -13.936 -83.271 -61.043
v -13.654 -79.306 -52.401
v -13.048 -79.543 -50.227
v -13.505 -82.543 -53.733
v -13.251 -81.439 -49.993
v -13.798 -78.448 -43.437
v -14.123 -79.037 -43.227
v -13.554 -80.478 -44.520
v -13.781 -79.113 -43.146
v -12.698 -81.461 -58.123
v -13.224 -80.412 -55.059
v -12.739 -82.293 -57.267
v -13.089 -81.946 -54.294
v -12.558 -80.389 -50.229
v -12.661 -80.084 -47.993
v -13.040 -80.690 -46.491
v -12.902 -80.249 -46.438
v -13.472 -78.988 -43.433
v -13.231 -80.093 -44.211
v -12.470 -80.709 -48.509
v 29.573 -59.752 -67.018
v 29.883 -60.138 -65.369
v 29.720 -60.563 -62.911
v 29.631 -58.256 -64.850
v 28.516 -56.628 -66.326
v 28.879 -57.311 -67.143
v 29.225 -59.564 -67.715
v 28.692 -57.050 -64.104
v 28.941 -61.004 -67.083
v 29.457 -61.710 -65.448
v 29.117 -63.146 -67.149
v 28.603 -63.401 -68.398
v 28.567 -58.990 -61.194
v 29.566 -62.959 -64.217
v 28.027 -65.273 -67.042
v 29.226 -64.107 -64.455
v 29.313 -60.389 -61.449
v 28.873 -61.571 -60.193
v 28.918 -63.534 -60.818
v 28.370 -57.087 -67.338
v 28.164 -56.474 -66.694
v 27.886 -58.046 -67.706
v 28.531 -59.174 -68.022
v 28.069 -56.553 -64.861
v 28.037 -60.923 -67.623
v 27.424 -59.627 -67.698
v 28.186 -61.952 -68.060
v 28.121 -62.965 -68.800
v 27.936 -64.294 -68.711
v 24.310 -57.051 -60.072
v 28.087 -65.416 -64.468
v 28.373 -64.803 -61.146
v 27.798 -59.686 -59.168
v 28.632 -61.391 -58.702
v 28.426 -63.647 -59.385
v 27.716 -64.774 -59.160
v 28.079 -59.901 -57.554
v 28.333 -64.376 -57.520
v 28.089 -58.812 -55.895
v 28.810 -59.104 -52.652
v 28.983 -61.530 -54.453
v 28.718 -60.688 -53.597
v 28.772 -64.228 -55.879
v 27.988 -57.914 -51.635
v 28.482 -61.705 -53.474
v 29.062 -64.313 -53.946
v 28.465 -65.256 -54.518
v 27.815 -61.488 -52.752
v 28.574 -62.490 -53.247
v 27.787 -65.944 -54.221
v 28.302 -58.334 -50.344
v 29.100 -63.848 -52.832
v 28.542 -65.037 -49.813
v 28.737 -59.619 -49.885
v 28.699 -63.000 -51.451
v 28.165 -59.474 -46.350
v 28.022 -59.780 -46.067
v 28.240 -60.408 -48.899
v 27.800 -62.961 -48.806
v 28.342 -63.971 -48.480
v 28.603 -64.506 -49.137
v 27.984 -64.984 -48.059
v 27.234 -56.674 -66.767
v 26.756 -56.408 -65.981
v 26.237 -57.920 -66.527
v 26.524 -61.097 -66.686
v 26.075 -56.073 -64.977
v 27.365 -61.949 -67.981
v 27.261 -63.756 -69.239
v 25.715 -56.347 -62.402
v 26.957 -65.817 -67.810
v 27.311 -65.970 -66.694
v 26.619 -66.227 -63.580
v 26.311 -58.614 -57.527
v 25.935 -57.554 -53.916
v 26.477 -65.471 -58.381
v 27.642 -62.128 -52.873
v 26.285 -66.226 -55.748
v 27.070 -57.640 -49.590
v 28.252 -60.722 -51.638
v 26.953 -60.952 -50.459
v 26.430 -61.434 -52.996
v 26.975 -62.492 -52.324
v 27.676 -60.329 -46.825
v 27.028 -66.195 -52.423
v 27.728 -58.961 -45.505
v 26.715 -60.488 -47.344
v 26.876 -65.345 -46.914
v 27.385 -59.783 -45.598
v 27.402 -59.217 -45.337
v 26.963 -63.922 -46.492
v 26.614 -64.736 -46.027
v 25.791 -56.548 -66.034
v 25.791 -59.801 -66.664
v 26.582 -62.300 -68.335
v 24.964 -61.171 -66.256
v 26.522 -63.506 -68.875
v 26.179 -65.099 -68.611
v 26.847 -65.192 -68.755
v 26.035 -66.338 -66.056
v 25.576 -65.952 -67.603
v 26.405 -58.589 -58.745
v 26.880 -65.555 -60.731
v 24.543 -66.076 -62.752
v 25.129 -65.732 -58.414
v 25.156 -57.614 -50.470
v 26.531 -61.857 -52.993
v 27.166 -58.731 -45.673
v 25.254 -66.304 -55.776
v 25.197 -59.981 -49.939
v 25.644 -62.589 -50.884
v 24.980 -62.196 -51.816
v 24.748 -66.185 -54.363
v 26.258 -62.819 -48.159
v 26.748 -59.715 -45.924
v 26.741 -59.088 -45.866
v 26.730 -63.128 -47.349
v 24.690 -55.775 -65.782
v 25.327 -57.371 -65.904
v 25.176 -56.425 -65.953
v 25.461 -60.872 -66.046
v 25.043 -62.391 -67.139
v 25.391 -64.009 -67.838
v 23.978 -65.411 -67.639
v 22.810 -55.649 -62.364
v 24.512 -65.550 -59.546
v 24.498 -60.347 -52.398
v 25.320 -58.028 -48.755
v 26.077 -60.183 -47.458
v 25.471 -59.722 -48.200
v 25.499 -62.957 -49.305
v 24.974 -63.514 -46.579
v 26.007 -65.942 -50.246
v 25.583 -63.749 -45.760
v 25.281 -65.371 -46.049
v 25.787 -64.350 -45.471
v 23.566 -55.062 -64.984
v 23.918 -58.072 -66.076
v 24.569 -58.626 -66.305
v 24.855 -59.967 -66.510
v 24.673 -61.540 -66.496
v 22.062 -58.921 -67.781
v 24.456 -61.843 -66.626
v 23.561 -64.671 -67.724
v 22.218 -65.486 -66.155
v 23.488 -57.750 -57.530
v 24.903 -57.798 -53.780
v 24.136 -57.778 -54.354
v 24.357 -60.845 -52.963
v 24.587 -61.365 -52.858
v 24.632 -58.200 -50.651
v 24.246 -61.829 -52.243
v 24.736 -63.741 -49.694
v 24.948 -63.609 -48.368
v 25.211 -65.242 -48.370
v 24.731 -65.067 -50.604
v 24.929 -64.087 -45.472
v 25.084 -64.609 -45.311
v 24.710 -64.775 -45.451
v 23.687 -55.734 -66.071
v 23.822 -56.831 -66.285
v 24.068 -62.304 -66.963
v 22.353 -64.842 -67.369
v 24.274 -57.735 -55.335
v 24.114 -58.278 -53.389
v 23.391 -58.093 -53.213
v 24.260 -58.607 -52.532
v 24.220 -59.500 -52.253
v 23.668 -59.506 -52.589
v 23.914 -61.476 -52.343
v 24.267 -62.724 -51.906
v 23.360 -64.266 -53.365
v 23.610 -64.978 -53.311
v 24.429 -64.263 -45.934
v 24.474 -64.989 -46.003
v 22.815 -55.224 -66.116
v 22.926 -57.298 -66.870
v 22.378 -58.055 -66.969
v 22.978 -64.305 -67.776
v 22.304 -64.285 -67.982
v 22.278 -57.389 -58.998
v 22.290 -65.507 -63.864
v 21.997 -57.268 -54.902
v 22.204 -65.119 -56.324
v 22.659 -58.490 -52.094
v 23.324 -59.566 -52.529
v 22.866 -64.727 -53.770
v 23.157 -60.779 -51.718
v 23.330 -61.956 -52.215
v 23.658 -62.673 -52.614
v 23.034 -63.662 -53.693
v 21.908 -55.306 -65.958
v 22.106 -55.148 -64.674
v 21.417 -57.347 -67.303
v 21.525 -58.308 -67.255
v 21.068 -62.094 -68.623
v 21.635 -64.047 -68.072
v 21.384 -55.677 -63.200
v 21.553 -56.840 -60.674
v 21.875 -64.347 -60.325
v 21.618 -57.768 -58.084
v 22.155 -58.182 -52.120
v 21.976 -63.660 -52.607
v 22.026 -64.539 -53.558
v 21.398 -64.965 -55.087
v 22.498 -60.240 -49.058
v 22.610 -62.293 -51.535
v 21.948 -58.789 -49.883
v 21.404 -61.341 -46.949
v 20.971 -56.237 -66.916
v 21.107 -59.957 -68.383
v 20.534 -62.699 -68.374
v 20.649 -56.207 -63.018
v 20.331 -64.506 -64.261
v 21.042 -58.176 -58.765
v 20.157 -57.754 -52.736
v 19.369 -63.388 -54.781
v 20.821 -58.429 -49.813
v 21.538 -60.150 -47.286
v 21.177 -63.865 -52.205
v 22.283 -61.534 -48.804
v 20.297 -56.587 -66.167
v 20.842 -55.805 -65.058
v 20.419 -57.457 -66.743
v 19.997 -58.761 -65.862
v 19.673 -60.291 -67.153
v 20.281 -60.920 -68.420
v 20.577 -63.680 -67.556
v 20.421 -58.485 -60.469
v 20.867 -63.729 -59.211
v 19.099 -63.216 -63.383
v 19.911 -62.706 -58.361
v 19.928 -59.245 -58.307
v 20.528 -57.450 -54.962
v 20.382 -63.603 -57.089
v 19.857 -63.199 -50.578
v 19.719 -59.066 -47.913
v 21.007 -62.451 -48.478
v 19.675 -59.702 -45.690
v 20.310 -61.019 -45.689
v 20.282 -61.631 -46.077
v 19.984 -56.893 -64.834
v 19.575 -62.072 -67.318
v 19.934 -57.256 -62.875
v 19.090 -62.988 -65.041
v 19.213 -61.622 -62.119
v 19.632 -60.489 -59.608
v 19.451 -58.359 -56.120
v 19.073 -58.443 -53.617
v 20.002 -62.033 -47.631
v 19.492 -61.401 -45.611
v 18.694 -61.470 -64.233
v 19.407 -61.324 -58.028
v 19.068 -59.275 -56.476
v 18.622 -60.891 -55.175
v 18.734 -59.207 -51.882
v 19.166 -62.785 -51.533
v 19.140 -59.853 -47.619
v 19.343 -61.359 -47.405
v 19.159 -59.729 -45.774
v 18.778 -61.395 -49.442
v 19.534 -60.174 -45.188
v 19.434 -60.634 -45.197
v 18.916 -60.649 -45.537
v 18.557 -60.601 -50.525
v -29.468 -59.752 -67.018
v -29.779 -60.138 -65.369
v -29.616 -60.563 -62.911
v -29.527 -58.256 -64.850
v -28.412 -56.628 -66.326
v -28.775 -57.311 -67.143
v -29.121 -59.564 -67.715
v -28.588 -57.050 -64.104
v -28.837 -61.004 -67.083
v -29.353 -61.710 -65.448
v -29.013 -63.146 -67.149
v -28.499 -63.401 -68.398
v -28.463 -58.990 -61.194
v -29.462 -62.959 -64.217
v -27.923 -65.273 -67.042
v -29.122 -64.107 -64.455
v -29.209 -60.389 -61.449
v -28.769 -61.571 -60.193
v -28.814 -63.534 -60.818
v -28.266 -57.087 -67.338
v -28.060 -56.474 -66.694
v -27.782 -58.046 -67.706
v -28.427 -59.174 -68.022
v -27.965 -56.553 -64.861
v -27.933 -60.923 -67.623
v -27.320 -59.627 -67.698
v -28.082 -61.952 -68.060
v -28.017 -62.965 -68.800
v -27.832 -64.294 -68.711
v -24.206 -57.051 -60.072
v -27.983 -65.416 -64.468
v -28.269 -64.803 -61.146
v -27.694 -59.686 -59.168
v -28.528 -61.391 -58.702
v -28.322 -63.647 -59.385
v -27.612 -64.774 -59.160
v -27.975 -59.901 -57.554
v -28.229 -64.376 -57.520
v -27.985 -58.812 -55.895
v -28.706 -59.104 -52.652
v -28.879 -61.530 -54.453
v -28.614 -60.688 -53.597
v -28.668 -64.228 -55.879
v -27.884 -57.914 -51.635
v -28.378 -61.705 -53.474
v -28.958 -64.313 -53.946
v -28.361 -65.256 -54.518
v -27.711 -61.488 -52.752
v -28.470 -62.490 -53.247
v -27.683 -65.944 -54.221
v -28.198 -58.334 -50.344
v -28.996 -63.848 -52.832
v -28.438 -65.037 -49.813
v -28.633 -59.619 -49.885
v -28.595 -63.000 -51.451
v -28.061 -59.474 -46.350
v -27.918 -59.780 -46.067
v -28.136 -60.408 -48.899
v -27.696 -62.961 -48.806
v -28.238 -63.971 -48.480
v -28.499 -64.506 -49.137
v -27.880 -64.984 -48.059
v -27.130 -56.674 -66.767
v -26.652 -56.408 -65.981
v -26.133 -57.920 -66.527
v -26.420 -61.097 -66.686
v -25.971 -56.073 -64.977
v -27.261 -61.949 -67.981
v -27.157 -63.756 -69.239
v -25.611 -56.347 -62.402
v -26.853 -65.817 -67.810
v -27.207 -65.970 -66.694
v -26.515 -66.227 -63.580
v -26.207 -58.614 -57.527
v -25.831 -57.554 -53.916
v -26.373 -65.471 -58.381
v -27.538 -62.128 -52.873
v -26.181 -66.226 -55.748
v -26.966 -57.640 -49.590
v -28.148 -60.722 -51.638
v -26.849 -60.952 -50.459
v -26.326 -61.434 -52.996
v -26.871 -62.492 -52.324
v -27.572 -60.329 -46.825
v -26.924 -66.195 -52.423
v -27.624 -58.961 -45.505
v -26.611 -60.488 -47.344
v -26.772 -65.345 -46.914
v -27.281 -59.783 -45.598
v -27.298 -59.217 -45.337
v -26.859 -63.922 -46.492
v -26.510 -64.736 -46.027
v -25.687 -56.548 -66.034
v -25.687 -59.801 -66.664
v -26.478 -62.300 -68.335
v -24.860 -61.171 -66.256
v -26.418 -63.506 -68.875
v -26.075 -65.099 -68.611
v -26.743 -65.192 -68.755
v -25.931 -66.338 -66.056
v -25.472 -65.952 -67.603
v -26.301 -58.589 -58.745
v -26.776 -65.555 -60.731
v -24.439 -66.076 -62.752
v -25.025 -65.732 -58.414
v -25.052 -57.614 -50.470
v -26.427 -61.857 -52.993
v -27.062 -58.731 -45.673
v -25.150 -66.304 -55.776
v -25.093 -59.981 -49.939
v -25.540 -62.589 -50.884
v -24.876 -62.196 -51.816
v -24.644 -66.185 -54.363
v -26.154 -62.819 -48.159
v -26.644 -59.715 -45.924
v -26.637 -59.088 -45.866
v -26.626 -63.128 -47.349
v -24.586 -55.775 -65.782
v -25.223 -57.371 -65.904
v -25.072 -56.425 -65.953
v -25.357 -60.872 -66.046
v -24.939 -62.391 -67.139
v -25.287 -64.009 -67.838
v -23.874 -65.411 -67.639
v -22.706 -55.649 -62.364
v -24.408 -65.550 -59.546
v -24.394 -60.347 -52.398
v -25.216 -58.028 -48.755
v -25.973 -60.183 -47.458
v -25.367 -59.722 -48.200
v -25.395 -62.957 -49.305
v -24.870 -63.514 -46.579
v -25.903 -65.942 -50.246
v -25.479 -63.749 -45.760
v -25.177 -65.371 -46.049
v -25.683 -64.350 -45.471
v -23.462 -55.062 -64.984
v -23.814 -58.072 -66.076
v -24.465 -58.626 -66.305
v -24.751 -59.967 -66.510
v -24.569 -61.540 -66.496
v -21.958 -58.921 -67.781
v -24.352 -61.843 -66.626
v -23.457 -64.671 -67.724
v -22.114 -65.486 -66.155
v -23.384 -57.750 -57.530
v -24.799 -57.798 -53.780
v -24.032 -57.778 -54.354
v -24.253 -60.845 -52.963
v -24.483 -61.365 -52.858
v -24.528 -58.200 -50.651
v -24.142 -61.829 -52.243
v -24.632 -63.741 -49.694
v -24.844 -63.609 -48.368
v -25.107 -65.242 -48.370
v -24.627 -65.067 -50.604
v -24.825 -64.087 -45.472
v -24.980 -64.609 -45.311
v -24.606 -64.775 -45.451
v -23.583 -55.734 -66.071
v -23.718 -56.831 -66.285
v -23.964 -62.304 -66.963
v -22.249 -64.842 -67.369
v -24.170 -57.735 -55.335
v -24.010 -58.278 -53.389
v -23.287 -58.093 -53.213
v -24.156 -58.607 -52.532
v -24.116 -59.500 -52.253
v -23.564 -59.506 -52.589
v -23.810 -61.476 -52.343
v -24.163 -62.724 -51.906
v -23.256 -64.266 -53.365
v -23.506 -64.978 -53.311
v -24.325 -64.263 -45.934
v -24.370 -64.989 -46.003
v -22.711 -55.224 -66.116
v -22.822 -57.298 -66.870
v -22.274 -58.055 -66.969
v -22.874 -64.305 -67.776
v -22.200 -64.285 -67.982
v -22.174 -57.389 -58.998
v -22.186 -65.507 -63.864
v -21.893 -57.268 -54.902
v -22.100 -65.119 -56.324
v -22.555 -58.490 -52.094
v -23.220 -59.566 -52.529
v -22.762 -64.727 -53.770
v -23.053 -60.779 -51.718
v -23.226 -61.956 -52.215
v -23.554 -62.673 -52.614
v -22.930 -63.662 -53.693
v -21.804 -55.306 -65.958
v -22.002 -55.148 -64.674
v -21.313 -57.347 -67.303
v -21.421 -58.308 -67.255
v -20.964 -62.094 -68.623
v -21.531 -64.047 -68.072
v -21.280 -55.677 -63.200
v -21.449 -56.840 -60.674
v -21.771 -64.347 -60.325
v -21.514 -57.768 -58.084
v -22.051 -58.182 -52.120
v -21.872 -63.660 -52.607
v -21.922 -64.539 -53.558
v -21.294 -64.965 -55.087
v -22.394 -60.240 -49.058
v -22.506 -62.293 -51.535
v -21.844 -58.789 -49.883
v -21.300 -61.341 -46.949
v -20.867 -56.237 -66.916
v -21.003 -59.957 -68.383
v -20.430 -62.699 -68.374
v -20.545 -56.207 -63.018
v -20.227 -64.506 -64.261
v -20.938 -58.176 -58.765
v -20.053 -57.754 -52.736
v -19.265 -63.388 -54.781
v -20.717 -58.429 -49.813
v -21.434 -60.150 -47.286
v -21.073 -63.865 -52.205
v -22.179 -61.534 -48.804
v -20.193 -56.587 -66.167
v -20.738 -55.805 -65.058
v -20.315 -57.457 -66.743
v -19.893 -58.761 -65.862
v -19.569 -60.291 -67.153
v -20.177 -60.920 -68.420
v -20.473 -63.680 -67.556
v -20.317 -58.485 -60.469
v -20.763 -63.729 -59.211
v -18.995 -63.216 -63.383
v -19.807 -62.706 -58.361
v -19.824 -59.245 -58.307
v -20.424 -57.450 -54.962
v -20.278 -63.603 -57.089
v -19.753 -63.199 -50.578
v -19.615 -59.066 -47.913
v -20.903 -62.451 -48.478
v -19.571 -59.702 -45.690
v -20.206 -61.019 -45.689
v -20.178 -61.631 -46.077
v -19.880 -56.893 -64.834
v -19.471 -62.072 -67.318
v -19.830 -57.256 -62.875
v -18.986 -62.988 -65.041
v -19.109 -61.622 -62.119
v -19.528 -60.489 -59.608
v -19.347 -58.359 -56.120
v -18.969 -58.443 -53.617
v -19.898 -62.033 -47.631
v -19.388 -61.401 -45.611
v -18.590 -61.470 -64.233
v -19.303 -61.324 -58.028
v -18.964 -59.275 -56.476
v -18.518 -60.891 -55.175
v -18.630 -59.207 -51.882
v -19.062 -62.785 -51.533
v -19.036 -59.853 -47.619
v -19.239 -61.359 -47.405
v -19.055 -59.729 -45.774
v -18.674 -61.395 -49.442
v -19.430 -60.174 -45.188
v -19.330 -60.634 -45.197
v -18.812 -60.649 -45.537
v -18.453 -60.601 -50.525
v 24.761 -76.054 -66.797
v 24.360 -73.765 -69.134
v 24.682 -77.173 -67.829
v 24.296 -74.354 -70.218
v 23.574 -73.748 -70.849
v 23.347 -75.920 -71.734
v 24.610 -76.468 -69.253
v 23.906 -73.707 -66.977
v 24.260 -77.931 -68.441
v 23.543 -77.964 -69.917
v 23.726 -78.593 -67.944
v 23.879 -75.933 -62.730
v 23.936 -77.391 -63.493
v 22.986 -78.567 -63.853
v 23.282 -74.415 -71.208
v 22.968 -75.636 -71.943
v 22.263 -72.507 -69.211
v 23.505 -73.351 -70.225
v 22.174 -74.265 -70.269
v 22.920 -76.945 -71.821
v 21.723 -71.936 -68.440
v 21.358 -78.879 -70.590
v 22.137 -72.995 -64.834
v 21.902 -79.307 -68.834
v 22.478 -73.754 -63.508
v 22.903 -78.994 -66.085
v 23.278 -75.747 -60.852
v 22.949 -78.189 -61.689
v 22.917 -77.383 -59.814
v 23.429 -76.828 -61.171
v 22.900 -76.781 -54.967
v 22.407 -75.046 -71.411
v 22.422 -76.589 -72.195
v 22.225 -73.664 -70.151
v 21.512 -71.997 -68.869
v 20.998 -75.116 -71.284
v 21.831 -77.366 -71.992
v 21.833 -78.013 -71.532
v 21.632 -79.272 -65.505
v 21.950 -73.934 -61.464
v 22.513 -78.642 -62.472
v 22.571 -74.568 -57.082
v 21.714 -78.624 -60.141
v 23.040 -75.670 -56.430
v 22.040 -74.884 -54.277
v 22.470 -77.906 -56.751
v 21.574 -77.543 -51.729
v 22.275 -75.737 -51.409
v 22.325 -76.656 -51.924
v 20.648 -72.947 -69.719
v 20.891 -74.464 -70.121
v 21.020 -76.300 -71.598
v 20.071 -71.618 -66.245
v 19.759 -73.007 -61.657
v 19.845 -72.926 -62.669
v 19.377 -78.659 -64.876
v 20.990 -78.739 -62.664
v 20.940 -73.440 -59.407
v 21.798 -73.993 -56.749
v 21.000 -74.414 -53.715
v 20.600 -78.711 -55.261
v 21.209 -74.530 -48.018
v 21.324 -76.088 -48.147
v 20.975 -76.956 -48.746
v 19.411 -72.017 -69.619
v 20.372 -73.889 -69.789
v 20.233 -74.843 -70.083
v 19.683 -75.573 -70.109
v 20.980 -77.302 -71.209
v 19.204 -71.466 -67.471
v 19.586 -76.144 -69.824
v 20.954 -77.989 -71.265
v 20.336 -78.706 -70.801
v 19.323 -78.911 -67.910
v 18.885 -73.047 -57.474
v 20.343 -73.541 -57.750
v 19.448 -79.067 -58.663
v 20.860 -78.810 -58.414
v 20.865 -74.433 -50.879
v 20.162 -77.597 -50.725
v 20.424 -73.954 -46.787
v 20.700 -74.324 -44.899
v 20.328 -77.285 -48.871
v 20.624 -74.720 -44.585
v 19.579 -73.120 -70.151
v 19.395 -74.937 -70.212
v 18.915 -77.336 -70.044
v 19.240 -77.826 -62.992
v 19.174 -72.785 -59.611
v 19.585 -78.272 -62.111
v 20.051 -78.793 -61.421
v 20.127 -74.210 -54.375
v 18.719 -78.805 -56.758
v 19.794 -74.332 -53.856
v 20.180 -74.545 -53.180
v 19.608 -74.937 -53.391
v 19.284 -78.193 -53.718
v 20.067 -74.371 -49.288
v 19.703 -74.113 -46.803
v 20.275 -74.040 -44.986
v 19.347 -76.845 -47.777
v 20.140 -74.273 -44.541
v 20.416 -75.137 -44.546
v 19.384 -75.576 -44.551
v 18.116 -72.663 -70.660
v 18.654 -73.929 -71.000
v 17.833 -72.004 -69.143
v 18.107 -76.623 -70.210
v 19.141 -71.484 -66.282
v 18.011 -77.238 -69.752
v 18.851 -78.481 -69.407
v 17.741 -78.025 -66.983
v 17.845 -73.278 -60.560
v 17.183 -76.115 -62.770
v 17.715 -78.106 -60.357
v 17.978 -78.491 -59.605
v 18.430 -73.116 -54.704
v 19.090 -73.664 -53.728
v 19.460 -74.520 -53.701
v 19.048 -74.204 -53.354
v 19.213 -75.760 -53.603
v 18.778 -75.381 -53.398
v 18.441 -76.345 -53.847
v 19.254 -75.135 -49.336
v 19.081 -76.506 -53.831
v 18.807 -77.235 -53.722
v 18.455 -77.939 -54.373
v 18.913 -77.788 -53.663
v 18.874 -77.024 -50.521
v 18.794 -76.552 -50.014
v 18.683 -76.171 -47.502
v 18.556 -74.955 -45.701
v 18.794 -74.789 -45.069
v 19.148 -74.967 -44.485
v 17.465 -73.947 -71.203
v 17.626 -76.112 -70.661
v 18.113 -71.689 -66.464
v 17.976 -73.172 -62.396
v 16.910 -76.147 -61.394
v 17.722 -73.048 -59.253
v 17.424 -73.250 -54.887
v 17.613 -78.079 -55.466
v 17.501 -73.011 -47.554
v 18.553 -77.233 -53.994
v 18.092 -73.937 -47.470
v 18.172 -77.103 -53.664
v 17.707 -77.827 -54.225
v 17.812 -75.363 -47.339
v 18.534 -75.636 -46.861
v 18.683 -75.378 -44.774
v 16.845 -73.136 -70.153
v 17.231 -75.806 -70.830
v 16.670 -72.368 -68.066
v 16.646 -74.231 -70.555
v 16.777 -75.458 -70.561
v 16.497 -75.998 -69.674
v 16.430 -72.662 -67.405
v 16.986 -73.815 -63.018
v 16.530 -76.708 -66.843
v 16.943 -74.018 -61.526
v 16.812 -73.554 -58.813
v 16.708 -75.151 -62.708
v 16.579 -76.768 -60.085
v 16.942 -72.877 -51.375
v 17.095 -77.751 -53.161
v 17.617 -73.200 -45.319
v 16.841 -75.929 -47.207
v 17.636 -73.609 -44.913
v 17.016 -73.072 -45.025
v 17.897 -74.242 -45.237
v 17.400 -74.824 -44.560
v 16.014 -74.286 -69.323
v 15.881 -75.352 -67.616
v 16.622 -74.889 -61.543
v 16.172 -75.710 -60.204
v 16.430 -73.799 -57.440
v 16.081 -74.954 -59.733
v 15.854 -74.559 -56.075
v 16.330 -77.304 -53.770
v 15.745 -74.580 -52.688
v 16.367 -73.111 -50.436
v 15.449 -75.978 -52.008
v 16.107 -76.323 -48.421
v 17.232 -72.887 -46.082
v 15.471 -74.753 -48.754
v 16.992 -74.971 -44.489
v 16.226 -74.447 -45.206
v 15.744 -74.010 -67.563
v 15.656 -75.344 -56.058
v 15.670 -75.807 -48.490
v -24.657 -76.054 -66.797
v -24.256 -73.765 -69.134
v -24.578 -77.173 -67.829
v -24.192 -74.354 -70.218
v -23.470 -73.748 -70.849
v -23.243 -75.920 -71.734
v -24.506 -76.468 -69.253
v -23.802 -73.707 -66.977
v -24.156 -77.931 -68.441
v -23.439 -77.964 -69.917
v -23.622 -78.593 -67.944
v -23.775 -75.933 -62.730
v -23.832 -77.391 -63.493
v -22.882 -78.567 -63.853
v -23.178 -74.415 -71.208
v -22.864 -75.636 -71.943
v -22.159 -72.507 -69.211
v -23.401 -73.351 -70.225
v -22.070 -74.265 -70.269
v -22.816 -76.945 -71.821
v -21.619 -71.936 -68.440
v -21.254 -78.879 -70.590
v -22.033 -72.995 -64.834
v -21.798 -79.307 -68.834
v -22.374 -73.754 -63.508
v -22.799 -78.994 -66.085
v -23.174 -75.747 -60.852
v -22.845 -78.189 -61.689
v -22.813 -77.383 -59.814
v -23.325 -76.828 -61.171
v -22.796 -76.781 -54.967
v -22.303 -75.046 -71.411
v -22.318 -76.589 -72.195
v -22.121 -73.664 -70.151
v -21.408 -71.997 -68.869
v -20.894 -75.116 -71.284
v -21.727 -77.366 -71.992
v -21.729 -78.013 -71.532
v -21.528 -79.272 -65.505
v -21.846 -73.934 -61.464
v -22.409 -78.642 -62.472
v -22.467 -74.568 -57.082
v -21.610 -78.624 -60.141
v -22.936 -75.670 -56.430
v -21.936 -74.884 -54.277
v -22.366 -77.906 -56.751
v -21.470 -77.543 -51.729
v -22.171 -75.737 -51.409
v -22.221 -76.656 -51.924
v -20.544 -72.947 -69.719
v -20.787 -74.464 -70.121
v -20.916 -76.300 -71.598
v -19.967 -71.618 -66.245
v -19.655 -73.007 -61.657
v -19.741 -72.926 -62.669
v -19.273 -78.659 -64.876
v -20.886 -78.739 -62.664
v -20.836 -73.440 -59.407
v -21.694 -73.993 -56.749
v -20.896 -74.414 -53.715
v -20.496 -78.711 -55.261
v -21.105 -74.530 -48.018
v -21.220 -76.088 -48.147
v -20.871 -76.956 -48.746
v -19.307 -72.017 -69.619
v -20.268 -73.889 -69.789
v -20.129 -74.843 -70.083
v -19.579 -75.573 -70.109
v -20.876 -77.302 -71.209
v -19.100 -71.466 -67.471
v -19.482 -76.144 -69.824
v -20.850 -77.989 -71.265
v -20.232 -78.706 -70.801
v -19.219 -78.911 -67.910
v -18.781 -73.047 -57.474
v -20.239 -73.541 -57.750
v -19.344 -79.067 -58.663
v -20.756 -78.810 -58.414
v -20.761 -74.433 -50.879
v -20.058 -77.597 -50.725
v -20.320 -73.954 -46.787
v -20.596 -74.324 -44.899
v -20.224 -77.285 -48.871
v -20.520 -74.720 -44.585
v -19.475 -73.120 -70.151
v -19.291 -74.937 -70.212
v -18.811 -77.336 -70.044
v -19.136 -77.826 -62.992
v -19.070 -72.785 -59.611
v -19.481 -78.272 -62.111
v -19.947 -78.793 -61.421
v -20.023 -74.210 -54.375
v -18.615 -78.805 -56.758
v -19.690 -74.332 -53.856
v -20.076 -74.545 -53.180
v -19.504 -74.937 -53.391
v -19.180 -78.193 -53.718
v -19.963 -74.371 -49.288
v -19.599 -74.113 -46.803
v -20.171 -74.040 -44.986
v -19.243 -76.845 -47.777
v -20.036 -74.273 -44.541
v -20.312 -75.137 -44.546
v -19.280 -75.576 -44.551
v -18.012 -72.663 -70.660
v -18.550 -73.929 -71.000
v -17.729 -72.004 -69.143
v -18.003 -76.623 -70.210
v -19.037 -71.484 -66.282
v -17.907 -77.238 -69.752
v -18.747 -78.481 -69.407
v -17.637 -78.025 -66.983
v -17.741 -73.278 -60.560
v -17.079 -76.115 -62.770
v -17.611 -78.106 -60.357
v -17.874 -78.491 -59.605
v -18.326 -73.116 -54.704
v -18.986 -73.664 -53.728
v -19.356 -74.520 -53.701
v -18.944 -74.204 -53.354
v -19.109 -75.760 -53.603
v -18.674 -75.381 -53.398
v -18.337 -76.345 -53.847
v -19.150 -75.135 -49.336
v -18.977 -76.506 -53.831
v -18.703 -77.235 -53.722
v -18.351 -77.939 -54.373
v -18.809 -77.788 -53.663
v -18.770 -77.024 -50.521
v -18.690 -76.552 -50.014
v -18.579 -76.171 -47.502
v -18.452 -74.955 -45.701
v -18.690 -74.789 -45.069
v -19.044 -74.967 -44.485
v -17.361 -73.947 -71.203
v -17.522 -76.112 -70.661
v -18.009 -71.689 -66.464
v -17.872 -73.172 -62.396
v -16.806 -76.147 -61.394
v -17.618 -73.048 -59.253
v -17.320 -73.250 -54.887
v -17.509 -78.079 -55.466
v -17.397 -73.011 -47.554
v -18.449 -77.233 -53.994
v -17.988 -73.937 -47.470
v -18.068 -77.103 -53.664
v -17.603 -77.827 -54.225
v -17.708 -75.363 -47.339
v -18.430 -75.636 -46.861
v -18.579 -75.378 -44.774
v -16.741 -73.136 -70.153
v -17.127 -75.806 -70.830
v -16.566 -72.368 -68.066
v -16.542 -74.231 -70.555
v -16.673 -75.458 -70.561
v -16.393 -75.998 -69.674
v -16.326 -72.662 -67.405
v -16.882 -73.815 -63.018
v -16.426 -76.708 -66.843
v -16.839 -74.018 -61.526
v -16.708 -73.554 -58.813
v -16.604 -75.151 -62.708
v -16.475 -76.768 -60.085
v -16.838 -72.877 -51.375
v -16.991 -77.751 -53.161
v -17.513 -73.200 -45.319
v -16.737 -75.929 -47.207
v -17.532 -73.609 -44.913
v -16.912 -73.072 -45.025
v -17.793 -74.242 -45.237
v -17.296 -74.824 -44.560
v -15.910 -74.286 -69.323
v -15.777 -75.352 -67.616
v -16.518 -74.889 -61.543
v -16.068 -75.710 -60.204
v -16.326 -73.799 -57.440
v -15.977 -74.954 -59.733
v -15.750 -74.559 -56.075
v -16.226 -77.304 -53.770
v -15.641 -74.580 -52.688
v -16.263 -73.111 -50.436
v -15.345 -75.978 -52.008
v -16.003 -76.323 -48.421
v -17.128 -72.887 -46.082
v -15.367 -74.753 -48.754
v -16.888 -74.971 -44.489
v -16.122 -74.447 -45.206
v -15.640 -74.010 -67.563
v -15.552 -75.344 -56.058
v -15.566 -75.807 -48.490
v 15.705 -86.049 -71.830
v 15.447 -86.648 -73.407
v 15.474 -87.248 -73.525
v 15.957 -87.031 -71.088
v 14.400 -84.891 -67.136
v 15.949 -87.366 -72.216
v 13.973 -89.392 -74.112
v 15.049 -89.086 -69.616
v 14.185 -89.630 -72.895
v 15.670 -87.741 -68.730
v 15.117 -88.268 -64.886
v 15.619 -87.316 -67.089
v 14.845 -87.128 -74.262
v 15.005 -86.088 -73.265
v 13.071 -89.375 -75.240
v 15.023 -85.591 -72.424
v 13.926 -90.270 -68.277
v 14.899 -86.194 -64.706
v 15.015 -87.318 -63.795
v 13.997 -85.881 -61.570
v 13.522 -88.053 -74.917
v 13.994 -86.597 -73.217
v 14.358 -85.433 -72.190
v 13.438 -85.542 -71.707
v 12.642 -90.225 -74.748
v 13.587 -84.583 -67.044
v 13.972 -85.153 -64.847
v 14.044 -85.501 -63.065
v 13.591 -85.138 -63.573
v 13.770 -90.068 -65.017
v 12.925 -90.805 -65.979
v 13.825 -89.207 -63.186
v 14.206 -87.417 -62.340
v 11.967 -88.666 -74.626
v 12.237 -89.436 -75.252
v 12.415 -87.024 -71.605
v 11.858 -84.972 -68.382
v 10.253 -84.871 -67.703
v 11.076 -91.707 -72.698
v 13.462 -84.826 -62.017
v 12.576 -83.872 -60.165
v 12.904 -89.602 -62.645
v 13.068 -85.555 -58.908
v 13.832 -86.821 -60.936
v 12.367 -88.791 -60.683
v 12.971 -86.664 -58.720
v 11.646 -90.395 -75.063
v 10.840 -91.613 -73.788
v 11.609 -85.586 -69.482
v 10.925 -84.674 -66.594
v 10.817 -84.440 -64.295
v 11.319 -83.934 -62.683
v 10.950 -91.255 -68.718
v 12.222 -90.686 -65.364
v 11.704 -83.234 -61.058
v 11.680 -89.716 -62.153
v 11.555 -89.214 -61.193
v 11.544 -82.859 -54.880
v 12.558 -88.037 -59.372
v 11.977 -85.436 -56.517
v 12.544 -87.403 -58.535
v 11.781 -83.810 -55.053
v 9.940 -90.349 -73.784
v 11.059 -90.406 -74.871
v 10.794 -91.180 -74.482
v 10.557 -87.687 -70.186
v 10.283 -82.794 -61.241
v 11.046 -82.133 -58.477
v 10.424 -88.403 -58.636
v 11.134 -84.431 -54.376
v 11.591 -87.766 -58.075
v 11.180 -85.478 -55.856
v 10.917 -83.188 -51.489
v 8.735 -89.640 -71.453
v 9.840 -90.955 -73.900
v 9.987 -91.396 -73.810
v 9.407 -85.200 -67.435
v 8.606 -87.358 -68.092
v 9.927 -91.617 -72.930
v 10.459 -84.453 -63.885
v 9.417 -90.541 -67.739
v 10.588 -81.847 -58.440
v 9.675 -84.017 -62.810
v 9.301 -89.146 -63.701
v 9.905 -88.759 -60.155
v 9.478 -83.905 -50.854
v 9.148 -90.838 -72.759
v 9.247 -91.178 -71.297
v 8.942 -85.319 -65.668
v 9.285 -85.252 -64.208
v 8.935 -85.227 -63.583
v 9.001 -81.600 -58.142
v 9.773 -81.325 -56.854
v 9.319 -80.798 -52.028
v 8.714 -87.116 -57.242
v 8.849 -85.529 -54.831
v 9.811 -81.870 -47.552
v 9.966 -82.988 -48.833
v 8.533 -90.150 -71.033
v 8.635 -86.174 -67.306
v 8.271 -86.800 -64.647
v 8.278 -86.400 -63.620
v 8.324 -87.382 -63.416
v 8.403 -82.922 -60.800
v 9.219 -88.700 -62.307
v 8.605 -80.916 -53.361
v 8.593 -87.849 -59.792
v 8.113 -87.314 -60.569
v 9.192 -80.711 -47.485
v 9.231 -81.007 -47.157
v 8.474 -83.051 -48.404
v 9.387 -82.144 -47.274
v 9.115 -81.535 -47.035
v 9.479 -82.920 -48.144
v 8.237 -88.914 -69.350
v 8.268 -88.019 -66.295
v 8.242 -85.628 -63.064
v 7.203 -85.338 -60.547
v 7.317 -82.119 -57.597
v 7.759 -85.627 -55.870
v 7.155 -81.647 -53.995
v 7.532 -83.508 -50.711
v 8.779 -80.701 -47.399
v 7.764 -81.678 -47.926
v 8.078 -82.259 -47.784
v 7.217 -83.414 -59.951
v 6.623 -82.889 -57.726
v 6.840 -83.730 -54.672
v 6.680 -82.367 -53.601
v 7.617 -81.372 -48.367
v 7.160 -82.417 -49.814
v 6.540 -83.643 -57.564
v 8.701 -87.876 -63.030
v 8.979 -88.367 -62.801
v -15.601 -86.049 -71.830
v -15.343 -86.648 -73.407
v -15.370 -87.248 -73.525
v -15.853 -87.031 -71.088
v -14.296 -84.891 -67.136
v -15.845 -87.366 -72.216
v -13.869 -89.392 -74.112
v -14.945 -89.086 -69.616
v -14.081 -89.630 -72.895
v -15.566 -87.741 -68.730
v -15.013 -88.268 -64.886
v -15.515 -87.316 -67.089
v -14.741 -87.128 -74.262
v -14.901 -86.088 -73.265
v -12.967 -89.375 -75.240
v -14.919 -85.591 -72.424
v -13.822 -90.270 -68.277
v -14.795 -86.194 -64.706
v -14.911 -87.318 -63.795
v -13.893 -85.881 -61.570
v -13.418 -88.053 -74.917
v -13.890 -86.597 -73.217
v -14.254 -85.433 -72.190
v -13.334 -85.542 -71.707
v -12.538 -90.225 -74.748
v -13.483 -84.583 -67.044
v -13.868 -85.153 -64.847
v -13.940 -85.501 -63.065
v -13.487 -85.138 -63.573
v -13.666 -90.068 -65.017
v -12.821 -90.805 -65.979
v -13.721 -89.207 -63.186
v -14.102 -87.417 -62.340
v -11.863 -88.666 -74.626
v -12.133 -89.436 -75.252
v -12.311 -87.024 -71.605
v -11.754 -84.972 -68.382
v -10.149 -84.871 -67.703
v -10.972 -91.707 -72.698
v -13.358 -84.826 -62.017
v -12.472 -83.872 -60.165
v -12.800 -89.602 -62.645
v -12.964 -85.555 -58.908
v -13.728 -86.821 -60.936
v -12.263 -88.791 -60.683
v -12.867 -86.664 -58.720
v -11.542 -90.395 -75.063
v -10.736 -91.613 -73.788
v -11.505 -85.586 -69.482
v -10.821 -84.674 -66.594
v -10.713 -84.440 -64.295
v -11.215 -83.934 -62.683
v -10.846 -91.255 -68.718
v -12.118 -90.686 -65.364
v -11.600 -83.234 -61.058
v -11.576 -89.716 -62.153
v -11.451 -89.214 -61.193
v -11.440 -82.859 -54.880
v -12.454 -88.037 -59.372
v -11.873 -85.436 -56.517
v -12.440 -87.403 -58.535
v -11.677 -83.810 -55.053
v -9.836 -90.349 -73.784
v -10.955 -90.406 -74.871
v -10.690 -91.180 -74.482
v -10.453 -87.687 -70.186
v -10.179 -82.794 -61.241
v -10.942 -82.133 -58.477
v -10.320 -88.403 -58.636
v -11.030 -84.431 -54.376
v -11.487 -87.766 -58.075
v -11.076 -85.478 -55.856
v -10.813 -83.188 -51.489
v -8.631 -89.640 -71.453
v -9.736 -90.955 -73.900
v -9.883 -91.396 -73.810
v -9.303 -85.200 -67.435
v -8.502 -87.358 -68.092
v -9.823 -91.617 -72.930
v -10.355 -84.453 -63.885
v -9.313 -90.541 -67.739
v -10.484 -81.847 -58.440
v -9.571 -84.017 -62.810
v -9.197 -89.146 -63.701
v -9.801 -88.759 -60.155
v -9.374 -83.905 -50.854
v -9.044 -90.838 -72.759
v -9.143 -91.178 -71.297
v -8.838 -85.319 -65.668
v -9.181 -85.252 -64.208
v -8.831 -85.227 -63.583
v -8.897 -81.600 -58.142
v -9.669 -81.325 -56.854
v -9.215 -80.798 -52.028
v -8.610 -87.116 -57.242
v -8.745 -85.529 -54.831
v -9.707 -81.870 -47.552
v -9.862 -82.988 -48.833
v -8.429 -90.150 -71.033
v -8.531 -86.174 -67.306
v -8.167 -86.800 -64.647
v -8.174 -86.400 -63.620
v -8.220 -87.382 -63.416
v -8.299 -82.922 -60.800
v -9.115 -88.700 -62.307
v -8.501 -80.916 -53.361
v -8.489 -87.849 -59.792
v -8.009 -87.314 -60.569
v -9.088 -80.711 -47.485
v -9.127 -81.007 -47.157
v -8.370 -83.051 -48.404
v -9.283 -82.144 -47.274
v -9.011 -81.535 -47.035
v -9.375 -82.920 -48.144
v -8.133 -88.914 -69.350
v -8.164 -88.019 -66.295
v -8.138 -85.628 -63.064
v -7.099 -85.338 -60.547
v -7.213 -82.119 -57.597
v -7.655 -85.627 -55.870
v -7.051 -81.647 -53.995
v -7.428 -83.508 -50.711
v -8.675 -80.701 -47.399
v -7.660 -81.678 -47.926
v -7.974 -82.259 -47.784
v -7.113 -83.414 -59.951
v -6.519 -82.889 -57.726
v -6.736 -83.730 -54.672
v -6.576 -82.367 -53.601
v -7.513 -81.372 -48.367
v -7.056 -82.417 -49.814
v -6.436 -83.643 -57.564
v -8.597 -87.876 -63.030
v -8.875 -88.367 -62.801
v 8.936 -91.077 -71.365
v 7.966 -88.104 -67.513
v 8.618 -90.370 -72.105
v 8.761 -91.894 -71.446
v 8.611 -90.887 -68.097
v 7.862 -91.702 -74.200
v 7.881 -90.491 -73.086
v 7.938 -89.746 -72.056
v 8.383 -91.561 -73.426
v 7.807 -91.198 -73.994
v 7.989 -92.418 -73.825
v 7.554 -88.598 -69.896
v 7.339 -93.333 -72.943
v 8.169 -92.355 -68.651
v 7.753 -88.127 -63.781
v 7.968 -89.670 -64.469
v 7.683 -91.459 -65.062
v 7.064 -92.331 -74.627
v 6.991 -90.763 -72.949
v 6.648 -93.410 -73.802
v 6.856 -89.417 -71.455
v 6.410 -87.608 -68.154
v 7.266 -87.413 -67.503
v 6.724 -86.809 -65.740
v 7.284 -87.142 -63.524
v 6.583 -93.372 -67.768
v 6.908 -86.936 -64.271
v 7.119 -87.256 -62.317
v 6.769 -86.664 -62.332
v 7.066 -89.154 -61.731
v 6.763 -92.103 -63.964
v 6.213 -88.991 -59.727
v 5.539 -92.618 -74.517
v 5.084 -93.573 -74.140
v 4.932 -90.695 -70.300
v 4.556 -94.262 -73.017
v 5.399 -88.668 -69.203
v 5.555 -93.996 -68.445
v 6.336 -85.154 -60.713
v 5.186 -85.861 -62.955
v 6.853 -87.965 -60.222
v 5.946 -83.700 -55.629
v 6.492 -85.171 -57.615
v 6.283 -87.597 -58.722
v 5.900 -91.803 -62.634
v 5.182 -92.116 -73.598
v 4.261 -94.547 -70.759
v 5.447 -86.456 -64.522
v 5.220 -83.791 -59.345
v 5.367 -83.181 -57.579
v 5.156 -90.071 -60.258
v 4.843 -88.289 -58.031
v 4.516 -82.363 -53.817
v 4.006 -82.462 -49.725
v 5.408 -84.321 -53.257
v 5.183 -85.408 -53.700
v 4.939 -86.759 -55.116
v 2.466 -92.772 -73.663
v 2.582 -93.557 -74.280
v 3.115 -94.252 -73.746
v 3.869 -88.309 -67.986
v 4.319 -89.724 -69.026
v 4.180 -86.742 -66.481
v 4.446 -86.002 -64.212
v 3.530 -84.380 -60.792
v 3.323 -85.617 -62.849
v 4.229 -93.172 -63.915
v 3.271 -93.156 -63.492
v 3.959 -85.763 -52.973
v 1.015 -93.403 -73.990
v 2.230 -91.847 -70.649
v 3.014 -91.084 -69.703
v 2.833 -88.772 -67.952
v 2.943 -86.872 -66.128
v 3.088 -94.291 -67.375
v 2.620 -90.031 -60.565
v 3.678 -88.178 -57.866
v 3.492 -85.296 -52.179
v 4.033 -83.034 -49.475
v 3.810 -84.408 -50.629
v 3.682 -83.354 -49.278
v 1.269 -94.111 -73.723
v 1.660 -94.777 -71.153
v 2.482 -86.061 -63.133
v 3.242 -83.221 -58.097
v 2.076 -93.214 -63.950
v 2.651 -91.192 -61.240
v 2.501 -88.347 -58.704
v 3.062 -82.171 -53.239
v 2.495 -85.847 -55.109
v 2.768 -82.373 -50.852
v 3.258 -82.259 -48.974
v 2.797 -84.756 -52.139
v 3.041 -83.581 -49.996
v 3.577 -82.621 -48.932
v 2.938 -82.475 -48.841
v 0.670 -92.854 -73.388
v 0.757 -92.290 -72.362
v 1.829 -89.004 -67.394
v 0.965 -90.193 -68.486
v 1.874 -86.968 -64.728
v 1.772 -94.166 -66.736
v 1.779 -86.771 -62.660
v 1.529 -92.425 -63.455
v 1.423 -89.254 -61.125
v 1.528 -90.672 -61.738
v 2.322 -82.590 -53.725
v 1.962 -86.150 -56.839
v 2.579 -82.693 -50.061
v 1.887 -83.634 -54.307
v 2.842 -82.924 -49.103
v 0.386 -93.328 -73.576
v 0.312 -93.661 -73.434
v 0.835 -91.356 -70.379
v 0.657 -94.576 -70.984
v 1.147 -89.037 -66.594
v 0.743 -89.554 -65.999
v 1.168 -93.889 -66.468
v 1.752 -84.764 -57.749
v 1.187 -88.365 -63.506
v 1.170 -88.301 -61.441
v 0.645 -92.905 -65.617
v 1.021 -90.552 -62.553
v 0.300 -94.202 -72.250
v 0.218 -92.854 -72.754
v 0.113 -92.764 -69.483
v 0.385 -90.299 -66.907
v 0.323 -93.499 -67.985
v 0.728 -90.462 -63.936
v 0.383 -92.125 -65.690
v -8.832 -91.077 -71.365
v -7.862 -88.104 -67.513
v -8.514 -90.370 -72.105
v -8.657 -91.894 -71.446
v -8.507 -90.887 -68.097
v -7.758 -91.702 -74.200
v -7.777 -90.491 -73.086
v -7.834 -89.746 -72.056
v -8.279 -91.561 -73.426
v -7.703 -91.198 -73.994
v -7.885 -92.418 -73.825
v -7.450 -88.598 -69.896
v -7.235 -93.333 -72.943
v -8.065 -92.355 -68.651
v -7.649 -88.127 -63.781
v -7.864 -89.670 -64.469
v -7.579 -91.459 -65.062
v -6.960 -92.331 -74.627
v -6.887 -90.763 -72.949
v -6.544 -93.410 -73.802
v -6.752 -89.417 -71.455
v -6.306 -87.608 -68.154
v -7.162 -87.413 -67.503
v -6.620 -86.809 -65.740
v -7.180 -87.142 -63.524
v -6.479 -93.372 -67.768
v -6.804 -86.936 -64.271
v -7.015 -87.256 -62.317
v -6.665 -86.664 -62.332
v -6.962 -89.154 -61.731
v -6.659 -92.103 -63.964
v -6.109 -88.991 -59.727
v -5.435 -92.618 -74.517
v -4.980 -93.573 -74.140
v -4.828 -90.695 -70.300
v -4.452 -94.262 -73.017
v -5.295 -88.668 -69.203
v -5.451 -93.996 -68.445
v -6.232 -85.154 -60.713
v -5.082 -85.861 -62.955
v -6.749 -87.965 -60.222
v -5.842 -83.700 -55.629
v -6.388 -85.171 -57.615
v -6.179 -87.597 -58.722
v -5.796 -91.803 -62.634
v -5.078 -92.116 -73.598
v -4.157 -94.547 -70.759
v -5.343 -86.456 -64.522
v -5.116 -83.791 -59.345
v -5.263 -83.181 -57.579
v -5.052 -90.071 -60.258
v -4.739 -88.289 -58.031
v -4.412 -82.363 -53.817
v -3.902 -82.462 -49.725
v -5.304 -84.321 -53.257
v -5.079 -85.408 -53.700
v -4.835 -86.759 -55.116
v -2.362 -92.772 -73.663
v -2.478 -93.557 -74.280
v -3.011 -94.252 -73.746
v -3.765 -88.309 -67.986
v -4.215 -89.724 -69.026
v -4.076 -86.742 -66.481
v -4.342 -86.002 -64.212
v -3.426 -84.380 -60.792
v -3.219 -85.617 -62.849
v -4.125 -93.172 -63.915
v -3.167 -93.156 -63.492
v -3.855 -85.763 -52.973
v -0.911 -93.403 -73.990
v -2.126 -91.847 -70.649
v -2.910 -91.084 -69.703
v -2.729 -88.772 -67.952
v -2.839 -86.872 -66.128
v -2.984 -94.291 -67.375
v -2.516 -90.031 -60.565
v -3.574 -88.178 -57.866
v -3.388 -85.296 -52.179
v -3.929 -83.034 -49.475
v -3.706 -84.408 -50.629
v -3.578 -83.354 -49.278
v -1.165 -94.111 -73.723
v -1.556 -94.777 -71.153
v -2.378 -86.061 -63.133
v -3.138 -83.221 -58.097
v -1.972 -93.214 -63.950
v -2.547 -91.192 -61.240
v -2.397 -88.347 -58.704
v -2.958 -82.171 -53.239
v -2.391 -85.847 -55.109
v -2.664 -82.373 -50.852
v -3.154 -82.259 -48.974
v -2.693 -84.756 -52.139
v -2.937 -83.581 -49.996
v -3.473 -82.621 -48.932
v -2.834 -82.475 -48.841
v -0.566 -92.854 -73.388
v -0.653 -92.290 -72.362
v -1.725 -89.004 -67.394
v -0.861 -90.193 -68.486
v -1.770 -86.968 -64.728
v -1.668 -94.166 -66.736
v -1.675 -86.771 -62.660
v -1.425 -92.425 -63.455
v -1.319 -89.254 -61.125
v -1.424 -90.672 -61.738
v -2.218 -82.590 -53.725
v -1.858 -86.150 -56.839
v -2.475 -82.693 -50.061
v -1.783 -83.634 -54.307
v -2.738 -82.924 -49.103
v -0.282 -93.328 -73.576
v -0.208 -93.661 -73.434
v -0.731 -91.356 -70.379
v -0.553 -94.576 -70.984
v -1.043 -89.037 -66.594
v -0.639 -89.554 -65.999
v -1.064 -93.889 -66.468
v -1.648 -84.764 -57.749
v -1.083 -88.365 -63.506
v -1.066 -88.301 -61.441
v -0.541 -92.905 -65.617
v -0.917 -90.552 -62.553
v -0.196 -94.202 -72.250
v -0.114 -92.854 -72.754
v -0.009 -92.764 -69.483
v -0.281 -90.299 -66.907
v -0.219 -93.499 -67.985
v -0.624 -90.462 -63.936
v -0.279 -92.125 -65.690
v 28.462 -49.129 -63.080
v 29.215 -49.532 -61.589
v 28.509 -50.757 -63.292
v 29.250 -51.223 -61.637
v 29.268 -52.579 -63.586
v 28.888 -51.866 -63.933
v 28.218 -52.519 -65.138
v 28.635 -48.371 -60.798
v 28.919 -50.537 -58.569
v 29.565 -53.178 -62.480
v 28.762 -54.517 -63.872
v 29.191 -54.345 -57.709
v 29.077 -55.796 -58.820
v 28.932 -54.215 -53.713
v 29.043 -54.401 -51.658
v 27.586 -47.766 -62.427
v 27.632 -48.922 -63.368
v 28.156 -51.217 -64.179
v 28.018 -52.165 -64.957
v 28.269 -53.655 -65.034
v 28.075 -50.590 -63.455
v 27.723 -55.395 -64.190
v 27.656 -47.725 -60.010
v 27.715 -49.071 -56.984
v 27.995 -56.339 -61.516
v 27.457 -50.261 -55.085
v 28.156 -56.458 -58.994
v 28.161 -52.601 -55.098
v 26.965 -56.208 -56.993
v 28.334 -54.128 -55.216
v 28.018 -55.271 -56.720
v 28.137 -52.355 -54.068
v 27.957 -55.216 -55.645
v 28.054 -52.364 -53.353
v 28.188 -51.219 -52.808
v 28.010 -55.482 -54.959
v 28.628 -55.809 -53.679
v 28.662 -53.239 -52.077
v 27.945 -52.613 -52.504
v 27.921 -54.263 -48.948
v 28.449 -56.272 -51.018
v 28.014 -55.989 -48.698
v 27.194 -56.768 -53.706
v 28.232 -54.830 -48.668
v 27.563 -56.771 -50.242
v 27.235 -47.774 -62.392
v 26.304 -52.052 -64.352
v 27.511 -53.606 -65.395
v 27.381 -52.885 -65.354
v 26.174 -51.129 -62.817
v 27.306 -54.594 -65.055
v 26.369 -47.396 -60.495
v 24.921 -48.530 -55.317
v 27.063 -56.524 -62.250
v 26.833 -49.681 -54.889
v 27.280 -50.046 -54.172
v 26.822 -56.093 -55.900
v 27.207 -48.933 -51.890
v 27.263 -48.792 -49.332
v 27.949 -49.577 -48.952
v 27.877 -52.251 -52.609
v 28.008 -50.633 -50.533
v 26.856 -52.359 -51.810
v 27.558 -51.019 -50.117
v 27.008 -51.867 -51.481
v 27.053 -52.743 -51.646
v 26.893 -51.055 -47.939
v 27.200 -49.403 -46.437
v 27.576 -50.009 -46.567
v 26.881 -50.888 -44.709
v 25.387 -56.270 -46.533
v 26.495 -53.866 -46.293
v 26.393 -55.067 -45.255
v 26.458 -54.295 -45.192
v 26.164 -48.571 -62.402
v 25.040 -49.273 -62.616
v 25.508 -51.559 -62.815
v 25.194 -52.842 -63.698
v 26.109 -54.887 -64.665
v 26.008 -54.312 -64.330
v 25.994 -55.532 -64.440
v 25.966 -56.101 -63.731
v 25.527 -56.581 -62.321
v 25.811 -56.836 -60.563
v 24.581 -48.422 -53.923
v 25.891 -48.390 -52.386
v 25.375 -56.413 -56.506
v 25.967 -52.430 -51.901
v 25.617 -51.566 -50.858
v 25.838 -53.698 -50.175
v 26.185 -54.014 -48.700
v 24.711 -57.058 -52.517
v 25.277 -56.763 -48.880
v 25.922 -48.838 -47.204
v 25.235 -51.245 -45.905
v 26.657 -50.261 -44.376
v 25.989 -51.186 -43.909
v 25.865 -55.604 -45.323
v 25.544 -47.640 -60.818
v 24.498 -48.113 -62.047
v 25.164 -54.335 -64.682
v 24.292 -48.532 -54.893
v 25.493 -48.528 -49.955
v 25.252 -52.538 -52.211
v 25.104 -50.831 -48.083
v 25.041 -50.010 -43.914
v 24.557 -53.438 -44.242
v 25.930 -50.250 -43.792
v 25.296 -51.028 -43.696
v 25.231 -53.690 -44.029
v 25.044 -54.678 -43.833
v 24.202 -47.848 -61.610
v 24.847 -51.509 -63.019
v 24.246 -51.880 -64.049
v 24.992 -52.059 -63.335
v 24.488 -54.162 -64.577
v 24.518 -54.752 -64.567
v 24.540 -55.830 -63.855
v 22.303 -47.790 -60.461
v 23.304 -55.924 -62.577
v 24.057 -48.201 -52.881
v 23.946 -48.526 -51.743
v 25.034 -48.613 -50.638
v 24.713 -49.410 -50.179
v 24.120 -52.784 -52.878
v 24.438 -53.436 -52.341
v 24.946 -50.165 -48.044
v 24.025 -50.951 -51.774
v 25.210 -51.004 -49.415
v 24.692 -50.441 -49.898
v 24.939 -54.109 -50.305
v 24.728 -50.195 -43.984
v 24.448 -56.592 -51.080
v 24.799 -51.181 -44.225
v 24.465 -54.323 -48.112
v 24.676 -55.975 -46.938
v 24.889 -50.466 -43.689
v 25.177 -51.358 -44.010
v 24.639 -50.671 -43.935
v 23.771 -49.110 -63.968
v 23.465 -47.934 -62.482
v 22.878 -50.943 -65.506
v 23.209 -53.052 -65.107
v 22.914 -53.760 -65.060
v 22.194 -54.942 -63.560
v 23.299 -56.456 -59.973
v 23.494 -48.680 -51.741
v 23.660 -49.923 -51.526
v 23.974 -52.186 -52.819
v 23.556 -51.186 -51.936
v 23.780 -55.642 -52.293
v 24.419 -54.923 -50.871
v 24.233 -54.777 -47.645
v 24.064 -53.766 -45.648
v 23.820 -54.329 -45.234
v 24.683 -53.823 -43.652
v 24.001 -53.630 -43.902
v 23.872 -54.419 -43.690
v 23.782 -54.021 -43.818
v 22.408 -48.715 -63.627
v 23.018 -49.271 -64.604
v 22.338 -50.780 -65.635
v 22.445 -52.139 -65.663
v 22.532 -56.260 -59.249
v 23.111 -55.840 -56.494
v 22.514 -48.814 -51.320
v 23.183 -49.410 -51.301
v 22.800 -55.954 -54.945
v 22.936 -50.158 -50.918
v 23.089 -53.851 -52.266
v 23.575 -54.538 -52.653
v 23.255 -55.108 -52.920
v 22.646 -54.739 -52.125
v 23.450 -56.058 -53.276
v 22.649 -55.530 -53.676
v 21.394 -50.444 -65.006
v 21.142 -51.618 -65.137
v 21.606 -53.286 -64.720
v 20.251 -53.969 -62.304
v 21.132 -55.319 -58.556
v 21.517 -49.554 -54.505
v 21.641 -55.041 -56.661
v 21.716 -48.850 -51.901
v 21.863 -55.697 -54.564
v 22.349 -49.725 -49.741
v 22.041 -49.286 -50.246
v 21.566 -50.639 -46.199
v 21.575 -52.628 -46.864
v 20.828 -49.565 -63.473
v 20.005 -52.338 -63.552
v 20.703 -48.836 -61.110
v 21.089 -48.465 -58.710
v 20.688 -54.248 -56.950
v 20.802 -49.491 -52.074
v 19.991 -54.327 -54.652
v 20.798 -49.415 -49.540
v 20.684 -54.628 -49.216
v 20.542 -49.773 -46.157
v 21.528 -50.205 -46.462
v 21.057 -53.637 -47.187
v 20.526 -52.388 -44.933
v 20.063 -50.476 -63.146
v 19.897 -49.688 -59.514
v 19.621 -53.514 -61.024
v 20.509 -50.538 -54.220
v 19.932 -53.268 -56.890
v 20.084 -51.296 -54.313
v 20.414 -54.900 -51.285
v 20.604 -50.185 -45.326
v 19.579 -50.799 -43.909
v 19.704 -53.114 -45.253
v 19.460 -50.818 -61.142
v 19.447 -52.206 -62.063
v 19.821 -49.930 -57.973
v 19.555 -53.188 -59.266
v 19.745 -52.326 -56.027
v 19.730 -53.163 -54.199
v 20.031 -50.419 -52.523
v 19.407 -51.884 -52.833
v 18.683 -50.827 -47.055
v 18.364 -52.750 -45.355
v 19.454 -53.975 -52.230
v 18.471 -50.327 -44.865
v 19.033 -52.094 -43.732
v 19.447 -51.771 -58.277
v 18.505 -50.580 -43.900
v 17.903 -51.015 -44.092
v 18.636 -51.227 -43.556
v 18.085 -52.149 -43.991
v 18.154 -51.687 -43.603
v -28.358 -49.129 -63.080
v -29.111 -49.532 -61.589
v -28.452 -50.032 -63.257
v -29.146 -51.223 -61.637
v -29.164 -52.579 -63.586
v -28.784 -51.866 -63.933
v -28.114 -52.519 -65.138
v -28.531 -48.371 -60.798
v -28.544 -50.862 -63.054
v -28.815 -50.537 -58.569
v -29.461 -53.178 -62.480
v -28.658 -54.517 -63.872
v -29.087 -54.345 -57.709
v -28.973 -55.796 -58.820
v -28.828 -54.215 -53.713
v -28.939 -54.401 -51.658
v -27.482 -47.766 -62.427
v -27.528 -48.922 -63.368
v -28.052 -51.217 -64.179
v -27.914 -52.165 -64.957
v -28.165 -53.655 -65.034
v -27.971 -50.590 -63.455
v -27.619 -55.395 -64.190
v -27.552 -47.725 -60.010
v -27.611 -49.071 -56.984
v -27.891 -56.339 -61.516
v -27.353 -50.261 -55.085
v -28.052 -56.458 -58.994
v -28.057 -52.601 -55.098
v -26.861 -56.208 -56.993
v -28.230 -54.128 -55.216
v -27.914 -55.271 -56.720
v -28.033 -52.355 -54.068
v -27.853 -55.216 -55.645
v -27.950 -52.364 -53.353
v -28.084 -51.219 -52.808
v -27.906 -55.482 -54.959
v -28.524 -55.809 -53.679
v -28.558 -53.239 -52.077
v -27.841 -52.613 -52.504
v -27.817 -54.263 -48.948
v -28.345 -56.272 -51.018
v -27.910 -55.989 -48.698
v -27.090 -56.768 -53.706
v -28.128 -54.830 -48.668
v -27.459 -56.771 -50.242
v -27.131 -47.774 -62.392
v -26.200 -52.052 -64.352
v -27.407 -53.606 -65.395
v -27.277 -52.885 -65.354
v -26.070 -51.129 -62.817
v -27.202 -54.594 -65.055
v -26.265 -47.396 -60.495
v -24.817 -48.530 -55.317
v -26.959 -56.524 -62.250
v -26.729 -49.681 -54.889
v -27.176 -50.046 -54.172
v -26.718 -56.093 -55.900
v -27.103 -48.933 -51.890
v -27.159 -48.792 -49.332
v -27.844 -49.577 -48.952
v -27.773 -52.251 -52.609
v -27.904 -50.633 -50.533
v -26.752 -52.359 -51.810
v -27.454 -51.019 -50.117
v -26.904 -51.867 -51.481
v -26.949 -52.743 -51.646
v -26.789 -51.055 -47.939
v -27.096 -49.403 -46.437
v -27.472 -50.009 -46.567
v -26.777 -50.888 -44.709
v -25.283 -56.270 -46.533
v -26.391 -53.866 -46.293
v -26.289 -55.067 -45.255
v -26.354 -54.295 -45.192
v -26.060 -48.571 -62.402
v -24.936 -49.273 -62.616
v -25.404 -51.559 -62.815
v -25.090 -52.842 -63.698
v -26.005 -54.887 -64.665
v -25.904 -54.312 -64.330
v -25.890 -55.532 -64.440
v -25.862 -56.101 -63.731
v -25.423 -56.581 -62.321
v -25.707 -56.836 -60.563
v -24.477 -48.422 -53.923
v -25.787 -48.390 -52.386
v -25.271 -56.413 -56.506
v -25.863 -52.430 -51.901
v -25.513 -51.566 -50.858
v -25.734 -53.698 -50.175
v -26.081 -54.014 -48.700
v -24.607 -57.058 -52.517
v -25.173 -56.763 -48.880
v -25.818 -48.838 -47.204
v -25.131 -51.245 -45.905
v -26.553 -50.261 -44.376
v -25.885 -51.186 -43.909
v -25.761 -55.604 -45.323
v -25.440 -47.640 -60.818
v -24.394 -48.113 -62.047
v -25.060 -54.335 -64.682
v -24.188 -48.532 -54.893
v -25.389 -48.528 -49.955
v -25.148 -52.538 -52.211
v -25.000 -50.831 -48.083
v -24.937 -50.010 -43.914
v -24.452 -53.438 -44.242
v -25.826 -50.250 -43.792
v -25.192 -51.028 -43.696
v -25.127 -53.690 -44.029
v -24.940 -54.678 -43.833
v -24.098 -47.848 -61.610
v -24.743 -51.509 -63.019
v -24.142 -51.880 -64.049
v -24.888 -52.059 -63.335
v -24.384 -54.162 -64.577
v -24.414 -54.752 -64.567
v -24.436 -55.830 -63.855
v -22.199 -47.790 -60.461
v -23.200 -55.924 -62.577
v -23.953 -48.201 -52.881
v -23.842 -48.526 -51.743
v -24.930 -48.613 -50.638
v -24.609 -49.410 -50.179
v -24.016 -52.784 -52.878
v -24.334 -53.436 -52.341
v -24.842 -50.165 -48.044
v -23.921 -50.951 -51.774
v -25.106 -51.004 -49.415
v -24.588 -50.441 -49.898
v -24.835 -54.109 -50.305
v -24.624 -50.195 -43.984
v -24.344 -56.592 -51.080
v -24.695 -51.181 -44.225
v -24.361 -54.323 -48.112
v -24.572 -55.975 -46.938
v -24.785 -50.466 -43.689
v -25.073 -51.358 -44.010
v -24.535 -50.671 -43.935
v -23.667 -49.110 -63.968
v -23.361 -47.934 -62.482
v -22.774 -50.943 -65.506
v -23.105 -53.052 -65.107
v -22.810 -53.760 -65.060
v -22.090 -54.942 -63.560
v -23.195 -56.456 -59.973
v -23.390 -48.680 -51.741
v -23.556 -49.923 -51.526
v -23.870 -52.186 -52.819
v -23.452 -51.186 -51.936
v -23.676 -55.642 -52.293
v -24.315 -54.923 -50.871
v -24.129 -54.777 -47.645
v -23.960 -53.766 -45.648
v -23.716 -54.329 -45.234
v -24.579 -53.823 -43.652
v -23.897 -53.630 -43.902
v -23.768 -54.419 -43.690
v -23.678 -54.021 -43.818
v -22.304 -48.715 -63.627
v -22.914 -49.271 -64.604
v -22.234 -50.780 -65.635
v -22.341 -52.139 -65.663
v -22.428 -56.260 -59.249
v -23.007 -55.840 -56.494
v -22.410 -48.814 -51.320
v -23.079 -49.410 -51.301
v -22.696 -55.954 -54.945
v -22.832 -50.158 -50.918
v -22.985 -53.851 -52.266
v -23.471 -54.538 -52.653
v -23.151 -55.108 -52.920
v -22.542 -54.739 -52.125
v -23.346 -56.058 -53.276
v -22.545 -55.530 -53.676
v -21.290 -50.444 -65.006
v -21.038 -51.618 -65.137
v -21.502 -53.286 -64.720
v -20.147 -53.969 -62.304
v -21.028 -55.319 -58.556
v -21.413 -49.554 -54.505
v -21.537 -55.041 -56.661
v -21.612 -48.850 -51.901
v -21.759 -55.697 -54.564
v -22.245 -49.725 -49.741
v -21.937 -49.286 -50.246
v -21.462 -50.639 -46.199
v -21.471 -52.628 -46.864
v -20.724 -49.565 -63.473
v -19.901 -52.338 -63.552
v -20.599 -48.836 -61.110
v -20.985 -48.465 -58.710
v -20.584 -54.248 -56.950
v -20.698 -49.491 -52.074
v -19.887 -54.327 -54.652
v -20.694 -49.415 -49.540
v -20.580 -54.628 -49.216
v -20.438 -49.773 -46.157
v -21.424 -50.205 -46.462
v -20.953 -53.637 -47.187
v -20.422 -52.388 -44.933
v -19.959 -50.476 -63.146
v -19.793 -49.688 -59.514
v -19.517 -53.514 -61.024
v -20.405 -50.538 -54.220
v -19.828 -53.268 -56.890
v -19.980 -51.296 -54.313
v -20.310 -54.900 -51.285
v -20.500 -50.185 -45.326
v -19.475 -50.799 -43.909
v -19.600 -53.114 -45.253
v -19.356 -50.818 -61.142
v -19.343 -52.206 -62.063
v -19.717 -49.930 -57.973
v -19.451 -53.188 -59.266
v -19.641 -52.326 -56.027
v -19.626 -53.163 -54.199
v -19.927 -50.419 -52.523
v -19.303 -51.884 -52.833
v -18.579 -50.827 -47.055
v -18.260 -52.750 -45.355
v -19.350 -53.975 -52.230
v -18.367 -50.327 -44.865
v -18.929 -52.094 -43.732
v -19.343 -51.771 -58.277
v -18.401 -50.580 -43.900
v -17.799 -51.015 -44.092
v -18.532 -51.227 -43.556
v -17.981 -52.149 -43.991
v -18.050 -51.687 -43.603
v 27.371 -68.048 -68.599
v 26.990 -67.146 -66.616
v 27.112 -69.674 -70.172
v 27.710 -70.012 -67.171
v 27.603 -69.523 -65.885
v 27.364 -70.975 -68.259
v 26.726 -71.997 -67.025
v 26.689 -71.778 -62.847
v 26.945 -70.646 -62.525
v 27.001 -67.629 -69.497
v 26.459 -67.303 -69.775
v 26.285 -68.128 -70.576
v 26.381 -70.392 -70.974
v 26.843 -70.709 -70.312
v 26.168 -69.323 -71.049
v 26.716 -66.849 -68.259
v 25.906 -66.275 -66.676
v 25.458 -72.479 -69.313
v 25.916 -72.602 -64.978
v 25.507 -67.856 -61.997
v 26.162 -69.850 -61.099
v 26.091 -71.590 -61.003
v 26.045 -72.353 -62.712
v 24.536 -67.517 -69.127
v 25.285 -69.125 -70.907
v 25.267 -70.753 -71.187
v 24.428 -66.069 -68.108
v 24.865 -66.503 -68.633
v 25.807 -71.133 -70.881
v 24.750 -72.436 -69.849
v 25.572 -66.519 -64.423
v 24.603 -72.860 -68.053
v 25.924 -69.073 -59.340
v 24.490 -72.658 -59.833
v 24.906 -72.875 -63.967
v 25.648 -68.423 -59.778
v 25.754 -67.940 -57.511
v 25.644 -71.305 -58.656
v 25.464 -71.784 -59.257
v 25.715 -68.022 -53.176
v 26.013 -68.917 -50.836
v 25.148 -72.003 -55.990
v 25.490 -68.549 -49.647
v 25.135 -68.768 -47.315
v 25.583 -69.954 -49.823
v 24.200 -69.361 -70.257
v 22.550 -65.650 -66.795
v 23.889 -72.079 -70.207
v 24.140 -66.175 -63.712
v 25.005 -67.787 -60.197
v 23.949 -67.371 -60.009
v 25.130 -67.416 -57.040
v 24.392 -67.419 -55.292
v 25.061 -70.996 -50.618
v 24.836 -68.248 -49.274
v 25.017 -69.276 -46.682
v 24.368 -70.208 -46.983
v 23.608 -65.975 -68.202
v 23.782 -67.047 -68.819
v 23.382 -68.422 -68.593
v 23.094 -69.207 -68.934
v 23.619 -71.354 -70.216
v 22.472 -72.389 -69.098
v 22.961 -66.851 -61.747
v 21.538 -72.451 -65.793
v 23.185 -72.987 -62.367
v 23.339 -67.141 -56.904
v 23.744 -73.004 -58.332
v 24.443 -71.910 -52.738
v 23.563 -72.921 -55.818
v 24.499 -68.003 -51.613
v 23.878 -68.268 -51.345
v 24.396 -71.510 -50.461
v 24.745 -68.485 -46.866
v 23.909 -70.851 -48.387
v 24.169 -68.837 -46.603
v 24.659 -68.829 -46.294
v 24.445 -69.260 -46.201
v 23.918 -69.948 -46.583
v 22.863 -66.697 -68.871
v 22.234 -70.732 -69.672
v 21.838 -71.351 -69.633
v 22.291 -65.809 -65.021
v 22.081 -72.593 -67.777
v 21.639 -72.544 -63.896
v 22.103 -67.217 -60.232
v 20.518 -67.679 -56.805
v 23.147 -68.141 -54.707
v 20.469 -73.059 -57.699
v 22.996 -69.655 -50.445
v 22.813 -72.371 -54.329
v 23.159 -71.887 -53.031
v 23.221 -69.417 -48.581
v 23.407 -69.893 -47.217
v 23.611 -69.561 -46.798
v 21.740 -66.427 -68.424
v 21.428 -67.409 -69.814
v 21.506 -67.331 -61.150
v 21.744 -72.800 -61.866
v 21.963 -68.023 -55.309
v 22.466 -68.215 -54.966
v 22.429 -69.162 -54.501
v 22.281 -72.846 -55.599
v 22.618 -69.609 -54.309
v 22.385 -70.528 -54.478
v 22.369 -71.289 -54.660
v 22.443 -71.865 -54.374
v 22.308 -72.371 -54.608
v 20.921 -67.231 -69.740
v 21.451 -68.822 -70.033
v 21.263 -66.020 -65.657
v 19.935 -70.479 -69.997
v 20.509 -71.930 -68.450
v 20.263 -68.175 -60.911
v 20.545 -72.108 -62.265
v 21.878 -68.417 -54.370
v 22.095 -69.245 -54.103
v 21.537 -68.627 -52.724
v 22.179 -71.200 -54.567
v 21.797 -69.622 -49.653
v 22.093 -71.905 -54.278
v 20.635 -73.065 -54.050
v 20.703 -68.531 -50.513
v 22.043 -72.317 -54.436
v 21.194 -68.827 -49.827
v 21.432 -69.485 -46.722
v 20.856 -71.203 -48.151
v 19.751 -68.789 -70.302
v 19.950 -67.208 -69.111
v 19.752 -71.267 -68.478
v 19.607 -71.312 -64.890
v 19.221 -72.430 -57.705
v 20.332 -72.875 -52.608
v 20.909 -68.075 -46.680
v 21.524 -69.155 -47.358
v 20.879 -69.939 -46.356
v 20.812 -68.293 -46.006
v 20.656 -68.902 -45.858
v 19.031 -69.095 -69.900
v 19.267 -67.581 -68.435
v 19.926 -69.653 -70.299
v 19.407 -67.256 -66.845
v 19.978 -68.583 -60.516
v 19.315 -70.067 -60.893
v 19.422 -70.826 -61.175
v 19.935 -68.041 -56.860
v 19.918 -68.517 -50.438
v 19.463 -72.834 -54.481
v 20.345 -68.156 -48.756
v 19.387 -71.692 -51.094
v 19.848 -67.872 -47.012
v 19.915 -70.960 -48.025
v 20.306 -67.870 -46.266
v 20.161 -68.208 -46.011
v 19.992 -68.837 -46.046
v 20.297 -69.840 -46.317
v 19.703 -69.595 -46.699
v 18.726 -68.376 -67.942
v 18.588 -69.535 -67.776
v 19.330 -68.824 -62.766
v 19.184 -70.493 -63.717
v 19.232 -70.268 -61.744
v 18.793 -69.801 -57.860
v 19.147 -71.583 -59.771
v 18.552 -71.067 -58.253
v 19.276 -69.132 -55.207
v 18.745 -71.945 -56.665
v 19.261 -69.090 -50.309
v 19.044 -71.021 -52.945
v 19.247 -70.564 -48.773
v 19.417 -68.619 -47.227
v -27.267 -68.048 -68.599
v -26.886 -67.146 -66.616
v -27.008 -69.674 -70.172
v -27.606 -70.012 -67.171
v -27.499 -69.523 -65.885
v -27.260 -70.975 -68.259
v -26.622 -71.997 -67.025
v -26.585 -71.778 -62.847
v -26.841 -70.646 -62.525
v -26.897 -67.629 -69.497
v -26.355 -67.303 -69.775
v -26.181 -68.128 -70.576
v -26.277 -70.392 -70.974
v -26.739 -70.709 -70.312
v -26.064 -69.323 -71.049
v -26.612 -66.849 -68.259
v -25.802 -66.275 -66.676
v -25.354 -72.479 -69.313
v -25.812 -72.602 -64.978
v -25.403 -67.856 -61.997
v -26.058 -69.850 -61.099
v -25.987 -71.590 -61.003
v -25.941 -72.353 -62.712
v -24.432 -67.517 -69.127
v -25.181 -69.125 -70.907
v -25.163 -70.753 -71.187
v -24.324 -66.069 -68.108
v -24.761 -66.503 -68.633
v -25.703 -71.133 -70.881
v -24.646 -72.436 -69.849
v -25.468 -66.519 -64.423
v -24.499 -72.860 -68.053
v -25.820 -69.073 -59.340
v -24.386 -72.658 -59.833
v -24.802 -72.875 -63.967
v -25.544 -68.423 -59.778
v -25.650 -67.940 -57.511
v -25.540 -71.305 -58.656
v -25.360 -71.784 -59.257
v -25.611 -68.022 -53.176
v -25.909 -68.917 -50.836
v -25.044 -72.003 -55.990
v -25.386 -68.549 -49.647
v -25.031 -68.768 -47.315
v -25.479 -69.954 -49.823
v -24.096 -69.361 -70.257
v -22.446 -65.650 -66.795
v -23.785 -72.079 -70.207
v -24.036 -66.175 -63.712
v -24.901 -67.787 -60.197
v -23.845 -67.371 -60.009
v -25.026 -67.416 -57.040
v -24.288 -67.419 -55.292
v -24.957 -70.996 -50.618
v -24.732 -68.248 -49.274
v -24.913 -69.276 -46.682
v -24.264 -70.208 -46.983
v -23.504 -65.975 -68.202
v -23.678 -67.047 -68.819
v -23.278 -68.422 -68.593
v -22.990 -69.207 -68.934
v -23.515 -71.354 -70.216
v -22.368 -72.389 -69.098
v -22.857 -66.851 -61.747
v -21.434 -72.451 -65.793
v -23.081 -72.987 -62.367
v -23.235 -67.141 -56.904
v -23.640 -73.004 -58.332
v -24.339 -71.910 -52.738
v -23.459 -72.921 -55.818
v -24.395 -68.003 -51.613
v -23.774 -68.268 -51.345
v -24.292 -71.510 -50.461
v -24.641 -68.485 -46.866
v -23.805 -70.851 -48.387
v -24.065 -68.837 -46.603
v -24.555 -68.829 -46.294
v -24.341 -69.260 -46.201
v -23.814 -69.948 -46.583
v -22.759 -66.697 -68.871
v -22.130 -70.732 -69.672
v -21.734 -71.351 -69.633
v -22.187 -65.809 -65.021
v -21.977 -72.593 -67.777
v -21.535 -72.544 -63.896
v -21.999 -67.217 -60.232
v -20.414 -67.679 -56.805
v -23.043 -68.141 -54.707
v -20.365 -73.059 -57.699
v -22.892 -69.655 -50.445
v -22.709 -72.371 -54.329
v -23.055 -71.887 -53.031
v -23.117 -69.417 -48.581
v -23.303 -69.893 -47.217
v -23.507 -69.561 -46.798
v -21.636 -66.427 -68.424
v -21.324 -67.409 -69.814
v -21.402 -67.331 -61.150
v -21.640 -72.800 -61.866
v -21.859 -68.023 -55.309
v -22.362 -68.215 -54.966
v -22.325 -69.162 -54.501
v -22.177 -72.846 -55.599
v -22.514 -69.609 -54.309
v -22.281 -70.528 -54.478
v -22.265 -71.289 -54.660
v -22.339 -71.865 -54.374
v -22.204 -72.371 -54.608
v -20.817 -67.231 -69.740
v -21.347 -68.822 -70.033
v -21.159 -66.020 -65.657
v -19.831 -70.479 -69.997
v -20.405 -71.930 -68.450
v -20.159 -68.175 -60.911
v -20.441 -72.108 -62.265
v -21.774 -68.417 -54.370
v -21.991 -69.245 -54.103
v -21.433 -68.627 -52.724
v -22.075 -71.200 -54.567
v -21.693 -69.622 -49.653
v -21.989 -71.905 -54.278
v -20.531 -73.065 -54.050
v -20.599 -68.531 -50.513
v -21.939 -72.317 -54.436
v -21.090 -68.827 -49.827
v -21.328 -69.485 -46.722
v -20.752 -71.203 -48.151
v -19.647 -68.789 -70.302
v -19.846 -67.208 -69.111
v -19.648 -71.267 -68.478
v -19.503 -71.312 -64.890
v -19.117 -72.430 -57.705
v -20.228 -72.875 -52.608
v -20.805 -68.075 -46.680
v -21.420 -69.155 -47.358
v -20.775 -69.939 -46.356
v -20.708 -68.293 -46.006
v -20.552 -68.902 -45.858
v -18.927 -69.095 -69.900
v -19.163 -67.581 -68.435
v -19.822 -69.653 -70.299
v -19.303 -67.256 -66.845
v -19.874 -68.583 -60.516
v -19.211 -70.067 -60.893
v -19.318 -70.826 -61.175
v -19.831 -68.041 -56.860
v -19.814 -68.517 -50.438
v -19.359 -72.834 -54.481
v -20.241 -68.156 -48.756
v -19.283 -71.692 -51.094
v -19.744 -67.872 -47.012
v -19.811 -70.960 -48.025
v -20.202 -67.870 -46.266
v -20.057 -68.208 -46.011
v -19.888 -68.837 -46.046
v -20.193 -69.840 -46.317
v -19.599 -69.595 -46.699
v -18.622 -68.376 -67.942
v -18.484 -69.535 -67.776
v -19.226 -68.824 -62.766
v -19.080 -70.493 -63.717
v -19.128 -70.268 -61.744
v -18.689 -69.801 -57.860
v -19.043 -71.583 -59.771
v -18.448 -71.067 -58.253
v -19.172 -69.132 -55.207
v -18.641 -71.945 -56.665
v -19.157 -69.090 -50.309
v -18.940 -71.021 -52.945
v -19.143 -70.564 -48.773
v -19.313 -68.619 -47.227
f 2 3 1
f 5 1 3
f 3 6 5
f 1 9 2
f 8 10 2
f 9 8 2
f 10 4 2
f 4 11 2
f 3 2 11
f 5 12 1
f 7 3 11
f 5 14 12
f 7 13 3
f 5 6 14
f 6 16 15
f 3 16 6
f 3 13 16
f 21 20 19
f 21 8 9
f 9 22 21
f 19 10 8
f 19 8 21
f 19 23 10
f 19 20 23
f 4 10 23
f 24 9 1
f 25 9 24
f 25 22 9
f 4 23 26
f 1 27 24
f 28 11 4
f 28 4 26
f 29 24 27
f 27 1 12
f 11 31 7
f 28 31 11
f 31 13 7
f 6 34 14
f 34 35 14
f 13 17 16
f 17 13 33
f 35 34 36
f 6 15 34
f 15 16 18
f 17 18 16
f 18 17 37
f 34 15 38
f 21 40 20
f 20 40 39
f 23 41 26
f 41 23 20
f 26 41 42
f 26 42 30
f 25 24 29
f 28 26 30
f 43 28 30
f 28 43 31
f 12 32 27
f 31 33 13
f 31 43 33
f 32 12 14
f 14 35 32
f 33 46 17
f 35 36 45
f 17 46 37
f 36 34 38
f 15 18 38
f 48 38 18
f 18 37 48
f 41 20 39
f 21 50 40
f 42 41 39
f 51 22 25
f 52 22 51
f 50 21 22
f 29 53 25
f 53 51 25
f 29 32 54
f 29 27 32
f 44 33 43
f 44 56 57
f 33 44 57
f 57 46 33
f 58 46 57
f 37 46 59
f 58 59 46
f 47 45 36
f 47 60 45
f 38 47 36
f 40 61 39
f 74 42 39
f 39 61 74
f 61 40 50
f 22 52 50
f 62 50 52
f 52 51 63
f 30 65 43
f 54 53 29
f 64 53 54
f 65 44 43
f 65 56 44
f 56 66 57
f 55 35 67
f 35 45 68
f 67 35 68
f 59 58 69
f 37 59 70
f 47 71 60
f 47 38 72
f 38 49 72
f 72 49 70
f 47 72 71
f 61 73 74
f 75 42 74
f 50 62 61
f 62 52 63
f 75 30 42
f 51 53 63
f 75 77 30
f 77 65 30
f 78 64 54
f 54 32 79
f 67 79 55
f 66 58 57
f 66 80 58
f 70 59 81
f 45 60 68
f 82 68 60
f 70 81 72
f 83 72 81
f 71 72 83
f 71 84 60
f 71 85 84
f 87 75 74
f 62 88 61
f 88 73 61
f 63 76 62
f 62 76 88
f 77 75 87
f 89 65 77
f 89 56 65
f 90 78 54
f 79 90 54
f 58 80 69
f 91 69 80
f 92 67 68
f 69 81 59
f 93 68 82
f 94 68 93
f 95 82 86
f 95 93 82
f 86 60 84
f 82 60 86
f 97 85 71
f 71 83 97
f 98 97 83
f 84 96 86
f 85 96 84
f 96 100 99
f 85 97 100
f 101 100 97
f 85 100 96
f 102 73 88
f 102 74 73
f 102 87 74
f 102 103 87
f 89 87 103
f 77 87 89
f 53 64 104
f 53 104 63
f 104 76 63
f 104 64 78
f 89 105 56
f 105 66 56
f 106 78 90
f 66 105 80
f 105 108 80
f 109 110 90
f 67 92 79
f 90 79 109
f 109 79 92
f 94 92 68
f 91 111 69
f 111 81 69
f 94 93 112
f 112 93 95
f 113 83 81
f 95 114 112
f 86 99 95
f 95 99 114
f 86 96 99
f 101 97 98
f 115 114 99
f 100 116 99
f 99 116 117
f 118 103 102
f 76 104 119
f 88 76 119
f 120 102 88
f 118 102 120
f 103 118 89
f 104 78 106
f 106 119 104
f 119 106 121
f 119 122 88
f 122 120 88
f 105 89 118
f 121 122 119
f 122 123 120
f 123 118 120
f 122 121 108
f 122 108 123
f 123 105 118
f 108 121 124
f 90 107 106
f 124 106 107
f 125 108 124
f 105 123 108
f 91 80 108
f 125 91 108
f 107 90 110
f 110 109 92
f 110 92 94
f 126 94 112
f 127 126 112
f 81 111 128
f 128 113 81
f 113 98 83
f 127 112 114
f 98 129 101
f 115 99 130
f 117 130 99
f 101 132 100
f 116 100 132
f 117 116 131
f 133 117 131
f 134 107 110
f 134 124 107
f 125 124 134
f 135 110 94
f 125 136 91
f 135 134 110
f 111 91 136
f 137 128 111
f 94 126 135
f 135 138 137
f 127 135 126
f 129 113 128
f 128 137 129
f 98 113 129
f 139 127 114
f 129 144 140
f 139 115 141
f 114 115 139
f 129 140 132
f 141 115 142
f 132 101 129
f 115 130 142
f 142 143 141
f 140 143 132
f 130 117 133
f 131 116 133
f 142 130 133
f 133 116 132
f 132 143 133
f 143 142 133
f 125 134 136
f 134 137 136
f 134 135 137
f 137 111 136
f 135 127 138
f 137 138 144
f 127 139 138
f 137 144 129
f 138 139 144
f 141 144 139
f 144 141 140
f 143 140 141
f 48 49 38
f 37 70 49
f 48 37 49
f 106 124 121
f 35 55 32
f 55 79 32
f 146 147 145
f 149 145 147
f 147 150 149
f 145 153 146
f 152 154 146
f 153 152 146
f 154 148 146
f 148 155 146
f 147 146 155
f 149 156 145
f 151 147 155
f 149 158 156
f 151 157 147
f 149 150 158
f 150 160 159
f 147 160 150
f 147 157 160
f 165 164 163
f 165 152 153
f 153 166 165
f 163 154 152
f 163 152 165
f 163 167 154
f 163 164 167
f 148 154 167
f 168 153 145
f 169 153 168
f 169 166 153
f 148 167 170
f 145 171 168
f 172 155 148
f 172 148 170
f 173 168 171
f 171 145 156
f 155 175 151
f 172 175 155
f 175 157 151
f 150 178 158
f 178 179 158
f 157 161 160
f 161 157 177
f 179 178 180
f 150 159 178
f 159 160 162
f 161 162 160
f 162 161 181
f 178 159 182
f 165 184 164
f 164 184 183
f 167 185 170
f 185 167 164
f 170 185 186
f 170 186 174
f 169 168 173
f 172 170 174
f 187 172 174
f 172 187 175
f 156 176 171
f 175 177 157
f 175 187 177
f 176 156 158
f 158 179 176
f 177 190 161
f 179 180 189
f 161 190 181
f 180 178 182
f 159 162 182
f 192 182 162
f 162 181 192
f 185 164 183
f 165 194 184
f 186 185 183
f 195 166 169
f 196 166 195
f 194 165 166
f 173 197 169
f 197 195 169
f 173 176 198
f 173 171 176
f 188 177 187
f 188 200 201
f 177 188 201
f 201 190 177
f 202 190 201
f 181 190 203
f 202 203 190
f 191 189 180
f 191 204 189
f 182 191 180
f 184 205 183
f 218 186 183
f 183 205 218
f 205 184 194
f 166 196 194
f 206 194 196
f 196 195 207
f 174 209 187
f 198 197 173
f 208 197 198
f 209 188 187
f 209 200 188
f 200 210 201
f 199 179 211
f 179 189 212
f 211 179 212
f 203 202 213
f 181 203 214
f 191 215 204
f 191 182 216
f 182 193 216
f 216 193 214
f 191 216 215
f 205 217 218
f 219 186 218
f 194 206 205
f 206 196 207
f 219 174 186
f 195 197 207
f 219 221 174
f 221 209 174
f 222 208 198
f 198 176 223
f 211 223 199
f 210 202 201
f 210 224 202
f 214 203 225
f 189 204 212
f 226 212 204
f 214 225 216
f 227 216 225
f 215 216 227
f 215 228 204
f 215 229 228
f 231 219 218
f 206 232 205
f 232 217 205
f 207 220 206
f 206 220 232
f 221 219 231
f 233 209 221
f 233 200 209
f 234 222 198
f 223 234 198
f 202 224 213
f 235 213 224
f 236 211 212
f 213 225 203
f 237 212 226
f 238 212 237
f 239 226 230
f 239 237 226
f 230 204 228
f 226 204 230
f 241 229 215
f 215 227 241
f 242 241 227
f 228 240 230
f 229 240 228
f 240 244 243
f 229 241 244
f 245 244 241
f 229 244 240
f 246 217 232
f 246 218 217
f 246 231 218
f 246 247 231
f 233 231 247
f 221 231 233
f 197 208 248
f 197 248 207
f 248 220 207
f 248 208 222
f 233 249 200
f 249 210 200
f 250 222 234
f 210 249 224
f 249 252 224
f 253 254 234
f 211 236 223
f 234 223 253
f 253 223 236
f 238 236 212
f 235 255 213
f 255 225 213
f 238 237 256
f 256 237 239
f 257 227 225
f 239 258 256
f 230 243 239
f 239 243 258
f 230 240 243
f 245 241 242
f 259 258 243
f 244 260 243
f 243 260 261
f 262 247 246
f 220 248 263
f 232 220 263
f 264 246 232
f 262 246 264
f 247 262 233
f 248 222 250
f 250 263 248
f 263 250 265
f 263 266 232
f 266 264 232
f 249 233 262
f 265 266 263
f 266 267 264
f 267 262 264
f 266 265 252
f 266 252 267
f 267 249 262
f 252 265 268
f 234 251 250
f 268 250 251
f 269 252 268
f 249 267 252
f 235 224 252
f 269 235 252
f 251 234 254
f 254 253 236
f 254 236 238
f 270 238 256
f 271 270 256
f 225 255 272
f 272 257 225
f 257 242 227
f 271 256 258
f 242 273 245
f 259 243 274
f 261 274 243
f 245 276 244
f 260 244 276
f 261 260 275
f 277 261 275
f 278 251 254
f 278 268 251
f 269 268 278
f 279 254 238
f 269 280 235
f 279 278 254
f 255 235 280
f 281 272 255
f 238 270 279
f 279 282 281
f 271 279 270
f 273 257 272
f 272 281 273
f 242 257 273
f 283 271 258
f 273 288 284
f 283 259 285
f 258 259 283
f 273 284 276
f 285 259 286
f 276 245 273
f 259 274 286
f 286 287 285
f 284 287 276
f 274 261 277
f 275 260 277
f 286 274 277
f 277 260 276
f 276 287 277
f 287 286 277
f 269 278 280
f 278 281 280
f 278 279 281
f 281 255 280
f 279 271 282
f 281 282 288
f 271 283 282
f 281 288 273
f 282 283 288
f 285 288 283
f 288 285 284
f 287 284 285
f 192 193 182
f 181 214 193
f 192 181 193
f 250 268 265
f 179 199 176
f 199 223 176
f 293 294 292
f 292 296 293
f 294 289 292
f 295 289 294
f 289 295 297
f 298 289 297
f 297 299 298
f 297 300 299
f 301 296 292
f 292 289 290
f 298 290 289
f 290 291 292
f 290 298 291
f 299 302 298
f 299 304 302
f 303 304 299
f 298 302 291
f 292 305 301
f 291 305 292
f 291 306 305
f 291 302 307
f 291 307 306
f 308 294 309
f 294 308 311
f 310 311 308
f 312 293 296
f 309 294 293
f 295 294 311
f 311 313 295
f 313 297 295
f 313 311 314
f 313 315 297
f 316 297 315
f 300 316 317
f 316 357 317
f 316 300 297
f 303 299 300
f 301 318 296
f 303 319 304
f 319 320 304
f 321 301 305
f 305 306 321
f 302 304 307
f 321 306 322
f 307 304 320
f 306 307 323
f 320 323 307
f 323 320 324
f 322 306 323
f 322 323 326
f 327 325 328
f 322 329 330
f 330 325 322
f 328 325 330
f 322 331 329
f 322 326 331
f 332 327 328
f 330 329 333
f 331 334 329
f 336 330 333
f 337 333 329
f 329 334 337
f 331 326 335
f 326 338 335
f 339 332 328
f 337 334 340
f 331 335 334
f 334 335 341
f 337 340 343
f 341 335 338
f 328 342 339
f 342 344 339
f 330 342 328
f 342 345 344
f 342 330 346
f 342 346 345
f 341 340 334
f 348 347 343
f 349 343 340
f 343 349 348
f 349 340 341
f 350 349 341
f 351 308 309
f 293 312 309
f 352 309 312
f 353 308 351
f 308 353 310
f 310 353 314
f 311 310 314
f 352 312 355
f 354 313 314
f 354 356 313
f 315 356 316
f 313 356 315
f 303 300 317
f 312 296 358
f 317 359 303
f 360 303 359
f 318 358 296
f 319 303 360
f 319 360 361
f 361 320 319
f 325 321 322
f 325 327 362
f 324 326 323
f 365 333 337
f 338 326 364
f 338 364 366
f 367 332 339
f 336 368 330
f 369 368 336
f 333 365 336
f 330 368 346
f 365 337 343
f 365 343 371
f 344 367 339
f 368 369 346
f 371 343 347
f 346 372 345
f 338 373 341
f 374 367 344
f 350 341 376
f 341 373 376
f 374 344 345
f 345 378 374
f 377 378 345
f 345 372 377
f 379 347 348
f 348 349 350
f 379 348 380
f 380 348 350
f 309 352 351
f 381 351 352
f 351 381 353
f 382 314 353
f 314 382 354
f 384 383 356
f 316 383 357
f 356 383 316
f 385 357 383
f 357 385 386
f 317 357 387
f 387 357 386
f 359 317 387
f 389 387 386
f 388 360 359
f 388 359 389
f 361 360 388
f 321 390 301
f 318 301 390
f 391 320 361
f 325 362 390
f 325 390 321
f 391 364 320
f 364 391 393
f 327 332 363
f 324 320 364
f 326 324 364
f 367 363 332
f 363 367 394
f 370 369 336
f 336 365 370
f 370 365 395
f 395 365 371
f 394 367 396
f 366 373 338
f 397 373 366
f 346 369 372
f 399 371 347
f 371 399 400
f 397 401 373
f 375 372 369
f 399 347 402
f 374 396 367
f 417 403 375
f 378 396 374
f 378 404 396
f 403 378 377
f 404 378 403
f 375 403 377
f 377 372 375
f 379 405 347
f 402 347 405
f 379 422 405
f 376 380 350
f 408 381 406
f 407 381 408
f 381 352 355
f 406 381 355
f 407 353 381
f 355 312 358
f 409 354 382
f 354 384 356
f 410 383 384
f 383 410 385
f 411 386 385
f 359 387 389
f 358 318 413
f 392 361 388
f 392 414 361
f 391 361 414
f 363 362 327
f 393 366 364
f 370 398 369
f 398 370 415
f 416 394 396
f 396 404 416
f 375 369 398
f 398 417 375
f 404 418 416
f 403 417 418
f 419 399 402
f 418 404 403
f 420 419 402
f 376 373 421
f 402 405 422
f 421 423 376
f 379 380 424
f 422 379 424
f 423 380 376
f 355 358 425
f 426 427 407
f 407 427 353
f 427 382 353
f 427 428 382
f 428 409 382
f 409 384 354
f 384 409 428
f 430 384 428
f 384 429 410
f 429 431 410
f 410 411 385
f 432 386 411
f 433 389 412
f 433 392 388
f 389 433 388
f 390 362 318
f 362 363 452
f 414 393 391
f 363 435 436
f 436 452 363
f 397 366 393
f 394 435 363
f 437 415 370
f 437 370 395
f 371 438 395
f 437 395 438
f 438 371 400
f 438 400 440
f 418 439 416
f 398 439 418
f 400 399 441
f 417 398 418
f 419 441 399
f 373 401 421
f 442 441 419
f 443 421 444
f 401 444 421
f 420 442 419
f 443 423 421
f 420 402 422
f 422 424 445
f 424 446 445
f 424 380 446
f 423 446 380
f 423 447 446
f 406 355 425
f 425 448 406
f 448 408 406
f 408 448 449
f 408 449 426
f 413 425 358
f 426 407 408
f 430 428 427
f 384 430 429
f 431 429 450
f 431 450 410
f 411 410 450
f 411 450 432
f 386 432 412
f 386 412 389
f 412 451 433
f 318 362 434
f 436 435 453
f 454 436 453
f 455 435 394
f 455 453 435
f 453 455 457
f 455 439 456
f 415 457 456
f 415 437 457
f 394 439 455
f 415 456 398
f 438 440 458
f 437 438 458
f 416 439 394
f 439 398 456
f 440 400 459
f 441 459 400
f 459 441 460
f 460 441 461
f 401 461 444
f 441 444 461
f 441 442 443
f 443 444 441
f 442 420 462
f 443 442 463
f 445 420 422
f 445 462 420
f 442 462 463
f 463 423 443
f 445 446 447
f 445 447 462
f 463 447 423
f 462 447 463
f 464 448 425
f 465 426 449
f 465 449 448
f 464 465 448
f 430 426 466
f 426 430 427
f 430 450 429
f 467 450 468
f 467 432 450
f 432 451 412
f 467 451 432
f 469 413 318
f 318 434 469
f 433 470 392
f 470 414 392
f 434 362 452
f 436 471 452
f 472 397 393
f 455 456 457
f 454 453 457
f 454 457 474
f 454 474 473
f 474 457 437
f 401 397 472
f 476 474 437
f 476 437 458
f 458 440 477
f 477 440 478
f 478 479 477
f 476 458 477
f 478 440 459
f 479 478 459
f 459 460 479
f 461 401 475
f 461 475 460
f 481 464 425
f 480 464 481
f 464 482 465
f 465 466 426
f 482 466 465
f 425 413 481
f 450 484 468
f 467 468 451
f 486 413 469
f 489 469 434
f 414 470 488
f 434 452 471
f 471 454 490
f 471 436 454
f 472 393 414
f 473 490 454
f 472 475 401
f 473 474 476
f 492 479 475
f 475 479 460
f 476 494 473
f 476 495 509
f 495 476 477
f 479 491 477
f 477 491 495
f 473 494 496
f 476 509 494
f 497 494 509
f 464 498 482
f 498 464 480
f 483 466 482
f 483 430 466
f 483 499 430
f 484 430 499
f 484 450 430
f 481 413 486
f 485 451 468
f 433 451 485
f 486 487 501
f 502 470 433
f 486 469 487
f 469 503 487
f 489 503 469
f 489 434 471
f 505 493 472
f 490 473 496
f 475 493 492
f 472 493 475
f 506 490 496
f 507 506 496
f 491 492 508
f 491 479 492
f 491 509 495
f 494 507 496
f 507 494 497
f 481 511 480
f 498 480 511
f 482 512 483
f 512 513 483
f 512 482 498
f 499 483 514
f 483 513 514
f 514 515 499
f 515 484 499
f 481 486 511
f 511 510 498
f 485 468 484
f 485 484 500
f 515 500 484
f 511 486 501
f 500 531 516
f 500 516 485
f 485 516 433
f 516 502 433
f 501 487 532
f 517 532 487
f 487 503 517
f 518 470 502
f 502 519 518
f 519 520 518
f 517 503 521
f 470 518 488
f 471 522 489
f 504 522 471
f 490 504 471
f 472 523 505
f 504 490 506
f 508 492 493
f 493 524 508
f 506 507 525
f 509 491 526
f 526 491 508
f 526 508 524
f 525 507 527
f 497 528 507
f 509 526 497
f 497 526 529
f 498 510 512
f 530 510 511
f 512 510 513
f 514 531 515
f 500 515 531
f 511 501 530
f 501 532 530
f 510 530 513
f 502 516 533
f 517 521 535
f 534 517 535
f 503 536 521
f 489 522 503
f 536 503 522
f 504 537 522
f 505 523 520
f 525 504 506
f 505 524 493
f 526 524 538
f 538 529 526
f 550 507 528
f 528 497 529
f 539 529 538
f 514 513 540
f 513 530 532
f 513 532 540
f 540 531 514
f 531 533 516
f 531 540 533
f 532 517 534
f 540 532 534
f 540 519 533
f 533 519 502
f 540 534 519
f 534 535 541
f 534 541 519
f 520 519 541
f 542 521 536
f 521 541 535
f 542 541 521
f 537 536 522
f 536 537 542
f 543 541 542
f 520 541 543
f 543 505 520
f 525 537 504
f 537 525 544
f 545 505 543
f 544 525 546
f 505 545 524
f 547 524 549
f 549 524 545
f 547 538 524
f 525 527 548
f 549 546 547
f 552 547 546
f 507 550 527
f 548 527 550
f 552 550 551
f 550 552 548
f 528 551 550
f 551 528 539
f 528 529 539
f 552 551 539
f 547 539 538
f 552 539 547
f 542 537 543
f 544 543 537
f 543 544 553
f 543 549 545
f 553 549 543
f 546 553 544
f 553 546 549
f 525 548 546
f 546 548 552
f 414 488 472
f 518 523 472
f 488 518 472
f 518 520 523
f 558 559 557
f 557 561 558
f 559 554 557
f 560 554 559
f 554 560 562
f 563 554 562
f 562 564 563
f 562 565 564
f 566 561 557
f 557 554 555
f 563 555 554
f 555 556 557
f 555 563 556
f 564 567 563
f 564 569 567
f 568 569 564
f 563 567 556
f 557 570 566
f 556 570 557
f 556 571 570
f 556 567 572
f 556 572 571
f 573 559 574
f 559 573 576
f 575 576 573
f 577 558 561
f 574 559 558
f 560 559 576
f 576 578 560
f 578 562 560
f 578 576 579
f 578 580 562
f 581 562 580
f 565 581 582
f 581 622 582
f 581 565 562
f 568 564 565
f 566 583 561
f 568 584 569
f 584 585 569
f 586 566 570
f 570 571 586
f 567 569 572
f 586 571 587
f 572 569 585
f 571 572 588
f 585 588 572
f 588 585 589
f 587 571 588
f 587 588 591
f 592 590 593
f 587 594 595
f 595 590 587
f 593 590 595
f 587 596 594
f 587 591 596
f 597 592 593
f 595 594 598
f 596 599 594
f 601 595 598
f 602 598 594
f 594 599 602
f 596 591 600
f 591 603 600
f 604 597 593
f 602 599 605
f 596 600 599
f 599 600 606
f 602 605 608
f 606 600 603
f 593 607 604
f 607 609 604
f 595 607 593
f 607 610 609
f 607 595 611
f 607 611 610
f 606 605 599
f 613 612 608
f 614 608 605
f 608 614 613
f 614 605 606
f 615 614 606
f 616 573 574
f 558 577 574
f 617 574 577
f 618 573 616
f 573 618 575
f 575 618 579
f 576 575 579
f 617 577 620
f 619 578 579
f 619 621 578
f 580 621 581
f 578 621 580
f 568 565 582
f 577 561 623
f 582 624 568
f 625 568 624
f 583 623 561
f 584 568 625
f 584 625 626
f 626 585 584
f 590 586 587
f 590 592 627
f 589 591 588
f 630 598 602
f 603 591 629
f 603 629 631
f 632 597 604
f 601 633 595
f 634 633 601
f 598 630 601
f 595 633 611
f 630 602 608
f 630 608 636
f 609 632 604
f 633 634 611
f 636 608 612
f 611 637 610
f 603 638 606
f 639 632 609
f 615 606 641
f 606 638 641
f 639 609 610
f 610 643 639
f 642 643 610
f 610 637 642
f 644 612 613
f 613 614 615
f 644 613 645
f 645 613 615
f 574 617 616
f 646 616 617
f 616 646 618
f 647 579 618
f 579 647 619
f 649 648 621
f 581 648 622
f 621 648 581
f 650 622 648
f 622 650 651
f 582 622 652
f 652 622 651
f 624 582 652
f 654 652 651
f 653 625 624
f 653 624 654
f 626 625 653
f 586 655 566
f 583 566 655
f 656 585 626
f 590 627 655
f 590 655 586
f 656 629 585
f 629 656 658
f 592 597 628
f 589 585 629
f 591 589 629
f 632 628 597
f 628 632 659
f 635 634 601
f 601 630 635
f 635 630 660
f 660 630 636
f 659 632 661
f 631 638 603
f 662 638 631
f 611 634 637
f 664 636 612
f 636 664 665
f 662 666 638
f 640 637 634
f 664 612 667
f 639 661 632
f 682 668 640
f 643 661 639
f 643 669 661
f 668 643 642
f 669 643 668
f 640 668 642
f 642 637 640
f 644 670 612
f 667 612 670
f 644 687 670
f 641 645 615
f 673 646 671
f 672 646 673
f 646 617 620
f 671 646 620
f 672 618 646
f 620 577 623
f 674 619 647
f 619 649 621
f 675 648 649
f 648 675 650
f 676 651 650
f 624 652 654
f 623 583 678
f 657 626 653
f 657 679 626
f 656 626 679
f 628 627 592
f 658 631 629
f 635 663 634
f 663 635 680
f 681 659 661
f 661 669 681
f 640 634 663
f 663 682 640
f 669 683 681
f 668 682 683
f 684 664 667
f 683 669 668
f 685 684 667
f 641 638 686
f 667 670 687
f 686 688 641
f 644 645 689
f 687 644 689
f 688 645 641
f 620 623 690
f 691 692 672
f 672 692 618
f 692 647 618
f 692 693 647
f 693 674 647
f 674 649 619
f 649 674 693
f 695 649 693
f 649 694 675
f 694 696 675
f 675 676 650
f 697 651 676
f 698 654 677
f 698 657 653
f 654 698 653
f 655 627 583
f 627 628 717
f 679 658 656
f 628 700 701
f 701 717 628
f 662 631 658
f 659 700 628
f 702 680 635
f 702 635 660
f 636 703 660
f 702 660 703
f 703 636 665
f 703 665 705
f 683 704 681
f 663 704 683
f 665 664 706
f 682 663 683
f 684 706 664
f 638 666 686
f 707 706 684
f 708 686 709
f 666 709 686
f 685 707 684
f 708 688 686
f 685 667 687
f 687 689 710
f 689 711 710
f 689 645 711
f 688 711 645
f 688 712 711
f 671 620 690
f 690 713 671
f 713 673 671
f 673 713 714
f 673 714 691
f 678 690 623
f 691 672 673
f 695 693 692
f 649 695 694
f 696 694 715
f 696 715 675
f 676 675 715
f 676 715 697
f 651 697 677
f 651 677 654
f 677 716 698
f 583 627 699
f 701 700 718
f 719 701 718
f 720 700 659
f 720 718 700
f 718 720 722
f 720 704 721
f 680 722 721
f 680 702 722
f 659 704 720
f 680 721 663
f 703 705 723
f 702 703 723
f 681 704 659
f 704 663 721
f 705 665 724
f 706 724 665
f 724 706 725
f 725 706 726
f 666 726 709
f 706 709 726
f 706 707 708
f 708 709 706
f 707 685 727
f 708 707 728
f 710 685 687
f 710 727 685
f 707 727 728
f 728 688 708
f 710 711 712
f 710 712 727
f 728 712 688
f 727 712 728
f 729 713 690
f 730 691 714
f 730 714 713
f 729 730 713
f 695 691 731
f 691 695 692
f 695 715 694
f 732 715 733
f 732 697 715
f 697 716 677
f 732 716 697
f 734 678 583
f 583 699 734
f 698 735 657
f 735 679 657
f 699 627 717
f 701 736 717
f 737 662 658
f 720 721 722
f 719 718 722
f 719 722 739
f 719 739 738
f 739 722 702
f 666 662 737
f 741 739 702
f 741 702 723
f 723 705 742
f 742 705 743
f 743 744 742
f 741 723 742
f 743 705 724
f 744 743 724
f 724 725 744
f 726 666 740
f 726 740 725
f 746 729 690
f 745 729 746
f 729 747 730
f 730 731 691
f 747 731 730
f 690 678 746
f 715 749 733
f 732 733 716
f 751 678 734
f 754 734 699
f 679 735 753
f 699 717 736
f 736 719 755
f 736 701 719
f 737 658 679
f 738 755 719
f 737 740 666
f 738 739 741
f 757 744 740
f 740 744 725
f 741 759 738
f 741 760 774
f 760 741 742
f 744 756 742
f 742 756 760
f 738 759 761
f 741 774 759
f 762 759 774
f 729 763 747
f 763 729 745
f 748 731 747
f 748 695 731
f 748 764 695
f 749 695 764
f 749 715 695
f 746 678 751
f 750 716 733
f 698 716 750
f 751 752 766
f 767 735 698
f 751 734 752
f 734 768 752
f 754 768 734
f 754 699 736
f 770 758 737
f 755 738 761
f 740 758 757
f 737 758 740
f 771 755 761
f 772 771 761
f 756 757 773
f 756 744 757
f 756 774 760
f 759 772 761
f 772 759 762
f 746 776 745
f 763 745 776
f 747 777 748
f 777 778 748
f 777 747 763
f 764 748 779
f 748 778 779
f 779 780 764
f 780 749 764
f 746 751 776
f 776 775 763
f 750 733 749
f 750 749 765
f 780 765 749
f 776 751 766
f 765 796 781
f 765 781 750
f 750 781 698
f 781 767 698
f 766 752 797
f 782 797 752
f 752 768 782
f 783 735 767
f 767 784 783
f 784 785 783
f 782 768 786
f 735 783 753
f 736 787 754
f 769 787 736
f 755 769 736
f 737 788 770
f 769 755 771
f 773 757 758
f 758 789 773
f 771 772 790
f 774 756 791
f 791 756 773
f 791 773 789
f 790 772 792
f 762 793 772
f 774 791 762
f 762 791 794
f 763 775 777
f 795 775 776
f 777 775 778
f 779 796 780
f 765 780 796
f 776 766 795
f 766 797 795
f 775 795 778
f 767 781 798
f 782 786 800
f 799 782 800
f 768 801 786
f 754 787 768
f 801 768 787
f 769 802 787
f 770 788 785
f 790 769 771
f 770 789 758
f 791 789 803
f 803 794 791
f 815 772 793
f 793 762 794
f 804 794 803
f 779 778 805
f 778 795 797
f 778 797 805
f 805 796 779
f 796 798 781
f 796 805 798
f 797 782 799
f 805 797 799
f 805 784 798
f 798 784 767
f 805 799 784
f 799 800 806
f 799 806 784
f 785 784 806
f 807 786 801
f 786 806 800
f 807 806 786
f 802 801 787
f 801 802 807
f 808 806 807
f 785 806 808
f 808 770 785
f 790 802 769
f 802 790 809
f 810 770 808
f 809 790 811
f 770 810 789
f 812 789 814
f 814 789 810
f 812 803 789
f 790 792 813
f 814 811 812
f 817 812 811
f 772 815 792
f 813 792 815
f 817 815 816
f 815 817 813
f 793 816 815
f 816 793 804
f 793 794 804
f 817 816 804
f 812 804 803
f 817 804 812
f 807 802 808
f 809 808 802
f 808 809 818
f 808 814 810
f 818 814 808
f 811 818 809
f 818 811 814
f 790 813 811
f 811 813 817
f 679 753 737
f 783 788 737
f 753 783 737
f 783 785 788
f 825 819 820
f 825 821 819
f 822 820 823
f 822 824 825
f 820 822 825
f 819 826 820
f 821 825 827
f 825 828 827
f 821 831 819
f 821 827 831
f 819 831 830
f 834 824 823
f 823 833 834
f 823 820 836
f 824 822 823
f 823 837 833
f 835 836 820
f 824 838 825
f 828 825 838
f 839 820 826
f 829 827 828
f 828 842 829
f 826 819 830
f 843 826 830
f 827 829 831
f 831 829 832
f 829 844 832
f 848 830 831
f 830 848 845
f 846 847 831
f 832 846 831
f 831 847 848
f 845 848 862
f 848 849 862
f 848 847 849
f 850 834 833
f 851 824 834
f 823 835 852
f 836 835 823
f 852 837 823
f 833 837 850
f 838 824 851
f 838 851 855
f 839 835 820
f 853 835 839
f 838 856 828
f 855 856 838
f 856 840 828
f 840 842 828
f 839 826 841
f 841 826 843
f 829 842 844
f 857 844 842
f 832 844 857
f 830 845 843
f 843 845 858
f 860 858 845
f 846 832 859
f 846 859 861
f 861 847 846
f 862 860 845
f 847 861 864
f 847 864 849
f 863 862 880
f 849 864 865
f 849 866 862
f 849 867 866
f 850 854 834
f 853 852 835
f 852 853 868
f 869 850 837
f 852 869 837
f 869 854 850
f 870 851 854
f 854 851 834
f 851 870 855
f 855 870 890
f 839 841 871
f 872 873 843
f 843 858 872
f 832 857 859
f 875 859 857
f 876 858 877
f 877 858 860
f 860 863 877
f 878 894 877
f 860 862 863
f 877 863 878
f 864 879 865
f 880 862 866
f 849 865 867
f 881 866 867
f 880 866 881
f 867 865 882
f 883 868 853
f 869 852 868
f 884 869 868
f 884 885 869
f 886 870 854
f 871 888 839
f 839 888 853
f 854 869 885
f 889 887 870
f 889 890 887
f 887 890 870
f 890 856 855
f 840 856 891
f 890 891 856
f 891 842 840
f 842 892 857
f 871 841 873
f 841 843 873
f 892 874 857
f 857 874 875
f 893 876 894
f 875 895 859
f 894 876 877
f 895 861 859
f 861 895 896
f 894 878 910
f 864 861 896
f 879 864 896
f 897 863 880
f 897 878 863
f 879 898 865
f 899 897 880
f 897 899 916
f 899 880 900
f 882 881 867
f 880 881 900
f 881 902 900
f 883 853 888
f 868 883 903
f 903 884 868
f 885 884 904
f 904 884 903
f 886 854 885
f 886 885 904
f 886 889 870
f 890 889 905
f 891 890 905
f 892 842 891
f 874 906 875
f 907 876 893
f 908 909 875
f 909 895 875
f 895 911 896
f 912 910 878
f 879 896 911
f 913 912 878
f 913 914 912
f 879 911 898
f 913 878 897
f 911 915 898
f 913 897 916
f 914 913 916
f 917 916 899
f 918 899 900
f 898 919 901
f 865 901 882
f 865 898 901
f 882 901 919
f 920 918 900
f 918 917 899
f 881 882 921
f 882 919 922
f 900 902 920
f 920 921 952
f 920 902 921
f 881 921 902
f 952 921 922
f 923 924 903
f 923 903 883
f 883 888 925
f 903 924 904
f 889 886 904
f 926 889 904
f 927 888 871
f 905 889 926
f 905 929 891
f 905 928 929
f 871 873 927
f 955 927 873
f 929 892 891
f 892 930 874
f 874 932 906
f 958 872 907
f 908 933 909
f 933 934 909
f 935 893 894
f 910 936 894
f 910 912 936
f 912 937 936
f 938 936 937
f 914 937 912
f 937 914 939
f 938 937 940
f 939 940 937
f 941 939 943
f 939 942 943
f 943 942 944
f 945 946 915
f 945 915 911
f 939 914 942
f 915 947 898
f 942 914 916
f 947 919 898
f 917 950 916
f 950 917 951
f 942 916 950
f 951 917 918
f 918 920 951
f 952 951 920
f 921 882 922
f 925 923 883
f 923 953 924
f 904 924 954
f 955 925 888
f 904 954 926
f 888 927 955
f 928 905 926
f 928 930 929
f 930 892 929
f 873 872 956
f 956 955 873
f 958 931 872
f 957 908 906
f 957 933 908
f 958 907 893
f 893 959 958
f 895 909 934
f 934 911 895
f 959 893 935
f 894 936 935
f 961 935 936
f 940 939 941
f 941 943 962
f 960 945 911
f 963 961 936
f 936 938 963
f 962 943 944
f 962 944 945
f 964 941 962
f 944 946 945
f 965 945 960
f 938 940 963
f 946 947 915
f 947 946 944
f 942 948 944
f 944 948 947
f 941 966 940
f 948 942 949
f 948 919 947
f 949 942 967
f 919 948 949
f 967 942 950
f 919 949 968
f 967 968 949
f 968 951 952
f 950 951 968
f 919 968 922
f 968 967 950
f 952 922 968
f 923 969 953
f 923 925 969
f 925 971 969
f 954 924 970
f 953 970 924
f 972 970 953
f 971 925 955
f 926 954 928
f 954 970 928
f 974 928 970
f 970 973 974
f 975 971 955
f 956 975 955
f 928 974 930
f 956 976 975
f 930 932 874
f 978 976 956
f 979 978 931
f 957 932 980
f 958 979 931
f 906 932 957
f 933 957 981
f 934 933 981
f 959 994 958
f 934 960 911
f 982 959 935
f 961 982 935
f 964 962 965
f 962 945 965
f 964 965 966
f 941 964 966
f 963 984 961
f 961 984 1002
f 989 966 985
f 984 986 987
f 984 963 988
f 984 988 986
f 963 940 988
f 988 940 966
f 966 989 988
f 986 988 989
f 953 969 972
f 972 973 970
f 969 971 990
f 990 972 969
f 972 990 973
f 973 990 974
f 974 991 977
f 974 977 930
f 980 977 991
f 977 980 932
f 932 930 977
f 976 978 992
f 980 976 992
f 957 992 993
f 978 979 994
f 978 994 995
f 981 957 993
f 958 994 979
f 996 994 959
f 960 934 997
f 981 997 934
f 982 996 959
f 996 982 998
f 983 965 960
f 997 983 960
f 1000 1001 997
f 997 1001 983
f 965 983 966
f 982 1002 999
f 1002 982 961
f 966 983 985
f 1002 987 1003
f 1001 985 983
f 987 1002 984
f 1001 1004 985
f 985 1004 989
f 987 986 989
f 1004 987 989
f 1005 987 1004
f 990 971 1006
f 971 975 1006
f 990 991 974
f 990 1006 991
f 1006 975 976
f 1006 976 980
f 980 991 1006
f 978 995 992
f 992 995 993
f 993 995 981
f 995 994 996
f 995 996 1007
f 995 1007 981
f 1007 996 998
f 998 1000 1007
f 1000 981 1007
f 981 1000 997
f 998 982 999
f 1002 1003 999
f 1003 998 999
f 1000 1008 1001
f 1003 987 1005
f 1005 1001 1008
f 1003 1005 1008
f 1005 1004 1001
f 1000 998 1003
f 1000 1003 1008
f 908 875 906
f 957 980 992
f 956 931 978
f 956 872 931
f 872 876 907
f 872 858 876
f 1015 1009 1010
f 1015 1011 1009
f 1012 1010 1013
f 1012 1014 1015
f 1010 1012 1015
f 1009 1016 1010
f 1011 1015 1017
f 1015 1018 1017
f 1011 1021 1009
f 1011 1017 1021
f 1009 1021 1020
f 1024 1014 1013
f 1013 1023 1024
f 1013 1010 1026
f 1014 1012 1013
f 1013 1027 1023
f 1025 1026 1010
f 1014 1028 1015
f 1018 1015 1028
f 1029 1010 1016
f 1019 1017 1018
f 1018 1032 1019
f 1016 1009 1020
f 1033 1016 1020
f 1017 1019 1021
f 1021 1019 1022
f 1019 1034 1022
f 1038 1020 1021
f 1020 1038 1035
f 1036 1037 1021
f 1022 1036 1021
f 1021 1037 1038
f 1035 1038 1052
f 1038 1039 1052
f 1038 1037 1039
f 1040 1024 1023
f 1041 1014 1024
f 1013 1025 1042
f 1026 1025 1013
f 1042 1027 1013
f 1023 1027 1040
f 1028 1014 1041
f 1028 1041 1045
f 1029 1025 1010
f 1043 1025 1029
f 1028 1046 1018
f 1045 1046 1028
f 1046 1030 1018
f 1030 1032 1018
f 1029 1016 1031
f 1031 1016 1033
f 1019 1032 1034
f 1047 1034 1032
f 1022 1034 1047
f 1020 1035 1033
f 1033 1035 1048
f 1050 1048 1035
f 1036 1022 1049
f 1036 1049 1051
f 1051 1037 1036
f 1052 1050 1035
f 1037 1051 1054
f 1037 1054 1039
f 1053 1052 1070
f 1039 1054 1055
f 1039 1056 1052
f 1039 1057 1056
f 1040 1044 1024
f 1043 1042 1025
f 1042 1043 1058
f 1059 1040 1027
f 1042 1059 1027
f 1059 1044 1040
f 1060 1041 1044
f 1044 1041 1024
f 1041 1060 1045
f 1045 1060 1080
f 1029 1031 1061
f 1062 1063 1033
f 1033 1048 1062
f 1022 1047 1049
f 1065 1049 1047
f 1066 1048 1067
f 1067 1048 1050
f 1050 1053 1067
f 1068 1084 1067
f 1050 1052 1053
f 1067 1053 1068
f 1054 1069 1055
f 1070 1052 1056
f 1039 1055 1057
f 1071 1056 1057
f 1070 1056 1071
f 1057 1055 1072
f 1073 1058 1043
f 1059 1042 1058
f 1074 1059 1058
f 1074 1075 1059
f 1076 1060 1044
f 1061 1078 1029
f 1029 1078 1043
f 1044 1059 1075
f 1079 1077 1060
f 1079 1080 1077
f 1077 1080 1060
f 1080 1046 1045
f 1030 1046 1081
f 1080 1081 1046
f 1081 1032 1030
f 1032 1082 1047
f 1061 1031 1063
f 1031 1033 1063
f 1082 1064 1047
f 1047 1064 1065
f 1083 1066 1084
f 1065 1085 1049
f 1084 1066 1067
f 1085 1051 1049
f 1051 1085 1086
f 1084 1068 1100
f 1054 1051 1086
f 1069 1054 1086
f 1087 1053 1070
f 1087 1068 1053
f 1069 1088 1055
f 1089 1087 1070
f 1087 1089 1106
f 1089 1070 1090
f 1072 1071 1057
f 1070 1071 1090
f 1071 1092 1090
f 1073 1043 1078
f 1058 1073 1093
f 1093 1074 1058
f 1075 1074 1094
f 1094 1074 1093
f 1076 1044 1075
f 1076 1075 1094
f 1076 1079 1060
f 1080 1079 1095
f 1081 1080 1095
f 1082 1032 1081
f 1064 1096 1065
f 1097 1066 1083
f 1098 1099 1065
f 1099 1085 1065
f 1085 1101 1086
f 1102 1100 1068
f 1069 1086 1101
f 1103 1102 1068
f 1103 1104 1102
f 1069 1101 1088
f 1103 1068 1087
f 1101 1105 1088
f 1103 1087 1106
f 1104 1103 1106
f 1107 1106 1089
f 1108 1089 1090
f 1088 1109 1091
f 1055 1091 1072
f 1055 1088 1091
f 1072 1091 1109
f 1110 1108 1090
f 1108 1107 1089
f 1071 1072 1111
f 1072 1109 1112
f 1090 1092 1110
f 1110 1111 1142
f 1110 1092 1111
f 1071 1111 1092
f 1142 1111 1112
f 1113 1114 1093
f 1113 1093 1073
f 1073 1078 1115
f 1093 1114 1094
f 1079 1076 1094
f 1116 1079 1094
f 1117 1078 1061
f 1095 1079 1116
f 1095 1119 1081
f 1095 1118 1119
f 1061 1063 1117
f 1145 1117 1063
f 1119 1082 1081
f 1082 1120 1064
f 1064 1122 1096
f 1148 1062 1097
f 1098 1123 1099
f 1123 1124 1099
f 1125 1083 1084
f 1100 1126 1084
f 1100 1102 1126
f 1102 1127 1126
f 1128 1126 1127
f 1104 1127 1102
f 1127 1104 1129
f 1128 1127 1130
f 1129 1130 1127
f 1131 1129 1133
f 1129 1132 1133
f 1133 1132 1134
f 1135 1136 1105
f 1135 1105 1101
f 1129 1104 1132
f 1105 1137 1088
f 1132 1104 1106
f 1137 1109 1088
f 1107 1140 1106
f 1140 1107 1141
f 1132 1106 1140
f 1141 1107 1108
f 1108 1110 1141
f 1142 1141 1110
f 1111 1072 1112
f 1115 1113 1073
f 1113 1143 1114
f 1094 1114 1144
f 1145 1115 1078
f 1094 1144 1116
f 1078 1117 1145
f 1118 1095 1116
f 1118 1120 1119
f 1120 1082 1119
f 1063 1062 1146
f 1146 1145 1063
f 1148 1121 1062
f 1147 1098 1096
f 1147 1123 1098
f 1148 1097 1083
f 1083 1149 1148
f 1085 1099 1124
f 1124 1101 1085
f 1149 1083 1125
f 1084 1126 1125
f 1151 1125 1126
f 1130 1129 1131
f 1131 1133 1152
f 1150 1135 1101
f 1153 1151 1126
f 1126 1128 1153
f 1152 1133 1134
f 1152 1134 1135
f 1154 1131 1152
f 1134 1136 1135
f 1155 1135 1150
f 1128 1130 1153
f 1136 1137 1105
f 1137 1136 1134
f 1132 1138 1134
f 1134 1138 1137
f 1131 1156 1130
f 1138 1132 1139
f 1138 1109 1137
f 1139 1132 1157
f 1109 1138 1139
f 1157 1132 1140
f 1109 1139 1158
f 1157 1158 1139
f 1158 1141 1142
f 1140 1141 1158
f 1109 1158 1112
f 1158 1157 1140
f 1142 1112 1158
f 1113 1159 1143
f 1113 1115 1159
f 1115 1161 1159
f 1144 1114 1160
f 1143 1160 1114
f 1162 1160 1143
f 1161 1115 1145
f 1116 1144 1118
f 1144 1160 1118
f 1164 1118 1160
f 1160 1163 1164
f 1165 1161 1145
f 1146 1165 1145
f 1118 1164 1120
f 1146 1166 1165
f 1120 1122 1064
f 1168 1166 1146
f 1169 1168 1121
f 1147 1122 1170
f 1148 1169 1121
f 1096 1122 1147
f 1123 1147 1171
f 1124 1123 1171
f 1149 1184 1148
f 1124 1150 1101
f 1172 1149 1125
f 1151 1172 1125
f 1154 1152 1155
f 1152 1135 1155
f 1154 1155 1156
f 1131 1154 1156
f 1153 1174 1151
f 1151 1174 1192
f 1179 1156 1175
f 1174 1176 1177
f 1174 1153 1178
f 1174 1178 1176
f 1153 1130 1178
f 1178 1130 1156
f 1156 1179 1178
f 1176 1178 1179
f 1143 1159 1162
f 1162 1163 1160
f 1159 1161 1180
f 1180 1162 1159
f 1162 1180 1163
f 1163 1180 1164
f 1164 1181 1167
f 1164 1167 1120
f 1170 1167 1181
f 1167 1170 1122
f 1122 1120 1167
f 1166 1168 1182
f 1170 1166 1182
f 1147 1182 1183
f 1168 1169 1184
f 1168 1184 1185
f 1171 1147 1183
f 1148 1184 1169
f 1186 1184 1149
f 1150 1124 1187
f 1171 1187 1124
f 1172 1186 1149
f 1186 1172 1188
f 1173 1155 1150
f 1187 1173 1150
f 1190 1191 1187
f 1187 1191 1173
f 1155 1173 1156
f 1172 1192 1189
f 1192 1172 1151
f 1156 1173 1175
f 1192 1177 1193
f 1191 1175 1173
f 1177 1192 1174
f 1191 1194 1175
f 1175 1194 1179
f 1177 1176 1179
f 1194 1177 1179
f 1195 1177 1194
f 1180 1161 1196
f 1161 1165 1196
f 1180 1181 1164
f 1180 1196 1181
f 1196 1165 1166
f 1196 1166 1170
f 1170 1181 1196
f 1168 1185 1182
f 1182 1185 1183
f 1183 1185 1171
f 1185 1184 1186
f 1185 1186 1197
f 1185 1197 1171
f 1197 1186 1188
f 1188 1190 1197
f 1190 1171 1197
f 1171 1190 1187
f 1188 1172 1189
f 1192 1193 1189
f 1193 1188 1189
f 1190 1198 1191
f 1193 1177 1195
f 1195 1191 1198
f 1193 1195 1198
f 1195 1194 1191
f 1190 1188 1193
f 1190 1193 1198
f 1098 1065 1096
f 1147 1170 1182
f 1146 1121 1168
f 1146 1062 1121
f 1062 1066 1097
f 1062 1048 1066
f 1199 1204 1202
f 1200 1204 1199
f 1200 1201 1204
f 1201 1205 1204
f 1206 1204 1207
f 1205 1207 1204
f 1199 1202 1208
f 1204 1208 1202
f 1204 1206 1208
f 1206 1209 1208
f 1208 1210 1199
f 1200 1211 1201
f 1213 1205 1201
f 1214 1200 1199
f 1200 1214 1212
f 1214 1199 1203
f 1214 1221 1212
f 1211 1200 1212
f 1214 1203 1221
f 1216 1199 1210
f 1208 1209 1210
f 1215 1209 1206
f 1210 1209 1217
f 1210 1217 1216
f 1212 1220 1219
f 1201 1211 1213
f 1212 1219 1211
f 1219 1213 1211
f 1221 1222 1220
f 1221 1220 1212
f 1215 1206 1207
f 1216 1203 1199
f 1226 1225 1203
f 1225 1226 1227
f 1203 1216 1226
f 1215 1228 1209
f 1218 1226 1216
f 1217 1218 1216
f 1231 1218 1217
f 1209 1230 1217
f 1209 1228 1230
f 1220 1232 1219
f 1219 1233 1213
f 1213 1223 1205
f 1220 1222 1234
f 1207 1205 1223
f 1221 1235 1222
f 1207 1223 1237
f 1221 1203 1224
f 1235 1221 1224
f 1224 1203 1225
f 1215 1237 1229
f 1215 1229 1228
f 1227 1226 1238
f 1230 1228 1240
f 1240 1228 1229
f 1239 1238 1218
f 1218 1241 1239
f 1217 1230 1231
f 1241 1218 1242
f 1231 1243 1242
f 1243 1231 1230
f 1243 1230 1240
f 1244 1241 1242
f 1232 1233 1219
f 1233 1245 1213
f 1220 1234 1232
f 1245 1223 1213
f 1223 1246 1237
f 1247 1222 1235
f 1247 1234 1222
f 1225 1248 1224
f 1248 1225 1227
f 1248 1227 1249
f 1251 1252 1229
f 1251 1229 1237
f 1253 1238 1239
f 1254 1229 1252
f 1240 1229 1254
f 1240 1254 1243
f 1243 1254 1255
f 1256 1239 1241
f 1258 1241 1244
f 1259 1244 1242
f 1257 1259 1242
f 1243 1257 1242
f 1258 1244 1259
f 1232 1234 1261
f 1261 1262 1232
f 1262 1233 1232
f 1233 1262 1245
f 1263 1245 1262
f 1246 1223 1245
f 1245 1263 1246
f 1247 1264 1234
f 1236 1235 1224
f 1248 1236 1224
f 1250 1249 1227
f 1253 1250 1238
f 1253 1239 1266
f 1255 1267 1243
f 1241 1260 1256
f 1241 1258 1260
f 1258 1268 1260
f 1258 1259 1269
f 1269 1259 1257
f 1268 1258 1270
f 1273 1263 1262
f 1261 1273 1262
f 1273 1274 1263
f 1234 1264 1261
f 1261 1264 1272
f 1274 1246 1263
f 1235 1236 1247
f 1247 1236 1275
f 1275 1264 1247
f 1264 1275 1276
f 1249 1236 1248
f 1252 1251 1279
f 1278 1249 1250
f 1265 1253 1280
f 1265 1281 1250
f 1253 1266 1280
f 1255 1254 1283
f 1239 1256 1266
f 1257 1243 1269
f 1269 1243 1267
f 1258 1269 1270
f 1260 1268 1271
f 1268 1284 1271
f 1273 1261 1285
f 1273 1285 1274
f 1274 1277 1246
f 1277 1237 1246
f 1274 1285 1277
f 1277 1251 1237
f 1286 1251 1277
f 1275 1236 1278
f 1279 1251 1286
f 1278 1236 1249
f 1278 1289 1288
f 1288 1287 1278
f 1278 1250 1281
f 1281 1289 1278
f 1252 1279 1254
f 1302 1281 1265
f 1279 1282 1254
f 1280 1290 1265
f 1254 1282 1283
f 1291 1290 1280
f 1291 1280 1292
f 1267 1283 1293
f 1270 1269 1294
f 1269 1267 1294
f 1280 1266 1292
f 1270 1294 1268
f 1307 1266 1256
f 1256 1260 1271
f 1307 1256 1295
f 1256 1271 1295
f 1296 1271 1284
f 1295 1271 1296
f 1261 1272 1285
f 1285 1272 1297
f 1279 1286 1297
f 1286 1277 1285
f 1297 1286 1285
f 1298 1276 1275
f 1275 1278 1287
f 1287 1298 1275
f 1299 1287 1288
f 1300 1288 1289
f 1288 1300 1299
f 1282 1279 1301
f 1265 1290 1302
f 1282 1303 1283
f 1291 1304 1290
f 1305 1283 1303
f 1306 1305 1303
f 1305 1293 1283
f 1291 1292 1304
f 1294 1267 1293
f 1268 1294 1284
f 1266 1307 1292
f 1296 1284 1312
f 1312 1284 1309
f 1308 1321 1307
f 1311 1321 1308
f 1308 1307 1295
f 1311 1295 1310
f 1295 1311 1308
f 1295 1296 1312
f 1295 1312 1310
f 1310 1312 1309
f 1276 1272 1264
f 1272 1313 1297
f 1313 1272 1276
f 1298 1287 1299
f 1298 1299 1314
f 1314 1276 1298
f 1313 1276 1314
f 1313 1301 1297
f 1301 1279 1297
f 1299 1301 1314
f 1301 1313 1314
f 1300 1289 1315
f 1300 1301 1299
f 1316 1306 1300
f 1304 1317 1290
f 1293 1305 1306
f 1293 1318 1294
f 1320 1309 1318
f 1309 1294 1318
f 1321 1319 1304
f 1304 1292 1321
f 1292 1307 1321
f 1294 1309 1284
f 1322 1328 1321
f 1322 1321 1311
f 1311 1323 1322
f 1311 1310 1323
f 1309 1323 1310
f 1315 1324 1300
f 1324 1315 1289
f 1302 1324 1289
f 1324 1316 1300
f 1290 1317 1302
f 1302 1317 1324
f 1324 1317 1325
f 1318 1293 1306
f 1319 1317 1304
f 1320 1326 1327
f 1318 1326 1320
f 1328 1327 1319
f 1320 1327 1329
f 1321 1328 1319
f 1320 1329 1323
f 1309 1320 1323
f 1323 1329 1322
f 1328 1322 1329
f 1316 1325 1330
f 1316 1324 1325
f 1325 1317 1319
f 1316 1330 1306
f 1326 1330 1327
f 1325 1327 1330
f 1318 1306 1330
f 1326 1318 1330
f 1319 1327 1325
f 1327 1328 1329
f 1242 1218 1231
f 1267 1255 1283
f 1331 1332 1303
f 1331 1303 1282
f 1331 1282 1301
f 1331 1301 1306
f 1331 1306 1303
f 1301 1300 1306
f 1289 1281 1302
f 1250 1253 1265
f 1238 1250 1227
f 1226 1218 1238
f 1215 1207 1237
f 1333 1338 1336
f 1334 1338 1333
f 1334 1335 1338
f 1335 1339 1338
f 1340 1338 1341
f 1339 1341 1338
f 1333 1336 1342
f 1338 1342 1336
f 1338 1340 1342
f 1340 1343 1342
f 1342 1344 1333
f 1334 1345 1335
f 1347 1339 1335
f 1348 1334 1333
f 1334 1348 1346
f 1348 1333 1337
f 1348 1355 1346
f 1345 1334 1346
f 1348 1337 1355
f 1350 1333 1344
f 1342 1343 1344
f 1349 1343 1340
f 1344 1343 1351
f 1344 1351 1350
f 1346 1354 1353
f 1335 1345 1347
f 1346 1353 1345
f 1353 1347 1345
f 1355 1356 1354
f 1355 1354 1346
f 1349 1340 1341
f 1350 1337 1333
f 1360 1359 1337
f 1359 1360 1361
f 1337 1350 1360
f 1349 1362 1343
f 1352 1360 1350
f 1351 1352 1350
f 1365 1352 1351
f 1343 1364 1351
f 1343 1362 1364
f 1354 1366 1353
f 1353 1367 1347
f 1347 1357 1339
f 1354 1356 1368
f 1341 1339 1357
f 1355 1369 1356
f 1341 1357 1371
f 1355 1337 1358
f 1369 1355 1358
f 1358 1337 1359
f 1349 1371 1363
f 1349 1363 1362
f 1361 1360 1372
f 1364 1362 1374
f 1374 1362 1363
f 1373 1372 1352
f 1352 1375 1373
f 1351 1364 1365
f 1375 1352 1376
f 1365 1377 1376
f 1377 1365 1364
f 1377 1364 1374
f 1378 1375 1376
f 1366 1367 1353
f 1367 1379 1347
f 1354 1368 1366
f 1379 1357 1347
f 1357 1380 1371
f 1381 1356 1369
f 1381 1368 1356
f 1359 1382 1358
f 1382 1359 1361
f 1382 1361 1383
f 1385 1386 1363
f 1385 1363 1371
f 1387 1372 1373
f 1388 1363 1386
f 1374 1363 1388
f 1374 1388 1377
f 1377 1388 1389
f 1390 1373 1375
f 1392 1375 1378
f 1393 1378 1376
f 1391 1393 1376
f 1377 1391 1376
f 1392 1378 1393
f 1366 1368 1395
f 1395 1396 1366
f 1396 1367 1366
f 1367 1396 1379
f 1397 1379 1396
f 1380 1357 1379
f 1379 1397 1380
f 1381 1398 1368
f 1370 1369 1358
f 1382 1370 1358
f 1384 1383 1361
f 1387 1384 1372
f 1387 1373 1400
f 1389 1401 1377
f 1375 1394 1390
f 1375 1392 1394
f 1392 1402 1394
f 1392 1393 1403
f 1403 1393 1391
f 1402 1392 1404
f 1407 1397 1396
f 1395 1407 1396
f 1407 1408 1397
f 1368 1398 1395
f 1395 1398 1406
f 1408 1380 1397
f 1369 1370 1381
f 1381 1370 1409
f 1409 1398 1381
f 1398 1409 1410
f 1383 1370 1382
f 1386 1385 1413
f 1412 1383 1384
f 1399 1387 1414
f 1399 1415 1384
f 1387 1400 1414
f 1389 1388 1417
f 1373 1390 1400
f 1391 1377 1403
f 1403 1377 1401
f 1392 1403 1404
f 1394 1402 1405
f 1402 1418 1405
f 1407 1395 1419
f 1407 1419 1408
f 1408 1411 1380
f 1411 1371 1380
f 1408 1419 1411
f 1411 1385 1371
f 1420 1385 1411
f 1409 1370 1412
f 1413 1385 1420
f 1412 1370 1383
f 1412 1423 1422
f 1422 1421 1412
f 1412 1384 1415
f 1415 1423 1412
f 1386 1413 1388
f 1436 1415 1399
f 1413 1416 1388
f 1414 1424 1399
f 1388 1416 1417
f 1425 1424 1414
f 1425 1414 1426
f 1401 1417 1427
f 1404 1403 1428
f 1403 1401 1428
f 1414 1400 1426
f 1404 1428 1402
f 1441 1400 1390
f 1390 1394 1405
f 1441 1390 1429
f 1390 1405 1429
f 1430 1405 1418
f 1429 1405 1430
f 1395 1406 1419
f 1419 1406 1431
f 1413 1420 1431
f 1420 1411 1419
f 1431 1420 1419
f 1432 1410 1409
f 1409 1412 1421
f 1421 1432 1409
f 1433 1421 1422
f 1434 1422 1423
f 1422 1434 1433
f 1416 1413 1435
f 1399 1424 1436
f 1416 1437 1417
f 1425 1438 1424
f 1439 1417 1437
f 1440 1439 1437
f 1439 1427 1417
f 1425 1426 1438
f 1428 1401 1427
f 1402 1428 1418
f 1400 1441 1426
f 1430 1418 1446
f 1446 1418 1443
f 1442 1455 1441
f 1445 1455 1442
f 1442 1441 1429
f 1445 1429 1444
f 1429 1445 1442
f 1429 1430 1446
f 1429 1446 1444
f 1444 1446 1443
f 1410 1406 1398
f 1406 1447 1431
f 1447 1406 1410
f 1432 1421 1433
f 1432 1433 1448
f 1448 1410 1432
f 1447 1410 1448
f 1447 1435 1431
f 1435 1413 1431
f 1433 1435 1448
f 1435 1447 1448
f 1434 1423 1449
f 1434 1435 1433
f 1450 1440 1434
f 1438 1451 1424
f 1427 1439 1440
f 1427 1452 1428
f 1454 1443 1452
f 1443 1428 1452
f 1455 1453 1438
f 1438 1426 1455
f 1426 1441 1455
f 1428 1443 1418
f 1456 1462 1455
f 1456 1455 1445
f 1445 1457 1456
f 1445 1444 1457
f 1443 1457 1444
f 1449 1458 1434
f 1458 1449 1423
f 1436 1458 1423
f 1458 1450 1434
f 1424 1451 1436
f 1436 1451 1458
f 1458 1451 1459
f 1452 1427 1440
f 1453 1451 1438
f 1454 1460 1461
f 1452 1460 1454
f 1462 1461 1453
f 1454 1461 1463
f 1455 1462 1453
f 1454 1463 1457
f 1443 1454 1457
f 1457 1463 1456
f 1462 1456 1463
f 1450 1459 1464
f 1450 1458 1459
f 1459 1451 1453
f 1450 1464 1440
f 1460 1464 1461
f 1459 1461 1464
f 1452 1440 1464
f 1460 1452 1464
f 1453 1461 1459
f 1461 1462 1463
f 1376 1352 1365
f 1401 1389 1417
f 1465 1466 1437
f 1465 1437 1416
f 1465 1416 1435
f 1465 1435 1440
f 1465 1440 1437
f 1435 1434 1440
f 1423 1415 1436
f 1384 1387 1399
f 1372 1384 1361
f 1360 1352 1372
f 1349 1341 1371
f 1468 1469 1467
f 1467 1470 1471
f 1475 1469 1476
f 1476 1469 1473
f 1472 1475 1476
f 1472 1477 1475
f 1478 1469 1468
f 1474 1469 1478
f 1469 1475 1467
f 1469 1474 1473
f 1467 1475 1470
f 1475 1477 1470
f 1477 1479 1470
f 1467 1481 1468
f 1467 1471 1481
f 1481 1471 1482
f 1471 1470 1480
f 1480 1483 1471
f 1471 1483 1482
f 1476 1484 1472
f 1473 1487 1485
f 1473 1485 1476
f 1485 1499 1476
f 1472 1484 1477
f 1486 1477 1484
f 1486 1479 1477
f 1474 1478 1487
f 1474 1487 1473
f 1478 1488 1487
f 1479 1480 1470
f 1478 1489 1488
f 1468 1489 1478
f 1468 1490 1489
f 1491 1490 1468
f 1468 1481 1491
f 1493 1490 1491
f 1491 1494 1495
f 1497 1480 1492
f 1482 1483 1496
f 1497 1483 1480
f 1498 1496 1483
f 1499 1484 1476
f 1484 1500 1486
f 1479 1486 1502
f 1489 1490 1488
f 1504 1492 1480
f 1493 1495 1514
f 1493 1491 1495
f 1505 1495 1509
f 1494 1509 1495
f 1494 1496 1507
f 1497 1498 1483
f 1505 1509 1508
f 1509 1494 1507
f 1507 1496 1498
f 1498 1510 1507
f 1485 1512 1499
f 1484 1499 1500
f 1503 1501 1487
f 1485 1487 1501
f 1488 1503 1487
f 1502 1513 1479
f 1504 1479 1513
f 1488 1490 1514
f 1504 1480 1479
f 1490 1493 1514
f 1497 1492 1504
f 1514 1495 1506
f 1515 1505 1516
f 1516 1505 1508
f 1511 1498 1497
f 1498 1517 1518
f 1519 1516 1508
f 1498 1518 1510
f 1520 1519 1508
f 1508 1509 1521
f 1510 1522 1507
f 1510 1518 1523
f 1507 1521 1509
f 1499 1512 1524
f 1525 1500 1499
f 1526 1500 1525
f 1486 1526 1502
f 1500 1526 1486
f 1485 1501 1512
f 1501 1503 1528
f 1488 1529 1503
f 1488 1514 1530
f 1530 1514 1506
f 1531 1532 1506
f 1505 1515 1506
f 1506 1515 1531
f 1497 1504 1533
f 1551 1515 1516
f 1497 1533 1511
f 1534 1517 1511
f 1517 1498 1511
f 1523 1522 1510
f 1520 1508 1521
f 1521 1507 1522
f 1523 1535 1522
f 1525 1499 1536
f 1512 1537 1524
f 1512 1501 1537
f 1529 1527 1503
f 1527 1528 1503
f 1539 1538 1528
f 1501 1528 1538
f 1530 1529 1488
f 1529 1530 1532
f 1541 1504 1513
f 1532 1530 1506
f 1533 1504 1541
f 1515 1551 1531
f 1533 1534 1511
f 1519 1551 1516
f 1517 1543 1518
f 1518 1543 1535
f 1535 1543 1544
f 1523 1518 1535
f 1520 1521 1545
f 1522 1535 1546
f 1547 1522 1546
f 1547 1545 1521
f 1521 1522 1547
f 1524 1536 1499
f 1548 1526 1525
f 1501 1538 1537
f 1549 1513 1502
f 1502 1526 1549
f 1527 1539 1528
f 1527 1529 1540
f 1527 1540 1539
f 1529 1532 1540
f 1568 1534 1541
f 1541 1534 1533
f 1543 1517 1542
f 1517 1553 1542
f 1534 1553 1517
f 1551 1519 1555
f 1556 1544 1543
f 1555 1519 1558
f 1557 1555 1558
f 1558 1519 1520
f 1535 1544 1546
f 1559 1560 1544
f 1546 1544 1560
f 1558 1520 1561
f 1562 1558 1561
f 1520 1545 1561
f 1547 1561 1545
f 1547 1562 1561
f 1546 1577 1547
f 1562 1547 1577
f 1546 1560 1577
f 1524 1563 1536
f 1524 1564 1563
f 1524 1537 1564
f 1539 1565 1538
f 1565 1566 1538
f 1538 1566 1537
f 1539 1540 1565
f 1549 1541 1513
f 1540 1550 1567
f 1532 1550 1540
f 1568 1541 1549
f 1552 1534 1568
f 1552 1570 1553
f 1534 1552 1553
f 1554 1542 1571
f 1543 1542 1554
f 1571 1542 1572
f 1551 1573 1585
f 1574 1556 1554
f 1573 1551 1555
f 1556 1543 1554
f 1573 1555 1557
f 1573 1557 1575
f 1576 1573 1575
f 1556 1576 1559
f 1576 1575 1559
f 1544 1556 1559
f 1559 1575 1560
f 1562 1557 1558
f 1557 1562 1575
f 1575 1577 1560
f 1562 1577 1575
f 1548 1525 1536
f 1563 1578 1536
f 1578 1579 1536
f 1536 1579 1548
f 1537 1580 1564
f 1548 1549 1526
f 1590 1549 1548
f 1537 1566 1580
f 1581 1549 1590
f 1540 1582 1565
f 1567 1582 1540
f 1582 1567 1583
f 1581 1568 1549
f 1583 1567 1569
f 1569 1567 1550
f 1584 1568 1581
f 1587 1586 1585
f 1570 1584 1588
f 1584 1552 1568
f 1570 1589 1572
f 1570 1552 1584
f 1572 1542 1553
f 1570 1572 1553
f 1585 1576 1574
f 1587 1585 1574
f 1574 1571 1587
f 1554 1571 1574
f 1585 1573 1576
f 1576 1556 1574
f 1563 1591 1578
f 1579 1590 1548
f 1591 1579 1578
f 1564 1580 1563
f 1580 1591 1563
f 1591 1592 1579
f 1579 1592 1590
f 1566 1591 1580
f 1582 1566 1565
f 1566 1582 1593
f 1566 1593 1591
f 1591 1593 1592
f 1593 1582 1583
f 1581 1590 1594
f 1593 1583 1595
f 1594 1596 1588
f 1581 1594 1584
f 1583 1569 1586
f 1596 1593 1595
f 1594 1588 1584
f 1583 1586 1595
f 1588 1596 1589
f 1595 1589 1596
f 1588 1589 1570
f 1592 1596 1594
f 1592 1594 1590
f 1592 1593 1596
f 1589 1595 1587
f 1572 1589 1571
f 1550 1551 1569
f 1586 1569 1585
f 1550 1532 1531
f 1496 1494 1481
f 1496 1481 1482
f 1491 1481 1494
f 1505 1506 1495
f 1531 1551 1550
f 1589 1587 1571
f 1595 1586 1587
f 1569 1551 1585
f 1598 1599 1597
f 1597 1600 1601
f 1605 1599 1606
f 1606 1599 1603
f 1602 1605 1606
f 1602 1607 1605
f 1608 1599 1598
f 1604 1599 1608
f 1599 1605 1597
f 1599 1604 1603
f 1597 1605 1600
f 1605 1607 1600
f 1607 1609 1600
f 1597 1611 1598
f 1597 1601 1611
f 1611 1601 1612
f 1601 1600 1610
f 1610 1613 1601
f 1601 1613 1612
f 1606 1614 1602
f 1603 1617 1615
f 1603 1615 1606
f 1615 1629 1606
f 1602 1614 1607
f 1616 1607 1614
f 1616 1609 1607
f 1604 1608 1617
f 1604 1617 1603
f 1608 1618 1617
f 1609 1610 1600
f 1608 1619 1618
f 1598 1619 1608
f 1598 1620 1619
f 1621 1620 1598
f 1598 1611 1621
f 1623 1620 1621
f 1621 1624 1625
f 1627 1610 1622
f 1612 1613 1626
f 1627 1613 1610
f 1628 1626 1613
f 1629 1614 1606
f 1614 1630 1616
f 1609 1616 1632
f 1619 1620 1618
f 1634 1622 1610
f 1623 1625 1644
f 1623 1621 1625
f 1635 1625 1639
f 1624 1639 1625
f 1624 1626 1637
f 1627 1628 1613
f 1635 1639 1638
f 1639 1624 1637
f 1637 1626 1628
f 1628 1640 1637
f 1615 1642 1629
f 1614 1629 1630
f 1633 1631 1617
f 1615 1617 1631
f 1618 1633 1617
f 1632 1643 1609
f 1634 1609 1643
f 1618 1620 1644
f 1634 1610 1609
f 1620 1623 1644
f 1627 1622 1634
f 1644 1625 1636
f 1645 1635 1646
f 1646 1635 1638
f 1641 1628 1627
f 1628 1647 1648
f 1649 1646 1638
f 1628 1648 1640
f 1650 1649 1638
f 1638 1639 1651
f 1640 1652 1637
f 1640 1648 1653
f 1637 1651 1639
f 1629 1642 1654
f 1655 1630 1629
f 1656 1630 1655
f 1616 1656 1632
f 1630 1656 1616
f 1615 1631 1642
f 1631 1633 1658
f 1618 1659 1633
f 1618 1644 1660
f 1660 1644 1636
f 1661 1662 1636
f 1635 1645 1636
f 1636 1645 1661
f 1627 1634 1663
f 1681 1645 1646
f 1627 1663 1641
f 1664 1647 1641
f 1647 1628 1641
f 1653 1652 1640
f 1650 1638 1651
f 1651 1637 1652
f 1653 1665 1652
f 1655 1629 1666
f 1642 1667 1654
f 1642 1631 1667
f 1659 1657 1633
f 1657 1658 1633
f 1669 1668 1658
f 1631 1658 1668
f 1660 1659 1618
f 1659 1660 1662
f 1671 1634 1643
f 1662 1660 1636
f 1663 1634 1671
f 1645 1681 1661
f 1663 1664 1641
f 1649 1681 1646
f 1647 1673 1648
f 1648 1673 1665
f 1665 1673 1674
f 1653 1648 1665
f 1650 1651 1675
f 1652 1665 1676
f 1677 1652 1676
f 1677 1675 1651
f 1651 1652 1677
f 1654 1666 1629
f 1678 1656 1655
f 1631 1668 1667
f 1679 1643 1632
f 1632 1656 1679
f 1657 1669 1658
f 1657 1659 1670
f 1657 1670 1669
f 1659 1662 1670
f 1698 1664 1671
f 1671 1664 1663
f 1673 1647 1672
f 1647 1683 1672
f 1664 1683 1647
f 1681 1649 1685
f 1686 1674 1673
f 1685 1649 1688
f 1687 1685 1688
f 1688 1649 1650
f 1665 1674 1676
f 1689 1690 1674
f 1676 1674 1690
f 1688 1650 1691
f 1692 1688 1691
f 1650 1675 1691
f 1677 1691 1675
f 1677 1692 1691
f 1676 1707 1677
f 1692 1677 1707
f 1676 1690 1707
f 1654 1693 1666
f 1654 1694 1693
f 1654 1667 1694
f 1669 1695 1668
f 1695 1696 1668
f 1668 1696 1667
f 1669 1670 1695
f 1679 1671 1643
f 1670 1680 1697
f 1662 1680 1670
f 1698 1671 1679
f 1682 1664 1698
f 1682 1700 1683
f 1664 1682 1683
f 1684 1672 1701
f 1673 1672 1684
f 1701 1672 1702
f 1681 1703 1715
f 1704 1686 1684
f 1703 1681 1685
f 1686 1673 1684
f 1703 1685 1687
f 1703 1687 1705
f 1706 1703 1705
f 1686 1706 1689
f 1706 1705 1689
f 1674 1686 1689
f 1689 1705 1690
f 1692 1687 1688
f 1687 1692 1705
f 1705 1707 1690
f 1692 1707 1705
f 1678 1655 1666
f 1693 1708 1666
f 1708 1709 1666
f 1666 1709 1678
f 1667 1710 1694
f 1678 1679 1656
f 1720 1679 1678
f 1667 1696 1710
f 1711 1679 1720
f 1670 1712 1695
f 1697 1712 1670
f 1712 1697 1713
f 1711 1698 1679
f 1713 1697 1699
f 1699 1697 1680
f 1714 1698 1711
f 1717 1716 1715
f 1700 1714 1718
f 1714 1682 1698
f 1700 1719 1702
f 1700 1682 1714
f 1702 1672 1683
f 1700 1702 1683
f 1715 1706 1704
f 1717 1715 1704
f 1704 1701 1717
f 1684 1701 1704
f 1715 1703 1706
f 1706 1686 1704
f 1693 1721 1708
f 1709 1720 1678
f 1721 1709 1708
f 1694 1710 1693
f 1710 1721 1693
f 1721 1722 1709
f 1709 1722 1720
f 1696 1721 1710
f 1712 1696 1695
f 1696 1712 1723
f 1696 1723 1721
f 1721 1723 1722
f 1723 1712 1713
f 1711 1720 1724
f 1723 1713 1725
f 1724 1726 1718
f 1711 1724 1714
f 1713 1699 1716
f 1726 1723 1725
f 1724 1718 1714
f 1713 1716 1725
f 1718 1726 1719
f 1725 1719 1726
f 1718 1719 1700
f 1722 1726 1724
f 1722 1724 1720
f 1722 1723 1726
f 1719 1725 1717
f 1702 1719 1701
f 1680 1681 1699
f 1716 1699 1715
f 1680 1662 1661
f 1626 1624 1611
f 1626 1611 1612
f 1621 1611 1624
f 1635 1636 1625
f 1661 1681 1680
f 1719 1717 1701
f 1725 1716 1717
f 1699 1681 1715
f 1728 1729 1730
f 1732 1733 1731
f 1732 1730 1729
f 1732 1731 1730
f 1735 1734 1728
f 1736 1730 1731
f 1728 1730 1738
f 1736 1738 1730
f 1737 1739 1736
f 1738 1735 1728
f 1738 1736 1739
f 1729 1727 1743
f 1744 1745 1733
f 1728 1734 1727
f 1734 1742 1727
f 1727 1729 1728
f 1747 1729 1743
f 1744 1732 1729
f 1729 1747 1744
f 1744 1733 1732
f 1746 1731 1733
f 1746 1748 1737
f 1737 1736 1731
f 1731 1746 1737
f 1734 1735 1750
f 1751 1737 1748
f 1751 1739 1737
f 1750 1735 1752
f 1753 1739 1751
f 1754 1752 1735
f 1735 1738 1754
f 1739 1753 1755
f 1756 1754 1738
f 1738 1739 1757
f 1739 1755 1757
f 1738 1759 1756
f 1738 1757 1759
f 1754 1740 1758
f 1756 1740 1754
f 1740 1756 1762
f 1764 1765 1758
f 1758 1740 1764
f 1741 1764 1740
f 1740 1762 1763
f 1766 1765 1764
f 1764 1741 1766
f 1740 1763 1741
f 1763 1767 1741
f 1741 1767 1768
f 1767 1763 1769
f 1741 1770 1766
f 1770 1741 1768
f 1767 1771 1768
f 1772 1743 1742
f 1727 1742 1743
f 1745 1775 1733
f 1774 1733 1775
f 1773 1775 1745
f 1774 1746 1733
f 1744 1776 1745
f 1747 1776 1744
f 1774 1777 1746
f 1742 1749 1778
f 1742 1734 1749
f 1772 1742 1778
f 1748 1746 1777
f 1749 1734 1750
f 1749 1750 1779
f 1780 1751 1748
f 1750 1752 1781
f 1751 1780 1753
f 1752 1758 1782
f 1782 1781 1752
f 1752 1754 1758
f 1758 1761 1782
f 1783 1759 1757
f 1757 1755 1783
f 1782 1761 1784
f 1786 1784 1761
f 1758 1760 1761
f 1756 1759 1762
f 1760 1788 1761
f 1787 1788 1760
f 1787 1760 1765
f 1765 1760 1758
f 1785 1784 1786
f 1761 1788 1786
f 1788 1791 1790
f 1787 1789 1788
f 1791 1788 1789
f 1789 1787 1792
f 1787 1765 1792
f 1788 1790 1793
f 1792 1765 1766
f 1786 1794 1785
f 1786 1788 1795
f 1769 1771 1767
f 1795 1794 1786
f 1796 1795 1788
f 1798 1766 1770
f 1768 1799 1770
f 1801 1743 1772
f 1745 1776 1773
f 1773 1776 1803
f 1804 1774 1773
f 1774 1775 1773
f 1806 1805 1774
f 1777 1774 1805
f 1777 1805 1807
f 1748 1777 1807
f 1778 1749 1779
f 1808 1748 1807
f 1748 1808 1780
f 1809 1780 1808
f 1780 1810 1753
f 1813 1753 1810
f 1811 1782 1784
f 1762 1759 1783
f 1783 1763 1762
f 1812 1784 1785
f 1783 1769 1763
f 1769 1783 1813
f 1815 1793 1790
f 1790 1791 1815
f 1792 1766 1816
f 1816 1766 1817
f 1818 1819 1771
f 1797 1771 1819
f 1771 1797 1768
f 1794 1795 1822
f 1822 1795 1796
f 1788 1793 1796
f 1796 1793 1823
f 1798 1770 1800
f 1822 1796 1823
f 1770 1799 1800
f 1824 1799 1768
f 1824 1768 1797
f 1772 1825 1801
f 1826 1802 1801
f 1743 1801 1802
f 1802 1776 1743
f 1743 1776 1747
f 1803 1804 1773
f 1772 1778 1825
f 1803 1776 1802
f 1806 1774 1804
f 1806 1827 1805
f 1828 1778 1779
f 1809 1810 1780
f 1750 1781 1779
f 1872 1813 1810
f 1781 1811 1828
f 1811 1781 1782
f 1811 1784 1812
f 1783 1755 1813
f 1829 1812 1785
f 1791 1789 1814
f 1814 1815 1791
f 1814 1789 1792
f 1820 1829 1785
f 1769 1818 1771
f 1820 1785 1794
f 1815 1831 1793
f 1814 1792 1816
f 1794 1822 1834
f 1820 1794 1834
f 1820 1834 1832
f 1766 1798 1817
f 1817 1798 1833
f 1834 1822 1823
f 1835 1834 1823
f 1823 1793 1864
f 1800 1799 1837
f 1836 1798 1800
f 1800 1837 1836
f 1825 1838 1826
f 1826 1801 1825
f 1839 1803 1802
f 1803 1841 1804
f 1839 1841 1803
f 1841 1839 1840
f 1804 1842 1827
f 1842 1804 1841
f 1806 1804 1827
f 1827 1807 1805
f 1843 1807 1827
f 1844 1807 1843
f 1843 1827 1842
f 1778 1845 1825
f 1808 1807 1844
f 1844 1809 1808
f 1846 1809 1844
f 1828 1779 1781
f 1813 1755 1753
f 1812 1847 1811
f 1847 1812 1829
f 1847 1829 1848
f 1849 1848 1829
f 1852 1851 1830
f 1850 1829 1853
f 1850 1849 1829
f 1814 1854 1815
f 1854 1855 1815
f 1816 1830 1814
f 1815 1855 1831
f 1830 1816 1857
f 1818 1769 1813
f 1858 1853 1829
f 1855 1856 1831
f 1853 1831 1856
f 1829 1820 1858
f 1857 1816 1817
f 1859 1819 1818
f 1853 1860 1831
f 1793 1831 1821
f 1817 1861 1857
f 1820 1832 1858
f 1860 1821 1831
f 1862 1819 1859
f 1821 1864 1793
f 1832 1834 1863
f 1834 1835 1863
f 1821 1860 1864
f 1798 1836 1833
f 1835 1823 1864
f 1835 1864 1865
f 1864 1860 1865
f 1835 1865 1863
f 1882 1836 1837
f 1837 1799 1824
f 1824 1797 1837
f 1802 1867 1866
f 1839 1802 1866
f 1866 1840 1839
f 1867 1802 1826
f 1867 1826 1838
f 1841 1840 1869
f 1869 1842 1841
f 1869 1843 1842
f 1845 1838 1825
f 1870 1844 1843
f 1871 1846 1844
f 1872 1810 1809
f 1872 1809 1846
f 1811 1847 1828
f 1848 1873 1847
f 1849 1850 1848
f 1874 1850 1856
f 1848 1850 1874
f 1856 1854 1874
f 1854 1875 1876
f 1830 1875 1814
f 1851 1875 1830
f 1850 1853 1856
f 1855 1854 1856
f 1814 1875 1854
f 1877 1897 1852
f 1830 1857 1852
f 1852 1857 1877
f 1857 1878 1877
f 1877 1859 1900
f 1878 1859 1877
f 1818 1900 1859
f 1859 1878 1879
f 1857 1861 1878
f 1861 1879 1878
f 1858 1865 1853
f 1880 1817 1833
f 1861 1817 1880
f 1861 1880 1881
f 1879 1861 1881
f 1862 1797 1819
f 1859 1879 1862
f 1858 1832 1863
f 1863 1865 1858
f 1865 1860 1853
f 1862 1879 1881
f 1880 1833 1883
f 1882 1833 1836
f 1883 1833 1882
f 1884 1882 1837
f 1884 1885 1882
f 1797 1884 1837
f 1867 1886 1887
f 1887 1866 1867
f 1866 1887 1868
f 1888 1868 1887
f 1840 1866 1868
f 1868 1869 1840
f 1869 1868 1889
f 1870 1869 1889
f 1843 1869 1870
f 1867 1838 1845
f 1870 1871 1844
f 1828 1845 1778
f 1890 1813 1872
f 1890 1891 1813
f 1873 1848 1874
f 1873 1893 1892
f 1818 1813 1891
f 1818 1891 1894
f 1893 1873 1874
f 1874 1876 1893
f 1874 1854 1876
f 1893 1876 1895
f 1895 1876 1875
f 1875 1896 1895
f 1897 1875 1851
f 1897 1896 1875
f 1851 1852 1897
f 1896 1897 1898
f 1899 1896 1898
f 1877 1900 1898
f 1898 1900 1901
f 1894 1901 1900
f 1894 1900 1818
f 1897 1877 1898
f 1880 1885 1881
f 1881 1885 1884
f 1884 1862 1881
f 1883 1882 1885
f 1885 1880 1883
f 1862 1884 1797
f 1902 1887 1886
f 1889 1868 1888
f 1889 1888 1903
f 1870 1889 1904
f 1867 1845 1886
f 1870 1904 1871
f 1828 1918 1845
f 1846 1905 1872
f 1828 1907 1918
f 1905 1890 1872
f 1891 1890 1906
f 1906 1908 1891
f 1873 1909 1847
f 1908 1894 1891
f 1910 1894 1908
f 1892 1909 1873
f 1893 1895 1911
f 1893 1912 1892
f 1901 1894 1910
f 1911 1912 1893
f 1911 1895 1896
f 1901 1899 1898
f 1913 1911 1896
f 1896 1899 1914
f 1887 1902 1888
f 1902 1903 1888
f 1886 1915 1902
f 1889 1903 1904
f 1886 1845 1917
f 1918 1917 1845
f 1905 1846 1871
f 1890 1905 1906
f 1907 1828 1847
f 1919 1908 1906
f 1909 1907 1847
f 1908 1921 1910
f 1892 1912 1922
f 1922 1909 1892
f 1910 1923 1901
f 1912 1911 1924
f 1913 1896 1914
f 1911 1913 1925
f 1926 1914 1899
f 1927 1914 1926
f 1928 1902 1915
f 1902 1928 1903
f 1928 1916 1903
f 1916 1904 1903
f 1917 1915 1886
f 1904 1905 1871
f 1905 1904 1916
f 1918 1929 1917
f 1906 1932 1919
f 1909 1920 1907
f 1920 1931 1907
f 1922 1920 1909
f 1921 1908 1919
f 1921 1934 1910
f 1922 1912 1924
f 1910 1934 1923
f 1911 1925 1924
f 1924 1925 1935
f 1925 1913 1935
f 1936 1913 1927
f 1899 1901 1923
f 1926 1899 1923
f 1927 1913 1914
f 1927 1926 1937
f 1926 1923 1937
f 1928 1915 1917
f 1928 1939 1916
f 1939 1928 1938
f 1917 1929 1938
f 1917 1938 1928
f 1916 1930 1905
f 1930 1916 1939
f 1918 1940 1929
f 1941 1930 1939
f 1906 1905 1930
f 1940 1918 1907
f 1940 1933 1942
f 1906 1930 1941
f 1942 1932 1941
f 1941 1932 1906
f 1940 1907 1931
f 1940 1931 1933
f 1942 1933 1943
f 1920 1944 1931
f 1933 1931 1944
f 1943 1933 1945
f 1942 1921 1932
f 1942 1943 1921
f 1920 1946 1944
f 1921 1948 1934
f 1934 1948 1947
f 1947 1923 1934
f 1936 1935 1913
f 1950 1927 1937
f 1938 1941 1939
f 1938 1929 1941
f 1929 1940 1951
f 1929 1951 1941
f 1940 1942 1951
f 1951 1942 1941
f 1945 1933 1944
f 1948 1943 1945
f 1943 1948 1921
f 1944 1946 1945
f 1947 1945 1946
f 1945 1947 1948
f 1922 1949 1920
f 1949 1946 1920
f 1924 1949 1922
f 1949 1924 1952
f 1924 1935 1936
f 1952 1924 1936
f 1947 1937 1923
f 1936 1927 1950
f 1946 1949 1953
f 1946 1953 1947
f 1953 1955 1947
f 1949 1952 1953
f 1947 1955 1937
f 1954 1952 1936
f 1954 1936 1950
f 1956 1952 1954
f 1954 1950 1956
f 1937 1955 1950
f 1955 1956 1950
f 1953 1952 1956
f 1953 1956 1955
f 1932 1921 1919
f 1958 1959 1960
f 1962 1963 1961
f 1962 1960 1965
f 1962 1961 1960
f 1966 1964 1958
f 1967 1960 1961
f 1958 1960 1969
f 1967 1969 1960
f 1968 1970 1967
f 1969 1966 1958
f 1969 1967 1970
f 1959 1957 1974
f 1975 1976 1963
f 1958 1964 1957
f 1964 1973 1957
f 1957 1959 1958
f 1978 1959 1974
f 1959 1978 1965
f 1975 1962 1965
f 1965 1978 1975
f 1975 1963 1962
f 1977 1961 1963
f 1977 1979 1968
f 1965 1960 1959
f 1968 1967 1961
f 1961 1977 1968
f 1964 1966 1981
f 1982 1968 1979
f 1982 1970 1968
f 1981 1966 1983
f 1984 1970 1982
f 1985 1983 1966
f 1966 1969 1985
f 1970 1984 1986
f 1987 1985 1969
f 1969 1970 1988
f 1970 1986 1988
f 1969 1990 1987
f 1969 1988 1990
f 1985 1971 1989
f 1987 1971 1985
f 1971 1987 1993
f 1995 1996 1989
f 1989 1971 1995
f 1972 1995 1971
f 1971 1993 1994
f 1997 1996 1995
f 1995 1972 1997
f 1971 1994 1972
f 1994 1998 1972
f 1972 1998 1999
f 1998 1994 2000
f 1972 2001 1997
f 2001 1972 1999
f 1998 2002 1999
f 2003 1974 1973
f 1957 1973 1974
f 1976 2006 1963
f 2005 1963 2006
f 2004 2006 1976
f 2005 1977 1963
f 1975 2007 1976
f 1978 2007 1975
f 2005 2008 1977
f 1973 1980 2009
f 1973 1964 1980
f 2003 1973 2009
f 1979 1977 2008
f 1980 1964 1981
f 1980 1981 2010
f 2011 1982 1979
f 1981 1983 2012
f 1982 2011 1984
f 1983 1989 2013
f 2013 2012 1983
f 1983 1985 1989
f 1989 1992 2013
f 2014 1990 1988
f 1988 1986 2014
f 2013 1992 2015
f 2017 2015 1992
f 1989 1991 1992
f 1987 1990 1993
f 1991 2019 1992
f 2018 2019 1991
f 2018 1991 1996
f 1996 1991 1989
f 2016 2015 2017
f 1992 2019 2017
f 2019 2022 2021
f 2018 2020 2019
f 2022 2019 2020
f 2020 2018 2023
f 2018 1996 2023
f 2019 2021 2024
f 2023 1996 1997
f 2017 2025 2016
f 2017 2019 2026
f 2000 2002 1998
f 2026 2025 2017
f 2027 2026 2019
f 2029 1997 2001
f 1999 2030 2001
f 2032 1974 2003
f 1976 2007 2004
f 2004 2007 2034
f 2035 2005 2004
f 2005 2006 2004
f 2037 2036 2005
f 2008 2005 2036
f 2008 2036 2038
f 1979 2008 2038
f 2009 1980 2010
f 2039 1979 2038
f 1979 2039 2011
f 2040 2011 2039
f 2011 2041 1984
f 2044 1984 2041
f 2042 2013 2015
f 1993 1990 2014
f 2014 1994 1993
f 2043 2015 2016
f 2014 2000 1994
f 2000 2014 2044
f 2046 2024 2021
f 2021 2022 2046
f 2023 1997 2047
f 2047 1997 2048
f 2049 2050 2002
f 2028 2002 2050
f 2002 2028 1999
f 2025 2026 2053
f 2053 2026 2027
f 2019 2024 2027
f 2027 2024 2054
f 2029 2001 2031
f 2053 2027 2054
f 2001 2030 2031
f 2055 2030 1999
f 2055 1999 2028
f 2003 2056 2032
f 2057 2033 2032
f 1974 2032 2033
f 2033 2007 1974
f 1974 2007 1978
f 2034 2035 2004
f 2003 2009 2056
f 2034 2007 2033
f 2037 2005 2035
f 2037 2058 2036
f 2059 2009 2010
f 2040 2041 2011
f 1981 2012 2010
f 2103 2044 2041
f 2012 2042 2059
f 2042 2012 2013
f 2042 2015 2043
f 2014 1986 2044
f 2060 2043 2016
f 2022 2020 2045
f 2045 2046 2022
f 2045 2020 2023
f 2051 2060 2016
f 2000 2049 2002
f 2051 2016 2025
f 2046 2062 2024
f 2045 2023 2047
f 2025 2053 2065
f 2051 2025 2065
f 2051 2065 2063
f 1997 2029 2048
f 2048 2029 2064
f 2065 2053 2054
f 2066 2065 2054
f 2054 2024 2095
f 2031 2030 2068
f 2067 2029 2031
f 2031 2068 2067
f 2056 2069 2057
f 2057 2032 2056
f 2070 2034 2033
f 2034 2072 2035
f 2070 2072 2034
f 2072 2070 2071
f 2035 2073 2058
f 2073 2035 2072
f 2037 2035 2058
f 2058 2038 2036
f 2074 2038 2058
f 2075 2038 2074
f 2074 2058 2073
f 2009 2076 2056
f 2039 2038 2075
f 2075 2040 2039
f 2077 2040 2075
f 2059 2010 2012
f 2044 1986 1984
f 2043 2078 2042
f 2078 2043 2060
f 2078 2060 2079
f 2080 2079 2060
f 2083 2082 2061
f 2081 2060 2084
f 2081 2080 2060
f 2045 2085 2046
f 2085 2086 2046
f 2047 2061 2045
f 2046 2086 2062
f 2061 2047 2088
f 2049 2000 2044
f 2089 2084 2060
f 2086 2087 2062
f 2084 2062 2087
f 2060 2051 2089
f 2088 2047 2048
f 2090 2050 2049
f 2084 2091 2062
f 2024 2062 2052
f 2048 2092 2088
f 2051 2063 2089
f 2091 2052 2062
f 2093 2050 2090
f 2052 2095 2024
f 2063 2065 2094
f 2065 2066 2094
f 2052 2091 2095
f 2029 2067 2064
f 2066 2054 2095
f 2066 2095 2096
f 2095 2091 2096
f 2066 2096 2094
f 2113 2067 2068
f 2068 2030 2055
f 2055 2028 2068
f 2033 2098 2097
f 2070 2033 2097
f 2097 2071 2070
f 2098 2033 2057
f 2098 2057 2069
f 2072 2071 2100
f 2100 2073 2072
f 2100 2074 2073
f 2076 2069 2056
f 2101 2075 2074
f 2102 2077 2075
f 2103 2041 2040
f 2103 2040 2077
f 2042 2078 2059
f 2079 2104 2078
f 2080 2081 2079
f 2105 2081 2087
f 2079 2081 2105
f 2087 2085 2105
f 2085 2106 2107
f 2061 2106 2045
f 2082 2106 2061
f 2081 2084 2087
f 2086 2085 2087
f 2045 2106 2085
f 2108 2128 2083
f 2061 2088 2083
f 2083 2088 2108
f 2088 2109 2108
f 2108 2090 2131
f 2109 2090 2108
f 2049 2131 2090
f 2090 2109 2110
f 2088 2092 2109
f 2092 2110 2109
f 2089 2096 2084
f 2111 2048 2064
f 2092 2048 2111
f 2092 2111 2112
f 2110 2092 2112
f 2093 2028 2050
f 2090 2110 2093
f 2089 2063 2094
f 2094 2096 2089
f 2096 2091 2084
f 2093 2110 2112
f 2111 2064 2114
f 2113 2064 2067
f 2114 2064 2113
f 2115 2113 2068
f 2115 2116 2113
f 2028 2115 2068
f 2098 2117 2118
f 2118 2097 2098
f 2097 2118 2099
f 2119 2099 2118
f 2071 2097 2099
f 2099 2100 2071
f 2100 2099 2120
f 2101 2100 2120
f 2074 2100 2101
f 2098 2069 2076
f 2101 2102 2075
f 2059 2076 2009
f 2121 2044 2103
f 2121 2122 2044
f 2104 2079 2105
f 2104 2124 2123
f 2049 2044 2122
f 2049 2122 2125
f 2124 2104 2105
f 2105 2107 2124
f 2105 2085 2107
f 2124 2107 2126
f 2126 2107 2106
f 2106 2127 2126
f 2128 2106 2082
f 2128 2127 2106
f 2082 2083 2128
f 2127 2128 2129
f 2130 2127 2129
f 2108 2131 2129
f 2129 2131 2132
f 2125 2132 2131
f 2125 2131 2049
f 2128 2108 2129
f 2111 2116 2112
f 2112 2116 2115
f 2115 2093 2112
f 2114 2113 2116
f 2116 2111 2114
f 2093 2115 2028
f 2133 2118 2117
f 2120 2099 2119
f 2120 2119 2134
f 2101 2120 2135
f 2098 2076 2117
f 2101 2135 2102
f 2059 2149 2076
f 2077 2136 2103
f 2059 2138 2149
f 2136 2121 2103
f 2122 2121 2137
f 2137 2139 2122
f 2104 2140 2078
f 2139 2125 2122
f 2141 2125 2139
f 2123 2140 2104
f 2124 2126 2142
f 2124 2143 2123
f 2132 2125 2141
f 2142 2143 2124
f 2142 2126 2127
f 2132 2130 2129
f 2144 2142 2127
f 2127 2130 2145
f 2118 2133 2119
f 2133 2134 2119
f 2117 2146 2133
f 2120 2134 2135
f 2117 2076 2148
f 2149 2148 2076
f 2136 2077 2102
f 2121 2136 2137
f 2138 2059 2078
f 2150 2139 2137
f 2140 2138 2078
f 2139 2152 2141
f 2123 2143 2153
f 2153 2140 2123
f 2141 2154 2132
f 2143 2142 2155
f 2144 2127 2145
f 2142 2144 2156
f 2157 2145 2130
f 2158 2145 2157
f 2159 2133 2146
f 2133 2159 2134
f 2159 2147 2134
f 2147 2135 2134
f 2148 2146 2117
f 2135 2136 2102
f 2136 2135 2147
f 2149 2160 2148
f 2137 2163 2150
f 2140 2151 2138
f 2151 2162 2138
f 2153 2151 2140
f 2152 2139 2150
f 2152 2165 2141
f 2153 2143 2155
f 2141 2165 2154
f 2142 2156 2155
f 2155 2156 2166
f 2156 2144 2166
f 2167 2144 2158
f 2130 2132 2154
f 2157 2130 2154
f 2158 2144 2145
f 2158 2157 2168
f 2157 2154 2168
f 2159 2146 2148
f 2159 2170 2147
f 2170 2159 2169
f 2148 2160 2169
f 2148 2169 2159
f 2147 2161 2136
f 2161 2147 2170
f 2149 2171 2160
f 2172 2161 2170
f 2137 2136 2161
f 2171 2149 2138
f 2171 2164 2173
f 2137 2161 2172
f 2173 2163 2172
f 2172 2163 2137
f 2171 2138 2162
f 2171 2162 2164
f 2173 2164 2174
f 2151 2175 2162
f 2164 2162 2175
f 2174 2164 2176
f 2173 2152 2163
f 2173 2174 2152
f 2151 2177 2175
f 2152 2179 2165
f 2165 2179 2178
f 2178 2154 2165
f 2167 2166 2144
f 2181 2158 2168
f 2169 2172 2170
f 2169 2160 2172
f 2160 2171 2182
f 2160 2182 2172
f 2171 2173 2182
f 2182 2173 2172
f 2176 2164 2175
f 2179 2174 2176
f 2174 2179 2152
f 2175 2177 2176
f 2178 2176 2177
f 2176 2178 2179
f 2153 2180 2151
f 2180 2177 2151
f 2155 2180 2153
f 2180 2155 2183
f 2155 2166 2167
f 2183 2155 2167
f 2178 2168 2154
f 2167 2158 2181
f 2177 2180 2184
f 2177 2184 2178
f 2184 2186 2178
f 2180 2183 2184
f 2178 2186 2168
f 2185 2183 2167
f 2185 2167 2181
f 2187 2183 2185
f 2185 2181 2187
f 2168 2186 2181
f 2186 2187 2181
f 2184 2183 2187
f 2184 2187 2186
f 2163 2152 2150
f 2188 2189 2203
f 2197 2190 2188
f 2190 2191 2188
f 2189 2188 2192
f 2190 2193 2191
f 2188 2191 2192
f 2194 2195 2193
f 2199 2197 2198
f 2190 2197 2199
f 2190 2200 2201
f 2202 2200 2190
f 2202 2190 2199
f 2198 2197 2203
f 2188 2203 2197
f 2190 2201 2193
f 2203 2189 2204
f 2193 2201 2205
f 2205 2194 2193
f 2192 2196 2189
f 2194 2206 2195
f 2189 2196 2207
f 2207 2196 2208
f 2193 2195 2191
f 2192 2191 2196
f 2195 2196 2191
f 2209 2208 2196
f 2196 2195 2209
f 2195 2210 2209
f 2199 2198 2211
f 2211 2233 2199
f 2199 2212 2202
f 2213 2200 2202
f 2212 2213 2202
f 2203 2204 2214
f 2198 2214 2215
f 2214 2198 2203
f 2201 2200 2216
f 2213 2216 2200
f 2201 2216 2205
f 2216 2217 2205
f 2189 2218 2204
f 2205 2206 2194
f 2207 2218 2189
f 2219 2206 2205
f 2195 2206 2210
f 2220 2207 2208
f 2222 2210 2206
f 2221 2210 2222
f 2221 2209 2210
f 2223 2220 2224
f 2208 2225 2220
f 2225 2208 2209
f 2225 2209 2226
f 2224 2220 2228
f 2225 2228 2220
f 2224 2228 2227
f 2225 2229 2228
f 2230 2228 2231
f 2233 2212 2199
f 2198 2215 2211
f 2214 2204 2234
f 2216 2213 2217
f 2235 2217 2213
f 2204 2218 2236
f 2219 2205 2217
f 2218 2207 2236
f 2206 2219 2222
f 2207 2237 2236
f 2223 2237 2207
f 2223 2207 2220
f 2238 2224 2239
f 2237 2223 2238
f 2238 2223 2224
f 2226 2209 2221
f 2239 2224 2227
f 2229 2225 2226
f 2228 2230 2227
f 2229 2241 2228
f 2227 2230 2242
f 2242 2230 2261
f 2228 2241 2232
f 2228 2232 2231
f 2243 2232 2244
f 2241 2244 2232
f 2231 2232 2243
f 2230 2231 2261
f 2245 2215 2214
f 2215 2246 2211
f 2211 2248 2233
f 2213 2212 2233
f 2233 2249 2213
f 2213 2249 2235
f 2250 2217 2235
f 2250 2219 2217
f 2252 2222 2219
f 2254 2239 2240
f 2229 2226 2221
f 2255 2229 2221
f 2255 2257 2229
f 2240 2239 2227
f 2240 2227 2258
f 2240 2258 2259
f 2229 2257 2256
f 2227 2242 2258
f 2242 2259 2258
f 2241 2229 2256
f 2241 2256 2260
f 2259 2242 2261
f 2259 2261 2263
f 2244 2241 2260
f 2244 2260 2262
f 2263 2261 2264
f 2231 2264 2261
f 2243 2264 2231
f 2243 2265 2264
f 2243 2244 2265
f 2266 2265 2244
f 2263 2264 2265
f 2245 2267 2215
f 2246 2215 2267
f 2246 2247 2211
f 2247 2246 2267
f 2249 2233 2248
f 2245 2214 2234
f 2247 2248 2211
f 2235 2249 2269
f 2235 2269 2250
f 2268 2269 2249
f 2234 2204 2236
f 2234 2236 2270
f 2250 2271 2219
f 2222 2252 2272
f 2251 2236 2273
f 2239 2254 2238
f 2273 2238 2254
f 2253 2255 2221
f 2275 2254 2240
f 2276 2257 2255
f 2275 2240 2259
f 2275 2259 2277
f 2278 2279 2256
f 2256 2279 2260
f 2259 2280 2277
f 2281 2279 2277
f 2279 2262 2260
f 2263 2280 2259
f 2280 2263 2282
f 2281 2262 2279
f 2282 2281 2280
f 2244 2262 2266
f 2281 2266 2262
f 2263 2265 2282
f 2282 2265 2266
f 2266 2281 2282
f 2267 2245 2234
f 2297 2247 2267
f 2297 2248 2247
f 2267 2284 2297
f 2283 2267 2234
f 2248 2268 2249
f 2271 2252 2219
f 2270 2236 2251
f 2270 2251 2285
f 2285 2251 2273
f 2222 2272 2253
f 2286 2253 2272
f 2273 2254 2274
f 2276 2255 2253
f 2286 2276 2253
f 2274 2254 2287
f 2287 2254 2275
f 2275 2288 2287
f 2275 2289 2288
f 2257 2276 2290
f 2275 2277 2291
f 2291 2289 2275
f 2289 2291 2292
f 2291 2294 2293
f 2291 2293 2292
f 2291 2277 2294
f 2279 2294 2277
f 2294 2278 2295
f 2256 2257 2278
f 2257 2290 2278
f 2290 2295 2278
f 2294 2279 2278
f 2277 2280 2281
f 2267 2296 2284
f 2267 2283 2296
f 2234 2298 2283
f 2268 2248 2297
f 2297 2269 2268
f 2269 2297 2328
f 2298 2234 2270
f 2250 2300 2271
f 2300 2252 2271
f 2285 2298 2270
f 2301 2298 2285
f 2252 2302 2272
f 2287 2288 2303
f 2304 2288 2289
f 2304 2303 2288
f 2292 2304 2289
f 2304 2305 2303
f 2304 2292 2306
f 2306 2307 2304
f 2293 2306 2292
f 2306 2293 2308
f 2308 2293 2294
f 2290 2309 2295
f 2307 2305 2304
f 2294 2295 2308
f 2308 2295 2311
f 2295 2309 2311
f 2307 2312 2305
f 2307 2306 2313
f 2306 2308 2313
f 2316 2296 2283
f 2315 2297 2284
f 2296 2315 2284
f 2328 2297 2315
f 2283 2298 2316
f 2328 2299 2269
f 2269 2299 2250
f 2299 2300 2250
f 2252 2318 2302
f 2273 2274 2285
f 2276 2286 2302
f 2319 2276 2302
f 2334 2287 2303
f 2274 2287 2334
f 2309 2290 2276
f 2334 2303 2305
f 2310 2334 2305
f 2310 2305 2312
f 2320 2311 2309
f 2308 2311 2314
f 2321 2312 2307
f 2314 2313 2308
f 2321 2307 2322
f 2313 2322 2307
f 2314 2323 2313
f 2314 2311 2320
f 2324 2321 2322
f 2324 2322 2313
f 2324 2313 2325
f 2325 2313 2323
f 2296 2326 2315
f 2316 2326 2296
f 2329 2327 2316
f 2298 2329 2316
f 2317 2300 2299
f 2298 2301 2329
f 2318 2252 2300
f 2349 2302 2318
f 2302 2349 2332
f 2274 2301 2285
f 2334 2333 2274
f 2334 2355 2333
f 2276 2335 2309
f 2335 2320 2309
f 2336 2334 2310
f 2336 2310 2312
f 2338 2334 2336
f 2314 2320 2339
f 2337 2339 2320
f 2312 2321 2336
f 2338 2336 2321
f 2338 2321 2340
f 2321 2324 2340
f 2324 2341 2340
f 2340 2341 2338
f 2343 2339 2344
f 2314 2339 2343
f 2341 2324 2325
f 2341 2325 2342
f 2325 2343 2342
f 2343 2325 2323
f 2342 2343 2344
f 2314 2343 2323
f 2316 2327 2326
f 2326 2327 2345
f 2326 2299 2328
f 2315 2326 2328
f 2326 2345 2346
f 2327 2329 2345
f 2317 2299 2326
f 2326 2346 2317
f 2345 2329 2347
f 2317 2318 2300
f 2346 2318 2317
f 2329 2301 2347
f 2346 2345 2348
f 2345 2347 2348
f 2346 2348 2318
f 2347 2349 2348
f 2347 2301 2330
f 2330 2331 2347
f 2347 2331 2349
f 2349 2318 2348
f 2349 2331 2332
f 2330 2350 2331
f 2302 2332 2351
f 2350 2330 2333
f 2332 2352 2351
f 2302 2351 2319
f 2350 2333 2353
f 2352 2319 2351
f 2319 2335 2276
f 2354 2335 2319
f 2333 2355 2353
f 2353 2355 2356
f 2350 2353 2356
f 2337 2335 2354
f 2357 2356 2355
f 2335 2337 2320
f 2357 2337 2356
f 2355 2334 2338
f 2355 2338 2358
f 2357 2355 2358
f 2344 2339 2357
f 2337 2357 2339
f 2358 2341 2342
f 2358 2342 2344
f 2341 2358 2338
f 2344 2357 2358
f 2350 2352 2331
f 2352 2332 2331
f 2352 2356 2354
f 2352 2350 2356
f 2354 2319 2352
f 2354 2356 2337
f 2222 2253 2221
f 2302 2286 2272
f 2301 2333 2330
f 2301 2274 2333
f 2238 2273 2236
f 2237 2238 2236
f 2359 2360 2374
f 2368 2361 2359
f 2361 2362 2359
f 2360 2359 2363
f 2361 2364 2362
f 2359 2362 2363
f 2365 2366 2364
f 2370 2368 2369
f 2361 2368 2370
f 2361 2371 2372
f 2373 2371 2361
f 2373 2361 2370
f 2369 2368 2374
f 2359 2374 2368
f 2361 2372 2364
f 2374 2360 2375
f 2364 2372 2376
f 2376 2365 2364
f 2363 2367 2360
f 2365 2377 2366
f 2360 2367 2378
f 2378 2367 2379
f 2364 2366 2362
f 2363 2362 2367
f 2366 2367 2362
f 2380 2379 2367
f 2367 2366 2380
f 2366 2381 2380
f 2370 2369 2382
f 2382 2404 2370
f 2370 2383 2373
f 2384 2371 2373
f 2383 2384 2373
f 2374 2375 2385
f 2369 2385 2386
f 2385 2369 2374
f 2372 2371 2387
f 2384 2387 2371
f 2372 2387 2376
f 2387 2388 2376
f 2360 2389 2375
f 2376 2377 2365
f 2378 2389 2360
f 2390 2377 2376
f 2366 2377 2381
f 2391 2378 2379
f 2393 2381 2377
f 2392 2381 2393
f 2392 2380 2381
f 2394 2391 2395
f 2379 2396 2391
f 2396 2379 2380
f 2396 2380 2397
f 2395 2391 2399
f 2396 2399 2391
f 2395 2399 2398
f 2396 2400 2399
f 2401 2399 2402
f 2404 2383 2370
f 2369 2386 2382
f 2385 2375 2405
f 2387 2384 2388
f 2406 2388 2384
f 2375 2389 2407
f 2390 2376 2388
f 2389 2378 2407
f 2377 2390 2393
f 2378 2408 2407
f 2394 2408 2378
f 2394 2378 2391
f 2409 2395 2410
f 2408 2394 2409
f 2409 2394 2395
f 2397 2380 2392
f 2410 2395 2398
f 2400 2396 2397
f 2399 2401 2398
f 2400 2412 2399
f 2398 2401 2413
f 2413 2401 2432
f 2399 2412 2403
f 2399 2403 2402
f 2414 2403 2415
f 2412 2415 2403
f 2402 2403 2414
f 2401 2402 2432
f 2416 2386 2385
f 2386 2417 2382
f 2382 2419 2404
f 2384 2383 2404
f 2404 2420 2384
f 2384 2420 2406
f 2421 2388 2406
f 2421 2390 2388
f 2423 2393 2390
f 2425 2410 2411
f 2400 2397 2392
f 2426 2400 2392
f 2426 2428 2400
f 2411 2410 2398
f 2411 2398 2429
f 2411 2429 2430
f 2400 2428 2427
f 2398 2413 2429
f 2413 2430 2429
f 2412 2400 2427
f 2412 2427 2431
f 2430 2413 2432
f 2430 2432 2434
f 2415 2412 2431
f 2415 2431 2433
f 2434 2432 2435
f 2402 2435 2432
f 2414 2435 2402
f 2414 2436 2435
f 2414 2415 2436
f 2437 2436 2415
f 2434 2435 2436
f 2416 2438 2386
f 2417 2386 2438
f 2417 2418 2382
f 2418 2417 2438
f 2420 2404 2419
f 2416 2385 2405
f 2418 2419 2382
f 2406 2420 2440
f 2406 2440 2421
f 2439 2440 2420
f 2405 2375 2407
f 2405 2407 2441
f 2421 2442 2390
f 2393 2423 2443
f 2422 2407 2444
f 2410 2425 2409
f 2444 2409 2425
f 2424 2426 2392
f 2446 2425 2411
f 2447 2428 2426
f 2446 2411 2430
f 2446 2430 2448
f 2449 2450 2427
f 2427 2450 2431
f 2430 2451 2448
f 2452 2450 2448
f 2450 2433 2431
f 2434 2451 2430
f 2451 2434 2453
f 2452 2433 2450
f 2453 2452 2451
f 2415 2433 2437
f 2452 2437 2433
f 2434 2436 2453
f 2453 2436 2437
f 2437 2452 2453
f 2438 2416 2405
f 2468 2418 2438
f 2468 2419 2418
f 2438 2455 2468
f 2454 2438 2405
f 2419 2439 2420
f 2442 2423 2390
f 2441 2407 2422
f 2441 2422 2456
f 2456 2422 2444
f 2393 2443 2424
f 2457 2424 2443
f 2444 2425 2445
f 2447 2426 2424
f 2457 2447 2424
f 2445 2425 2458
f 2458 2425 2446
f 2446 2459 2458
f 2446 2460 2459
f 2428 2447 2461
f 2446 2448 2462
f 2462 2460 2446
f 2460 2462 2463
f 2462 2465 2464
f 2462 2464 2463
f 2462 2448 2465
f 2450 2465 2448
f 2465 2449 2466
f 2427 2428 2449
f 2428 2461 2449
f 2461 2466 2449
f 2465 2450 2449
f 2448 2451 2452
f 2438 2467 2455
f 2438 2454 2467
f 2405 2469 2454
f 2439 2419 2468
f 2468 2440 2439
f 2440 2468 2499
f 2469 2405 2441
f 2421 2471 2442
f 2471 2423 2442
f 2456 2469 2441
f 2472 2469 2456
f 2423 2473 2443
f 2458 2459 2474
f 2475 2459 2460
f 2475 2474 2459
f 2463 2475 2460
f 2475 2476 2474
f 2475 2463 2477
f 2477 2478 2475
f 2464 2477 2463
f 2477 2464 2479
f 2479 2464 2465
f 2461 2480 2466
f 2478 2476 2475
f 2465 2466 2479
f 2479 2466 2482
f 2466 2480 2482
f 2478 2483 2476
f 2478 2477 2484
f 2477 2479 2484
f 2487 2467 2454
f 2486 2468 2455
f 2467 2486 2455
f 2499 2468 2486
f 2454 2469 2487
f 2499 2470 2440
f 2440 2470 2421
f 2470 2471 2421
f 2423 2489 2473
f 2444 2445 2456
f 2447 2457 2473
f 2490 2447 2473
f 2505 2458 2474
f 2445 2458 2505
f 2480 2461 2447
f 2505 2474 2476
f 2481 2505 2476
f 2481 2476 2483
f 2491 2482 2480
f 2479 2482 2485
f 2492 2483 2478
f 2485 2484 2479
f 2492 2478 2493
f 2484 2493 2478
f 2485 2494 2484
f 2485 2482 2491
f 2495 2492 2493
f 2495 2493 2484
f 2495 2484 2496
f 2496 2484 2494
f 2467 2497 2486
f 2487 2497 2467
f 2500 2498 2487
f 2469 2500 2487
f 2488 2471 2470
f 2469 2472 2500
f 2489 2423 2471
f 2520 2473 2489
f 2473 2520 2503
f 2445 2472 2456
f 2505 2504 2445
f 2505 2526 2504
f 2447 2506 2480
f 2506 2491 2480
f 2507 2505 2481
f 2507 2481 2483
f 2509 2505 2507
f 2485 2491 2510
f 2508 2510 2491
f 2483 2492 2507
f 2509 2507 2492
f 2509 2492 2511
f 2492 2495 2511
f 2495 2512 2511
f 2511 2512 2509
f 2514 2510 2515
f 2485 2510 2514
f 2512 2495 2496
f 2512 2496 2513
f 2496 2514 2513
f 2514 2496 2494
f 2513 2514 2515
f 2485 2514 2494
f 2487 2498 2497
f 2497 2498 2516
f 2497 2470 2499
f 2486 2497 2499
f 2497 2516 2517
f 2498 2500 2516
f 2488 2470 2497
f 2497 2517 2488
f 2516 2500 2518
f 2488 2489 2471
f 2517 2489 2488
f 2500 2472 2518
f 2517 2516 2519
f 2516 2518 2519
f 2517 2519 2489
f 2518 2520 2519
f 2518 2472 2501
f 2501 2502 2518
f 2518 2502 2520
f 2520 2489 2519
f 2520 2502 2503
f 2501 2521 2502
f 2473 2503 2522
f 2521 2501 2504
f 2503 2523 2522
f 2473 2522 2490
f 2521 2504 2524
f 2523 2490 2522
f 2490 2506 2447
f 2525 2506 2490
f 2504 2526 2524
f 2524 2526 2527
f 2521 2524 2527
f 2508 2506 2525
f 2528 2527 2526
f 2506 2508 2491
f 2528 2508 2527
f 2526 2505 2509
f 2526 2509 2529
f 2528 2526 2529
f 2515 2510 2528
f 2508 2528 2510
f 2529 2512 2513
f 2529 2513 2515
f 2512 2529 2509
f 2515 2528 2529
f 2521 2523 2502
f 2523 2503 2502
f 2523 2527 2525
f 2523 2521 2527
f 2525 2490 2523
f 2525 2527 2508
f 2393 2424 2392
f 2473 2457 2443
f 2472 2504 2501
f 2472 2445 2504
f 2409 2444 2407
f 2408 2409 2407
