# Z-Anatomy (CC BY-SA 4.0, BodyParts3D), head layer 'skull'
# millimeters, Blender frame: z up, -y front; recentered on the (full) skull's bbox center
o skull
v -8.008 -43.809 -18.644
v 8.011 -43.795 -18.735
v 7.290 -48.941 -13.189
v -5.884 -49.000 -14.704
v -6.109 -41.188 -13.605
v -9.097 -42.735 -13.301
v -5.094 -47.901 -10.002
v 9.650 -58.692 -19.640
v -5.128 -44.582 -9.954
v 5.921 -41.468 -14.998
v -7.609 -56.392 -16.794
v -10.488 -44.820 -12.793
v -6.082 -46.817 -6.741
v -7.118 -48.312 -17.598
v -5.124 -53.023 -17.261
v -7.720 -48.215 -13.459
v -7.749 -43.086 -15.674
v -17.208 -51.052 -21.196
v -4.483 -47.085 -15.330
v -6.641 -41.413 -16.520
v -6.585 -49.263 -17.371
v -4.513 -44.586 -15.619
v 7.303 -56.379 -16.881
v -9.413 -42.486 -11.747
v 10.629 -44.987 -12.782
v 6.323 -46.885 -6.656
v -9.923 -48.092 -12.503
v 6.718 -48.234 -18.222
v 8.322 -45.901 -18.960
v -8.396 -56.470 -8.861
v 8.441 -42.820 -14.166
v -7.365 -41.672 -11.579
v -12.400 -62.529 -17.745
v 12.646 -62.101 -17.493
v 8.035 -44.173 -16.460
v 6.303 -43.332 -18.223
v 4.787 -46.728 -16.507
v -6.690 -48.797 -7.476
v 7.225 -48.872 -17.516
v -9.964 -48.150 -8.808
v 6.762 -41.575 -16.812
v 9.487 -49.896 -16.648
v -6.845 -44.738 -7.593
v -11.380 -42.929 -13.899
v -8.442 -46.209 -17.450
v 9.946 -48.110 -12.631
v -10.322 -48.949 -18.052
v 9.821 -42.902 -12.891
v -12.812 -47.689 -13.829
v -15.009 -51.405 -23.502
v 8.412 -49.024 -11.189
v -7.415 -54.237 -19.463
v -13.270 -48.822 -17.176
v 4.547 -47.138 -12.741
v -13.293 -45.708 -14.497
v 8.394 -56.441 -8.952
v 5.696 -48.844 -14.292
v -9.438 -44.379 -13.616
v 6.542 -41.442 -12.168
v -9.365 -55.359 -17.373
v 4.336 -44.728 -13.852
v -12.674 -42.484 -16.534
v -10.675 -41.658 -16.237
v 9.237 -42.311 -11.411
v -10.895 -42.883 -17.575
v -13.944 -48.446 -15.944
v 5.966 -51.532 -9.352
v -8.347 -49.177 -16.420
v -9.527 -48.994 -14.001
v -9.603 -51.234 -17.965
v 8.024 -64.285 -14.667
v -10.777 -49.593 -17.083
v 9.981 -47.008 -8.349
v -13.055 -49.324 -15.431
v -8.097 -50.085 -19.560
v 6.446 -48.892 -7.770
v -10.558 -44.848 -8.844
v 5.987 -45.327 -7.705
v 7.975 -44.360 -8.100
v -8.621 -49.049 -17.516
v 8.647 -45.202 -14.309
v -10.470 -47.138 -9.369
v 8.689 -45.651 -17.320
v -11.027 -45.772 -7.443
v -11.273 -42.553 -11.140
v -10.433 -56.927 -15.855
v -11.220 -48.201 -13.048
v -12.817 -45.613 -13.060
v 11.197 -41.513 -16.702
v -12.768 -43.024 -11.528
v 7.479 -51.676 -6.766
v 13.953 -48.044 -15.005
v -13.441 -47.551 -9.470
v -9.310 -63.398 -8.248
v 7.296 -53.670 -19.688
v -12.988 -44.286 -9.014
v -12.027 -48.640 -8.200
v -11.338 -43.428 -12.534
v 13.269 -48.959 -17.329
v -11.442 -43.939 -8.531
v -11.041 -48.706 -9.071
v 8.927 -54.952 -18.559
v -13.746 -45.792 -11.371
v 11.565 -43.069 -13.705
v -11.768 -47.315 -7.199
v -8.173 -46.286 -18.503
v 12.965 -42.768 -16.589
v 9.434 -55.636 -16.828
v 9.875 -42.541 -15.381
v -6.738 -49.783 -11.846
v 10.817 -44.410 -17.823
v 9.139 -50.889 -19.464
v 10.114 -48.854 -18.008
v 8.373 -48.659 -17.228
v -9.510 -54.511 -8.872
v 8.941 -48.465 -13.711
v -6.425 -58.634 -8.789
v -8.325 -49.115 -10.296
v 12.378 -47.528 -13.683
v -6.006 -51.434 -9.117
v 13.067 -49.131 -15.001
v -8.440 -47.501 -7.056
v -18.582 -49.164 -23.073
v 8.978 -49.448 -16.215
v 11.918 -49.578 -16.926
v 5.624 -54.693 -16.946
v -9.090 -50.371 -7.919
v -8.761 -54.930 -6.821
v 7.250 -49.850 -19.203
v 10.529 -47.320 -9.075
v -9.625 -56.944 -12.289
v -7.480 -55.125 -6.465
v -9.152 -43.603 -9.582
v 5.319 -51.812 -17.409
v -7.868 -49.652 -8.288
v -10.962 -52.901 -19.766
v 10.686 -44.696 -8.876
v -13.373 -55.785 -16.658
v -11.387 -61.075 -9.715
v 9.614 -54.648 -8.860
v 11.206 -47.134 -7.249
v 11.327 -44.769 -7.838
v -11.119 -56.823 -16.509
v -18.642 -45.689 -19.936
v 11.326 -42.603 -11.044
v -9.693 -52.500 -17.959
v 11.273 -44.645 -12.859
v -9.711 -60.118 -5.617
v 12.920 -44.736 -12.919
v -13.529 -50.793 -17.327
v 13.877 -45.173 -10.091
v -8.429 -64.045 -17.769
v 12.584 -47.692 -7.611
v 11.307 -48.220 -12.984
v 9.105 -64.084 -11.056
v -11.777 -52.846 -6.582
v 11.380 -48.769 -8.879
v -11.603 -55.390 -18.856
v -11.265 -61.151 -19.637
v -6.099 -43.194 -18.064
v 12.482 -42.807 -12.021
v 12.573 -43.638 -9.168
v -6.372 -47.410 -18.727
v -13.963 -54.163 -17.859
v -13.276 -52.579 -19.333
v -8.447 -48.083 -14.137
v -9.955 -56.126 -17.204
v -10.499 -50.604 -18.653
v 8.409 -49.449 -12.770
v -8.284 -45.459 -15.136
v -12.326 -60.030 -14.902
v -10.979 -57.662 -17.634
v -13.611 -54.962 -12.186
v -14.300 -52.452 -14.277
v 6.185 -55.756 -9.795
v -9.654 -53.375 -13.297
v -10.524 -56.767 -12.136
v -10.311 -49.980 -14.865
v 7.577 -49.698 -8.845
v -7.541 -60.751 -19.598
v 9.162 -50.120 -7.983
v -11.954 -49.393 -15.703
v 8.964 -55.325 -7.032
v -5.476 -61.904 -16.341
v -11.112 -57.336 -9.302
v -10.210 -49.148 -9.454
v 6.797 -55.364 -7.477
v -11.605 -56.956 -7.959
v -17.108 -46.064 -21.540
v -9.571 -55.775 -7.833
v -6.884 -56.954 -17.391
v -9.612 -52.725 -7.302
v -12.139 -48.941 -9.487
v 11.556 -53.524 -19.827
v 11.187 -59.722 -8.619
v 13.325 -55.633 -17.187
v -6.781 -50.926 -19.422
v 10.053 -56.278 -16.472
v -12.625 -48.437 -10.976
v 9.703 -48.170 -7.856
v -10.923 -58.317 -13.876
v -9.199 -63.827 -12.785
v 8.179 -63.749 -17.912
v 9.835 -56.432 -8.579
v -6.025 -55.484 -9.151
v -10.413 -63.786 -14.426
v 11.704 -48.805 -10.076
v 11.450 -51.297 -6.983
v 11.345 -61.852 -19.356
v 13.542 -53.338 -19.152
v 11.001 -63.528 -18.064
v 11.015 -56.604 -17.696
v -5.856 -58.913 -12.246
v -6.457 -56.006 -16.829
v 14.089 -51.608 -17.728
v -9.141 -52.562 -19.364
v 9.789 -53.560 -18.291
v -5.260 -60.052 -14.650
v -5.362 -51.557 -15.284
v 11.021 -49.838 -17.875
v 12.492 -60.450 -15.045
v -7.757 -56.662 -14.636
v 14.504 -53.745 -13.999
v 12.251 -56.907 -10.719
v 11.591 -58.389 -18.053
v -6.824 -63.305 -9.428
v 5.811 -60.825 -17.766
v 10.097 -56.035 -13.568
v 10.471 -49.474 -11.807
v -7.201 -52.143 -6.738
v 10.030 -51.087 -17.136
v 13.549 -50.291 -14.524
v 12.192 -49.491 -15.647
v -8.545 -62.041 -6.189
v 5.707 -62.611 -15.747
v 6.982 -57.877 -18.378
v -17.263 -43.777 -20.908
v 11.624 -57.066 -7.981
v -7.326 -59.085 -6.965
v 11.749 -54.319 -6.595
v 10.206 -55.417 -6.707
v 6.053 -57.600 -16.256
v 10.047 -50.038 -8.770
v -8.400 -57.039 -7.764
v 12.431 -49.574 -8.787
v 8.067 -56.477 -16.487
v -11.129 -58.603 -12.362
v -9.194 -57.380 -13.633
v -13.924 -39.148 -12.885
v -7.518 -57.046 -12.236
v -6.195 -57.968 -14.341
v 11.466 -62.108 -12.388
v 12.869 -48.673 -9.937
v 8.499 -63.741 -12.851
v 13.028 -46.814 -12.774
v -10.753 -62.939 -12.221
v 10.556 -63.551 -14.130
v -16.352 -53.380 -20.097
v 6.047 -61.169 -13.150
v -12.055 -50.707 -19.256
v -6.529 -61.614 -13.216
v -8.869 -57.693 -13.213
v 6.323 -58.680 -12.799
v 6.387 -58.424 -13.769
v 10.467 -57.367 -12.283
v 8.015 -56.760 -14.191
v -6.599 -60.027 -13.411
v -10.434 -55.481 -6.597
v 6.937 -63.361 -9.541
v 6.091 -60.545 -8.840
v 7.851 -54.368 -6.332
v -14.945 -53.197 -23.498
v -10.236 -62.182 -13.467
v 6.950 -57.464 -9.667
v 10.140 -62.472 -7.518
v 9.742 -60.234 -5.567
v 8.051 -62.562 -6.814
v -8.837 -58.369 -19.329
v 8.489 -58.594 -5.935
v -11.303 -60.953 -13.087
v 9.376 -56.965 -8.287
v -7.010 -63.908 -14.711
v 11.387 -58.909 -12.356
v 10.788 -57.253 -14.748
v -5.929 -62.458 -12.148
v 8.258 -57.153 -13.054
v 5.682 -61.600 -14.062
v -14.688 -47.092 -21.028
v -13.110 -43.106 -19.809
v -16.509 -44.289 -22.125
v 10.867 -61.195 -13.235
v 10.603 -61.403 -13.482
v -15.197 -43.369 -20.935
v -10.271 -58.077 -8.054
v 10.455 -58.339 -13.501
v 9.578 -52.980 -7.324
v -15.773 -40.173 -17.567
v 7.325 -62.535 -13.477
v -13.963 -38.368 -17.601
v -14.200 -37.716 -15.930
v 8.035 -60.365 -19.801
v 11.303 -50.815 -19.435
v -7.572 -63.896 -12.259
v -13.527 -37.988 -14.985
v -13.108 -37.566 -16.968
v -6.333 -62.908 -13.918
v -5.963 -58.788 -17.889
v -14.512 -63.712 -23.344
v -11.935 -64.496 -21.403
v -13.535 -63.972 -18.536
v -9.323 -64.773 -18.552
v -12.802 -61.829 -24.511
v -10.582 -63.762 -11.166
v -13.631 -56.250 -22.343
v 6.027 -62.517 -12.287
v -12.665 -51.475 -19.948
v -13.297 -47.077 -19.078
v -11.966 -54.546 -19.902
v -11.724 -49.517 -18.841
v -12.063 -43.811 -20.227
v -10.620 -44.806 -18.309
v -10.910 -50.187 -4.017
v -12.761 -42.494 -6.030
v -13.499 -42.006 -22.010
v -12.815 -38.182 -18.848
v -13.823 -41.409 -10.633
v -12.627 -37.780 -18.136
v -10.286 -37.946 -18.875
v -10.059 -66.416 -5.384
v -10.560 -63.917 -2.849
v -10.578 -58.365 -3.394
v -9.639 -64.631 -3.602
v -10.876 -57.942 -22.299
v -9.780 -60.422 -20.719
v -9.582 -63.379 -2.597
v -9.752 -59.876 -2.952
v -9.662 -55.652 -22.202
v -5.941 -54.448 -5.049
v -10.492 -50.310 -21.131
v -10.328 -47.907 -19.214
v -8.693 -47.509 -4.576
v -9.251 -46.804 -3.669
v -9.977 -42.590 -21.241
v -10.621 -41.740 -25.252
v -9.512 -37.874 -22.960
v -8.246 -39.701 -25.130
v -9.606 -42.774 -25.737
v -9.944 -43.412 -24.309
v -6.562 -72.591 -17.437
v -8.090 -68.100 -19.630
v -8.527 -66.108 -20.284
v -4.483 -66.932 -16.310
v -8.579 -66.002 -7.296
v -8.158 -65.331 -18.911
v -5.512 -59.955 -21.097
v -7.557 -55.435 -23.106
v -7.479 -64.712 -6.381
v -8.128 -64.639 -0.602
v -6.296 -66.851 -1.565
v -7.006 -61.497 -7.114
v -8.516 -57.603 -4.339
v -6.073 -61.970 -6.963
v -7.685 -51.796 -6.187
v -9.408 -46.255 -23.321
v -5.592 -49.206 -23.072
v -7.734 -44.332 -21.241
v -5.369 -47.446 -6.901
v -5.909 -43.945 -28.125
v -9.022 -38.415 -29.086
v -7.567 -40.481 -16.010
v -5.607 -40.030 -26.358
v -9.452 -36.740 -21.433
v -6.305 -73.253 -13.382
v -3.341 -77.522 -16.364
v -4.910 -72.663 -18.117
v -6.433 -71.563 -10.057
v -3.279 -72.265 -11.614
v -3.173 -70.699 -8.106
v -6.113 -67.450 -23.371
v -3.735 -71.419 -19.444
v -4.708 -69.281 -18.863
v -5.546 -69.494 -17.631
v -3.830 -68.771 -11.745
v -6.355 -70.414 -6.799
v -5.186 -70.387 -8.444
v -4.143 -68.911 -6.670
v -5.630 -69.218 -5.136
v -5.092 -69.374 -5.690
v -4.768 -66.425 -24.666
v -6.740 -67.364 -7.944
v -7.447 -69.135 -6.685
v -5.204 -67.727 -4.286
v -3.765 -66.606 -4.239
v -4.659 -60.623 -21.982
v -3.278 -63.958 -5.062
v -4.877 -61.780 -3.834
v -5.590 -46.949 -30.353
v -5.507 -58.135 -4.519
v -6.202 -44.175 -29.866
v -3.468 -53.221 -23.060
v -5.560 -51.472 -5.710
v -5.161 -44.139 -7.157
v -5.624 -39.957 -31.428
v -3.892 -40.375 -7.773
v -3.176 -46.247 -26.100
v -5.230 -39.028 -19.669
v -5.264 -32.852 -31.088
v -5.370 -39.056 -16.582
v -3.205 -74.979 -14.212
v -3.169 -70.857 -8.797
v -3.117 -69.617 -6.029
v 17.312 -51.052 -21.196
v -2.037 -68.943 -5.111
v -2.576 -70.038 -0.634
v -2.300 -66.628 -3.452
v -2.191 -60.159 -6.797
v -2.448 -56.159 -8.020
v -0.055 -52.697 -6.487
v -1.977 -53.695 -8.539
v -1.470 -45.307 -7.037
v -3.559 -42.963 -19.080
v -3.284 -39.578 -20.602
v -3.206 -42.915 -19.439
v -3.171 -40.561 -17.454
v -3.249 -40.555 -14.188
v -3.648 -38.935 -13.831
v -3.087 -40.541 -8.295
v 0.052 -77.658 -18.303
v -0.005 -73.690 -8.685
v 0.052 -69.720 -5.017
v 15.113 -51.405 -23.502
v 0.052 -69.940 -2.485
v 18.686 -49.164 -23.073
v 18.746 -45.689 -19.936
v 17.212 -46.064 -21.540
v 17.367 -43.777 -20.908
v 14.028 -39.148 -12.885
v 16.456 -53.380 -20.097
v -1.842 -70.110 0.781
v -1.442 -67.267 0.040
v -0.287 -68.295 1.396
v 15.049 -53.197 -23.498
v 0.205 -62.307 4.741
v -0.120 -59.326 2.896
v 14.792 -47.092 -21.028
v 13.214 -43.106 -19.809
v 0.052 -55.256 -2.434
v 0.141 -45.541 -6.409
v 16.613 -44.289 -22.125
v 15.301 -43.369 -20.935
v 15.704 -39.969 -17.365
v 14.230 -37.850 -16.893
v 14.616 -63.712 -23.344
v 12.039 -64.496 -21.403
v 13.639 -63.972 -18.536
v 9.427 -64.773 -18.552
v 12.907 -61.829 -24.511
v 10.686 -63.762 -11.166
v 13.735 -56.250 -22.343
v 12.769 -51.475 -19.948
v 13.401 -47.077 -19.078
v 12.070 -54.546 -19.902
v 11.806 -49.051 -18.730
v 12.167 -43.811 -20.227
v 10.724 -44.806 -18.309
v 11.014 -50.187 -4.017
v 12.865 -42.494 -6.030
v 13.603 -42.006 -22.010
v 13.927 -41.409 -10.633
v 13.582 -37.972 -15.109
v 10.163 -66.416 -5.384
v 10.664 -63.917 -2.849
v 10.682 -58.365 -3.394
v 9.743 -64.631 -3.602
v 10.980 -57.942 -22.299
v 9.884 -60.422 -20.719
v 9.686 -63.379 -2.597
v 9.837 -59.790 -2.963
v 9.766 -55.652 -22.202
v 6.045 -54.448 -5.049
v 10.596 -50.310 -21.131
v 8.797 -47.509 -4.576
v 10.139 -47.750 -19.538
v 9.355 -46.804 -3.669
v 10.081 -42.590 -21.241
v 10.725 -41.740 -25.252
v 9.616 -37.874 -22.960
v 8.350 -39.701 -25.130
v 9.710 -42.774 -25.737
v 10.048 -43.411 -24.309
v 9.694 -38.518 -18.559
v 6.666 -72.591 -17.437
v 8.194 -68.100 -19.630
v 8.631 -66.108 -20.284
v 4.587 -66.932 -16.310
v 8.683 -66.002 -7.296
v 8.262 -65.331 -18.911
v 5.616 -59.955 -21.097
v 7.661 -55.436 -23.106
v 7.583 -64.712 -6.381
v 8.232 -64.639 -0.602
v 6.400 -66.851 -1.565
v 8.919 -60.152 -5.656
v 6.391 -61.815 -7.194
v 7.850 -59.716 -6.915
v 8.596 -57.592 -4.377
v 7.168 -59.133 -6.965
v 7.789 -51.796 -6.187
v 9.512 -46.255 -23.321
v 5.696 -49.206 -23.072
v 7.838 -44.332 -21.241
v 5.473 -47.446 -6.901
v 6.013 -43.945 -28.125
v 9.126 -38.415 -29.086
v 7.671 -40.481 -16.010
v 5.711 -40.030 -26.358
v 9.556 -36.740 -21.433
v 6.409 -73.253 -13.382
v 3.460 -77.514 -16.364
v 5.014 -72.663 -18.117
v 6.537 -71.563 -10.057
v 3.383 -72.265 -11.614
v 3.277 -70.699 -8.106
v 6.217 -67.450 -23.372
v 3.839 -71.419 -19.444
v 4.812 -69.281 -18.863
v 5.650 -69.494 -17.631
v 3.934 -68.771 -11.745
v 6.459 -70.414 -6.799
v 5.290 -70.387 -8.444
v 4.247 -68.911 -6.670
v 5.734 -69.218 -5.136
v 5.196 -69.374 -5.690
v 4.872 -66.426 -24.666
v 6.844 -67.364 -7.944
v 7.551 -69.135 -6.685
v 5.308 -67.727 -4.286
v 3.869 -66.606 -4.239
v 4.763 -60.623 -21.982
v 4.951 -63.260 -5.402
v 4.981 -61.780 -3.834
v 5.691 -46.948 -30.359
v 5.611 -58.135 -4.519
v 6.306 -44.175 -29.866
v 3.572 -53.221 -23.060
v 5.664 -51.472 -5.710
v 5.265 -44.139 -7.157
v 5.728 -39.957 -31.428
v 3.996 -40.375 -7.773
v 3.286 -46.227 -26.103
v 5.334 -39.028 -19.669
v 4.646 -41.904 -18.988
v 5.368 -32.852 -31.088
v 5.474 -39.056 -16.582
v 3.310 -74.975 -14.207
v 3.275 -70.861 -8.806
v 3.221 -69.616 -6.029
v 2.141 -68.943 -5.111
v 2.385 -70.437 0.316
v 2.404 -66.628 -3.452
v 2.420 -63.486 -5.283
v 2.552 -56.159 -8.020
v 0.458 -55.205 -5.918
v 2.081 -53.695 -8.539
v 3.323 -43.226 -19.286
v 3.388 -39.578 -20.602
v 3.275 -40.561 -17.454
v 3.353 -40.555 -14.188
v 3.752 -38.935 -13.831
v 3.230 -40.496 -8.391
v 1.257 -68.121 1.223
v -0.095 -56.928 -0.172
v 0.052 -56.457 -0.666
v 0.052 -41.154 -7.167
v 0.052 -41.015 -8.742
v 0.199 -56.928 -0.172
v -0.865 -36.024 -8.741
v 0.052 -75.764 -13.977
v -1.107 -35.908 -13.818
v -1.028 -41.106 -8.741
v -1.719 -70.333 -8.741
v -1.377 -71.295 -8.741
v -1.161 -75.902 -8.741
v -0.335 -36.919 -19.424
v -0.084 -38.223 -33.933
v -1.161 -42.579 -8.742
v -1.161 -69.234 -8.741
v 1.265 -35.902 -8.741
v -1.120 -38.358 -28.015
v -1.125 -67.297 -24.665
v -3.158 -48.797 -29.369
v -3.156 -61.715 -26.453
v 0.052 -75.902 -8.741
v -3.191 -72.018 -18.745
v -0.323 -62.477 -34.475
v 0.052 -69.178 -25.564
v 1.265 -35.902 -13.741
v 1.132 -41.106 -8.741
v 1.823 -70.333 -8.741
v 1.481 -71.295 -8.741
v 0.970 -72.766 -8.741
v 1.265 -75.902 -8.741
v 1.216 -38.305 -23.323
v 1.265 -42.568 -8.741
v 1.265 -69.234 -8.741
v 0.552 -43.516 -33.535
v 0.065 -58.092 -34.850
v 0.052 -36.853 -25.434
v 0.634 -60.102 -34.085
v 1.266 -43.259 -29.120
v 1.229 -67.297 -24.665
v 1.265 -42.568 -13.741
v 3.261 -48.802 -29.368
v 3.258 -61.715 -26.452
v -3.141 -44.178 -22.278
v -1.161 -71.915 -8.741
v -1.801 -40.612 -8.741
v 3.240 -44.183 -22.279
v 1.265 -71.915 -8.741
v 1.905 -40.612 -8.741
v 1.265 -37.516 -8.741
v 3.284 -72.035 -18.726
v 1.699 -70.680 -8.741
v 8.634 -41.554 -9.133
v 7.858 -41.939 -6.302
v -1.595 -70.680 -8.741
v -8.530 -41.554 -9.133
v -7.754 -41.939 -6.302
v 7.594 -59.255 -6.847
v 7.524 -59.321 -6.924
v 8.850 -59.955 -5.684
v 8.915 -60.114 -5.648
v 8.450 -59.176 -5.973
v 8.357 -59.121 -6.084
v 7.252 -60.488 -7.036
v 7.438 -61.020 -6.871
v 8.920 -60.147 -5.653
v 8.920 -60.153 -5.654
v 8.918 -60.158 -5.654
v 8.009 -61.138 -6.241
v 7.643 -61.132 -6.621
v 7.239 -60.237 -7.017
v 8.916 -60.116 -5.648
v 8.462 -60.899 -5.788
v 8.091 -61.107 -6.150
v 7.666 -59.217 -6.757
v 7.850 -59.173 -6.564
v 8.259 -59.117 -6.166
v -8.817 -60.139 -5.649
v -8.814 -60.157 -5.654
v -8.481 -59.411 -5.865
v -8.362 -59.208 -5.960
v -8.346 -59.176 -5.973
v -8.406 -60.818 -5.777
v -8.358 -60.898 -5.788
v -61.169 -36.955 41.898
v -60.386 -35.424 38.187
v -56.510 -40.795 25.704
v -60.536 -37.490 36.607
v -57.817 -38.373 28.666
v -59.374 -35.400 30.067
v -58.449 -35.637 28.944
v -59.268 -37.712 31.762
v -59.854 -35.130 50.466
v -60.564 -35.670 46.582
v -48.506 -64.793 44.157
v -56.992 -34.739 29.550
v -58.061 -34.358 30.975
v -59.740 -36.864 32.933
v -57.914 -35.807 35.818
v -56.897 -34.159 35.761
v -59.864 -35.445 41.430
v -59.779 -34.882 40.591
v -58.179 -32.865 37.922
v -60.048 -32.880 43.106
v -60.376 -34.486 48.444
v -57.573 -31.854 48.588
v -59.574 -33.084 52.827
v -48.970 -51.864 59.822
v -57.660 -32.409 57.111
v -58.440 -31.768 42.488
v -58.117 -32.523 45.486
v -55.069 -35.329 47.179
v -58.093 -31.008 50.804
v -57.934 -30.109 53.000
v -55.791 -53.870 26.171
v -51.539 -61.109 17.928
v -54.642 -45.047 39.086
v -49.940 -51.557 47.810
v -56.215 -40.357 25.013
v -57.245 -33.816 39.870
v -50.828 -38.593 30.572
v -51.547 -38.746 53.889
v -55.832 -38.296 23.485
v -55.232 -39.901 22.998
v -51.747 -40.427 18.574
v -53.678 -37.919 23.298
v -54.694 -37.406 21.344
v -50.787 -37.998 26.185
v -53.696 -38.729 31.082
v -55.970 -34.676 31.074
v -51.903 -37.636 29.752
v -55.737 -34.813 32.531
v -56.651 -30.588 52.428
v -56.433 -30.598 54.944
v -56.100 -28.621 56.488
v -55.278 -31.926 61.061
v -53.276 -29.550 59.071
v -52.480 -30.101 61.140
v -53.779 -32.902 62.949
v -52.587 -31.849 61.883
v -51.387 -61.161 6.349
v -50.094 -62.307 6.919
v -49.394 -66.918 7.342
v -50.721 -63.328 13.238
v -50.028 -59.183 5.657
v -47.456 -52.338 13.595
v -52.065 -51.798 29.680
v -50.747 -51.945 23.902
v -52.598 -46.035 36.713
v -48.298 -43.706 18.613
v -49.136 -48.339 20.938
v -50.736 -40.094 19.318
v -51.455 -37.215 24.164
v -51.065 -37.763 22.709
v -47.457 -39.025 20.272
v -51.332 -29.209 61.044
v -51.329 -28.535 61.972
v -52.472 -31.755 66.294
v -52.646 -29.017 62.195
v -49.039 -30.906 72.050
v -51.284 -29.449 68.968
v -49.999 -28.015 68.250
v -46.931 -71.087 10.358
v -47.063 -67.935 4.163
v -46.167 -63.514 4.708
v -48.008 -63.030 7.311
v -47.600 -60.040 8.288
v -49.401 -61.158 13.076
v -46.629 -62.706 27.319
v -47.798 -60.505 41.527
v -48.640 -59.508 5.645
v -46.653 -60.203 4.844
v -44.396 -54.017 6.353
v -47.247 -58.786 20.898
v -43.421 -51.063 7.665
v -47.088 -53.306 18.730
v -43.824 -49.680 14.120
v -46.769 -41.007 21.695
v -44.319 -47.678 69.028
v -44.981 -45.685 10.838
v -44.826 -36.555 66.995
v -47.026 -40.188 18.023
v -47.185 -29.806 74.937
v -49.074 -29.085 65.802
v -43.174 -31.042 72.448
v -46.271 -29.265 72.498
v -47.469 -26.933 75.203
v -45.638 -25.540 73.989
v -41.276 -75.400 10.415
v -42.712 -72.521 8.108
v -40.710 -75.134 43.023
v -44.310 -61.396 8.434
v -42.348 -66.702 12.509
v -46.449 -61.467 7.798
v -43.557 -63.741 23.525
v -43.924 -60.408 18.598
v -37.312 -72.705 53.569
v -36.325 -63.584 64.977
v -45.120 -59.129 3.047
v -45.199 -57.083 3.002
v -43.528 -55.058 7.666
v -39.121 -54.955 15.311
v -35.008 -64.834 59.840
v -42.478 -40.646 16.489
v -44.618 -38.912 17.299
v -46.029 -30.392 76.091
v -45.207 -28.755 74.961
v -43.835 -26.913 74.710
v -45.331 -26.964 77.490
v -43.934 -28.125 78.697
v -42.973 -26.129 76.378
v -36.155 -80.102 23.774
v -37.369 -76.075 10.938
v -38.115 -71.043 14.041
v -40.993 -69.449 28.215
v -37.490 -73.565 39.452
v -37.629 -56.142 11.852
v -38.015 -60.802 18.803
v -42.993 -57.262 2.383
v -40.899 -54.036 -0.339
v -39.204 -54.743 -0.774
v -41.893 -56.493 7.931
v -40.668 -50.813 8.647
v -37.879 -51.229 2.160
v -43.025 -49.556 7.159
v -41.213 -44.888 12.990
v -37.645 -48.083 11.366
v -38.994 -42.575 15.458
v -39.228 -42.211 12.688
v -28.958 -48.044 75.971
v -34.203 -46.858 79.469
v -29.948 -33.389 81.790
v -41.561 -26.362 77.757
v -35.342 -29.834 80.445
v -42.876 -25.799 79.510
v -33.896 -81.203 42.930
v -37.921 -72.321 23.686
v -27.817 -80.484 34.409
v -30.307 -78.261 48.296
v -40.069 -64.133 22.353
v -32.655 -68.871 15.784
v -36.422 -55.103 16.492
v -36.366 -52.038 0.648
v -34.560 -45.521 11.205
v -36.576 -40.083 13.014
v -37.629 -28.924 83.859
v -40.558 -29.797 81.394
v -38.328 -27.228 79.955
v -39.745 -26.750 82.133
v -38.513 -26.175 81.792
v -35.628 -28.841 84.885
v -23.123 -86.394 23.242
v -28.746 -80.065 12.789
v -29.717 -75.707 57.055
v -35.230 -70.924 20.397
v -31.347 -75.999 23.593
v -32.698 -71.234 20.686
v -34.010 -61.275 17.499
v -24.815 -61.133 14.088
v -24.282 -60.350 76.750
v -31.723 -48.184 4.709
v -30.429 -50.619 8.863
v -33.610 -45.213 15.158
v -34.928 -49.653 1.230
v -30.077 -46.323 8.779
v -31.612 -42.132 8.887
v -32.233 -38.843 11.610
v -34.674 -28.447 86.581
v -33.999 -27.401 86.432
v -31.628 -27.282 84.698
v -32.182 -28.224 88.169
v -24.852 -86.227 39.716
v -29.050 -81.345 15.013
v -22.677 -84.429 47.172
v -24.704 -67.812 17.995
v -27.331 -58.360 17.853
v -22.795 -45.951 87.368
v -20.257 -48.730 9.235
v -27.579 -45.517 6.523
v -21.987 -52.352 77.934
v -30.023 -40.069 10.206
v -30.331 -38.242 10.541
v -31.655 -28.229 83.846
v -31.024 -25.399 89.481
v -30.982 -25.011 87.287
v -28.426 -24.225 86.887
v -28.509 -24.867 88.616
v -23.916 -83.016 14.392
v -27.348 -79.785 13.802
v -22.135 -78.617 21.607
v -21.593 -70.914 13.675
v -24.446 -75.763 19.911
v -9.380 -72.675 65.752
v -25.375 -49.407 13.472
v -27.047 -40.548 9.750
v -17.601 -46.455 11.178
v -28.115 -42.411 7.383
v -23.019 -41.668 5.655
v -28.522 -25.732 90.575
v -26.571 -22.925 88.824
v -27.505 -23.388 91.439
v -11.257 -88.234 17.726
v -16.005 -85.068 35.948
v -24.238 -80.891 11.967
v -11.609 -71.467 70.580
v 61.273 -36.955 41.898
v -24.017 -39.899 7.534
v -9.832 -42.136 88.066
v -25.569 -24.789 92.660
v -23.747 -22.668 90.353
v -18.072 -22.729 96.750
v -22.063 -20.023 95.220
v -21.188 -22.083 95.511
v -21.836 -19.798 93.450
v -16.517 -80.014 10.280
v -18.416 -63.397 12.259
v -18.537 -73.401 17.892
v -11.834 -60.223 81.790
v -14.848 -42.837 5.100
v -20.866 -39.271 8.573
v -20.681 -21.658 92.795
v 0.052 -88.490 39.197
v -15.405 -81.303 9.194
v -17.233 -80.705 19.404
v -8.487 -83.307 45.905
v -2.500 -77.688 63.156
v -18.529 -58.890 17.265
v -15.427 -50.359 12.015
v -11.019 -46.229 90.918
v -15.570 -39.890 7.944
v -19.041 -19.282 95.411
v -17.930 -21.478 93.593
v -18.910 -20.772 96.373
v -15.888 -20.513 97.090
v -15.677 -20.445 94.830
v -14.637 -22.522 93.520
v -10.188 -81.612 6.788
v -10.842 -84.257 44.478
v -11.744 -75.895 3.437
v -6.533 -78.690 14.871
v -13.534 -68.162 6.380
v -8.845 -73.777 11.160
v -12.453 -66.183 -5.971
v -12.447 -73.050 -2.864
v -12.335 -63.711 -2.771
v -11.438 -54.894 2.372
v -10.654 -56.260 78.986
v -4.985 -43.145 3.955
v -12.338 -42.659 2.142
v -10.272 -43.430 1.705
v -13.404 -23.027 94.120
v -15.054 -23.657 97.117
v -9.821 -23.989 94.075
v -12.052 -22.222 95.345
v -7.221 -84.650 30.069
v -9.842 -77.057 0.715
v -5.627 -81.596 -0.187
v -6.567 -74.604 2.026
v -9.462 -74.003 -1.900
v -11.395 -74.062 -0.969
v -10.733 -72.339 -3.392
v -10.123 -72.530 -2.171
v -9.371 -73.733 -3.304
v -6.983 -72.715 -2.398
v -11.653 -69.291 -5.962
v -10.297 -70.677 1.747
v -10.197 -68.038 0.370
v -8.948 -69.582 2.788
v -11.179 -64.279 -2.332
v -10.611 -60.312 -3.411
v -9.745 -60.152 1.470
v -9.000 -61.882 2.547
v -10.307 -58.722 -4.844
v -7.382 -56.966 -5.033
v -11.630 -58.225 -3.120
v -11.140 -55.370 -2.990
v -7.080 -58.141 8.430
v -9.323 -52.102 -6.214
v -11.774 -48.355 -3.545
v 60.490 -35.425 38.187
v -9.882 -47.349 -4.888
v -11.590 -43.102 -5.212
v -10.828 -41.632 -1.914
v -9.088 -42.043 -4.328
v 56.614 -40.795 25.704
v 60.640 -37.490 36.607
v 57.921 -38.374 28.666
v 59.478 -35.400 30.067
v -9.357 -43.210 -2.477
v 58.553 -35.637 28.944
v 59.372 -37.712 31.762
v 59.958 -35.130 50.466
v 60.668 -35.670 46.582
v 48.610 -64.793 44.157
v -7.912 -43.033 2.233
v -8.355 -41.448 4.803
v 57.096 -34.739 29.550
v -11.179 -23.735 97.502
v -5.038 -21.672 94.673
v 58.165 -34.358 30.975
v 59.844 -36.864 32.933
v -7.939 -22.622 94.406
v 58.018 -35.807 35.818
v -3.274 -81.301 25.117
v -1.848 -80.005 41.349
v -3.625 -77.368 52.685
v -5.090 -75.561 -3.417
v -6.925 -75.624 -4.378
v 57.001 -34.159 35.761
v 59.968 -35.446 41.430
v 59.883 -34.882 40.591
v -4.436 -76.266 -1.416
v 58.283 -32.865 37.922
v -5.029 -74.680 0.559
v -5.627 -73.482 10.486
v -7.802 -70.470 2.127
v 60.152 -32.880 43.106
v -5.484 -69.677 -0.509
v 60.480 -34.486 48.443
v 57.677 -31.854 48.588
v -7.847 -68.313 1.432
v 59.678 -33.084 52.828
v 49.074 -51.864 59.822
v 57.764 -32.409 57.111
v -6.861 -67.747 9.970
v 58.544 -31.768 42.488
v 58.221 -32.523 45.487
v 55.173 -35.329 47.179
v 58.197 -31.008 50.804
v 58.038 -30.109 53.000
v 55.895 -53.870 26.171
v 51.643 -61.109 17.927
v 54.746 -45.047 39.086
v 50.041 -51.559 47.813
v 56.319 -40.357 25.013
v 57.349 -33.816 39.870
v 50.932 -38.592 30.571
v 51.652 -38.746 53.888
v 55.936 -38.296 23.485
v 55.335 -39.901 22.998
v 51.851 -40.427 18.574
v 53.782 -37.919 23.298
v 54.798 -37.406 21.344
v 50.891 -37.998 26.185
v 53.800 -38.730 31.082
v 56.074 -34.676 31.074
v 52.007 -37.636 29.752
v 55.842 -34.813 32.531
v 56.754 -30.588 52.428
v 56.537 -30.598 54.942
v 56.204 -28.621 56.488
v 55.382 -31.926 61.061
v 53.380 -29.550 59.071
v 52.584 -30.101 61.140
v 53.883 -32.902 62.949
v 52.691 -31.849 61.883
v 51.490 -61.160 6.349
v 50.199 -62.307 6.919
v 49.498 -66.918 7.342
v 50.825 -63.328 13.238
v 50.132 -59.183 5.657
v 47.560 -52.338 13.595
v 52.169 -51.798 29.680
v 50.851 -51.945 23.902
v 52.702 -46.035 36.714
v 48.402 -43.706 18.613
v 49.240 -48.340 20.939
v 50.839 -40.094 19.317
v 51.559 -37.215 24.164
v 51.169 -37.763 22.709
v 47.560 -39.025 20.272
v 51.436 -29.209 61.043
v 51.433 -28.535 61.972
v 52.576 -31.755 66.294
v 52.750 -29.017 62.195
v 49.143 -30.906 72.050
v 51.388 -29.449 68.968
v 50.103 -28.015 68.250
v 47.035 -71.087 10.358
v 47.167 -67.935 4.163
v 46.271 -63.514 4.708
v 48.112 -63.030 7.311
v 47.704 -60.040 8.288
v 49.505 -61.158 13.076
v 46.733 -62.706 27.319
v 47.902 -60.505 41.527
v 48.744 -59.508 5.645
v 46.757 -60.203 4.844
v 44.499 -54.016 6.353
v 47.351 -58.786 20.898
v 43.525 -51.063 7.665
v 47.189 -53.310 18.728
v 43.929 -49.680 14.120
v 46.873 -41.007 21.695
v 44.423 -47.678 69.028
v 45.085 -45.685 10.838
v 44.930 -36.555 66.995
v 47.130 -40.188 18.023
v 47.289 -29.806 74.937
v 49.178 -29.085 65.802
v 43.278 -31.042 72.448
v 46.375 -29.265 72.498
v 47.573 -26.933 75.203
v 45.742 -25.540 73.989
v 41.381 -75.399 10.415
v 42.816 -72.521 8.108
v 40.814 -75.134 43.023
v 44.414 -61.396 8.434
v 42.452 -66.702 12.509
v 46.553 -61.467 7.798
v 43.661 -63.741 23.525
v 44.028 -60.408 18.598
v 37.416 -72.705 53.569
v 36.430 -63.587 64.973
v 45.224 -59.129 3.047
v 45.303 -57.083 3.001
v 43.632 -55.058 7.665
v 39.225 -54.955 15.311
v 35.112 -64.834 59.840
v 42.583 -40.646 16.489
v 44.722 -38.912 17.299
v 46.133 -30.392 76.091
v 45.311 -28.755 74.961
v 43.939 -26.913 74.710
v 45.435 -26.964 77.490
v 44.038 -28.125 78.697
v 43.077 -26.129 76.378
v 36.259 -80.102 23.774
v 37.474 -76.074 10.938
v 38.219 -71.043 14.041
v 41.097 -69.449 28.215
v 37.594 -73.565 39.452
v 37.733 -56.142 11.852
v 38.119 -60.802 18.804
v 43.097 -57.262 2.383
v 41.003 -54.036 -0.340
v 39.308 -54.743 -0.774
v 41.997 -56.493 7.931
v 40.772 -50.813 8.647
v 37.984 -51.230 2.159
v 43.129 -49.556 7.159
v 41.317 -44.888 12.990
v 37.749 -48.083 11.366
v 39.098 -42.575 15.458
v 39.331 -42.211 12.688
v 29.062 -48.043 75.971
v 34.307 -46.859 79.468
v 30.051 -33.389 81.791
v 41.665 -26.362 77.757
v 35.446 -29.834 80.445
v 42.980 -25.799 79.510
v 34.000 -81.203 42.930
v 38.025 -72.321 23.686
v 27.921 -80.484 34.409
v 30.411 -78.261 48.296
v 40.173 -64.133 22.353
v 32.760 -68.870 15.784
v 36.525 -55.103 16.493
v 36.469 -52.038 0.648
v 34.664 -45.521 11.205
v 36.680 -40.083 13.014
v 37.733 -28.924 83.859
v 40.662 -29.797 81.394
v 38.432 -27.228 79.955
v 39.849 -26.750 82.133
v 38.617 -26.175 81.792
v 35.731 -28.841 84.885
v 23.227 -86.394 23.242
v 28.850 -80.065 12.789
v 29.821 -75.707 57.055
v 35.334 -70.924 20.397
v 31.451 -75.999 23.593
v 32.802 -71.234 20.686
v 34.114 -61.276 17.499
v 24.919 -61.133 14.088
v 24.386 -60.350 76.749
v 31.827 -48.184 4.709
v 30.532 -50.619 8.863
v 33.714 -45.213 15.158
v 35.032 -49.653 1.230
v 30.180 -46.323 8.779
v 31.716 -42.132 8.887
v 32.337 -38.843 11.610
v 34.778 -28.446 86.581
v 34.103 -27.401 86.432
v 31.732 -27.282 84.698
v 32.286 -28.224 88.169
v 24.956 -86.227 39.716
v 29.154 -81.345 15.013
v 22.781 -84.429 47.172
v 24.808 -67.812 17.995
v 27.435 -58.360 17.853
v 22.899 -45.951 87.368
v 20.361 -48.730 9.235
v 27.683 -45.517 6.523
v 22.091 -52.352 77.934
v 30.127 -40.069 10.206
v 30.435 -38.242 10.541
v 31.759 -28.229 83.846
v 31.128 -25.399 89.481
v 31.086 -25.011 87.287
v 28.530 -24.225 86.887
v 28.613 -24.867 88.616
v 24.020 -83.016 14.392
v 27.452 -79.785 13.802
v 22.239 -78.617 21.607
v 21.697 -70.914 13.675
v 24.550 -75.763 19.911
v 9.484 -72.675 65.752
v 25.479 -49.407 13.472
v 27.151 -40.548 9.750
v 17.705 -46.455 11.178
v 28.219 -42.411 7.383
v 23.123 -41.668 5.655
v 28.626 -25.732 90.575
v 26.675 -22.925 88.824
v 27.609 -23.388 91.439
v 15.974 -86.823 16.760
v 16.109 -85.068 35.948
v 24.342 -80.891 11.967
v 15.098 -74.638 65.501
v 24.121 -39.899 7.534
v 10.183 -41.399 88.286
v 25.673 -24.789 92.660
v 23.851 -22.668 90.353
v 18.176 -22.729 96.750
v 22.167 -20.023 95.220
v 21.292 -22.083 95.511
v 21.940 -19.798 93.450
v 16.621 -80.014 10.280
v 18.520 -63.398 12.259
v 18.641 -73.401 17.892
v 10.139 -59.752 82.673
v 14.952 -42.837 5.100
v 20.970 -39.271 8.573
v 20.785 -21.658 92.795
v 7.906 -88.612 19.031
v 15.509 -81.303 9.194
v 17.337 -80.705 19.404
v 8.591 -83.307 45.905
v 5.576 -71.040 72.010
v 18.633 -58.890 17.265
v 15.531 -50.359 12.016
v 12.196 -45.023 91.254
v 15.674 -39.890 7.944
v 19.145 -19.282 95.411
v 18.034 -21.478 93.593
v 19.014 -20.771 96.373
v 15.991 -20.513 97.090
v 15.781 -20.445 94.830
v 14.741 -22.522 93.520
v 10.291 -81.611 6.788
v 10.946 -84.257 44.478
v 11.848 -75.895 3.437
v 6.637 -78.690 14.871
v 13.638 -68.162 6.380
v 8.949 -73.777 11.160
v 12.557 -66.183 -5.971
v 12.551 -73.050 -2.864
v 12.439 -63.711 -2.771
v 11.542 -54.895 2.372
v 10.757 -56.259 78.986
v 5.089 -43.145 3.955
v 12.442 -42.659 2.142
v 10.376 -43.430 1.705
v 13.508 -23.027 94.120
v 15.158 -23.657 97.117
v 9.925 -23.989 94.075
v 12.156 -22.222 95.345
v 0.052 -86.500 10.230
v 7.325 -84.650 30.069
v 0.052 -85.691 48.731
v 9.946 -77.057 0.715
v 5.731 -81.596 -0.187
v 6.671 -74.603 2.026
v 9.566 -74.002 -1.900
v 11.499 -74.062 -0.969
v 10.838 -72.339 -3.392
v 10.226 -72.530 -2.171
v 9.475 -73.733 -3.304
v 7.087 -72.715 -2.398
v 11.757 -69.291 -5.962
v 10.401 -70.677 1.746
v 10.301 -68.038 0.370
v 9.052 -69.582 2.788
v 11.283 -64.279 -2.332
v 10.715 -60.312 -3.411
v 9.849 -60.152 1.470
v 9.104 -61.882 2.547
v 10.411 -58.722 -4.844
v 7.486 -56.966 -5.033
v 11.734 -58.225 -3.120
v 11.244 -55.370 -2.990
v 7.184 -58.141 8.430
v 9.427 -52.102 -6.214
v 11.878 -48.355 -3.545
v 9.986 -47.349 -4.888
v 11.694 -43.102 -5.212
v 10.932 -41.632 -1.914
v 9.192 -42.043 -4.328
v 9.461 -43.210 -2.477
v 8.016 -43.033 2.233
v 8.459 -41.448 4.803
v 11.283 -23.735 97.502
v 5.142 -21.672 94.673
v 8.043 -22.622 94.406
v 3.378 -81.301 25.117
v 1.847 -80.132 40.090
v 3.729 -77.368 52.685
v 5.194 -75.561 -3.417
v 7.029 -75.624 -4.378
v 4.540 -76.266 -1.416
v 5.133 -74.680 0.559
v 5.731 -73.482 10.486
v 7.906 -70.470 2.127
v 5.588 -69.677 -0.509
v 7.951 -68.313 1.432
v 6.965 -67.747 9.970
v 4.002 -78.225 1.834
v 3.844 -77.651 1.896
v 4.606 -78.878 0.976
v 5.870 -76.032 1.960
v 7.384 -78.892 0.571
v 7.658 -76.152 1.524
v 8.132 -78.191 0.268
v 8.372 -76.822 0.862
v 4.763 -76.562 2.192
v 1.331 -22.787 97.681
v -0.223 -24.362 97.881
v 0.052 -24.029 95.186
v 0.052 -66.021 72.365
v 0.052 -74.248 20.708
v 0.052 -72.392 13.305
v 0.052 -76.334 24.129
v 1.379 -78.557 25.125
v 1.143 -78.099 26.162
v 5.597 -64.724 1.329
v 0.849 -75.714 21.701
v 0.052 -74.115 -1.249
v 3.035 -73.497 -2.213
v 0.340 -79.932 48.690
v 0.862 -80.106 -1.514
v 5.096 -61.840 75.034
v 8.075 -59.921 1.459
v 4.883 -49.584 3.399
v -1.122 -61.239 82.542
v 0.052 -78.496 -0.667
v 0.296 -79.622 31.918
v 0.543 -79.755 26.323
v 0.052 -79.611 24.482
v 1.751 -79.743 30.660
v 0.863 -78.423 0.972
v 7.267 -58.703 -4.261
v 5.251 -61.986 -1.905
v 1.530 -76.447 0.553
v 0.279 -24.973 98.370
v 2.883 -50.287 89.864
v -5.493 -64.725 1.328
v -4.992 -61.841 75.034
v -7.971 -59.921 1.459
v -4.779 -49.584 3.399
v -0.839 -80.678 -5.338
v 0.052 -79.716 -4.079
v -7.163 -58.703 -4.261
v -5.147 -61.986 -1.905
v 3.004 -72.418 63.745
v -2.918 -72.198 64.004
v 0.052 -55.987 80.909
v -2.642 -24.577 94.177
v -0.049 -80.827 -3.756
v -6.988 -53.311 -5.679
v -7.156 -47.322 -6.850
v -0.002 -80.121 29.196
v -5.450 -48.589 -6.784
v 0.052 -72.143 2.274
v 2.919 -77.563 -4.134
v 0.959 -80.609 -5.258
v 0.802 -81.891 -5.057
v 0.052 -83.099 -3.176
v 0.052 -84.260 3.095
v 0.052 -82.062 2.807
v -7.899 -42.547 -0.082
v -6.983 -40.816 -2.600
v -6.955 -40.692 -0.456
v -4.672 -43.323 -1.008
v -4.938 -44.973 1.251
v -8.507 -22.538 97.398
v -6.984 -23.818 97.841
v -6.727 -23.304 95.862
v -4.896 -21.450 97.731
v -4.502 -78.878 0.976
v -3.740 -77.651 1.896
v -3.066 -77.605 2.263
v 0.038 -77.931 -1.576
v -1.887 -76.189 0.899
v 0.052 -79.011 2.164
v -2.925 -77.822 15.329
v -2.236 -80.387 35.754
v -2.815 -77.563 -4.134
v -2.931 -73.497 -2.213
v -1.787 -71.939 7.799
v -3.593 -71.790 -0.190
v -4.776 -69.046 6.635
v -4.267 -69.282 3.018
v -4.355 -63.925 0.022
v -4.926 -64.447 0.111
v -5.464 -59.443 -5.295
v -3.978 -50.960 -8.183
v -3.611 -52.338 1.127
v -2.833 -23.398 95.718
v -3.194 -24.059 98.085
v 7.092 -53.311 -5.679
v 7.260 -47.322 -6.850
v 5.554 -48.589 -6.784
v 8.003 -42.547 -0.082
v 7.087 -40.816 -2.600
v 7.059 -40.692 -0.456
v 4.776 -43.323 -1.008
v 5.042 -44.973 1.251
v 8.611 -22.538 97.398
v 7.088 -23.818 97.841
v 6.831 -23.304 95.862
v 5.000 -21.451 97.731
v -0.578 -81.999 -5.125
v -0.867 -80.719 -1.878
v 0.052 -78.226 -4.932
v -0.759 -78.423 0.972
v -1.275 -78.557 25.125
v -1.053 -78.230 26.282
v -0.439 -79.755 26.323
v -0.734 -75.706 21.732
v -1.227 -22.787 97.681
v -8.268 -76.822 0.862
v -7.554 -76.152 1.524
v -5.766 -76.032 1.960
v -4.659 -76.562 2.192
v -8.028 -78.191 0.268
v -7.280 -78.892 0.571
v -3.869 -78.326 1.552
v 2.494 -76.656 1.639
v 3.029 -77.822 15.329
v 1.891 -71.939 7.799
v 3.697 -71.790 -0.190
v 4.880 -69.046 6.635
v 4.371 -69.282 3.018
v 4.459 -63.925 0.022
v 5.030 -64.447 0.111
v 5.568 -59.443 -5.295
v 4.082 -50.960 -8.183
v 3.715 -52.338 1.127
v 2.977 -23.622 94.960
v 3.299 -24.059 98.085
v 17.188 -68.216 -25.193
v 15.452 -68.969 -22.586
v 13.124 -71.224 -12.280
v 16.275 -67.154 -26.381
v 14.900 -66.083 -26.748
v 15.972 -63.563 -22.028
v 15.400 -64.448 -20.498
v 14.192 -63.037 -22.423
v 13.889 -64.140 -19.991
v 12.407 -72.412 -26.969
v 11.772 -76.688 -13.282
v 11.523 -73.731 -3.059
v 11.701 -69.977 -26.606
v 11.863 -66.101 -6.191
v 12.853 -63.784 -24.316
v 11.828 -63.717 -10.588
v 10.474 -63.146 -13.809
v 10.201 -74.419 -20.294
v 11.189 -75.914 -19.296
v 7.572 -77.597 -14.033
v 9.401 -77.503 -3.468
v 8.547 -76.540 -6.280
v 9.073 -74.729 -21.369
v 10.107 -73.721 -12.975
v 10.866 -73.651 -7.764
v 10.761 -73.016 -2.679
v 10.406 -71.654 -4.966
v 10.396 -71.997 -25.021
v 9.072 -72.286 -10.615
v 9.914 -69.608 -10.858
v 10.673 -70.088 -9.414
v 10.536 -70.366 -27.089
v 10.263 -69.932 -19.007
v 10.174 -65.868 -18.482
v 11.401 -65.707 -12.650
v 9.234 -71.098 -27.722
v 9.700 -65.085 -15.855
v 10.220 -65.239 -10.119
v 9.558 -66.663 -6.031
v 6.247 -75.850 -11.575
v 7.878 -76.456 -4.060
v 8.304 -73.719 -21.061
v 7.065 -74.902 -16.966
v 8.534 -73.938 -13.634
v 7.905 -68.459 -16.074
v -17.084 -68.216 -25.193
v -15.348 -68.969 -22.586
v -13.020 -71.224 -12.280
v -16.171 -67.154 -26.381
v -14.796 -66.083 -26.748
v -15.868 -63.563 -22.028
v -15.296 -64.448 -20.498
v -14.088 -63.037 -22.423
v -13.785 -64.140 -19.991
v -12.303 -72.412 -26.969
v -11.668 -76.688 -13.282
v -11.419 -73.731 -3.059
v -11.597 -69.977 -26.606
v -11.759 -66.101 -6.191
v -12.749 -63.784 -24.316
v -11.724 -63.717 -10.588
v -10.370 -63.146 -13.809
v -10.097 -74.419 -20.294
v -11.085 -75.914 -19.296
v -7.468 -77.597 -14.033
v -9.297 -77.503 -3.468
v -8.443 -76.540 -6.280
v -8.969 -74.729 -21.369
v -10.003 -73.721 -12.975
v -10.762 -73.651 -7.764
v -10.657 -73.016 -2.679
v -10.302 -71.654 -4.966
v -10.292 -71.997 -25.021
v -8.968 -72.286 -10.615
v -9.810 -69.608 -10.858
v -10.569 -70.088 -9.414
v -10.432 -70.366 -27.089
v -10.159 -69.932 -19.007
v -10.070 -65.868 -18.482
v -11.297 -65.707 -12.650
v -9.130 -71.098 -27.722
v -9.596 -65.085 -15.855
v -10.116 -65.239 -10.119
v -9.454 -66.663 -6.031
v -6.143 -75.850 -11.575
v -7.774 -76.456 -4.060
v -8.200 -73.719 -21.061
v -6.961 -74.902 -16.966
v -8.430 -73.938 -13.634
v -7.801 -68.459 -16.074
v 44.429 -63.292 -45.358
v 46.046 -60.223 -47.341
v 43.828 -58.159 -48.020
v 44.495 -56.668 -47.443
v 41.768 -65.040 -43.034
v 43.750 -60.708 -42.573
v 44.610 -59.231 -45.601
v 42.319 -62.025 -31.485
v 43.650 -57.219 -32.527
v 43.055 -58.695 -30.181
v 41.491 -59.325 -46.998
v 43.489 -57.313 -45.454
v 42.918 -57.585 -42.059
v 44.321 -55.239 -35.983
v 41.624 -57.649 -26.200
v 40.977 -56.756 -36.689
v 43.441 -56.147 -34.460
v 40.680 -68.468 -38.262
v 35.722 -68.111 -43.848
v 38.704 -67.122 -37.459
v 39.467 -65.533 -41.289
v 35.948 -68.257 -33.743
v 37.501 -63.850 -47.021
v 37.431 -61.153 -47.573
v 38.591 -58.081 -44.725
v 40.501 -57.611 -25.337
v 36.112 -53.291 -27.832
v 36.948 -54.146 -23.957
v 38.069 -70.266 -38.029
v 30.145 -72.970 -31.098
v 35.291 -64.613 -29.484
v 33.258 -52.008 -31.419
v 38.035 -58.077 -24.838
v 33.807 -54.734 -27.772
v 35.200 -72.569 -36.135
v 28.777 -73.533 -34.329
v 31.786 -66.579 -50.861
v 32.995 -60.806 -51.500
v 32.042 -53.428 -47.534
v 28.994 -70.821 -40.837
v 30.365 -55.883 -57.232
v 30.157 -52.546 -25.972
v 30.565 -48.747 -27.325
v 28.711 -71.173 -37.421
v 28.079 -72.504 -34.964
v 20.530 -74.933 -26.879
v 30.015 -64.919 -59.863
v 30.533 -64.757 -56.366
v 27.559 -70.280 -55.069
v 29.201 -61.698 -59.654
v 31.551 -50.473 -55.392
v 29.922 -47.690 -56.056
v 28.506 -42.465 -50.945
v 25.646 -45.541 -25.294
v 27.256 -42.558 -52.201
v 26.086 -74.839 -34.170
v 26.048 -73.516 -34.282
v 27.093 -71.702 -61.139
v 22.933 -79.828 -60.384
v 24.987 -72.244 -45.601
v 24.889 -72.719 -35.495
v 27.186 -70.172 -35.753
v 27.585 -70.885 -33.646
v 27.539 -65.408 -60.638
v 28.897 -63.922 -60.115
v 25.470 -65.854 -61.517
v 27.244 -66.240 -53.018
v 25.635 -65.289 -45.816
v 28.290 -64.573 -47.225
v 28.211 -61.165 -27.442
v 29.097 -61.139 -53.987
v 28.749 -62.586 -52.730
v 27.132 -62.771 -48.442
v 25.528 -62.633 -51.152
v 27.094 -64.846 -36.328
v 26.999 -62.921 -32.982
v 28.126 -59.557 -58.616
v 27.150 -57.689 -59.402
v 27.942 -61.716 -52.899
v 27.943 -59.745 -45.484
v 24.610 -60.748 -52.897
v 26.096 -59.646 -47.350
v 24.987 -58.034 -56.563
v 24.114 -56.898 -59.362
v 27.583 -57.483 -50.858
v 27.398 -58.795 -45.598
v 28.505 -55.022 -57.079
v 25.632 -56.387 -56.563
v 29.074 -56.172 -51.365
v 25.507 -53.998 -43.723
v 25.207 -55.920 -45.918
v 24.703 -56.785 -52.035
v 28.818 -53.541 -56.261
v 28.361 -52.317 -52.721
v 28.627 -54.417 -49.234
v 26.675 -52.169 -51.625
v 25.243 -54.120 -49.755
v 27.769 -50.139 -55.851
v 27.886 -48.875 -48.534
v 24.698 -48.518 -54.840
v 28.099 -50.975 -50.561
v 26.821 -50.711 -43.948
v 25.452 -47.858 -56.909
v 27.181 -44.717 -50.949
v 26.538 -44.094 -53.364
v 23.544 -41.632 -41.825
v 23.687 -77.549 -61.019
v 23.752 -75.405 -33.423
v 25.780 -72.669 -61.747
v 16.605 -80.424 -40.447
v 24.105 -69.972 -46.453
v 22.490 -72.852 -55.663
v 25.391 -70.709 -34.287
v 25.780 -67.889 -61.244
v 26.204 -69.225 -50.766
v 24.013 -67.060 -60.902
v 24.796 -69.125 -46.107
v 23.640 -66.134 -61.586
v 21.169 -67.275 -60.324
v 22.900 -64.710 -54.058
v 22.417 -65.147 -55.149
v 25.122 -64.510 -48.731
v 24.731 -64.404 -45.586
v 20.474 -65.681 -34.961
v 17.728 -65.154 -28.493
v 24.010 -61.994 -52.405
v 24.647 -60.606 -44.121
v 22.084 -63.486 -41.665
v 26.927 -57.728 -30.827
v 25.217 -57.235 -40.399
v 23.898 -59.410 -52.722
v 25.225 -57.808 -49.891
v 17.811 -57.388 -24.810
v 24.017 -53.959 -43.701
v 24.234 -55.367 -52.104
v 25.596 -53.382 -29.349
v 24.350 -51.859 -52.696
v 23.967 -50.434 -34.839
v 25.673 -51.215 -32.494
v 26.760 -49.857 -24.080
v 25.421 -48.910 -49.511
v 25.211 -50.559 -48.300
v 23.589 -49.706 -51.362
v 25.374 -51.306 -44.076
v 25.021 -50.394 -43.724
v 23.536 -48.593 -52.121
v 24.007 -45.052 -54.791
v 26.200 -42.552 -49.226
v 25.006 -43.546 -47.514
v 22.027 -43.289 -44.349
v 21.184 -83.340 -59.405
v 22.252 -78.902 -61.552
v 23.785 -75.676 -61.736
v 17.701 -79.862 -32.711
v 20.746 -72.850 -61.900
v 22.617 -71.536 -53.912
v 22.635 -68.501 -54.776
v 19.476 -68.652 -48.011
v 21.474 -64.231 -60.019
v 21.672 -61.180 -46.810
v 23.609 -58.069 -53.504
v 19.777 -57.670 -54.426
v 22.602 -56.985 -59.972
v 20.219 -59.088 -59.264
v 17.069 -56.836 -44.034
v 16.860 -52.212 -43.077
v 22.640 -55.759 -55.509
v 23.268 -55.200 -52.826
v 20.463 -54.090 -47.384
v 21.599 -48.343 -57.746
v 20.751 -50.318 -54.131
v 21.074 -49.400 -51.949
v 18.271 -46.568 -55.769
v 20.892 -47.441 -53.131
v 20.151 -45.368 -19.819
v 21.925 -43.509 -21.621
v 20.104 -42.934 -25.544
v 18.627 -84.720 -58.004
v 19.954 -83.525 -58.490
v 16.734 -79.702 -53.332
v 17.365 -80.086 -46.282
v 18.518 -79.839 -62.256
v 19.395 -78.379 -62.738
v 19.175 -77.995 -53.770
v 18.834 -75.288 -45.083
v 20.256 -75.514 -44.839
v 17.024 -73.629 -61.165
v 19.537 -71.228 -49.555
v 21.310 -70.137 -46.564
v 19.673 -74.333 -53.658
v 17.109 -72.990 -45.321
v 19.318 -74.312 -45.663
v 20.112 -74.462 -45.099
v 19.188 -72.130 -26.422
v 19.260 -70.808 -61.117
v 20.494 -68.520 -45.722
v 19.223 -62.772 -59.675
v 20.596 -67.995 -47.441
v 19.706 -62.105 -59.241
v 18.788 -62.413 -52.621
v 19.701 -60.909 -45.118
v 19.243 -60.077 -45.438
v 18.376 -58.539 -59.308
v 19.825 -53.470 -58.763
v 19.097 -52.863 -50.956
v 18.977 -52.269 -43.724
v 16.786 -54.781 -25.161
v 19.602 -50.766 -57.646
v 15.298 -48.833 -34.649
v 18.667 -52.535 -50.140
v 21.127 -50.110 -45.432
v 18.613 -50.622 -43.723
v 15.822 -49.344 -32.359
v 19.708 -46.587 -52.845
v 19.067 -45.637 -23.277
v 18.822 -42.098 -41.416
v 20.472 -42.927 -22.199
v 18.122 -44.662 -19.985
v 16.888 -85.090 -58.455
v 14.730 -83.637 -54.489
v 16.571 -80.379 -49.810
v 15.193 -79.240 -62.409
v 14.245 -79.568 -55.586
v 11.394 -88.246 -25.934
v 16.236 -74.848 -61.340
v 15.579 -75.879 -53.390
v 17.960 -77.916 -54.555
v 17.424 -74.580 -44.686
v 12.568 -79.636 -21.948
v 17.909 -75.497 -24.704
v 13.945 -77.208 -19.883
v 17.797 -69.653 -36.563
v 18.586 -73.874 -26.594
v 15.740 -74.736 -34.131
v 17.657 -70.474 -28.327
v 15.065 -75.438 -22.215
v 16.965 -67.665 -24.942
v 16.085 -65.708 -27.204
v 15.104 -63.492 -21.757
v 12.585 -70.498 -53.895
v 16.244 -61.652 -37.698
v 16.534 -64.786 -33.828
v 15.890 -60.020 -42.772
v 15.925 -61.915 -40.583
v 16.661 -54.337 -53.611
v 16.917 -58.117 -45.559
v 16.906 -54.559 -46.262
v 16.586 -55.454 -20.711
v 18.128 -53.880 -45.669
v 18.317 -49.465 -19.016
v 17.445 -50.884 -51.201
v 15.318 -52.652 -51.448
v 18.078 -51.620 -44.262
v 15.401 -50.216 -39.672
v 17.942 -48.836 -46.241
v 15.272 -50.855 -28.582
v 15.195 -48.939 -21.199
v 17.605 -44.887 -43.480
v 16.915 -47.200 -17.914
v 15.419 -49.721 -50.913
v 16.583 -46.103 -40.421
v 17.817 -46.303 -20.233
v 16.779 -44.582 -17.728
v 16.067 -44.407 -19.413
v 17.571 -43.333 -42.677
v 13.965 -45.819 -28.237
v 14.722 -85.063 -62.567
v 14.737 -80.842 -62.047
v 13.228 -79.550 -48.296
v 13.470 -84.273 -36.336
v 9.713 -89.617 -29.797
v 13.368 -82.124 -42.242
v 14.519 -77.906 -44.518
v 15.448 -78.714 -44.142
v 13.985 -78.560 -44.106
v 15.946 -74.801 -46.018
v 14.922 -72.247 -36.906
v 12.085 -73.014 -30.688
v 14.397 -71.904 -39.094
v 12.092 -74.382 -43.609
v 13.336 -58.343 -47.241
v 14.883 -66.172 -30.774
v 15.506 -64.473 -31.154
v 15.039 -65.911 -24.435
v 14.118 -62.034 -23.357
v 15.218 -56.765 -44.843
v 16.356 -58.025 -43.025
v 15.628 -56.140 -22.201
v 13.144 -55.290 -51.813
v 11.780 -55.362 -49.796
v 15.124 -53.534 -27.172
v 15.575 -54.445 -22.892
v 13.125 -51.206 -26.667
v 14.015 -50.327 -29.982
v 14.494 -50.506 -27.951
v 14.509 -49.695 -26.391
v 15.751 -47.696 -47.695
v 13.829 -47.295 -30.445
v 12.952 -48.814 -29.344
v 14.264 -47.365 -23.716
v 13.808 -49.275 -25.225
v 14.245 -44.640 -21.229
v 12.348 -88.910 -59.478
v 10.125 -87.175 -57.618
v 14.258 -86.484 -60.868
v 11.690 -83.363 -62.426
v 11.692 -83.485 -62.208
v 10.802 -83.418 -62.367
v 12.165 -80.830 -29.166
v 13.058 -82.061 -57.591
v 12.546 -81.778 -42.740
v 6.558 -88.996 -13.449
v 12.365 -76.631 -15.427
v 5.737 -87.692 -9.263
v 10.333 -79.727 1.848
v 11.452 -73.820 -31.953
v 11.815 -75.444 -24.991
v 11.630 -73.681 -21.290
v 11.900 -76.329 -0.006
v 12.981 -73.136 -34.899
v 12.383 -72.747 -26.247
v 10.796 -74.690 -14.606
v 12.218 -72.856 -1.946
v 10.922 -72.845 -4.068
v 11.253 -72.559 -1.307
v 11.369 -55.747 -52.234
v 8.442 -58.725 -49.967
v 14.386 -58.498 -47.362
v 8.101 -95.541 -26.701
v 9.845 -89.264 -60.981
v 8.300 -89.326 -63.499
v 4.867 -91.038 -58.944
v 8.129 -90.300 -61.312
v 6.299 -92.919 -26.693
v 2.501 -88.198 -53.874
v 9.250 -81.849 -46.862
v 10.480 -83.395 -62.367
v 8.582 -83.673 -62.487
v 10.480 -82.764 -62.119
v 10.480 -83.410 -62.358
v 10.157 -83.410 -62.358
v 10.157 -83.396 -62.367
v 5.219 -90.574 -20.600
v 9.176 -80.628 -47.445
v 9.684 -82.786 -46.467
v 3.625 -89.098 -14.578
v 8.223 -77.333 -56.563
v 8.489 -79.032 4.144
v 8.773 -75.830 -13.821
v 9.761 -75.885 -0.710
v 7.226 -76.586 -0.987
v 8.590 -74.929 -17.102
v 9.619 -74.165 -11.178
v 9.182 -75.059 -2.776
v 10.188 -72.635 -1.665
v 4.499 -79.190 -48.114
v 7.704 -58.153 -51.607
v 8.529 -94.427 -24.096
v 7.073 -91.246 -17.624
v 6.197 -89.870 -14.490
v 7.760 -88.441 -63.144
v 8.059 -86.500 -63.271
v 5.309 -85.059 -62.872
v 7.490 -81.854 -48.254
v 6.681 -84.183 -0.243
v 7.578 -82.400 -58.504
v 0.054 -84.952 -48.016
v 6.480 -80.476 4.483
v 1.426 -85.033 -9.448
v 7.770 -77.808 3.042
v 1.387 -79.105 1.321
v 4.112 -79.195 -1.069
v 1.972 -81.526 -7.405
v 5.404 -76.155 -2.704
v 0.057 -61.883 -48.368
v 3.520 -89.958 -59.992
v 3.397 -82.585 -48.688
v 4.073 -87.049 -48.617
v 4.296 -82.622 -1.088
v 2.441 -82.255 -53.936
v 5.772 -83.410 -55.271
v 1.584 -83.242 -6.100
v 3.355 -80.901 2.832
v 3.493 -77.941 -3.683
v 0.098 -79.460 -57.448
v 0.187 -73.397 -48.293
v -0.001 -90.342 -62.129
v 0.054 -88.423 -53.084
v 1.593 -88.679 -52.432
v 1.746 -90.075 -48.605
v 0.052 -90.198 -48.527
v 0.045 -85.200 -62.113
v 0.832 -88.868 -62.857
v 2.407 -85.478 -61.799
v 0.836 -83.553 -3.097
v 1.714 -82.910 -2.273
v 2.142 -79.713 -46.692
v 1.479 -81.239 1.801
v 0.505 -80.227 -3.469
v 1.708 -79.036 -2.247
v 0.052 -77.509 -46.107
v 0.014 -60.904 -51.525
v 0.072 -74.932 -53.496
v 1.689 -75.467 -47.234
v -44.325 -63.292 -45.358
v -45.942 -60.223 -47.341
v -43.724 -58.159 -48.020
v -44.391 -56.668 -47.443
v -41.664 -65.040 -43.034
v -43.646 -60.708 -42.573
v -44.506 -59.231 -45.601
v -42.215 -62.025 -31.485
v -43.546 -57.219 -32.527
v -42.951 -58.695 -30.181
v -41.387 -59.325 -46.998
v -43.385 -57.313 -45.454
v -42.814 -57.585 -42.059
v -44.217 -55.239 -35.983
v -41.520 -57.649 -26.200
v -40.873 -56.756 -36.689
v -43.337 -56.147 -34.460
v -40.576 -68.468 -38.262
v -35.618 -68.111 -43.848
v -38.600 -67.122 -37.459
v -39.363 -65.533 -41.289
v -35.844 -68.257 -33.743
v -37.397 -63.850 -47.021
v -37.327 -61.153 -47.573
v -38.487 -58.081 -44.725
v -40.397 -57.611 -25.337
v -36.008 -53.291 -27.832
v -36.844 -54.146 -23.957
v -37.965 -70.266 -38.029
v -30.041 -72.970 -31.098
v -35.187 -64.613 -29.484
v -33.154 -52.008 -31.419
v -37.931 -58.077 -24.838
v -33.703 -54.734 -27.772
v -35.096 -72.569 -36.135
v -28.672 -73.533 -34.329
v -31.682 -66.579 -50.861
v -32.891 -60.806 -51.500
v -31.938 -53.428 -47.534
v -28.890 -70.821 -40.837
v -30.261 -55.883 -57.232
v -30.053 -52.546 -25.972
v -30.461 -48.747 -27.325
v -28.607 -71.173 -37.421
v -27.975 -72.504 -34.964
v -20.426 -74.933 -26.879
v -29.911 -64.919 -59.863
v -30.429 -64.757 -56.366
v -27.455 -70.280 -55.069
v -29.097 -61.698 -59.654
v -31.447 -50.473 -55.392
v -29.818 -47.690 -56.056
v -28.402 -42.465 -50.945
v -25.542 -45.541 -25.294
v -27.152 -42.558 -52.201
v -25.982 -74.839 -34.170
v -25.944 -73.516 -34.282
v -26.989 -71.702 -61.139
v -22.829 -79.828 -60.384
v -24.883 -72.244 -45.601
v -24.785 -72.719 -35.495
v -27.082 -70.172 -35.753
v -27.481 -70.885 -33.646
v -27.435 -65.408 -60.638
v -28.793 -63.922 -60.115
v -25.366 -65.854 -61.517
v -27.140 -66.240 -53.018
v -25.531 -65.289 -45.816
v -28.186 -64.573 -47.225
v -28.107 -61.165 -27.442
v -28.993 -61.139 -53.987
v -28.645 -62.586 -52.730
v -27.028 -62.771 -48.442
v -25.424 -62.633 -51.152
v -26.990 -64.846 -36.328
v -26.895 -62.921 -32.982
v -28.022 -59.557 -58.616
v -27.046 -57.689 -59.402
v -27.838 -61.716 -52.899
v -27.839 -59.745 -45.484
v -24.506 -60.748 -52.897
v -25.992 -59.646 -47.350
v -24.883 -58.034 -56.563
v -24.010 -56.898 -59.362
v -27.479 -57.483 -50.858
v -27.294 -58.795 -45.598
v -28.401 -55.022 -57.079
v -25.528 -56.387 -56.563
v -28.970 -56.172 -51.365
v -25.403 -53.998 -43.723
v -25.103 -55.920 -45.918
v -24.599 -56.785 -52.035
v -28.714 -53.541 -56.261
v -28.257 -52.317 -52.721
v -28.523 -54.417 -49.234
v -26.571 -52.169 -51.625
v -25.139 -54.120 -49.755
v -27.665 -50.139 -55.851
v -27.782 -48.875 -48.534
v -24.594 -48.518 -54.840
v -27.995 -50.975 -50.561
v -26.717 -50.711 -43.948
v -25.348 -47.858 -56.909
v -27.077 -44.717 -50.949
v -26.434 -44.094 -53.364
v -23.440 -41.632 -41.825
v -23.583 -77.549 -61.019
v -23.648 -75.405 -33.423
v -25.676 -72.669 -61.747
v -16.501 -80.424 -40.447
v -24.001 -69.972 -46.453
v -22.386 -72.852 -55.663
v -25.287 -70.709 -34.287
v -25.676 -67.889 -61.244
v -26.100 -69.225 -50.766
v -23.909 -67.060 -60.902
v -24.692 -69.125 -46.107
v -23.536 -66.134 -61.586
v -21.065 -67.275 -60.324
v -22.796 -64.710 -54.058
v -22.313 -65.147 -55.149
v -25.018 -64.510 -48.731
v -24.627 -64.404 -45.586
v -20.370 -65.681 -34.961
v -17.624 -65.154 -28.493
v -23.906 -61.994 -52.405
v -24.543 -60.606 -44.121
v -21.980 -63.486 -41.665
v -26.823 -57.728 -30.827
v -25.113 -57.235 -40.399
v -23.794 -59.410 -52.722
v -25.121 -57.808 -49.891
v -17.707 -57.388 -24.810
v -23.913 -53.959 -43.701
v -24.130 -55.367 -52.104
v -25.492 -53.382 -29.349
v -24.246 -51.859 -52.696
v -23.863 -50.434 -34.839
v -25.569 -51.215 -32.494
v -26.656 -49.857 -24.080
v -25.317 -48.910 -49.511
v -25.107 -50.559 -48.300
v -23.485 -49.706 -51.362
v -25.270 -51.306 -44.076
v -24.917 -50.394 -43.724
v -23.432 -48.593 -52.121
v -23.903 -45.052 -54.791
v -26.096 -42.552 -49.226
v -24.902 -43.546 -47.514
v -21.923 -43.289 -44.349
v -21.080 -83.340 -59.405
v -22.148 -78.902 -61.552
v -23.681 -75.676 -61.736
v -17.597 -79.862 -32.711
v -20.642 -72.850 -61.900
v -22.513 -71.536 -53.912
v -22.531 -68.501 -54.776
v -19.372 -68.652 -48.011
v -21.370 -64.231 -60.019
v -21.568 -61.180 -46.810
v -23.505 -58.069 -53.504
v -19.673 -57.670 -54.426
v -22.498 -56.985 -59.972
v -20.115 -59.088 -59.264
v -16.965 -56.836 -44.034
v -16.756 -52.212 -43.077
v -22.536 -55.759 -55.509
v -23.164 -55.200 -52.826
v -20.359 -54.090 -47.384
v -21.495 -48.343 -57.746
v -20.647 -50.318 -54.131
v -20.970 -49.400 -51.949
v -18.167 -46.568 -55.769
v -20.788 -47.441 -53.131
v -20.047 -45.368 -19.819
v -21.821 -43.509 -21.621
v -20.000 -42.934 -25.544
v -18.523 -84.720 -58.004
v -19.850 -83.525 -58.490
v -16.630 -79.702 -53.332
v -17.261 -80.086 -46.282
v -18.414 -79.839 -62.256
v -19.291 -78.379 -62.738
v -19.071 -77.995 -53.770
v -18.730 -75.288 -45.083
v -20.152 -75.514 -44.839
v -16.920 -73.629 -61.165
v -19.433 -71.228 -49.555
v -21.206 -70.137 -46.564
v -19.569 -74.333 -53.658
v -17.005 -72.990 -45.321
v -19.214 -74.312 -45.663
v -20.008 -74.462 -45.099
v -19.084 -72.130 -26.422
v -19.156 -70.808 -61.117
v -20.390 -68.520 -45.722
v -19.119 -62.772 -59.675
v -20.492 -67.995 -47.441
v -19.602 -62.105 -59.241
v -18.684 -62.413 -52.621
v -19.597 -60.909 -45.118
v -19.139 -60.077 -45.438
v -18.272 -58.539 -59.308
v -19.721 -53.470 -58.763
v -18.993 -52.863 -50.956
v -18.873 -52.269 -43.724
v -16.682 -54.781 -25.161
v -19.498 -50.766 -57.646
v -15.194 -48.833 -34.649
v -18.563 -52.535 -50.140
v -21.023 -50.110 -45.432
v -18.509 -50.622 -43.723
v -15.718 -49.344 -32.359
v -19.604 -46.587 -52.845
v -18.963 -45.637 -23.277
v -18.718 -42.098 -41.416
v -20.368 -42.927 -22.199
v -18.018 -44.662 -19.985
v -16.784 -85.090 -58.455
v -14.626 -83.637 -54.489
v -16.467 -80.379 -49.810
v -15.089 -79.240 -62.409
v -14.141 -79.568 -55.586
v -11.290 -88.246 -25.934
v -16.132 -74.848 -61.340
v -15.475 -75.879 -53.390
v -17.856 -77.916 -54.555
v -17.320 -74.580 -44.686
v -12.464 -79.636 -21.948
v -17.805 -75.497 -24.704
v -13.841 -77.208 -19.883
v -17.693 -69.653 -36.563
v -18.482 -73.874 -26.594
v -15.636 -74.736 -34.131
v -17.553 -70.474 -28.327
v -14.961 -75.438 -22.215
v -16.861 -67.665 -24.942
v -15.981 -65.708 -27.204
v -15.000 -63.492 -21.757
v -12.481 -70.498 -53.895
v -16.140 -61.652 -37.698
v -16.430 -64.786 -33.828
v -15.786 -60.020 -42.772
v -15.821 -61.915 -40.583
v -16.557 -54.337 -53.611
v -16.813 -58.117 -45.559
v -16.802 -54.559 -46.262
v -16.482 -55.454 -20.711
v -18.024 -53.880 -45.669
v -18.213 -49.465 -19.016
v -17.341 -50.884 -51.201
v -15.214 -52.652 -51.448
v -17.974 -51.620 -44.262
v -15.297 -50.216 -39.672
v -17.838 -48.836 -46.241
v -15.168 -50.855 -28.582
v -15.091 -48.939 -21.199
v -17.501 -44.887 -43.480
v -16.811 -47.200 -17.914
v -15.315 -49.721 -50.913
v -16.479 -46.103 -40.421
v -17.713 -46.303 -20.233
v -16.675 -44.582 -17.728
v -15.963 -44.407 -19.413
v -17.467 -43.333 -42.677
v -13.861 -45.819 -28.237
v -14.618 -85.063 -62.567
v -14.633 -80.842 -62.047
v -13.124 -79.550 -48.296
v -13.366 -84.273 -36.336
v -9.609 -89.617 -29.797
v -13.264 -82.124 -42.242
v -14.415 -77.906 -44.518
v -15.344 -78.714 -44.142
v -13.881 -78.560 -44.106
v -15.842 -74.801 -46.018
v -14.818 -72.247 -36.906
v -11.981 -73.014 -30.688
v -14.293 -71.904 -39.094
v -11.988 -74.382 -43.609
v -13.232 -58.343 -47.241
v -14.779 -66.172 -30.774
v -15.402 -64.473 -31.154
v -14.935 -65.911 -24.435
v -14.014 -62.034 -23.357
v -15.114 -56.765 -44.843
v -16.252 -58.025 -43.025
v -15.524 -56.140 -22.201
v -13.040 -55.290 -51.813
v -11.676 -55.362 -49.796
v -15.020 -53.534 -27.172
v -15.471 -54.445 -22.892
v -13.021 -51.206 -26.667
v -13.911 -50.327 -29.982
v -14.390 -50.506 -27.951
v -14.405 -49.695 -26.391
v -15.647 -47.696 -47.695
v -13.725 -47.295 -30.445
v -12.848 -48.814 -29.344
v -14.160 -47.365 -23.716
v -13.704 -49.275 -25.225
v -14.141 -44.640 -21.229
v -12.244 -88.910 -59.478
v -10.021 -87.175 -57.618
v -14.154 -86.484 -60.868
v -11.586 -83.363 -62.426
v -11.588 -83.485 -62.208
v -10.698 -83.418 -62.367
v -12.061 -80.830 -29.166
v -12.954 -82.061 -57.591
v -12.442 -81.778 -42.740
v -6.454 -88.996 -13.449
v -12.261 -76.631 -15.427
v -5.633 -87.692 -9.263
v -10.229 -79.727 1.848
v -11.348 -73.820 -31.953
v -11.711 -75.444 -24.991
v -11.526 -73.681 -21.290
v -11.796 -76.329 -0.006
v -12.877 -73.136 -34.899
v -12.279 -72.747 -26.247
v -10.692 -74.690 -14.606
v -12.114 -72.856 -1.946
v -10.818 -72.845 -4.068
v -11.149 -72.559 -1.307
v -11.265 -55.747 -52.234
v -8.338 -58.725 -49.967
v -14.282 -58.498 -47.362
v -7.997 -95.541 -26.701
v -9.741 -89.264 -60.981
v -8.196 -89.326 -63.499
v -4.763 -91.038 -58.944
v -8.025 -90.300 -61.312
v -6.195 -92.919 -26.693
v -2.397 -88.198 -53.874
v -9.146 -81.849 -46.862
v -10.376 -83.395 -62.367
v -8.478 -83.673 -62.487
v -10.376 -82.764 -62.119
v -10.376 -83.410 -62.358
v -10.053 -83.410 -62.358
v -10.053 -83.396 -62.367
v -5.115 -90.574 -20.600
v -9.072 -80.628 -47.445
v -9.580 -82.786 -46.467
v -3.521 -89.098 -14.578
v -8.119 -77.333 -56.563
v -8.385 -79.032 4.144
v -8.669 -75.830 -13.821
v -9.657 -75.885 -0.710
v -7.122 -76.586 -0.987
v -8.486 -74.929 -17.102
v -9.515 -74.165 -11.178
v -9.078 -75.059 -2.776
v -10.084 -72.635 -1.665
v -4.395 -79.190 -48.114
v -7.600 -58.153 -51.607
v -8.425 -94.427 -24.096
v -6.969 -91.246 -17.624
v -6.093 -89.870 -14.490
v -7.656 -88.441 -63.144
v -7.955 -86.500 -63.271
v -5.205 -85.059 -62.872
v -7.386 -81.854 -48.254
v -6.577 -84.183 -0.243
v -7.474 -82.400 -58.504
v 0.050 -84.952 -48.016
v -6.376 -80.476 4.483
v -1.322 -85.033 -9.448
v -7.666 -77.808 3.042
v -1.283 -79.105 1.321
v -4.008 -79.195 -1.069
v -1.868 -81.526 -7.405
v -5.300 -76.155 -2.704
v 0.047 -61.883 -48.368
v -3.416 -89.958 -59.992
v -3.293 -82.585 -48.688
v -3.969 -87.049 -48.617
v -4.192 -82.622 -1.088
v -2.337 -82.255 -53.936
v -5.668 -83.410 -55.271
v -1.480 -83.242 -6.100
v -3.251 -80.901 2.832
v -3.389 -77.941 -3.683
v 0.006 -79.460 -57.448
v -0.083 -73.397 -48.293
v 0.105 -90.342 -62.129
v 0.047 -88.423 -53.083
v -1.489 -88.679 -52.432
v -1.642 -90.075 -48.605
v 0.052 -90.198 -48.527
v 0.059 -85.200 -62.113
v -0.728 -88.868 -62.857
v -2.303 -85.478 -61.799
v -0.732 -83.553 -3.097
v -1.610 -82.910 -2.273
v -2.038 -79.713 -46.692
v -1.375 -81.239 1.801
v -0.401 -80.227 -3.469
v -1.604 -79.036 -2.247
v 0.052 -77.509 -46.107
v 0.090 -60.904 -51.525
v 0.032 -74.932 -53.496
v -1.585 -75.467 -47.234
v 7.691 -98.287 -26.293
v 8.604 -95.554 -25.447
v 6.797 -94.484 -27.187
v 5.437 -100.066 -22.336
v 5.167 -99.432 -17.974
v 6.326 -91.030 -14.901
v 5.370 -88.635 -9.620
v 5.040 -92.008 -23.710
v 6.059 -89.882 -15.710
v 5.076 -88.528 -14.550
v 6.246 -88.668 -13.537
v 6.613 -83.949 -0.148
v 4.212 -84.464 -6.603
v 3.953 -82.266 0.148
v 5.323 -84.018 1.830
v 2.584 -101.965 -19.062
v 1.292 -84.068 -8.709
v 1.626 -85.826 2.823
v 4.459 -81.663 3.126
v 3.358 -81.986 4.292
v 3.197 -80.750 3.305
v 0.034 -101.270 -17.305
v 0.062 -90.074 -5.239
v 1.376 -91.169 -6.126
v 5.817 -85.248 -3.150
v 0.051 -85.068 -7.544
v -0.013 -82.722 3.766
v -7.587 -98.287 -26.293
v -8.500 -95.554 -25.447
v -6.693 -94.484 -27.187
v -5.333 -100.066 -22.336
v -5.063 -99.432 -17.974
v -6.222 -91.030 -14.901
v -5.266 -88.635 -9.620
v -4.936 -92.008 -23.710
v -5.955 -89.882 -15.710
v -4.972 -88.528 -14.550
v -6.142 -88.668 -13.537
v -6.509 -83.949 -0.148
v -4.108 -84.464 -6.603
v -3.849 -82.266 0.148
v -5.219 -84.018 1.830
v -2.480 -101.965 -19.062
v -1.188 -84.068 -8.709
v -1.522 -85.826 2.823
v -4.355 -81.663 3.126
v -3.254 -81.986 4.292
v -3.093 -80.750 3.305
v 0.070 -101.270 -17.305
v 0.042 -90.074 -5.239
v -1.272 -91.169 -6.126
v -5.713 -85.248 -3.150
v 0.053 -85.068 -7.544
v 0.117 -82.722 3.766
v -59.262 48.822 -15.711
v -59.640 57.458 -2.316
v -58.346 55.836 -8.533
v -57.068 54.732 -3.547
v -57.236 56.248 -0.758
v -58.663 61.010 -1.380
v -55.347 64.550 -4.946
v -52.446 45.616 -21.183
v -57.354 46.965 -16.966
v -45.733 60.042 -27.300
v -55.028 47.669 -12.875
v -58.131 50.709 -11.098
v -53.849 49.773 -9.531
v -58.377 54.087 -9.608
v -56.391 52.842 -8.772
v -57.169 54.499 -8.910
v -55.439 53.835 -9.717
v -54.468 54.084 -7.668
v -55.171 57.121 -3.511
v -56.388 63.585 -2.955
v -54.258 62.666 -1.999
v -54.918 66.763 -4.090
v -54.936 69.028 -1.731
v -56.260 68.390 1.910
v -55.832 70.024 3.377
v -54.341 68.507 1.845
v -55.877 70.159 5.146
v -52.579 42.912 -31.275
v -55.316 48.112 -25.259
v -46.956 47.988 -34.993
v -51.215 44.542 -23.685
v -54.338 46.435 -14.583
v -50.828 51.897 -19.884
v -50.219 57.557 -11.733
v -54.492 50.778 -8.195
v -51.635 63.510 0.184
v -52.414 58.400 -2.961
v -53.485 67.141 -1.004
v -52.948 65.467 5.021
v -53.575 66.185 5.651
v -51.567 64.427 4.287
v -48.106 81.670 3.450
v -52.849 69.145 3.704
v -52.576 71.396 4.557
v -53.155 74.680 4.424
v -52.001 74.162 5.495
v -51.941 70.163 3.512
v -52.090 76.962 7.534
v -50.924 79.120 6.822
v -50.835 41.522 -32.127
v -47.429 43.392 -34.988
v -46.066 41.898 -27.773
v -44.563 54.435 -28.364
v -44.443 64.649 -14.408
v -45.340 62.588 -4.778
v -50.196 61.128 -2.512
v -49.282 62.213 -0.292
v -47.131 62.046 -0.804
v -50.869 62.448 3.477
v -30.221 83.570 -8.817
v -50.816 69.110 4.731
v -51.057 71.897 7.487
v -28.970 89.035 -10.110
v -50.301 77.236 7.784
v -47.672 76.394 10.277
v -48.090 76.061 8.775
v -50.785 79.896 9.987
v -47.633 77.800 12.288
v -46.285 85.316 18.189
v -48.041 80.588 14.602
v -45.706 31.024 -37.433
v -43.154 35.965 -39.768
v -46.764 35.382 -35.949
v -45.411 33.677 -36.754
v -47.258 39.721 -36.673
v -46.632 40.003 -35.977
v -38.424 41.712 -42.558
v -46.791 42.521 -36.362
v -45.403 41.061 -34.875
v -46.982 42.179 -32.587
v -43.866 37.212 -36.347
v -42.593 41.630 -32.448
v -43.970 42.885 -29.655
v -38.902 60.377 -35.080
v -38.260 57.209 -32.494
v -41.713 80.232 4.324
v -46.261 78.161 11.486
v -47.039 78.448 15.891
v -47.412 79.072 17.102
v -47.525 81.262 15.987
v -45.554 80.026 16.541
v -45.185 87.822 15.891
v -44.753 85.406 18.860
v -44.745 83.282 18.818
v -36.935 96.617 25.304
v -41.413 20.781 -40.856
v -43.134 23.567 -41.735
v -43.774 26.819 -40.203
v -41.855 32.474 -34.597
v -40.297 23.904 -37.227
v -42.436 31.411 -36.112
v -41.124 37.182 -34.783
v -33.697 40.910 -39.345
v -37.136 63.896 -27.733
v -43.007 81.879 16.614
v -43.017 81.977 20.019
v -41.015 83.888 19.585
v -43.010 84.842 20.304
v -44.188 85.881 20.208
v -44.787 87.404 18.091
v -44.955 86.872 21.733
v -42.471 87.738 22.903
v -40.740 92.319 23.930
v -42.370 90.086 22.937
v -40.446 87.486 21.581
v -41.003 90.252 25.184
v -38.892 10.249 -35.916
v -41.130 15.222 -38.152
v -39.874 16.440 -35.556
v -39.470 20.968 -37.335
v -31.740 17.113 -43.511
v -35.559 12.658 -33.025
v -38.855 17.267 -42.114
v -38.307 22.342 -43.434
v -36.021 27.806 -36.779
v -34.689 30.885 -42.270
v -34.457 35.054 -39.335
v -25.056 63.678 -39.562
v -34.128 66.269 -33.199
v -39.209 67.025 -19.227
v -30.724 77.316 -16.946
v -35.081 74.029 -10.244
v -40.112 85.475 21.536
v -39.015 85.812 19.722
v -30.525 92.652 25.622
v -38.540 87.743 24.731
v -36.814 88.226 22.973
v -39.993 91.574 25.336
v -38.167 88.985 25.273
v -37.033 95.347 27.218
v -36.535 9.830 -33.126
v -33.715 12.780 -40.028
v -31.670 14.870 -38.528
v -35.398 11.515 -32.417
v -32.476 13.759 -41.664
v -34.205 18.501 -43.099
v -33.105 24.426 -37.319
v -26.819 70.143 -27.733
v -36.954 89.393 24.041
v -36.278 90.858 26.753
v -34.376 90.161 25.809
v -34.445 98.342 21.169
v -35.507 93.643 26.237
v -35.751 92.559 26.680
v -36.040 94.921 29.461
v -27.425 100.271 16.694
v -34.273 96.306 29.956
v -30.837 13.173 -40.720
v -31.142 18.001 -35.751
v -27.116 19.607 -38.465
v -28.393 22.481 -44.685
v -30.497 28.670 -39.274
v -25.688 24.100 -34.671
v -27.630 35.595 -43.096
v -27.767 44.261 -44.183
v -28.212 53.023 -39.041
v -28.539 62.835 -34.613
v -9.196 85.024 -23.989
v -22.120 84.535 -16.002
v -20.463 93.430 -11.806
v -21.609 92.885 6.915
v -31.969 91.608 30.212
v -33.585 92.623 28.714
v -33.305 94.332 28.723
v -34.130 95.993 31.186
v -32.113 95.993 31.533
v -31.016 94.301 29.432
v -31.585 97.237 32.393
v -31.168 97.636 31.381
v -31.752 97.935 31.380
v -31.616 97.848 30.996
v -28.436 13.126 -44.149
v -29.515 12.517 -41.309
v -28.108 13.207 -40.133
v -29.347 13.362 -38.896
v -26.692 11.535 -41.146
v -28.753 20.067 -35.933
v -25.416 20.219 -35.491
v -16.814 36.636 -41.740
v -24.239 45.993 -41.592
v -29.818 73.350 -20.102
v -21.729 80.056 -19.729
v -13.382 93.445 -14.771
v -28.283 93.710 30.732
v -21.088 98.624 7.894
v -30.656 95.892 31.234
v -27.376 96.355 30.002
v -30.383 96.681 33.718
v -28.784 98.581 30.956
v -27.714 98.958 30.570
v -24.698 7.981 -32.841
v -23.961 9.888 -41.302
v -24.903 10.131 -35.679
v -26.070 13.157 -37.573
v -23.413 8.549 -30.037
v -24.359 17.391 -37.374
v -25.938 18.308 -38.644
v -23.592 18.813 -34.773
v -23.972 17.945 -48.381
v -20.093 29.941 -45.554
v -22.587 21.648 -34.370
v -25.013 31.269 -41.029
v -20.717 37.267 -46.873
v -18.523 53.918 -40.283
v -14.746 64.233 -36.569
v -19.942 58.962 -42.992
v -16.611 75.360 -25.259
v -11.745 95.716 15.719
v -26.401 94.440 29.331
v -25.860 94.425 30.837
v -22.413 94.522 30.098
v -25.917 97.868 32.418
v -24.016 94.808 32.164
v -24.164 98.069 34.061
v -21.307 99.607 31.626
v -21.879 7.234 -44.236
v -10.248 6.233 -48.154
v -19.880 6.857 -31.393
v -17.783 6.730 -26.950
v -19.871 11.318 -48.655
v -19.331 7.777 -38.605
v -20.372 9.959 -39.593
v -21.860 18.981 -33.737
v -20.423 19.962 -49.026
v -17.695 15.547 -35.470
v -19.804 12.511 -29.283
v -19.638 25.401 -47.673
v -19.345 22.676 -35.846
v -21.565 29.806 -42.068
v -22.609 31.970 -41.083
v -18.306 38.253 -48.037
v -16.143 43.432 -47.352
v -16.503 47.786 -40.058
v -14.970 77.064 -20.222
v -22.091 89.586 -7.529
v -21.887 95.821 32.987
v -19.990 96.329 35.214
v -21.141 97.813 36.763
v 0.052 102.117 20.383
v -21.851 98.064 34.150
v -17.509 6.090 -36.329
v -18.024 8.673 -37.091
v -14.282 1.308 -29.344
v -18.118 9.959 -37.619
v -18.212 9.959 -36.762
v -15.103 17.021 -48.757
v -14.783 11.249 -32.920
v -19.372 19.996 -37.405
v -16.365 17.267 -40.192
v -17.230 21.525 -50.059
v -17.191 24.427 -43.067
v -15.890 18.014 -43.737
v -18.100 25.258 -46.129
v -16.688 26.717 -40.408
v -16.438 32.922 -47.501
v -13.939 38.825 -42.744
v -15.500 68.068 -37.170
v -10.398 83.227 -18.832
v -13.841 95.163 4.081
v -18.447 93.976 34.120
v -19.789 94.062 34.635
v -18.903 97.862 36.752
v -11.882 98.499 -2.254
v -17.545 97.197 37.980
v -11.214 3.426 -44.454
v -16.937 5.713 -26.087
v -12.892 3.978 -25.493
v -13.924 8.532 -29.883
v -11.987 3.895 -24.786
v -14.975 10.308 -26.382
v -12.253 10.997 -48.005
v -14.285 15.708 -47.168
v -16.699 18.934 -47.464
v -15.046 30.862 -46.182
v -13.092 36.728 -45.951
v -12.898 37.120 -44.061
v -9.844 40.785 -47.428
v -7.977 44.710 -42.503
v -3.961 54.689 -42.205
v -10.769 74.873 -31.037
v -14.972 86.835 -13.411
v -11.773 91.486 -6.928
v -13.522 92.532 39.060
v -16.681 96.607 37.881
v -16.638 98.198 38.179
v -14.958 97.326 40.648
v -16.503 96.790 39.845
v -15.324 96.160 42.041
v -14.480 95.930 44.104
v -12.444 96.564 43.933
v 0.052 100.692 32.277
v -9.268 -12.728 -23.154
v -11.543 -10.050 -22.256
v -12.081 -2.930 -26.778
v -11.504 -4.892 -30.587
v -11.867 -5.609 -16.903
v -10.282 -5.280 -15.692
v -9.125 2.918 -37.979
v -7.648 -13.753 -25.632
v -12.604 -1.168 -20.231
v -12.249 1.609 -28.768
v -10.768 2.736 -26.472
v -11.490 1.966 -23.244
v -3.770 3.664 -41.588
v -6.736 9.262 -42.379
v -2.318 56.813 -43.962
v -2.326 58.864 -39.927
v -6.033 74.521 -25.693
v -7.899 77.085 -19.569
v -5.507 87.352 -7.701
v -11.308 92.030 39.466
v -12.511 91.628 40.624
v -5.327 93.818 32.016
v -12.263 94.305 42.653
v -10.901 93.412 44.276
v -9.220 93.597 45.434
v -10.223 94.481 48.094
v 0.052 97.852 41.822
v 59.366 48.822 -15.711
v -5.558 -11.879 -20.983
v 0.052 -13.958 -23.508
v -4.079 -4.931 -16.355
v -1.849 5.417 -32.216
v -7.476 9.721 -38.911
v -6.113 43.568 -45.882
v -3.431 76.790 -17.849
v 0.052 88.339 -8.547
v -8.891 91.143 43.374
v -6.689 90.090 46.278
v -4.038 90.979 -1.278
v -11.020 91.238 42.033
v -8.552 94.461 48.439
v 0.052 95.097 17.145
v -8.968 95.880 46.307
v -0.013 -4.915 -15.752
v -1.296 7.483 -39.762
v -1.458 46.067 -45.697
v -5.310 90.510 45.416
v -4.467 89.363 48.989
v -2.547 90.209 51.304
v -4.201 93.809 7.896
v -6.064 91.528 47.567
v -5.730 92.171 49.010
v -5.771 95.224 48.715
v -3.934 92.728 53.581
v 59.744 57.458 -2.316
v 58.450 55.836 -8.533
v 57.172 54.732 -3.547
v 57.340 56.248 -0.758
v 58.767 61.010 -1.380
v 55.451 64.550 -4.946
v 52.550 45.616 -21.183
v 0.052 70.529 -26.075
v 57.458 46.965 -16.966
v -3.042 92.576 54.477
v -1.938 91.580 51.848
v -1.720 93.886 52.332
v 0.052 91.174 52.749
v 0.052 92.473 53.815
v 45.837 60.042 -27.300
v 55.132 47.669 -12.875
v 58.235 50.709 -11.098
v 53.953 49.773 -9.531
v 58.481 54.087 -9.608
v 56.495 52.842 -8.772
v 57.272 54.499 -8.910
v 55.543 53.835 -9.717
v 54.572 54.084 -7.668
v 55.275 57.121 -3.511
v 56.492 63.585 -2.955
v 54.362 62.666 -1.999
v 55.022 66.763 -4.090
v 55.040 69.028 -1.730
v 56.364 68.390 1.910
v 55.936 70.024 3.376
v 54.445 68.507 1.845
v 55.981 70.159 5.146
v 52.683 42.912 -31.275
v 55.420 48.112 -25.259
v 47.060 47.988 -34.993
v 51.319 44.542 -23.685
v 54.442 46.435 -14.583
v 50.932 51.897 -19.884
v 50.323 57.557 -11.733
v 54.596 50.778 -8.195
v 51.739 63.510 0.184
v 52.518 58.400 -2.961
v 53.589 67.141 -1.004
v 53.052 65.468 5.021
v 53.679 66.185 5.652
v 51.671 64.427 4.287
v 48.211 81.669 3.450
v 52.953 69.145 3.704
v 52.679 71.396 4.557
v 53.259 74.679 4.424
v 52.105 74.162 5.495
v 52.045 70.163 3.512
v 52.194 76.962 7.534
v 51.028 79.120 6.822
v 50.939 41.522 -32.127
v 47.533 43.392 -34.988
v 46.170 41.898 -27.773
v 44.667 54.435 -28.364
v 44.547 64.649 -14.408
v 45.445 62.588 -4.777
v 50.300 61.128 -2.512
v 49.386 62.213 -0.292
v 47.235 62.046 -0.804
v 50.973 62.448 3.477
v 30.325 83.570 -8.817
v 50.920 69.110 4.731
v 51.161 71.897 7.487
v 29.074 89.035 -10.110
v 50.405 77.236 7.784
v 47.776 76.394 10.277
v 48.194 76.061 8.775
v 50.889 79.895 9.987
v 47.737 77.800 12.288
v 46.390 85.316 18.189
v 48.145 80.588 14.602
v 45.810 31.024 -37.433
v 43.258 35.965 -39.768
v 46.868 35.381 -35.948
v 45.515 33.677 -36.754
v 47.362 39.721 -36.673
v 46.736 40.003 -35.977
v 38.528 41.712 -42.558
v 46.895 42.521 -36.362
v 45.507 41.061 -34.875
v 47.086 42.179 -32.587
v 43.970 37.212 -36.347
v 42.697 41.630 -32.448
v 44.074 42.885 -29.655
v 39.006 60.377 -35.080
v 38.364 57.209 -32.494
v 41.817 80.232 4.324
v 46.365 78.161 11.486
v 47.143 78.448 15.891
v 47.516 79.072 17.102
v 47.629 81.262 15.987
v 45.658 80.026 16.541
v 45.289 87.822 15.891
v 44.857 85.406 18.860
v 44.849 83.282 18.818
v 37.038 96.618 25.304
v 41.517 20.780 -40.856
v 43.238 23.567 -41.735
v 43.878 26.819 -40.203
v 41.959 32.474 -34.597
v 40.401 23.904 -37.227
v 42.540 31.411 -36.112
v 41.228 37.182 -34.783
v 33.801 40.910 -39.345
v 37.240 63.896 -27.733
v 43.111 81.879 16.614
v 43.121 81.977 20.019
v 41.119 83.888 19.585
v 43.114 84.842 20.304
v 44.292 85.881 20.208
v 44.891 87.404 18.091
v 45.059 86.872 21.733
v 42.575 87.738 22.903
v 40.844 92.319 23.930
v 42.474 90.086 22.937
v 40.550 87.486 21.581
v 41.107 90.252 25.184
v 38.996 10.249 -35.917
v 41.234 15.222 -38.152
v 39.978 16.440 -35.556
v 39.574 20.968 -37.335
v 31.844 17.114 -43.510
v 35.663 12.658 -33.025
v 38.959 17.267 -42.114
v 38.411 22.342 -43.434
v 36.125 27.806 -36.779
v 34.793 30.885 -42.270
v 34.561 35.054 -39.335
v 25.160 63.678 -39.562
v 34.232 66.270 -33.199
v 39.313 67.025 -19.227
v 30.829 77.315 -16.946
v 35.182 74.031 -10.246
v 40.216 85.475 21.536
v 39.119 85.812 19.722
v 30.629 92.652 25.622
v 38.644 87.743 24.731
v 36.918 88.226 22.972
v 40.097 91.574 25.336
v 38.270 88.986 25.273
v 37.137 95.347 27.218
v 36.639 9.830 -33.126
v 33.820 12.780 -40.028
v 31.774 14.870 -38.529
v 35.502 11.515 -32.417
v 32.580 13.759 -41.664
v 34.309 18.502 -43.099
v 33.209 24.426 -37.319
v 26.923 70.143 -27.733
v 37.058 89.393 24.041
v 36.382 90.858 26.753
v 34.480 90.161 25.809
v 34.549 98.342 21.169
v 35.611 93.643 26.237
v 35.855 92.559 26.680
v 36.144 94.921 29.461
v 27.530 100.271 16.694
v 34.377 96.306 29.956
v 30.941 13.173 -40.720
v 31.246 18.001 -35.751
v 27.220 19.607 -38.465
v 28.497 22.480 -44.685
v 30.601 28.670 -39.274
v 25.792 24.100 -34.671
v 27.734 35.595 -43.096
v 27.871 44.261 -44.183
v 28.317 53.023 -39.041
v 28.643 62.835 -34.613
v 9.300 85.023 -23.989
v 22.224 84.535 -16.002
v 20.567 93.430 -11.806
v 21.713 92.885 6.914
v 32.072 91.608 30.212
v 33.689 92.623 28.714
v 33.409 94.332 28.723
v 34.234 95.993 31.186
v 32.216 95.993 31.533
v 31.120 94.301 29.432
v 31.689 97.237 32.393
v 31.272 97.636 31.381
v 31.856 97.935 31.379
v 31.720 97.848 30.996
v 28.540 13.126 -44.149
v 29.619 12.517 -41.308
v 28.212 13.207 -40.133
v 29.451 13.362 -38.896
v 26.796 11.535 -41.146
v 28.857 20.067 -35.933
v 25.520 20.219 -35.491
v 16.918 36.636 -41.740
v 24.343 45.993 -41.592
v 29.922 73.350 -20.102
v 21.833 80.055 -19.729
v 13.220 93.642 -14.637
v 28.387 93.710 30.732
v 21.190 98.625 7.893
v 30.760 95.892 31.234
v 27.480 96.355 30.002
v 30.487 96.681 33.718
v 28.888 98.581 30.956
v 27.818 98.958 30.570
v 24.803 7.981 -32.841
v 24.065 9.888 -41.302
v 25.007 10.130 -35.678
v 26.173 13.157 -37.572
v 23.517 8.549 -30.037
v 24.464 17.391 -37.375
v 26.042 18.308 -38.644
v 23.696 18.812 -34.774
v 24.076 17.944 -48.381
v 20.197 29.941 -45.554
v 22.691 21.648 -34.370
v 25.117 31.269 -41.029
v 20.821 37.267 -46.873
v 18.627 53.918 -40.283
v 14.850 64.233 -36.569
v 20.046 58.962 -42.992
v 16.714 75.360 -25.259
v 11.849 95.716 15.719
v 26.505 94.440 29.331
v 25.964 94.425 30.837
v 22.517 94.522 30.098
v 26.021 97.868 32.418
v 24.120 94.808 32.164
v 24.268 98.069 34.061
v 21.411 99.607 31.626
v 21.983 7.234 -44.236
v 10.352 6.233 -48.154
v 19.984 6.857 -31.393
v 17.887 6.730 -26.950
v 19.975 11.318 -48.655
v 19.435 7.777 -38.606
v 20.476 9.959 -39.593
v 21.965 18.981 -33.737
v 20.527 19.962 -49.026
v 17.799 15.547 -35.470
v 19.908 12.511 -29.283
v 19.742 25.401 -47.674
v 19.449 22.676 -35.846
v 21.669 29.806 -42.067
v 22.713 31.970 -41.083
v 18.410 38.253 -48.037
v 16.247 43.432 -47.352
v 16.607 47.786 -40.058
v 15.073 77.064 -20.222
v 22.195 89.586 -7.529
v 21.991 95.821 32.987
v 20.094 96.329 35.214
v 21.245 97.813 36.763
v 21.954 98.064 34.151
v 17.613 6.090 -36.329
v 18.128 8.673 -37.091
v 14.386 1.308 -29.344
v 18.222 9.959 -37.619
v 18.316 9.959 -36.762
v 15.207 17.021 -48.757
v 14.887 11.249 -32.920
v 19.476 19.996 -37.405
v 16.469 17.267 -40.192
v 17.334 21.525 -50.059
v 17.295 24.427 -43.067
v 15.994 18.014 -43.737
v 18.204 25.258 -46.129
v 16.792 26.717 -40.408
v 16.542 32.922 -47.501
v 14.043 38.825 -42.744
v 15.604 68.068 -37.170
v 10.502 83.227 -18.832
v 13.945 95.163 4.081
v 18.551 93.976 34.120
v 19.893 94.062 34.635
v 19.007 97.862 36.752
v 10.143 97.730 -6.010
v 17.649 97.197 37.981
v 11.318 3.426 -44.454
v 17.041 5.713 -26.087
v 12.995 3.978 -25.493
v 14.028 8.532 -29.883
v 12.091 3.895 -24.786
v 15.079 10.308 -26.382
v 12.357 10.997 -48.005
v 14.389 15.708 -47.168
v 16.803 18.934 -47.464
v 15.150 30.862 -46.182
v 13.196 36.728 -45.951
v 13.002 37.120 -44.061
v 9.948 40.785 -47.428
v 8.081 44.710 -42.503
v 3.931 53.528 -42.176
v 11.019 74.610 -31.206
v 15.076 86.835 -13.411
v 11.877 91.486 -6.928
v 13.626 92.532 39.060
v 16.785 96.607 37.881
v 16.742 98.198 38.179
v 15.062 97.326 40.648
v 16.607 96.790 39.845
v 15.428 96.160 42.041
v 14.584 95.930 44.104
v 12.548 96.564 43.933
v 9.372 -12.729 -23.154
v 11.647 -10.050 -22.257
v 12.185 -2.930 -26.778
v 11.608 -4.891 -30.586
v 11.971 -5.609 -16.903
v 10.386 -5.280 -15.692
v 9.229 2.918 -37.979
v 7.841 -13.709 -25.586
v 0.052 1.876 -38.950
v 12.707 -1.101 -20.306
v 12.353 1.609 -28.768
v 10.872 2.736 -26.472
v 11.594 1.966 -23.244
v 3.874 3.664 -41.588
v 6.840 9.262 -42.379
v 2.422 56.813 -43.962
v 2.430 58.864 -39.927
v 6.137 74.521 -25.693
v 8.003 77.085 -19.569
v 5.611 87.352 -7.700
v 11.412 92.030 39.466
v 12.615 91.628 40.624
v 5.431 93.818 32.016
v 12.367 94.305 42.653
v 11.005 93.412 44.276
v 9.325 93.597 45.434
v 10.327 94.481 48.094
v 5.631 -11.903 -20.981
v 3.858 -4.946 -16.358
v 2.266 5.809 -32.715
v 7.580 9.721 -38.911
v 6.217 43.568 -45.883
v 3.535 76.790 -17.849
v 0.052 81.743 -16.789
v 8.995 91.143 43.374
v 6.793 90.090 46.278
v 4.142 90.979 -1.278
v 11.124 91.238 42.033
v 8.656 94.461 48.439
v 9.072 95.880 46.307
v 0.052 3.549 -40.471
v 1.158 7.778 -39.238
v 1.562 46.067 -45.697
v 0.052 61.588 -40.924
v 0.052 79.012 -17.939
v 5.415 90.510 45.416
v 4.571 89.363 48.989
v 2.651 90.209 51.304
v 4.305 93.809 7.896
v 6.168 91.528 47.567
v 5.834 92.171 49.010
v 5.901 95.166 48.709
v 4.037 92.727 53.582
v 0.052 45.790 -44.540
v 0.052 46.497 -45.192
v -0.495 48.665 -41.324
v 0.052 89.647 49.843
v 3.146 92.576 54.477
v 2.042 91.580 51.848
v 1.807 93.868 52.336
v 0.052 -3.759 -34.347
v 0.052 68.195 -35.834
v 0.052 93.864 33.185
v 0.052 50.034 -40.494
v 0.052 56.245 -42.803
v 0.052 63.099 -35.004
v 0.052 69.033 -28.047
v 0.052 71.617 -24.292
v 0.052 74.945 -18.945
v 0.052 81.487 -28.782
v 0.052 93.978 4.862
v 0.052 48.867 -44.567
v 0.052 70.916 -25.468
v 0.052 45.994 -45.087
v 0.052 47.322 -44.883
v 0.052 51.028 -40.290
v 0.052 53.264 -40.076
v 16.600 14.984 -36.408
v 21.966 10.620 -36.877
v 21.476 11.071 -38.520
v 17.878 16.014 -38.486
v 19.201 10.338 -38.150
v 18.894 11.410 -36.770
v 20.485 10.416 -36.350
v 17.758 15.571 -36.827
v 15.884 16.038 -39.034
v 16.273 14.402 -38.566
v 15.962 14.181 -37.689
v 16.046 14.254 -37.220
v 16.045 14.236 -38.162
v 19.281 11.548 -38.780
v 18.630 11.282 -37.168
v 19.396 10.499 -36.749
v 19.383 10.502 -36.762
v 17.233 16.489 -37.737
v 17.000 16.530 -38.226
v 19.100 10.375 -37.244
v 20.403 10.584 -38.870
v 17.303 15.938 -36.831
v 19.965 10.322 -38.764
v 17.342 16.138 -37.092
v 15.182 15.233 -38.587
v 15.133 14.924 -38.177
v 15.266 14.705 -37.698
v 15.566 14.617 -37.223
v 15.266 14.705 -37.698
v 15.566 14.616 -37.223
v 19.965 10.322 -38.764
v 19.965 10.322 -38.764
v 17.303 15.937 -36.831
v 19.645 10.246 -38.563
v 15.134 14.923 -38.177
v 15.133 14.923 -38.177
v 15.182 15.233 -38.587
v 15.266 14.705 -37.698
v 19.098 10.374 -37.254
v 15.566 14.616 -37.223
v 23.450 30.041 -40.982
v 21.600 29.016 -43.465
v 22.764 27.774 -44.044
v 24.332 27.548 -43.649
v 25.236 28.776 -42.208
v 22.581 25.740 -35.915
v -16.496 14.984 -36.408
v -21.862 10.620 -36.878
v -21.372 11.071 -38.520
v -17.774 16.014 -38.486
v -19.097 10.338 -38.150
v -18.790 11.410 -36.770
v -20.381 10.417 -36.350
v -17.654 15.571 -36.827
v -15.780 16.038 -39.034
v -16.169 14.402 -38.566
v -15.858 14.181 -37.689
v -15.942 14.254 -37.220
v -15.941 14.236 -38.162
v -19.177 11.548 -38.780
v -18.526 11.282 -37.168
v -19.292 10.499 -36.749
v -19.279 10.502 -36.762
v -17.129 16.489 -37.737
v -16.896 16.530 -38.226
v -18.996 10.375 -37.244
v -20.299 10.584 -38.870
v -17.199 15.938 -36.831
v -19.861 10.322 -38.764
v -17.238 16.138 -37.092
v -15.078 15.233 -38.587
v -15.029 14.924 -38.177
v -15.162 14.705 -37.698
v -15.462 14.617 -37.223
v -15.162 14.705 -37.698
v -15.462 14.616 -37.223
v -19.861 10.322 -38.764
v -19.861 10.322 -38.764
v -17.199 15.937 -36.831
v -19.541 10.246 -38.563
v -15.030 14.923 -38.177
v -15.029 14.923 -38.177
v -15.078 15.233 -38.587
v -15.162 14.705 -37.698
v -18.994 10.374 -37.254
v -15.462 14.616 -37.223
v -23.346 30.041 -40.982
v -21.496 29.016 -43.465
v -22.660 27.774 -44.044
v -24.228 27.548 -43.649
v -25.132 28.776 -42.208
v -22.477 25.740 -35.915
v 25.600 -44.285 -53.773
v 27.075 -44.835 -50.907
v 26.317 -42.445 -52.289
v 25.879 -42.518 -49.803
v 21.771 -43.064 -43.567
v 26.461 -39.360 -54.360
v 26.467 -39.610 -52.846
v 23.563 -45.629 -54.361
v 20.111 -47.506 -52.464
v 24.033 -43.403 -55.804
v 25.582 -41.385 -54.225
v 21.577 -41.931 -49.619
v 17.252 -42.048 -44.029
v 23.445 -39.736 -54.548
v 22.787 -39.936 -53.766
v 17.930 -46.099 -55.579
v 20.417 -44.241 -44.095
v 22.109 -41.356 -56.978
v 19.401 -38.391 -52.839
v 20.213 -40.474 -56.141
v 19.332 -53.181 -52.168
v 18.748 -50.788 -51.610
v 18.009 -53.744 -51.211
v 18.852 -52.668 -49.730
v 17.461 -54.965 -45.075
v 19.553 -46.722 -52.730
v 18.653 -47.199 -48.720
v 18.863 -42.805 -39.854
v 19.353 -41.966 -26.169
v 20.683 -43.227 -24.255
v 18.155 -42.714 -29.788
v 17.528 -45.632 -19.745
v 17.029 -41.653 -55.092
v 16.258 -41.602 -46.224
v 16.843 -37.456 -24.798
v 16.935 -37.810 -20.371
v 17.322 -57.931 -45.464
v 15.534 -56.365 -40.642
v 16.482 -58.168 -43.691
v 14.547 -53.027 -50.404
v 14.892 -54.792 -47.868
v 16.002 -50.243 -50.553
v 14.749 -51.798 -38.656
v 16.199 -47.905 -53.381
v 15.668 -47.651 -47.646
v 18.031 -49.403 -46.392
v 17.776 -45.659 -43.528
v 11.793 -47.855 -53.670
v 17.746 -44.253 -43.002
v 14.784 -44.502 -36.355
v 14.113 -47.686 -24.357
v 15.961 -41.705 -39.207
v 17.158 -42.606 -35.276
v 15.871 -42.120 -17.665
v 13.814 -43.123 -48.873
v 13.637 -41.029 -28.123
v 15.679 -38.124 -24.278
v 15.287 -38.947 -21.547
v 14.562 -38.879 -16.926
v 14.381 -58.305 -47.057
v 9.312 -60.896 -48.738
v 8.580 -58.508 -50.108
v 15.337 -58.205 -37.154
v 13.640 -57.607 -35.836
v 14.325 -50.142 -45.100
v 13.638 -54.762 -41.573
v 14.203 -55.739 -33.870
v 14.110 -54.411 -31.591
v 13.197 -53.788 -31.427
v 15.342 -52.655 -51.252
v 13.282 -55.280 -51.824
v 12.151 -51.367 -41.790
v 14.605 -51.490 -52.466
v 13.423 -53.753 -53.019
v 12.432 -49.527 -29.574
v 12.494 -45.224 -50.866
v 14.723 -43.385 -46.499
v 13.310 -45.554 -29.976
v 10.966 -40.961 -20.599
v 13.840 -44.706 -53.923
v 14.927 -40.404 -53.958
v 12.775 -42.040 -30.537
v 14.044 -39.989 -16.971
v 13.794 -40.875 -41.699
v 12.724 -37.863 -38.802
v 12.419 -41.248 -24.196
v 15.452 -40.416 -22.469
v 11.504 -38.515 -26.500
v 13.149 -38.760 -35.451
v 12.964 -36.549 -32.116
v 13.730 -37.771 -27.516
v 12.043 -51.920 -32.106
v 7.392 -54.700 -51.836
v 12.051 -52.152 -48.482
v 4.165 -45.353 -48.486
v 8.168 -44.703 -52.266
v 11.009 -42.119 -28.113
v 12.319 -48.125 -25.784
v 9.168 -38.445 -34.660
v 10.490 -42.168 -30.264
v 11.583 -36.508 -37.824
v 10.554 -39.190 -30.910
v 10.951 -29.022 -30.075
v 8.113 -58.057 -51.462
v 5.532 -42.743 -50.719
v 8.703 -40.700 -22.984
v 9.784 -40.318 -24.971
v 9.408 -39.973 -23.135
v 9.090 -38.403 -31.172
v 7.049 -37.359 -27.310
v 7.806 -34.762 -25.277
v 8.130 -32.456 -28.666
v 8.095 -30.679 -23.509
v 8.482 -26.646 -27.859
v 5.198 -61.435 -47.740
v 2.640 -60.761 -46.036
v 3.241 -60.213 -49.371
v 1.622 -61.125 -50.856
v 1.227 -53.205 -52.487
v 4.380 -35.457 -26.250
v 4.824 -35.648 -23.937
v 5.190 -32.547 -22.491
v 5.456 -26.341 -29.091
v 2.902 -40.336 -50.918
v 2.369 -41.363 -52.675
v 2.660 -41.706 -48.205
v 2.236 -51.540 -47.744
v 4.723 -30.927 -27.588
v 4.135 -27.682 -28.950
v 0.818 -61.300 -49.733
v 1.733 -40.559 -50.433
v -25.496 -44.285 -53.773
v -26.971 -44.835 -50.907
v -26.213 -42.445 -52.289
v -25.775 -42.518 -49.803
v -21.667 -43.064 -43.567
v -26.357 -39.360 -54.360
v -26.363 -39.610 -52.846
v -23.459 -45.629 -54.361
v -20.007 -47.506 -52.464
v -23.929 -43.403 -55.804
v -25.478 -41.385 -54.225
v -21.473 -41.931 -49.619
v -17.148 -42.048 -44.029
v -23.341 -39.736 -54.548
v -22.683 -39.936 -53.766
v -17.826 -46.099 -55.579
v -20.313 -44.241 -44.095
v -22.005 -41.356 -56.978
v -19.297 -38.391 -52.839
v -20.109 -40.474 -56.141
v -19.228 -53.181 -52.168
v -18.644 -50.788 -51.610
v -17.905 -53.744 -51.211
v -18.748 -52.668 -49.730
v -17.357 -54.965 -45.075
v -19.449 -46.722 -52.730
v -18.549 -47.199 -48.720
v -18.759 -42.805 -39.854
v -19.249 -41.966 -26.169
v -20.579 -43.227 -24.255
v -18.051 -42.714 -29.788
v -17.424 -45.632 -19.745
v -16.925 -41.653 -55.092
v -16.154 -41.602 -46.224
v -16.739 -37.456 -24.798
v -16.831 -37.810 -20.371
v -17.218 -57.931 -45.464
v -15.430 -56.365 -40.642
v -16.378 -58.168 -43.691
v -14.443 -53.027 -50.404
v -14.788 -54.792 -47.868
v -15.898 -50.243 -50.553
v -14.645 -51.798 -38.656
v -16.095 -47.905 -53.381
v -15.564 -47.651 -47.646
v -17.927 -49.403 -46.392
v -17.672 -45.659 -43.528
v -11.689 -47.855 -53.670
v -17.642 -44.253 -43.002
v -14.680 -44.502 -36.355
v -14.009 -47.686 -24.357
v -15.857 -41.705 -39.207
v -17.054 -42.606 -35.276
v -15.767 -42.120 -17.665
v -13.710 -43.123 -48.873
v -13.533 -41.029 -28.123
v -15.575 -38.124 -24.278
v -15.183 -38.947 -21.547
v -14.458 -38.879 -16.926
v -14.277 -58.305 -47.057
v -9.208 -60.896 -48.738
v -8.476 -58.508 -50.108
v -15.233 -58.205 -37.154
v -13.536 -57.607 -35.836
v -14.221 -50.142 -45.100
v -13.534 -54.762 -41.573
v -14.099 -55.739 -33.870
v -14.006 -54.411 -31.591
v -13.093 -53.788 -31.427
v -15.238 -52.655 -51.252
v -13.178 -55.280 -51.824
v -12.047 -51.367 -41.790
v -14.501 -51.490 -52.466
v -13.319 -53.753 -53.019
v -12.328 -49.527 -29.574
v -12.390 -45.224 -50.866
v -14.619 -43.385 -46.499
v -13.206 -45.554 -29.976
v -10.862 -40.961 -20.599
v -13.736 -44.706 -53.923
v -14.823 -40.404 -53.958
v -12.671 -42.040 -30.537
v -13.940 -39.989 -16.971
v -13.690 -40.875 -41.699
v -12.620 -37.863 -38.802
v -12.315 -41.248 -24.196
v -15.348 -40.416 -22.469
v -11.400 -38.515 -26.500
v -13.045 -38.760 -35.451
v -12.860 -36.549 -32.116
v -13.626 -37.771 -27.516
v -11.939 -51.920 -32.106
v -7.288 -54.700 -51.836
v -11.947 -52.152 -48.482
v -4.061 -45.353 -48.486
v -8.064 -44.703 -52.266
v -10.905 -42.119 -28.113
v -12.215 -48.125 -25.784
v -9.064 -38.445 -34.660
v -10.386 -42.168 -30.264
v -11.479 -36.508 -37.824
v -10.450 -39.190 -30.910
v -10.847 -29.022 -30.075
v -8.009 -58.057 -51.462
v -5.428 -42.743 -50.719
v -8.599 -40.700 -22.984
v -9.680 -40.318 -24.971
v -9.304 -39.973 -23.135
v -8.986 -38.403 -31.172
v -6.945 -37.359 -27.310
v -7.702 -34.762 -25.277
v -8.026 -32.456 -28.666
v -7.991 -30.679 -23.509
v -8.378 -26.646 -27.859
v -5.094 -61.435 -47.740
v -2.536 -60.761 -46.036
v -3.137 -60.213 -49.371
v -1.518 -61.125 -50.856
v -1.123 -53.205 -52.487
v -4.276 -35.457 -26.250
v -4.720 -35.648 -23.937
v -5.086 -32.547 -22.491
v -5.352 -26.341 -29.091
v -2.798 -40.336 -50.918
v -2.265 -41.363 -52.675
v -2.556 -41.706 -48.205
v -2.132 -51.540 -47.744
v -4.619 -30.927 -27.588
v -4.031 -27.682 -28.950
v -0.714 -61.300 -49.733
v -1.629 -40.559 -50.433
v -3.978 -15.447 96.292
v -4.488 -17.601 95.917
v -5.395 -12.930 97.725
v -5.880 -13.980 96.696
v -5.212 -12.946 100.630
v -4.980 -13.607 99.382
v -3.802 -12.121 100.759
v -3.548 -10.539 97.503
v -3.456 -14.318 98.738
v -4.272 0.317 99.654
v -3.596 0.778 103.879
v -5.801 73.148 75.279
v -6.403 70.098 77.358
v -1.340 73.249 75.493
v -6.881 72.383 80.189
v -4.364 70.799 77.349
v -6.909 72.916 81.572
v -4.439 73.800 81.148
v -5.792 75.577 79.544
v -3.527 76.851 75.597
v -4.145 74.192 73.843
v -3.869 86.812 63.629
v -2.450 -23.324 94.686
v -1.707 -22.762 97.249
v 2.645 -24.114 94.112
v -2.027 -20.248 95.025
v -0.514 -24.213 94.859
v -0.324 -24.132 98.184
v -0.564 -8.603 102.278
v -2.274 -18.077 99.500
v -3.853 -16.722 99.776
v -3.153 -14.405 100.594
v -2.778 -9.423 98.384
v -2.969 -10.538 100.531
v -3.234 -8.197 98.340
v -0.523 -8.417 100.426
v 6.377 -11.028 97.396
v -0.836 -5.741 98.567
v -1.582 -6.810 100.650
v -1.409 -1.807 99.148
v -1.687 -7.034 102.390
v 0.573 -4.375 103.136
v -2.010 0.294 99.401
v -1.363 3.000 99.502
v 0.042 3.483 98.903
v -0.929 -0.297 99.147
v -0.536 2.269 104.067
v 0.623 1.177 103.997
v -3.927 4.252 100.482
v -3.306 5.556 100.109
v -2.209 6.431 99.815
v -0.010 2.977 100.109
v -2.718 5.136 104.257
v -0.877 8.485 101.332
v -0.925 6.398 104.260
v -1.360 7.886 104.264
v -1.431 11.397 99.807
v -1.149 13.375 104.176
v -2.265 13.810 100.161
v -0.090 9.700 99.266
v -3.318 19.167 100.436
v -1.763 19.223 100.900
v -2.604 16.504 100.491
v -1.240 18.487 102.384
v -2.116 17.958 103.959
v -0.581 19.280 103.796
v -0.543 16.406 102.112
v 1.128 16.374 104.070
v -3.105 21.995 100.146
v -1.682 21.588 101.566
v -2.081 24.175 99.663
v -1.249 23.545 101.013
v -0.598 22.544 100.926
v -2.991 21.921 103.344
v -1.532 19.945 102.652
v 0.324 22.294 103.725
v -3.072 26.413 99.312
v -2.533 25.429 100.832
v -2.725 25.311 103.127
v -2.371 27.015 102.974
v -0.259 26.476 103.084
v -3.069 28.884 98.981
v -1.899 30.605 98.797
v -1.753 28.869 100.266
v -0.039 27.415 99.009
v 0.367 31.815 98.365
v -0.445 30.719 99.908
v 0.780 27.798 102.995
v -2.636 28.966 102.515
v -2.955 32.992 98.171
v -1.948 33.142 100.356
v 0.752 32.469 102.213
v -2.204 32.936 102.264
v -0.707 31.007 102.245
v -1.085 38.329 96.927
v 2.154 34.188 102.076
v -1.711 35.488 97.965
v -1.247 38.459 98.917
v -2.051 37.861 97.606
v 0.354 35.706 97.771
v -1.079 35.914 101.675
v -1.896 38.973 96.836
v -1.874 39.189 101.092
v -1.064 37.967 99.638
v -1.149 38.835 99.502
v -1.852 39.445 100.279
v 0.211 38.788 101.083
v -0.147 38.558 99.312
v -2.338 42.052 95.678
v 0.458 40.608 99.420
v -0.269 43.009 95.607
v 0.163 39.397 96.813
v 0.642 43.404 97.742
v -1.354 41.957 100.258
v 0.502 43.775 99.841
v 0.204 39.765 97.826
v 0.571 46.697 94.073
v -2.022 44.568 95.020
v 2.237 45.429 95.807
v 1.364 46.103 94.340
v -0.275 44.882 98.083
v -3.335 47.381 93.477
v -4.043 51.227 91.472
v 0.368 49.784 92.739
v -2.557 47.463 98.418
v -1.793 48.395 93.430
v -2.041 48.388 98.370
v 2.695 48.527 98.433
v -2.506 50.494 97.629
v 0.637 51.391 91.964
v 1.376 48.417 93.183
v -0.797 53.475 91.697
v -2.945 52.089 97.209
v -0.872 54.842 90.577
v -1.680 56.630 89.625
v -0.624 58.478 89.843
v -0.998 59.638 87.443
v -1.493 56.535 91.926
v -0.137 56.465 93.051
v -0.098 54.356 94.488
v -0.104 56.383 95.282
v -1.105 57.447 94.725
v -2.802 61.059 86.022
v -1.278 61.776 86.212
v -0.867 60.108 88.525
v 0.300 59.069 93.628
v -2.919 62.364 88.141
v -0.516 63.225 85.171
v -1.354 63.306 88.820
v -1.854 63.068 91.799
v 0.879 61.335 89.435
v 0.603 62.625 92.189
v -1.053 66.639 82.315
v -0.493 66.185 89.373
v 0.120 70.027 78.569
v 0.470 70.820 80.224
v -1.371 69.465 84.803
v -1.028 68.009 81.056
v -1.330 74.103 74.761
v -1.733 73.601 81.744
v 0.975 72.280 82.976
v -2.967 75.049 73.329
v -1.642 76.830 76.824
v 0.036 75.939 73.730
v 1.136 75.704 80.063
v 0.051 77.831 78.438
v 0.572 75.215 78.415
v -1.105 81.625 68.147
v -1.815 82.406 66.591
v -1.955 83.706 68.930
v -2.271 84.964 70.136
v -0.684 85.212 71.184
v -0.154 83.512 69.389
v 2.504 84.567 71.117
v -0.460 81.705 70.571
v 0.263 86.619 59.604
v -3.197 86.232 59.300
v -2.629 88.865 62.472
v -3.758 85.240 60.980
v -3.283 85.796 63.318
v -0.543 84.786 62.947
v -0.582 85.667 63.972
v -3.975 88.273 65.717
v -0.450 87.131 63.762
v -0.748 88.098 66.074
v -2.135 89.926 50.726
v -1.804 91.431 51.996
v -2.322 91.175 52.842
v -1.258 89.514 53.365
v -0.517 90.548 50.597
v -2.248 92.939 55.471
v -1.423 88.616 56.047
v -0.967 90.854 55.664
v -0.377 90.736 60.214
v 0.029 92.472 57.483
v 0.939 89.323 64.672
v -1.386 93.502 52.936
v -0.190 92.051 53.499
v 3.358 93.943 52.443
v 1.644 -22.786 98.345
v 15.694 -14.403 100.060
v 0.171 -2.654 100.366
v 0.956 3.768 104.035
v 8.448 5.136 104.241
v 9.816 2.298 100.876
v 1.079 4.015 102.434
v 1.594 9.360 104.460
v 0.797 9.959 101.180
v 0.946 10.763 104.285
v 0.056 15.640 99.927
v 1.706 15.629 102.027
v 1.419 15.789 103.511
v 12.699 20.788 99.968
v 18.451 32.387 101.558
v 14.974 34.967 96.341
v 0.170 34.006 98.052
v 2.307 35.549 99.428
v -0.006 37.178 98.796
v 1.914 35.987 100.221
v 1.867 34.912 100.519
v 1.594 36.224 101.814
v 1.375 39.701 98.801
v 0.831 39.938 101.104
v 3.143 45.946 99.192
v 0.997 47.112 98.817
v 0.286 45.286 99.600
v 3.261 49.967 97.776
v 27.617 56.473 85.555
v 2.769 49.414 94.784
v 1.699 53.148 91.163
v 3.002 52.062 93.100
v 2.139 52.251 91.572
v -0.350 54.075 96.285
v 3.917 53.227 96.904
v 1.692 51.604 97.427
v 2.120 63.031 84.418
v 1.026 59.711 94.372
v -0.515 61.030 93.258
v 0.847 58.364 92.112
v 17.926 57.886 93.140
v 2.124 63.955 83.765
v 2.287 65.608 81.927
v 2.123 66.882 83.368
v 3.162 71.444 76.461
v 2.932 64.876 86.376
v 3.663 65.468 89.677
v 2.070 68.307 83.377
v 2.801 69.651 85.294
v 1.260 70.447 83.106
v -0.011 69.788 85.271
v 2.363 68.064 86.663
v 4.753 75.348 72.658
v 27.214 71.853 79.784
v 1.784 76.696 72.482
v 2.445 79.125 76.902
v 2.768 79.211 70.194
v 0.037 80.095 69.423
v 1.123 82.043 67.355
v 1.616 82.508 74.102
v 1.509 78.598 70.851
v 2.363 80.454 75.811
v 10.676 86.291 55.228
v 1.830 83.572 64.449
v 0.777 85.959 66.863
v 2.126 85.286 66.762
v 3.075 82.727 65.690
v 3.084 78.351 69.966
v 0.637 84.235 72.395
v 0.066 82.828 72.796
v 3.888 82.316 73.848
v 0.458 87.723 58.091
v 0.829 86.793 68.706
v 3.008 86.482 68.671
v 0.386 89.758 51.613
v 1.345 90.604 52.061
v 2.121 89.959 50.529
v 3.173 91.452 50.456
v 1.513 88.575 59.546
v 1.376 90.264 61.948
v 2.111 91.940 53.275
v 3.798 -23.799 97.787
v 4.806 -21.223 94.846
v 6.014 -22.022 98.528
v 6.829 -23.644 97.933
v 6.385 -22.235 94.761
v 20.165 45.689 98.184
v 4.712 66.630 88.088
v 4.630 76.170 73.035
v 5.212 77.505 73.280
v 23.286 74.624 70.909
v 5.832 78.741 76.830
v 4.496 77.271 78.324
v 4.179 85.644 70.322
v 4.220 90.336 48.398
v 5.064 90.756 46.167
v 6.309 92.196 49.433
v 4.670 94.207 51.740
v 3.714 94.170 51.178
v 9.973 95.152 47.423
v 13.239 -22.297 93.811
v 8.896 -23.206 93.864
v 9.647 -22.774 96.920
v 12.881 -22.294 98.389
v 26.665 84.502 64.595
v 9.567 90.534 44.929
v 6.949 90.590 46.704
v 8.082 91.147 44.163
v 8.916 92.557 45.649
v 12.401 -21.423 95.671
v 14.416 -23.126 96.949
v 15.221 -20.528 93.726
v 22.188 -7.913 95.013
v 21.040 10.465 98.212
v 27.592 89.546 42.592
v 11.036 91.809 41.965
v 10.420 91.054 43.814
v 13.083 91.816 40.978
v 13.487 94.671 41.833
v 12.084 94.146 43.780
v 11.378 93.229 45.639
v 12.284 95.935 45.091
v 14.247 96.018 44.433
v 15.517 -24.258 97.159
v 19.011 -23.212 96.514
v 17.591 -21.861 92.631
v 16.498 -20.906 96.606
v 19.668 5.075 101.788
v 28.473 36.214 92.755
v 14.068 92.838 38.243
v 14.724 94.557 39.469
v 16.249 95.216 37.505
v 17.461 93.129 37.402
v 17.122 94.319 37.828
v 15.819 98.092 37.988
v 14.285 96.588 42.048
v 16.094 96.863 40.963
v 18.245 -23.077 96.062
v 19.833 -21.814 96.557
v 19.713 -19.972 92.308
v 33.090 77.802 62.787
v 17.649 93.980 35.158
v 20.025 93.756 35.534
v 17.716 97.850 38.888
v 18.596 98.163 36.342
v 21.244 98.323 36.808
v 21.179 96.364 34.459
v 22.168 -23.717 89.720
v 21.785 -22.048 90.358
v 24.202 -22.220 89.146
v 22.430 -21.819 92.074
v 24.062 -24.219 93.179
v 21.934 -22.524 94.821
v 23.462 -22.452 94.385
v 23.544 -23.982 93.906
v 21.951 -20.697 95.764
v 30.377 -4.761 96.196
v 20.972 -19.926 93.438
v 32.167 61.818 85.693
v 23.489 94.753 32.516
v 21.435 98.550 34.592
v 25.062 98.618 34.039
v 25.406 -24.274 87.879
v 27.037 -23.901 87.120
v 27.432 -25.082 90.962
v 27.510 -23.046 92.155
v 35.177 -18.765 84.813
v 33.039 43.556 93.986
v 38.600 67.745 71.460
v 38.902 79.036 65.107
v 24.227 95.064 30.875
v 26.432 94.514 31.526
v 27.830 94.168 30.820
v 24.873 98.977 32.503
v 28.777 98.265 32.067
v 29.338 -25.717 87.359
v 31.538 -27.332 83.842
v 30.955 -26.782 86.709
v 29.944 -26.933 89.685
v 31.007 -24.440 89.933
v 35.720 -3.764 88.509
v 36.141 31.539 95.026
v 29.617 93.453 31.804
v 31.032 94.313 30.627
v 41.109 81.747 41.626
v 30.817 97.327 32.104
v 30.451 97.140 33.296
v 32.416 -29.445 87.092
v 33.894 -28.163 81.588
v 34.947 -28.943 82.660
v 32.970 -27.721 82.924
v 32.248 -26.845 88.545
v 34.462 -28.251 86.743
v 44.735 30.102 85.807
v 39.868 76.701 58.388
v 33.697 91.133 29.612
v 33.880 91.630 27.750
v 33.942 93.088 28.403
v 30.834 93.254 29.501
v 32.344 92.136 30.614
v 33.273 96.527 31.743
v 32.064 96.694 33.422
v 36.312 -29.478 85.055
v 36.067 -26.520 81.313
v 37.504 -27.544 84.869
v 37.890 -27.411 79.719
v 48.431 -11.733 81.490
v 43.018 46.192 82.417
v 41.990 65.386 77.344
v 47.732 69.907 67.444
v 49.552 73.752 43.257
v 35.718 90.136 28.317
v 37.497 88.875 26.620
v 36.153 90.442 26.622
v 36.621 92.624 28.002
v 37.897 94.732 25.841
v 36.008 95.687 30.465
v 50.191 75.820 53.428
v 39.691 -26.480 79.494
v 42.421 -28.103 76.217
v 38.596 -28.465 83.592
v 41.317 -26.510 82.180
v 47.093 -10.654 77.679
v 49.052 19.089 86.605
v 52.829 36.216 83.456
v 45.629 54.937 81.616
v 48.462 68.522 58.766
v 39.377 86.927 22.443
v 39.471 86.511 24.719
v 40.084 86.680 22.314
v 42.234 89.956 23.888
v 41.786 90.606 24.446
v 37.703 89.093 24.956
v 40.500 92.415 25.368
v 40.175 93.744 25.381
v 41.482 92.423 24.145
v 43.759 -27.395 75.114
v 44.997 -28.489 78.031
v 44.178 81.161 19.773
v 42.176 83.016 19.693
v 42.062 83.387 21.620
v 46.549 86.098 18.036
v 42.387 87.688 22.852
v 42.201 90.642 21.010
v 44.730 88.737 21.460
v 42.357 91.473 23.115
v 58.198 71.813 19.944
v 56.120 70.832 46.232
v 46.186 -29.902 70.505
v 44.413 -29.793 73.158
v 45.936 -28.811 71.700
v 49.616 -30.805 71.111
v 47.429 -28.576 75.760
v 47.449 -30.424 74.788
v 48.248 -29.250 74.422
v 48.362 -27.477 68.924
v 46.440 -27.732 70.058
v 58.187 -14.974 58.559
v 52.677 40.556 76.292
v 51.701 52.433 71.802
v 56.408 66.634 15.926
v 46.953 78.540 16.665
v 47.018 78.992 12.539
v 47.985 77.278 12.027
v 44.274 81.225 16.487
v 47.041 80.847 16.161
v 46.655 83.164 17.206
v 47.355 84.809 16.461
v 45.226 87.601 20.148
v 51.003 -42.356 17.639
v 49.833 -43.520 19.066
v 51.683 -43.356 21.707
v 49.771 -40.231 19.811
v 50.389 -44.134 23.062
v 50.607 -41.194 21.922
v 49.903 -41.237 27.437
v 51.404 -40.155 29.200
v 54.512 -35.425 29.818
v 51.076 -31.981 17.829
v 51.809 -32.557 14.667
v 49.475 -28.686 65.715
v 50.070 -29.599 67.744
v 50.135 -31.136 66.502
v 51.071 -30.329 65.251
v 51.751 -29.124 63.670
v 51.613 -31.309 67.616
v 49.133 -30.024 72.998
v 50.504 -29.228 70.924
v 51.496 -26.919 62.750
v 53.476 -25.213 68.987
v 54.761 57.498 70.876
v 55.730 61.810 49.517
v 50.768 72.531 5.907
v 50.678 73.789 7.752
v 49.235 76.325 8.297
v 52.070 77.794 7.712
v 50.345 78.468 7.339
v 51.158 79.191 9.755
v 49.907 80.032 11.095
v 49.929 81.089 12.814
v 48.893 82.221 13.961
v 49.018 82.526 16.074
v 53.869 -43.551 21.591
v 59.509 -35.699 22.927
v 55.041 -43.578 24.270
v 53.262 -37.678 16.976
v 54.714 -39.248 28.583
v 54.829 -34.803 25.925
v 54.676 -33.913 14.794
v 53.509 -32.820 15.263
v 57.355 -33.052 25.840
v 52.200 -32.135 63.689
v 50.863 -31.569 14.980
v 53.822 -29.984 13.927
v 56.689 -28.362 13.988
v 56.503 -27.206 19.147
v 52.735 -29.803 58.520
v 55.521 -30.205 55.324
v 54.883 -31.417 60.757
v 52.669 -31.252 65.470
v 57.116 -25.664 14.483
v 68.695 23.543 64.874
v 56.419 1.907 67.798
v 56.323 -8.458 66.118
v 60.394 24.220 76.292
v 58.447 25.500 73.166
v 64.644 31.981 63.110
v 53.391 58.787 -1.548
v 52.895 61.286 -2.143
v 52.122 62.486 -1.213
v 53.471 66.585 2.529
v 53.949 64.839 -2.293
v 54.176 65.938 -1.247
v 59.454 59.379 60.251
v 52.114 74.659 5.944
v 60.522 57.750 32.017
v 54.642 72.889 4.328
v 56.281 71.305 4.422
v 57.558 -40.531 28.521
v 55.002 -35.344 31.240
v 59.427 -37.578 30.295
v 55.136 -36.908 32.721
v 57.020 -37.593 32.926
v 56.811 -35.525 34.254
v 59.146 -38.601 34.461
v 60.522 -37.260 37.123
v 62.279 -23.087 29.848
v 55.882 -33.852 33.943
v 55.697 -34.780 35.904
v 58.281 -33.503 37.374
v 57.647 -32.863 38.311
v 56.213 -31.797 57.158
v 59.465 -33.697 51.149
v 56.666 -33.186 56.527
v 61.240 -26.773 17.149
v 57.084 -31.043 50.799
v 57.557 -29.838 52.071
v 59.249 -24.829 51.365
v 58.454 -30.546 48.355
v 54.533 -31.525 57.027
v 58.246 -24.682 13.368
v 57.823 -21.577 12.176
v 57.540 -16.175 14.638
v 58.901 -21.954 19.848
v 63.086 -31.618 45.991
v 62.342 -14.974 48.828
v 62.438 -2.036 54.096
v 65.398 35.365 69.194
v 55.799 50.718 -9.207
v 59.853 50.956 -11.188
v 56.429 54.570 -6.907
v 58.197 48.490 0.129
v 57.228 54.737 -3.250
v 57.746 62.354 -3.018
v 58.193 62.202 -3.513
v 55.501 66.453 -4.300
v 55.532 68.574 -1.514
v 56.917 69.255 1.369
v 55.821 70.467 4.658
v 53.661 70.214 3.402
v 61.020 -36.938 39.499
v 60.543 -35.352 40.896
v 61.528 -35.665 44.196
v 59.036 -35.139 39.815
v 58.698 -32.124 40.250
v 58.722 -33.180 42.086
v 59.700 -30.701 43.772
v 60.278 -34.047 46.847
v 58.498 -31.974 46.226
v 63.497 -19.047 36.663
v 62.235 -7.777 17.512
v 58.663 -16.883 13.223
v 61.063 -11.796 14.917
v 66.086 -7.592 18.982
v 63.677 4.223 58.363
v 60.051 37.278 -4.210
v 61.855 25.235 -1.338
v 62.261 32.665 4.648
v 60.995 42.035 -8.377
v 62.617 38.381 -8.102
v 59.118 38.529 -4.360
v 59.007 47.251 -8.664
v 63.651 46.126 8.317
v 65.677 40.567 -8.632
v 61.203 46.262 -5.431
v 64.760 40.556 55.663
v 59.633 58.493 -4.229
v 60.169 55.718 13.986
v 59.485 57.161 -5.722
v 59.845 58.830 -1.511
v 58.389 56.459 -1.359
v 68.780 44.238 51.072
v 67.125 43.550 -2.366
v 63.934 59.641 21.856
v 70.353 15.204 56.662
v 67.903 -11.244 25.416
v 63.757 -9.032 24.974
v 63.014 -7.520 39.960
v 64.116 -6.616 17.136
v 67.846 -0.267 33.560
v 63.808 -3.483 19.886
v 65.019 0.582 16.050
v 66.106 0.473 41.389
v 68.742 21.812 52.972
v 64.789 17.870 2.026
v 63.512 21.295 -0.748
v 63.368 24.209 -2.648
v 65.103 29.887 -4.592
v 68.898 28.113 12.030
v 66.419 42.581 15.085
v 70.626 -2.783 24.043
v 71.813 0.728 34.094
v 66.234 -0.794 15.886
v 67.906 -1.330 17.318
v 69.006 7.219 23.429
v 67.337 0.684 15.036
v 66.326 5.623 13.117
v 65.449 14.199 10.862
v 65.157 12.639 9.161
v 68.053 4.438 13.965
v 71.148 3.562 19.377
v 68.679 19.357 44.626
v 67.206 10.725 9.558
v 67.715 7.205 11.389
v 66.190 11.695 8.739
v 70.996 9.397 15.599
v 70.079 16.807 18.031
v 68.783 12.849 9.395
v 66.087 14.439 6.203
v 66.014 17.461 6.678
v 67.266 16.351 2.929
v 70.470 20.164 5.619
v 66.016 17.358 0.420
v 66.740 19.741 -1.583
v 69.509 22.609 15.938
v 69.507 22.665 -0.005
v 70.568 24.653 3.555
v 67.147 39.481 37.305
v 71.322 17.621 32.268
v 66.115 35.738 -8.304
v 69.099 28.512 -1.141
v 70.402 29.378 23.422
v 73.795 28.024 20.063
v 71.107 -0.280 21.698
v 72.229 2.128 23.488
v 72.809 17.751 16.882
v 72.947 12.183 20.406
v 69.910 20.225 26.984
v 71.508 19.743 10.347
v 70.949 32.354 58.748
v 74.572 16.075 30.596
v 47.755 -23.750 77.423
v -74.264 25.835 23.739
v -70.881 24.617 61.046
v -70.877 32.491 58.698
v -63.639 -30.468 42.485
v -64.412 -17.502 52.248
v -73.755 6.835 29.575
v -64.604 -17.808 21.071
v -72.594 6.035 22.021
v -70.804 2.516 18.821
v -72.185 1.881 23.835
v -72.035 10.812 17.167
v -67.751 7.150 11.847
v -69.022 7.044 14.731
v -65.653 -2.824 38.530
v -71.299 15.168 30.737
v -70.660 14.461 12.781
v -71.384 21.585 8.160
v -69.103 12.739 10.338
v -71.145 24.786 4.658
v -68.979 18.324 4.432
v -70.561 19.852 19.698
v -69.955 26.999 17.725
v -70.035 22.737 28.455
v -66.700 45.366 -1.511
v -69.444 41.779 53.620
v -68.669 -1.334 18.439
v -64.158 -7.482 17.266
v -65.872 -0.772 15.795
v -67.239 0.565 15.114
v -69.860 7.187 26.725
v -63.440 -8.866 23.892
v -66.667 5.439 13.254
v -67.484 3.897 14.807
v -68.408 8.319 20.617
v -66.743 3.077 46.927
v -68.788 22.962 52.289
v -65.780 11.079 57.660
v -64.709 11.691 10.774
v -69.586 14.561 17.646
v -65.938 9.826 10.336
v -66.359 11.754 8.634
v -68.904 19.503 44.047
v -66.594 14.689 6.024
v -67.023 17.878 12.834
v -66.916 19.658 -1.444
v -70.216 23.849 1.448
v -65.906 17.043 0.603
v -67.182 16.620 3.061
v -67.672 23.620 -0.978
v -68.288 22.159 10.201
v -64.341 18.424 1.867
v -65.590 40.762 52.384
v -65.566 27.901 -3.482
v -67.813 28.490 10.290
v -70.242 29.473 24.090
v -64.212 28.597 72.138
v -65.922 35.878 -8.292
v -64.110 46.959 10.007
v -64.057 39.116 69.241
v -65.309 40.556 -8.736
v -63.830 59.906 23.794
v -59.841 -35.266 19.343
v -59.762 -22.158 13.803
v -61.490 -35.461 45.478
v -63.209 -7.494 38.261
v -63.401 -7.485 16.916
v -62.416 -6.529 18.868
v -65.496 2.823 17.080
v -62.893 -2.527 51.090
v -65.802 4.546 14.164
v -59.490 -2.402 61.519
v -58.647 -16.026 65.478
v -65.555 15.622 6.485
v -59.559 24.610 71.975
v -63.783 21.477 -0.879
v -61.767 25.194 0.187
v -63.091 23.499 -2.205
v -62.942 30.015 -3.708
v -62.235 35.729 5.525
v -64.781 32.693 62.514
v -60.902 42.625 -8.382
v -62.050 38.263 -7.583
v -53.487 68.499 43.228
v -55.438 54.643 63.125
v -59.709 56.801 -6.243
v -60.220 54.236 65.051
v -61.496 57.653 -1.356
v -60.634 57.771 27.719
v -56.457 66.968 55.957
v -58.444 71.547 20.031
v -59.372 -37.418 31.510
v -61.111 -36.496 38.238
v -59.697 -34.082 38.350
v -61.201 -36.793 43.009
v -59.706 -34.924 40.505
v -60.107 -35.159 42.724
v -60.275 -35.466 46.718
v -60.380 -34.498 48.782
v -60.126 -31.406 17.353
v -58.647 -32.622 44.800
v -59.226 -31.729 43.615
v -63.403 -19.608 37.108
v -59.090 -32.348 53.202
v -59.513 -28.331 27.560
v -62.123 -24.289 29.913
v -58.555 -28.318 50.657
v -57.247 -30.804 57.417
v -61.874 -15.157 49.966
v -60.741 -17.383 15.562
v -61.071 -17.769 22.767
v -58.395 -16.827 13.306
v -57.598 -16.380 15.067
v -57.129 -14.395 60.230
v -57.726 6.825 67.214
v -61.095 35.096 1.745
v -53.622 37.524 82.443
v -59.373 38.464 -4.894
v -50.127 44.937 77.714
v -58.336 47.423 0.007
v -52.457 52.460 70.834
v -51.555 51.860 78.303
v -61.161 46.049 -5.799
v -60.561 49.110 -11.013
v -60.130 48.805 -10.056
v -57.370 54.767 -3.229
v -58.364 48.017 -8.709
v -59.484 53.815 7.930
v -59.631 58.178 -4.319
v -60.085 59.007 -2.891
v -56.999 68.885 1.829
v -58.089 68.794 5.568
v -54.666 -39.244 17.827
v -55.980 -40.650 25.434
v -57.850 -39.010 28.900
v -56.759 -37.835 29.189
v -56.113 -34.797 14.263
v -59.182 -35.192 29.914
v -58.946 -34.632 30.562
v -55.603 -34.719 31.852
v -56.012 -34.505 30.454
v -57.318 -35.026 35.589
v -56.000 -34.524 36.519
v -55.988 -30.113 14.125
v -57.231 -33.774 25.322
v -55.221 -34.665 22.952
v -56.490 -28.277 20.156
v -58.005 -32.198 26.975
v -55.263 -34.515 29.891
v -57.517 -32.882 37.964
v -57.605 -33.658 39.666
v -57.765 -32.294 48.731
v -59.083 -34.581 49.983
v -57.733 -30.780 50.521
v -56.934 -30.963 51.872
v -57.069 -32.466 55.611
v -57.004 -29.642 53.128
v -56.243 -30.257 54.533
v -54.809 -31.133 61.312
v -57.728 -23.843 13.426
v -56.402 -27.417 14.893
v -57.732 -21.395 12.414
v -54.852 -8.758 68.090
v -51.011 25.932 85.888
v -58.855 52.833 -10.307
v -55.846 50.970 -8.947
v -55.736 54.388 -0.111
v -57.026 55.109 -7.622
v -53.258 58.713 -1.119
v -58.057 55.989 -0.889
v -58.883 61.128 -1.542
v -54.480 57.759 -2.015
v -51.662 64.317 68.697
v -59.965 60.661 -1.356
v -59.522 59.349 -2.746
v -58.025 62.256 -3.129
v -55.615 67.857 13.856
v -55.632 65.362 -4.606
v -53.264 66.884 2.173
v -56.187 71.058 4.150
v -52.728 -38.268 17.939
v -54.827 -39.889 22.776
v -55.306 -37.591 22.833
v -53.644 -37.059 21.263
v -53.320 -37.657 23.352
v -54.878 -39.693 26.271
v -54.012 -38.835 31.063
v -51.820 -38.622 26.347
v -54.781 -33.586 14.962
v -52.940 -34.431 16.699
v -52.277 -32.001 18.586
v -52.713 -37.647 29.849
v -51.613 -31.982 14.901
v -53.168 -31.240 64.513
v -56.226 -29.074 56.927
v -54.948 -31.129 59.488
v -55.097 -28.624 56.549
v -51.920 -31.019 67.122
v -46.877 -26.884 70.581
v -48.980 -30.855 73.309
v -49.496 -1.645 76.921
v -50.811 10.626 78.515
v -48.895 -12.361 80.775
v -49.371 24.681 82.246
v -48.446 68.547 58.523
v -54.082 63.693 -1.958
v -53.960 59.423 -2.282
v -52.088 62.005 -1.272
v -55.826 66.106 -4.955
v -54.878 66.681 -4.407
v -53.930 66.997 -2.058
v -55.467 68.646 -1.428
v -55.911 68.224 1.649
v -53.152 68.341 4.062
v -52.244 72.227 21.857
v -55.926 71.155 4.165
v -55.977 69.667 3.381
v -56.156 70.529 5.011
v -56.266 71.121 4.448
v -56.113 70.889 4.233
v -52.570 69.855 3.804
v -52.731 73.055 5.019
v -53.135 76.074 6.687
v -50.289 77.299 49.380
v -46.880 85.809 17.184
v -51.599 -30.081 63.805
v -52.680 -31.626 61.818
v -49.664 -29.339 65.210
v -48.900 -28.314 67.513
v -52.386 -30.097 61.250
v -52.605 -29.199 62.166
v -51.552 -28.285 61.583
v -51.348 -29.350 69.420
v -50.230 -28.354 68.761
v -46.270 -29.662 72.070
v -47.420 -11.787 77.071
v -45.394 -25.468 74.240
v -42.655 33.201 86.623
v -44.295 63.726 76.834
v -51.815 70.190 4.665
v -51.160 72.583 7.314
v -49.813 75.808 8.143
v -43.242 82.056 20.227
v -51.052 78.624 7.845
v -50.975 79.492 10.952
v -47.882 77.349 12.362
v -49.237 82.445 15.259
v -45.563 -29.433 71.345
v -47.521 -29.274 73.511
v -47.324 -26.703 75.356
v -45.999 -29.633 75.039
v -45.742 -29.721 76.090
v -45.754 -27.438 77.787
v -39.317 34.352 92.941
v -38.852 50.087 88.637
v -42.127 64.088 71.985
v -43.297 77.126 63.199
v -47.170 78.729 16.881
v -45.696 79.888 16.897
v -42.543 80.157 43.170
v -48.257 79.115 12.678
v -46.980 78.153 11.865
v -47.555 81.661 16.283
v -45.482 84.035 18.705
v -45.113 -28.877 72.824
v -43.930 -27.033 74.877
v -43.722 -26.791 79.793
v -43.926 -28.145 78.700
v -43.008 -25.833 76.345
v -41.546 -26.332 77.826
v -42.603 -25.962 79.634
v -38.489 -9.405 85.323
v -25.080 3.407 100.053
v -32.397 14.008 91.802
v -34.690 62.819 83.927
v -31.534 75.374 74.843
v -35.871 77.248 62.129
v -37.232 83.854 45.374
v -43.744 81.728 16.760
v -41.533 83.870 20.029
v -44.316 85.889 20.656
v -44.897 86.880 18.908
v -43.187 85.016 20.510
v -43.101 88.243 22.741
v -42.274 86.296 22.807
v -45.365 87.542 21.591
v -40.875 93.154 24.484
v -39.836 -26.822 79.344
v -40.206 -29.268 81.110
v -40.179 -27.716 82.817
v -33.459 -8.142 93.686
v -36.051 48.718 85.548
v -30.617 73.477 70.427
v -32.744 81.728 65.540
v -34.074 96.448 32.055
v -39.826 86.037 19.799
v -40.572 85.650 22.281
v -40.930 87.884 22.088
v -38.767 87.278 24.940
v -41.292 90.100 24.887
v -40.312 90.302 23.903
v -37.662 91.622 26.924
v -38.286 -27.125 80.582
v -35.786 -30.172 81.003
v -38.548 -26.482 82.451
v -37.669 -29.066 84.163
v -34.782 -27.897 86.911
v -32.406 -28.972 83.671
v -29.805 -3.851 92.419
v -28.603 30.141 93.681
v -28.993 61.678 81.355
v -29.032 88.914 42.918
v -38.687 88.924 25.380
v -37.318 89.065 24.620
v -37.489 89.996 26.377
v -36.882 89.222 25.738
v -37.798 94.672 26.863
v -36.128 92.828 26.577
v -34.872 91.017 26.435
v -36.710 95.319 29.958
v -35.782 94.004 26.510
v -32.014 -27.579 84.555
v -31.593 -27.612 88.686
v -27.373 31.182 98.984
v -24.723 43.161 92.257
v -20.771 48.892 97.092
v -27.147 53.385 87.404
v -34.171 91.440 28.335
v -32.945 92.057 30.010
v -33.368 93.841 28.937
v -34.670 95.694 30.374
v -30.942 97.022 33.715
v -29.034 -24.437 86.737
v -31.677 -27.181 85.688
v -31.829 -25.927 89.104
v -28.607 -25.493 90.829
v -27.750 -23.567 91.913
v -22.762 -20.797 95.398
v -17.188 -17.603 98.984
v -19.076 5.077 98.859
v -31.559 92.622 30.428
v -31.155 93.102 27.934
v -31.337 95.309 30.884
v -28.457 94.031 30.841
v -29.353 94.882 31.096
v -26.366 -22.897 88.930
v -24.760 -24.456 93.027
v -14.417 23.264 99.156
v -17.158 30.109 102.002
v -22.499 65.620 86.538
v -28.444 98.494 31.016
v -27.500 96.488 30.166
v -26.650 94.564 30.277
v -23.867 94.766 32.300
v -26.685 98.405 32.392
v -24.829 -23.257 90.857
v -22.341 -19.998 93.668
v -21.649 -22.928 91.480
v -15.627 -21.100 93.591
v -9.689 85.058 57.960
v -22.879 94.966 31.608
v -21.725 93.944 34.325
v -22.264 98.666 34.171
v -24.320 98.601 34.442
v -21.247 98.073 37.132
v -21.004 -21.651 93.222
v -21.719 -20.303 94.518
v -19.810 -21.741 92.547
v -18.828 -19.604 95.858
v -20.692 -22.051 95.798
v -19.347 -21.192 96.663
v -17.856 -22.190 96.647
v -11.495 2.760 103.601
v -10.421 4.323 101.268
v -6.680 78.715 68.311
v -4.459 88.373 65.941
v -20.574 96.168 34.984
v -19.665 98.306 36.636
v -16.888 97.354 40.116
v -17.937 -21.444 94.189
v -16.034 -20.079 96.289
v -16.188 -21.474 97.560
v -14.304 -23.784 97.051
v -17.133 93.902 36.080
v -13.759 92.528 39.345
v -12.339 91.569 41.449
v -12.229 94.145 49.665
v -18.879 98.286 37.576
v -16.912 97.105 38.503
v -14.321 94.439 39.872
v -15.054 95.938 43.880
v -15.244 96.941 40.195
v -11.455 -24.902 93.225
v -13.958 -22.816 93.724
v -10.984 -23.368 97.587
v -11.726 -22.407 95.363
v -5.370 -12.923 100.940
v -3.036 -10.015 101.942
v -2.977 17.598 100.726
v -12.406 92.750 40.760
v -13.159 96.220 44.287
v -10.481 92.495 43.902
v -11.262 94.766 48.187
v -9.458 -24.077 94.531
v -7.573 -22.386 94.496
v -6.250 -13.506 96.977
v -2.433 16.252 100.174
v -3.833 26.203 99.266
v -2.486 41.334 95.952
v -2.205 39.882 101.090
v -2.208 55.898 89.563
v -1.667 57.555 95.560
v -2.968 61.262 85.915
v -3.761 70.479 76.992
v -7.100 71.393 76.631
v -4.411 74.558 73.700
v 0.659 83.824 73.148
v -11.706 93.169 41.989
v -9.530 91.392 43.679
v -9.005 90.637 45.121
v -6.849 90.491 46.777
v -10.221 93.880 47.017
v -9.124 93.973 45.892
v -9.521 95.357 46.995
v -8.965 94.660 48.575
v -7.298 -23.523 98.177
v -6.099 -22.366 94.676
v -4.658 -22.251 98.431
v -5.381 -22.731 97.937
v -4.552 -21.646 94.859
v -5.391 -23.239 98.371
v -5.231 -22.789 98.410
v -3.977 -16.915 99.909
v -5.422 -13.419 99.020
v -3.654 -15.102 97.397
v -3.986 -12.584 99.582
v -3.422 -8.570 98.283
v -3.708 0.032 103.807
v -4.364 -0.256 99.868
v -0.986 8.552 104.660
v -3.200 21.763 103.719
v -2.342 28.621 99.033
v -2.400 35.505 97.602
v -3.660 49.698 92.203
v -3.944 51.661 91.533
v -7.210 72.986 81.278
v -5.995 69.904 77.573
v -4.555 73.633 80.873
v -2.437 73.017 75.088
v -5.725 75.862 79.432
v -0.802 69.770 85.511
v 0.462 76.558 72.953
v -0.768 80.545 69.376
v -1.237 85.507 70.887
v -5.534 90.151 48.111
v -2.836 89.285 63.925
v -6.568 91.379 47.551
v -5.585 90.813 46.078
v -6.039 92.447 48.620
v -6.024 92.073 49.901
v -1.971 89.868 51.607
v -6.391 94.641 48.544
v -5.659 94.359 50.784
v -2.871 -26.862 93.088
v -1.873 -25.172 93.973
v -2.216 -23.346 94.688
v 0.490 -26.769 92.504
v -1.605 -26.406 94.884
v -2.318 -23.606 95.149
v -4.101 -23.163 98.388
v -1.905 -20.814 95.170
v -4.734 -23.219 98.358
v -4.170 -22.731 98.371
v -1.721 -23.525 98.255
v -4.648 -17.377 95.939
v -2.266 -18.074 98.018
v -2.729 -17.691 99.792
v -3.337 -14.973 100.479
v -4.159 -11.187 97.472
v -2.761 -10.395 99.341
v -1.537 -6.877 100.754
v -1.442 -9.236 98.293
v -0.991 -8.510 102.371
v -0.507 -7.979 100.631
v -1.969 -7.019 102.594
v -1.842 0.145 99.352
v 0.210 -0.298 101.397
v -2.245 2.405 99.907
v -4.187 1.294 100.032
v -3.177 1.533 103.664
v 0.245 2.931 100.306
v -2.619 4.425 104.198
v -4.057 1.467 104.078
v 0.625 2.690 102.640
v -4.237 3.959 100.175
v -3.005 6.369 99.847
v -2.313 6.031 99.980
v -0.812 3.839 99.829
v -1.760 6.173 104.180
v -0.940 7.522 102.209
v -2.478 13.714 100.251
v -1.848 13.835 104.402
v 0.042 16.459 102.078
v -2.555 17.980 104.039
v -1.204 19.375 104.009
v -1.292 18.143 102.600
v -1.532 21.663 101.535
v -2.988 23.622 99.450
v -1.216 23.432 100.800
v -0.759 24.974 100.782
v -1.494 23.850 103.559
v -2.996 25.479 100.750
v -3.225 26.577 103.009
v -1.429 26.667 99.221
v -1.324 25.653 100.672
v -2.245 24.725 102.470
v -2.108 31.896 98.110
v -1.618 28.884 100.403
v -0.189 27.569 99.110
v -2.863 28.956 102.696
v -1.604 30.589 101.447
v 0.215 27.090 103.221
v -1.369 30.994 102.454
v -3.152 33.193 98.047
v -1.900 33.314 100.376
v 0.008 34.206 98.102
v 0.356 32.129 98.438
v -2.026 33.868 102.117
v -2.076 32.529 102.224
v -2.213 39.061 96.689
v -1.298 38.635 99.286
v -1.354 36.440 101.763
v -2.247 44.695 94.958
v -0.352 43.180 95.536
v -0.330 44.874 98.278
v -1.562 42.033 100.630
v -2.823 47.022 93.744
v -2.153 47.403 97.154
v 0.957 46.499 94.276
v -2.806 47.476 98.685
v 0.580 46.886 99.098
v 2.536 50.151 97.882
v 1.026 48.484 93.196
v -2.783 50.295 97.840
v -3.425 52.244 97.237
v 1.652 51.756 97.208
v -1.507 56.524 92.000
v -0.393 63.211 85.256
v -2.689 62.494 88.738
v -1.075 61.816 86.077
v -1.362 63.314 88.894
v -2.148 63.076 91.769
v -0.027 69.738 78.697
v -2.979 72.230 79.689
v -3.445 76.581 76.225
v -1.295 73.717 74.822
v -0.381 74.918 77.652
v -2.326 73.426 81.849
v 0.769 72.477 82.780
v -1.496 76.724 76.921
v 1.029 76.457 79.792
v -2.057 77.732 78.140
v -2.065 82.492 66.332
v -3.373 84.729 62.125
v -3.047 86.456 59.006
v -3.640 86.693 63.558
v -0.538 84.681 63.339
v -0.253 86.433 64.110
v 0.032 87.269 67.716
v -1.627 88.322 55.214
v 0.130 86.877 59.289
v -3.320 87.667 66.908
v -0.354 88.848 65.146
v -3.978 93.169 54.158
v -2.720 92.607 53.978
v -1.955 92.716 55.803
v -2.685 93.379 54.135
v -0.951 90.794 54.762
v -0.169 92.271 57.652
v -2.299 93.643 53.019
v -0.416 -24.764 93.900
v 2.074 -27.297 93.882
v 0.974 -24.847 94.234
v -0.581 -5.545 99.094
v 0.524 -4.485 102.983
v 0.080 -1.093 103.696
v -0.003 1.136 103.807
v 0.706 4.075 104.286
v 0.703 3.832 102.085
v -0.328 9.356 99.408
v 0.661 10.613 101.795
v 1.291 9.735 104.551
v -0.009 15.510 99.994
v 1.661 15.205 102.247
v 0.754 16.095 104.264
v -1.081 19.773 101.917
v 0.039 22.160 103.634
v -0.505 30.673 100.178
v 1.288 34.116 101.423
v 0.849 32.031 102.504
v 0.625 35.872 98.291
v 1.743 35.628 100.917
v 2.473 35.955 99.548
v 2.127 35.328 102.048
v -0.473 38.582 96.840
v 0.266 39.612 97.911
v 0.158 40.657 100.624
v 0.085 38.796 101.275
v 1.400 40.375 98.833
v 0.005 43.414 100.088
v 0.829 43.633 97.931
v -0.090 45.263 99.584
v 1.937 45.539 95.165
v 2.817 45.922 99.419
v 2.585 49.316 94.291
v -1.157 48.734 98.434
v 2.940 48.744 98.370
v -0.662 53.354 91.398
v -0.439 55.385 92.293
v -0.258 55.025 93.917
v 0.354 53.918 94.046
v 2.668 52.849 92.409
v 2.228 51.908 92.286
v -0.508 53.764 96.927
v -1.001 59.131 88.190
v 0.184 57.100 93.011
v -0.063 60.121 90.863
v 0.959 58.059 92.213
v 0.387 59.806 94.169
v -0.952 60.563 88.480
v -1.191 61.167 93.547
v 0.852 61.871 90.253
v 1.754 65.752 81.935
v 1.596 64.541 83.406
v 2.514 63.626 84.259
v 4.037 65.835 89.253
v -0.566 66.158 89.382
v 0.380 62.472 92.611
v -1.420 66.607 81.382
v -1.429 68.460 83.940
v 0.698 66.197 82.762
v 2.171 68.483 83.489
v 2.428 67.300 84.045
v 2.861 69.201 85.822
v 2.229 68.286 87.009
v 0.620 70.097 80.493
v 1.236 70.152 84.053
v 1.159 75.155 79.054
v 2.394 78.499 70.498
v 2.782 78.964 69.836
v 4.177 74.944 72.776
v 2.347 78.916 77.307
v 1.597 80.629 75.832
v -0.743 83.264 69.103
v 1.654 82.438 74.132
v 1.069 83.736 64.877
v 2.995 82.845 65.332
v 0.320 86.031 66.191
v 1.579 84.622 66.187
v 2.022 82.087 67.004
v 2.435 84.872 71.560
v -0.628 87.782 56.921
v 0.938 89.102 59.398
v 1.506 88.387 59.923
v 1.300 90.245 62.734
v 3.412 85.394 67.522
v -0.563 91.043 60.174
v 3.768 52.953 97.079
v 3.226 65.222 86.467
v 4.097 67.262 87.761
v 2.103 77.436 73.177
v 5.281 77.139 73.393
v 3.636 77.000 77.742
v 5.685 78.605 77.082
v 3.465 82.495 73.971
v 3.577 81.295 74.906
v 3.891 85.684 69.807
v 14.605 -32.115 -14.444
v -0.191 -39.334 4.609
v 15.474 -12.993 -21.034
v 15.474 -32.651 -15.358
v 13.380 -31.254 -15.544
v 2.803 -3.713 -17.359
v 0.052 -17.199 -7.534
v 7.116 -38.941 4.956
v 4.702 -14.278 -25.685
v 5.862 -7.749 0.246
v 4.966 -41.175 -0.380
v 2.844 -42.195 3.514
v 2.160 -35.717 -5.107
v 1.939 -37.428 -13.342
v 3.959 -37.570 -7.643
v 3.328 -33.127 -3.460
v 4.843 -34.094 -1.175
v 0.052 -28.873 -19.979
v 4.282 -28.661 -18.241
v 3.622 -22.892 -4.336
v 6.774 -23.316 0.265
v 2.748 -19.884 -7.882
v 5.578 -15.075 -5.318
v 7.762 -16.718 -5.803
v 6.216 -11.371 0.586
v 5.772 -8.625 1.186
v 8.301 -7.509 -6.256
v 7.300 -9.406 -3.679
v 5.907 -9.159 -2.330
v 9.296 -4.324 -15.602
v 5.596 -43.935 0.942
v 5.860 -43.070 2.947
v 5.175 -43.129 -0.240
v 7.616 -43.260 1.847
v 9.350 -41.570 4.864
v 12.133 -34.708 -11.624
v 4.723 -34.170 1.272
v 9.576 -30.916 3.958
v 4.554 -32.513 -16.982
v 7.152 -32.768 -16.732
v 8.550 -30.961 2.457
v 9.213 -22.427 -20.403
v 8.127 -27.267 1.418
v 7.664 -22.640 -20.850
v 8.492 -21.698 -3.979
v 8.168 -22.878 -1.798
v 8.567 -19.902 -5.407
v 11.284 -13.808 -22.113
v 9.559 -11.915 -22.989
v 7.301 -12.569 -4.487
v 6.843 -11.060 -1.884
v 7.422 -9.409 0.126
v 9.589 -7.878 -19.922
v 13.037 -43.421 4.556
v 10.401 -43.070 0.761
v 10.668 -37.158 -42.342
v 13.234 -39.028 -44.593
v 12.986 -34.258 -49.131
v 13.979 -33.124 -10.968
v 7.648 -27.805 -16.345
v 9.771 -28.766 -15.809
v 12.664 -33.228 -20.122
v 12.818 -26.788 -2.654
v 13.836 -28.363 -3.641
v 10.776 -25.473 0.344
v 13.487 -25.741 -0.227
v 11.595 -14.361 -11.685
v 10.641 -17.131 -20.855
v 9.733 -11.966 -10.478
v 9.932 -10.621 -6.295
v 11.585 -11.364 -20.582
v 12.557 -40.602 -4.867
v 17.637 -39.507 8.607
v 18.624 -41.121 5.922
v 13.514 -35.929 -47.166
v 15.512 -36.667 -41.563
v 13.083 -38.037 -37.011
v 14.097 -37.141 -30.606
v 15.034 -39.219 -36.052
v 18.144 -37.425 -30.032
v 14.613 -36.883 -7.137
v 12.268 -37.768 -0.280
v 15.216 -30.698 -50.257
v 14.142 -33.169 -47.937
v 13.019 -32.274 -44.314
v 16.428 -35.393 -41.759
v 13.934 -31.032 -37.889
v 13.975 -28.917 -32.968
v 17.300 -35.561 -27.873
v 14.375 -31.974 -16.708
v 13.541 -32.694 -1.102
v 15.057 -33.869 -4.066
v 14.485 -32.711 -2.041
v 14.858 -32.994 -37.130
v 15.955 -31.278 -31.430
v 16.025 -32.191 -0.226
v 15.927 -32.681 -4.688
v 12.541 -27.628 4.121
v 12.621 -26.287 3.751
v 14.185 -21.338 2.831
v 15.004 -18.221 -23.583
v 17.285 -25.827 -7.154
v 16.125 -23.336 -8.252
v 11.995 -23.364 3.554
v 12.981 -20.722 1.445
v 11.310 -24.088 1.896
v 20.365 -26.840 4.039
v 13.779 -13.582 -23.451
v 14.618 -8.340 -17.711
v 13.474 -11.695 -21.458
v 13.985 -13.368 -22.274
v 14.639 -12.999 -20.375
v 13.147 -10.580 -17.943
v 13.906 -10.972 -19.965
v 14.960 -10.264 -17.235
v 16.554 -8.782 -19.434
v 17.366 -38.159 -42.890
v 17.129 -40.603 -39.727
v 16.250 -36.440 -42.090
v 19.911 -38.100 -32.767
v 16.305 -39.327 3.275
v 22.204 -35.227 -45.478
v 22.516 -31.657 -37.987
v 21.285 -37.621 -24.392
v 15.397 -32.840 -10.754
v 17.630 -33.761 -16.593
v 15.166 -31.161 -8.244
v 16.635 -33.818 -6.518
v 25.125 -40.050 1.790
v 17.422 -31.163 -8.452
v 20.403 -34.791 -0.642
v 16.752 -36.224 2.210
v 17.614 -27.123 -27.195
v 16.466 -28.100 -10.406
v 17.844 -27.209 -9.566
v 15.194 -28.084 -5.388
v 19.362 -31.770 -3.861
v 16.500 -30.172 -0.528
v 27.994 -35.240 4.793
v 15.926 -26.225 -8.637
v 18.980 -25.870 -11.156
v 19.297 -26.705 -10.161
v 17.731 -25.095 0.536
v 21.954 -38.037 9.422
v 17.862 -20.006 -24.082
v 18.770 -23.500 -23.124
v 16.551 -20.581 -10.459
v 19.755 -16.126 -14.836
v 19.648 -17.464 -23.688
v 16.328 -15.447 -13.473
v 15.269 -13.607 -21.979
v 16.528 -13.218 -24.342
v 18.232 -9.862 -16.424
v 18.713 -9.397 -21.959
v 20.448 -11.244 -18.948
v 21.229 -8.590 -18.088
v 22.725 -37.568 -45.809
v 21.145 -40.825 -40.305
v 27.318 -40.733 8.594
v 20.786 -36.988 -27.173
v 20.676 -28.232 -20.584
v 24.188 -37.866 -16.221
v 25.203 -36.572 -20.724
v 19.854 -38.182 -10.800
v 22.457 -23.337 -23.871
v 28.372 -24.007 -34.103
v 20.694 -32.956 -8.330
v 27.689 -39.457 1.862
v 26.572 -31.192 -46.798
v 22.775 -28.757 -17.361
v 23.741 -31.466 -12.872
v 18.199 -20.016 -11.723
v 28.762 -33.166 7.755
v 19.890 -24.087 -23.625
v 21.889 -20.695 -25.436
v 21.084 -17.961 -22.238
v 21.182 -15.450 -21.048
v 23.245 -15.811 -18.293
v 27.045 -15.022 -17.831
v 20.883 -11.959 -27.043
v 20.787 -14.844 -23.861
v 22.393 -13.255 -25.095
v 23.818 -7.178 -27.160
v 27.381 -39.170 6.157
v 26.129 -42.467 3.536
v 27.270 -40.377 9.938
v 24.452 -36.385 -45.168
v 26.160 -38.350 -19.489
v 29.274 -40.682 -16.233
v 27.700 -35.488 -11.883
v 26.432 -38.797 -5.747
v 25.827 -29.778 -15.970
v 24.926 -20.461 -21.381
v 24.600 -22.091 -14.163
v 22.812 -21.093 -25.148
v 27.377 -23.401 -34.115
v 26.190 -21.850 -29.812
v 23.680 -19.531 -22.038
v 23.318 -17.473 -21.209
v 26.685 -13.834 -25.445
v 25.496 -9.935 -27.907
v 23.521 -9.111 -18.361
v 24.174 -6.269 -22.893
v 28.977 -44.831 -14.477
v 39.518 -53.139 -0.760
v 26.259 -43.244 6.730
v 27.435 -42.512 8.119
v 29.684 -43.478 -3.979
v 28.243 -40.724 4.588
v 43.264 -30.104 -15.081
v 36.734 -36.580 -8.765
v 37.586 -41.215 1.055
v 36.294 -41.633 4.612
v 28.095 -31.488 -45.356
v 32.712 -35.754 -16.689
v 30.050 -25.071 -40.630
v 39.287 -24.217 -24.181
v 30.744 -25.365 -13.184
v 29.020 -22.560 -36.305
v 27.645 -16.597 -24.203
v 27.002 -12.814 -26.350
v 27.305 -11.263 -25.965
v 31.728 -13.208 -27.640
v 26.764 -11.585 -20.230
v 26.912 -14.491 -21.420
v 28.301 -12.637 -19.102
v 28.096 -8.472 -25.565
v 27.875 -9.231 -24.669
v 29.132 -11.061 -25.251
v 33.278 -11.499 -23.053
v 28.825 -5.025 -26.316
v 32.342 -47.149 -16.396
v 34.600 -49.176 4.218
v 36.073 -47.713 10.918
v 30.033 -44.256 -14.665
v 33.070 -39.393 12.495
v 33.731 -29.000 -14.352
v 30.023 -23.703 -36.098
v 38.807 -22.100 -17.951
v 35.439 -17.054 -20.596
v 34.911 -14.213 -29.266
v 31.629 -10.712 -34.115
v 31.948 -10.020 -29.224
v 29.314 -8.655 -24.562
v 35.468 -7.537 -24.349
v 28.603 -5.889 -20.431
v 32.578 -7.000 -29.806
v 32.653 -5.558 -23.372
v 33.183 -45.909 -13.764
v 37.248 -51.202 -14.669
v 42.359 -43.237 14.143
v 36.300 -39.487 13.384
v 40.100 -48.021 -0.584
v 41.266 -37.786 15.641
v 41.227 -27.436 -17.076
v 34.442 -16.224 -24.115
v 36.602 -18.544 -22.449
v 36.183 -13.088 -28.803
v 37.537 -15.447 -25.817
v 33.332 -8.721 -30.259
v 34.761 -9.465 -29.037
v 36.873 -9.775 -26.116
v 36.323 -51.653 -14.310
v 37.938 -51.288 -11.584
v 36.427 -50.905 -7.897
v 39.571 -52.759 -9.486
v 41.386 -50.262 9.163
v 39.767 -40.136 -9.187
v 41.305 -34.294 -5.049
v 39.104 -25.053 -20.130
v 39.201 -19.356 -23.533
v 38.328 -20.077 -20.388
v 42.171 -53.575 -2.274
v 44.725 -56.944 3.760
v 43.442 -53.634 9.598
v 40.625 -53.120 -5.553
v 44.679 -43.972 7.092
v 42.415 -47.212 12.652
v 47.100 -39.541 0.639
v 43.710 -50.252 13.824
v 46.197 -37.604 11.953
v 45.947 -40.319 16.840
v 49.009 -33.443 -0.830
v 44.227 -36.882 14.250
v 45.287 -31.811 -11.326
v 41.519 -28.158 -19.955
v 40.703 -22.980 -22.718
v 45.929 -30.844 -15.405
v 45.061 -57.074 1.874
v 44.310 -54.877 6.982
v 50.175 -42.274 18.689
v 48.301 -42.961 19.357
v 47.682 -37.314 -8.361
v 47.078 -36.323 -11.918
v -14.501 -32.115 -14.444
v -15.370 -12.993 -21.034
v -15.370 -32.651 -15.358
v -13.277 -31.254 -15.544
v -2.217 -3.846 -17.471
v 0.052 -23.867 -0.237
v -4.598 -14.277 -25.685
v 0.052 -9.260 -3.526
v -0.243 -8.452 -0.054
v 0.052 -9.779 0.801
v -4.862 -41.175 -0.380
v -2.741 -42.195 3.513
v -7.088 -38.926 4.972
v -2.056 -35.717 -5.107
v -1.835 -37.428 -13.342
v -3.855 -37.570 -7.644
v -3.224 -33.127 -3.460
v -4.739 -34.094 -1.175
v -4.178 -28.661 -18.241
v -2.683 -22.847 -4.910
v -6.670 -23.316 0.265
v -2.950 -19.900 -7.811
v -4.976 -14.808 -4.920
v -7.658 -16.718 -5.803
v -6.199 -11.287 0.708
v -0.378 -12.217 -0.791
v -5.668 -8.625 1.186
v -8.197 -7.509 -6.256
v -7.196 -9.406 -3.679
v -5.803 -9.159 -2.330
v -5.997 -7.869 0.124
v -9.193 -4.324 -15.602
v -5.492 -43.935 0.942
v -5.756 -43.070 2.947
v -5.071 -43.129 -0.240
v -7.512 -43.260 1.847
v -9.246 -41.570 4.864
v -11.943 -34.814 -11.598
v -4.619 -34.170 1.272
v -9.472 -30.916 3.958
v -4.450 -32.513 -16.982
v -7.048 -32.768 -16.732
v -8.446 -30.961 2.457
v -9.109 -22.427 -20.403
v -8.023 -27.267 1.418
v -7.561 -22.641 -20.850
v -8.388 -21.698 -3.979
v -8.064 -22.878 -1.798
v -8.463 -19.902 -5.407
v -11.181 -13.808 -22.113
v -9.455 -11.916 -22.989
v -7.197 -12.569 -4.488
v -6.739 -11.060 -1.884
v -7.318 -9.409 0.126
v -9.485 -7.877 -19.922
v -12.933 -43.421 4.556
v -10.297 -43.070 0.761
v -10.564 -37.158 -42.342
v -13.130 -39.028 -44.593
v -12.882 -34.258 -49.131
v -13.875 -33.124 -10.968
v -7.544 -27.805 -16.345
v -9.667 -28.766 -15.809
v -12.560 -33.228 -20.122
v -12.714 -26.788 -2.654
v -13.732 -28.363 -3.641
v -10.672 -25.473 0.344
v -13.383 -25.741 -0.227
v -11.491 -14.361 -11.685
v -10.537 -17.131 -20.855
v -9.629 -11.966 -10.478
v -9.828 -10.621 -6.295
v -11.481 -11.364 -20.582
v -12.453 -40.602 -4.867
v -17.533 -39.507 8.607
v -18.375 -41.071 5.670
v -13.410 -35.929 -47.166
v -15.409 -36.666 -41.564
v -12.979 -38.037 -37.011
v -13.993 -37.141 -30.606
v -14.930 -39.219 -36.053
v -18.040 -37.425 -30.032
v -14.509 -36.883 -7.137
v -12.164 -37.768 -0.280
v -15.112 -30.698 -50.257
v -14.038 -33.169 -47.937
v -12.916 -32.274 -44.314
v -16.324 -35.393 -41.759
v -13.830 -31.032 -37.889
v -13.871 -28.917 -32.968
v -17.196 -35.561 -27.873
v -14.271 -31.974 -16.709
v -13.437 -32.694 -1.102
v -14.954 -33.870 -4.066
v -14.381 -32.711 -2.042
v -14.754 -32.994 -37.130
v -15.851 -31.278 -31.430
v -15.921 -32.191 -0.226
v -15.823 -32.681 -4.688
v -12.437 -27.628 4.121
v -12.517 -26.287 3.751
v -14.081 -21.339 2.831
v -14.900 -18.221 -23.583
v -17.181 -25.827 -7.154
v -16.021 -23.335 -8.252
v -11.891 -23.364 3.554
v -12.877 -20.722 1.445
v -11.206 -24.088 1.896
v -20.261 -26.840 4.039
v -13.675 -13.582 -23.451
v -14.514 -8.340 -17.711
v -13.370 -11.695 -21.458
v -13.881 -13.367 -22.274
v -14.535 -12.999 -20.375
v -13.043 -10.580 -17.943
v -13.802 -10.972 -19.965
v -14.856 -10.264 -17.235
v -16.450 -8.782 -19.434
v -17.262 -38.159 -42.890
v -17.025 -40.603 -39.727
v -21.503 -40.807 7.131
v -16.146 -36.440 -42.090
v -19.807 -38.100 -32.767
v -22.789 -38.030 4.399
v -22.100 -35.227 -45.478
v -22.412 -31.657 -37.987
v -21.181 -37.621 -24.392
v -15.293 -32.840 -10.754
v -17.526 -33.761 -16.593
v -15.062 -31.161 -8.244
v -16.531 -33.818 -6.518
v -25.021 -40.049 1.790
v -17.318 -31.163 -8.452
v -20.299 -34.791 -0.642
v -16.648 -36.224 2.210
v -17.510 -27.123 -27.195
v -16.362 -28.100 -10.406
v -17.740 -27.209 -9.566
v -15.090 -28.084 -5.388
v -19.259 -31.772 -3.860
v -16.396 -30.172 -0.528
v -27.890 -35.240 4.793
v -15.822 -26.224 -8.638
v -18.877 -25.870 -11.156
v -19.193 -26.705 -10.161
v -17.627 -25.095 0.536
v -21.849 -38.037 9.422
v -17.758 -20.006 -24.082
v -18.666 -23.500 -23.124
v -16.447 -20.581 -10.459
v -19.651 -16.126 -14.836
v -19.544 -17.464 -23.688
v -16.225 -15.447 -13.473
v -15.165 -13.607 -21.979
v -16.424 -13.218 -24.342
v -18.128 -9.862 -16.424
v -18.609 -9.398 -21.960
v -20.344 -11.245 -18.949
v -21.125 -8.590 -18.088
v -22.621 -37.568 -45.809
v -21.041 -40.825 -40.305
v -20.682 -36.988 -27.173
v -20.572 -28.232 -20.584
v -24.084 -37.866 -16.220
v -25.099 -36.572 -20.724
v -19.750 -38.182 -10.801
v -22.353 -23.337 -23.871
v -28.268 -24.008 -34.103
v -20.590 -32.956 -8.330
v -27.585 -39.457 1.862
v -26.468 -31.192 -46.798
v -22.671 -28.756 -17.361
v -23.637 -31.466 -12.872
v -18.095 -20.016 -11.723
v -28.658 -33.166 7.755
v -19.786 -24.087 -23.625
v -21.786 -20.695 -25.436
v -20.980 -17.961 -22.238
v -21.078 -15.450 -21.048
v -23.141 -15.811 -18.293
v -26.941 -15.022 -17.831
v -20.779 -11.959 -27.043
v -20.683 -14.844 -23.861
v -22.289 -13.255 -25.095
v -23.714 -7.178 -27.160
v -26.025 -42.467 3.536
v -27.166 -40.377 9.938
v -24.348 -36.385 -45.168
v -26.056 -38.350 -19.489
v -29.171 -40.682 -16.233
v -27.596 -35.488 -11.883
v -26.328 -38.797 -5.747
v -25.724 -29.778 -15.969
v -24.822 -20.461 -21.381
v -24.496 -22.091 -14.163
v -22.708 -21.093 -25.148
v -27.274 -23.401 -34.115
v -26.086 -21.849 -29.811
v -23.576 -19.531 -22.038
v -23.214 -17.473 -21.209
v -25.953 -13.405 -26.191
v -25.392 -9.935 -27.907
v -23.417 -9.111 -18.361
v -24.070 -6.269 -22.893
v -28.873 -44.831 -14.477
v -39.414 -53.139 -0.761
v -26.155 -43.244 6.730
v -27.331 -42.512 8.119
v -29.579 -43.478 -3.978
v -28.139 -40.724 4.589
v -27.514 -39.140 6.258
v -25.385 -40.328 7.135
v -27.645 -40.808 9.036
v -43.160 -30.103 -15.081
v -36.630 -36.580 -8.765
v -37.482 -41.215 1.055
v -36.190 -41.633 4.612
v -27.991 -31.488 -45.356
v -32.608 -35.754 -16.689
v -29.946 -25.071 -40.630
v -39.183 -24.217 -24.181
v -30.640 -25.365 -13.185
v -28.916 -22.560 -36.305
v -27.541 -16.597 -24.203
v -27.057 -14.293 -25.536
v -27.256 -11.422 -25.988
v -31.624 -13.208 -27.640
v -26.660 -11.585 -20.230
v -26.808 -14.491 -21.420
v -28.197 -12.637 -19.102
v -27.993 -8.472 -25.564
v -27.771 -9.231 -24.669
v -33.174 -11.500 -23.053
v -28.721 -5.025 -26.316
v -29.049 -8.468 -24.593
v -32.238 -47.149 -16.396
v -34.496 -49.176 4.219
v -35.969 -47.713 10.918
v -29.929 -44.256 -14.665
v -32.966 -39.393 12.495
v -33.627 -29.000 -14.352
v -29.919 -23.703 -36.098
v -38.704 -22.100 -17.951
v -35.336 -17.055 -20.596
v -34.807 -14.213 -29.266
v -31.525 -10.712 -34.115
v -31.844 -10.020 -29.224
v -29.645 -10.199 -25.001
v -35.364 -7.537 -24.349
v -28.499 -5.889 -20.431
v -32.474 -7.000 -29.807
v -32.549 -5.559 -23.372
v -33.079 -45.909 -13.764
v -37.144 -51.202 -14.669
v -42.255 -43.237 14.144
v -36.196 -39.487 13.384
v -39.997 -48.021 -0.582
v -41.162 -37.786 15.641
v -41.124 -27.436 -17.076
v -34.338 -16.224 -24.115
v -36.497 -18.544 -22.449
v -36.081 -13.089 -28.801
v -37.433 -15.447 -25.817
v -33.228 -8.721 -30.259
v -34.657 -9.465 -29.037
v -36.769 -9.774 -26.116
v -36.219 -51.653 -14.310
v -37.834 -51.288 -11.584
v -36.323 -50.905 -7.897
v -39.467 -52.759 -9.486
v -41.282 -50.262 9.163
v -39.663 -40.136 -9.187
v -41.202 -34.294 -5.050
v -39.000 -25.053 -20.130
v -39.097 -19.356 -23.533
v -38.224 -20.077 -20.388
v -42.067 -53.575 -2.273
v -44.621 -56.944 3.760
v -43.338 -53.634 9.598
v -40.521 -53.120 -5.553
v -44.575 -43.972 7.092
v -42.311 -47.212 12.652
v -46.996 -39.541 0.639
v -43.606 -50.252 13.824
v -46.093 -37.604 11.953
v -45.844 -40.319 16.840
v -48.905 -33.443 -0.830
v -44.123 -36.882 14.250
v -45.184 -31.811 -11.326
v -41.415 -28.158 -19.955
v -40.599 -22.979 -22.718
v -45.825 -30.844 -15.405
v -44.957 -57.074 1.874
v -44.206 -54.877 6.982
v -50.071 -42.274 18.689
v -48.197 -42.961 19.357
v -47.578 -37.314 -8.361
v -46.974 -36.323 -11.918
v 0.052 -33.491 -17.215
v 0.052 -31.266 5.116
v 0.052 -26.604 2.162
v 0.052 -39.421 -12.801
v -45.877 -32.395 -7.468
v -49.858 -37.218 -4.333
v -51.185 -38.444 18.970
v -50.741 -32.822 15.877
v -50.508 -34.316 -1.941
v -51.156 -32.385 2.422
v -51.140 -32.634 12.305
v -54.331 -34.427 15.806
v -53.433 -33.419 4.816
v -53.729 -32.524 14.612
v -53.253 -34.079 10.895
v 0.059 -42.000 3.843
v 0.047 -47.916 3.863
v -15.585 -33.555 1.631
v -14.648 -40.125 3.249
v -36.915 -39.332 11.304
v -40.084 -40.919 12.373
v -42.329 -37.288 14.578
v 45.981 -32.395 -7.468
v 49.962 -37.218 -4.333
v 51.288 -38.445 18.971
v 50.845 -32.822 15.877
v 50.612 -34.316 -1.941
v 51.260 -32.385 2.422
v 51.244 -32.634 12.305
v 54.435 -34.427 15.806
v 53.537 -33.419 4.816
v 53.833 -32.524 14.612
v 53.357 -34.079 10.895
v 0.052 -43.685 -5.631
v -28.500 -9.288 -20.684
v -30.192 -10.038 -21.979
v -30.006 -7.987 -21.214
v -4.607 -44.741 2.423
v -1.062 -38.987 -9.657
v -2.248 -45.850 3.212
v -2.888 -42.367 -2.075
v -1.528 -37.751 -4.314
v -6.041 -42.106 -5.395
v -8.896 -41.323 -11.295
v -13.913 -41.672 -9.096
v -12.269 -41.312 -11.457
v -8.698 -35.647 -11.236
v -4.998 -37.932 -5.033
v -6.219 -38.330 -9.410
v -13.686 -33.672 -9.079
v 15.689 -33.555 1.631
v 13.753 -39.790 2.364
v 37.019 -39.332 11.304
v 40.188 -40.919 12.373
v 42.432 -37.288 14.577
v -11.056 -39.159 -1.737
v 28.604 -9.288 -20.684
v 30.296 -10.038 -21.979
v 30.110 -7.987 -21.214
v 4.711 -44.741 2.423
v 1.166 -38.987 -9.657
v 2.352 -45.850 3.212
v 2.992 -42.367 -2.075
v 1.632 -37.751 -4.314
v 6.145 -42.106 -5.395
v 8.993 -41.320 -11.284
v 14.017 -41.672 -9.096
v 12.368 -41.312 -11.464
v 8.802 -35.647 -11.236
v 5.102 -37.933 -5.033
v 6.323 -38.330 -9.410
v 13.740 -33.726 -9.024
v 11.160 -39.159 -1.737
v 0.052 -13.706 -26.052
v -1.058 -34.224 -0.950
v -4.368 -33.259 -1.040
v -2.674 -34.378 1.436
v -3.562 -34.081 1.744
v -1.442 -34.183 -3.959
v -7.399 -14.480 -24.202
v -4.348 -30.288 -18.600
v -7.408 -28.700 -18.019
v 0.052 -5.161 -13.240
v 1.162 -34.224 -0.950
v 4.472 -33.259 -1.040
v 2.778 -34.378 1.436
v 3.666 -34.081 1.744
v 1.546 -34.183 -3.959
v 7.502 -14.479 -24.202
v 4.452 -30.288 -18.600
v 7.512 -28.700 -18.019
v 29.362 0.107 -28.159
v 27.972 0.298 -28.888
v 34.504 4.517 -24.873
v 71.039 0.397 21.793
v 68.630 3.623 7.784
v 71.719 3.191 19.680
v 27.946 -1.075 -27.996
v 33.230 3.209 -23.016
v 28.964 -0.889 -28.736
v 28.303 -0.636 -29.801
v 29.240 1.253 -21.805
v 70.573 -1.303 21.102
v 27.184 -1.609 -29.065
v 72.372 16.214 14.183
v 31.426 0.664 -21.448
v 72.053 5.302 20.620
v 71.390 19.899 6.420
v 43.142 18.611 -8.474
v 34.754 5.020 -26.423
v 71.544 20.695 9.501
v 66.905 14.949 5.486
v 71.315 21.209 7.589
v 64.732 -15.993 19.760
v 68.976 5.516 15.328
v 72.035 13.539 16.809
v 72.333 11.267 17.349
v 68.757 -5.070 22.271
v 39.146 16.932 -9.290
v 54.474 16.480 -11.986
v 59.877 -10.778 -14.949
v 66.729 30.373 -4.627
v 69.802 20.842 0.951
v 70.096 22.263 2.333
v 63.328 22.737 -1.514
v 68.327 27.207 -1.722
v 56.745 -20.587 9.631
v 57.596 9.456 -22.187
v 27.814 1.501 -23.564
v 66.541 20.591 -1.376
v 70.911 21.337 5.802
v 26.289 0.474 -23.446
v 68.622 0.495 17.216
v 58.560 8.350 -17.744
v 40.709 16.347 -7.694
v 64.008 6.195 -11.306
v 27.782 -2.401 -21.119
v 49.868 17.121 -10.630
v 63.481 27.856 -20.739
v 65.510 34.442 -7.482
v 59.862 41.291 -23.991
v 64.668 40.952 -8.780
v 25.703 -1.382 -22.139
v 62.231 38.805 -7.879
v 61.658 -40.483 -25.727
v 61.413 -38.454 -21.180
v 58.267 -41.746 -26.468
v 62.120 -35.628 -28.113
v 34.253 3.093 -24.464
v 59.508 -44.975 -21.486
v 63.015 -25.593 -22.143
v 61.648 -33.402 -30.007
v 41.374 17.062 -12.582
v 59.598 -31.971 -30.540
v 61.710 -30.213 -21.429
v 61.839 -27.323 -26.417
v 59.566 -26.700 -26.644
v 35.924 14.111 -8.428
v 34.632 4.582 -29.422
v 33.411 2.100 -23.725
v 61.416 -19.314 -19.456
v 60.169 -24.151 14.683
v 41.221 14.752 -7.026
v 69.293 24.118 -0.800
v 58.209 6.633 -18.022
v 67.705 17.549 2.953
v 58.381 -9.681 -21.067
v 60.919 -7.471 -16.128
v 60.022 -6.251 -11.277
v 59.435 -15.357 -24.499
v 62.774 11.134 -15.992
v 49.557 16.824 -13.716
v 60.042 12.164 -32.443
v 61.759 15.570 -30.473
v 29.110 -2.708 -22.078
v 61.793 15.700 -21.834
v 25.340 -3.180 -21.652
v 60.952 18.287 -34.985
v 62.848 26.179 -27.169
v 54.952 24.432 -4.294
v 59.208 23.355 -34.914
v 58.850 29.733 -1.353
v 61.025 26.677 -7.565
v 59.842 23.848 -14.935
v 60.058 31.144 -11.997
v 37.544 12.278 -7.427
v 60.858 31.142 -0.784
v 62.342 26.632 -1.848
v 60.392 38.852 -6.369
v 60.790 49.890 -11.525
v 59.995 48.939 -18.653
v 27.221 1.924 -27.714
v 30.092 -1.501 -23.538
v 54.842 -46.306 -21.606
v 58.475 -35.238 -29.441
v 58.228 -37.916 -23.212
v 57.894 -32.589 -29.887
v 31.599 1.717 -26.172
v 58.529 -23.522 -25.309
v 46.151 16.886 -12.398
v 56.635 -20.646 -24.903
v 54.402 -18.622 -21.880
v 27.123 0.975 -27.008
v 52.259 -18.998 -23.939
v 55.417 -14.372 -11.941
v 57.886 3.694 -10.434
v 55.436 -3.403 -20.712
v 58.875 2.968 -17.160
v 60.361 6.938 -3.499
v 55.865 16.739 -13.632
v 59.946 11.995 -23.295
v 24.971 -5.910 -22.720
v 54.712 13.567 -39.105
v 55.584 9.124 -34.046
v 56.352 16.645 -39.339
v 58.556 18.871 -12.118
v 59.353 20.729 -14.874
v 22.556 -2.244 -25.489
v 65.561 17.812 0.300
v 53.952 5.647 -10.173
v 29.270 1.461 -27.585
v 66.613 -1.721 16.268
v 27.120 -4.614 -22.782
v 59.132 34.039 -27.659
v 60.552 42.160 -7.915
v 57.120 35.148 -4.520
v 59.257 37.659 -6.616
v 53.291 37.579 -33.466
v 50.900 17.475 -19.915
v 58.423 48.734 -22.063
v 59.183 49.904 -11.039
v 58.445 45.952 -9.587
v 55.423 47.462 -26.033
v 51.454 45.403 -18.920
v 53.466 49.305 -10.414
v 19.905 -3.662 -25.497
v 54.645 -45.698 -20.953
v 36.798 15.201 -13.861
v 53.688 -33.218 4.866
v 53.967 -34.983 10.889
v 58.596 -30.131 14.956
v 27.641 -1.070 -26.262
v 44.747 10.536 -8.517
v 55.753 -28.678 14.331
v 53.657 -32.512 14.272
v 52.895 -26.629 -11.382
v 52.906 -25.990 -1.859
v 52.535 -30.562 3.785
v 55.986 -13.392 -15.325
v 48.703 -22.758 -20.297
v 53.474 -9.378 -19.278
v 24.006 -1.860 -26.541
v 60.625 34.776 -9.969
v 25.128 -4.803 -26.228
v 48.132 -37.944 -5.580
v 50.284 32.726 -34.636
v 53.082 -4.221 -25.390
v 56.248 -6.303 -22.087
v 38.713 -21.502 -19.602
v 55.230 7.743 -35.713
v 51.466 3.640 -36.890
v 58.130 31.069 -29.300
v 52.427 4.831 -29.317
v 50.888 12.729 -36.479
v 52.201 8.689 -34.527
v 48.478 10.366 -34.132
v 49.883 12.148 -8.389
v 25.569 -6.307 -24.559
v 49.123 16.041 -35.628
v 55.690 23.686 -34.694
v 55.637 25.328 -33.257
v 50.890 21.329 -6.981
v 56.560 25.656 -35.331
v 23.800 -5.002 -27.131
v 32.311 10.358 -11.104
v 32.496 9.202 -9.861
v 54.146 32.295 -24.074
v 52.205 20.951 -35.158
v 55.939 27.651 -6.304
v 54.507 26.549 -5.353
v 19.828 -8.116 -26.729
v 39.207 6.743 -9.905
v 23.898 -7.050 -24.244
v 22.289 -7.761 -25.844
v 50.888 38.392 -22.539
v 51.620 41.916 -32.983
v 23.874 -3.460 -27.286
v 56.128 29.299 -16.012
v 58.439 28.183 -32.115
v 20.315 -6.309 -28.133
v 52.308 -35.517 1.921
v 21.203 -6.220 -27.578
v 55.376 24.672 -20.310
v 46.246 18.408 -20.550
v 22.026 -8.573 -25.725
v 51.432 4.565 -18.982
v 53.313 -34.393 -2.522
v 49.607 7.529 -8.747
v 53.459 47.647 -13.475
v 52.899 49.226 -11.756
v 56.964 39.505 -13.843
v 51.141 0.157 -20.588
v 45.019 5.811 -10.819
v 48.333 1.211 -11.002
v 40.241 -2.048 -14.271
v 50.746 -32.522 6.471
v 51.118 -32.821 11.352
v 46.778 -17.514 -23.814
v 49.104 -6.386 -20.052
v 50.050 -1.521 -32.457
v 51.852 -2.670 -30.651
v 51.363 -2.737 -25.577
v 52.074 -0.935 -24.008
v 51.547 1.798 -29.659
v 55.197 14.726 -10.288
v 54.477 13.649 -10.696
v 52.828 14.060 -11.569
v 54.688 13.860 -11.817
v 49.850 -2.214 -13.376
v 51.306 0.318 -34.879
v 51.619 13.298 -10.148
v 52.158 1.315 -32.872
v 53.114 13.136 -9.777
v 47.679 2.788 -37.549
v 45.038 -1.408 -32.355
v 36.193 15.929 -19.017
v 54.546 12.665 -10.571
v 56.256 13.480 -12.155
v 48.558 1.896 -28.222
v 43.017 1.847 -22.824
v 52.167 13.003 -12.931
v 50.231 13.074 -10.938
v 56.557 14.986 -14.247
v 47.229 3.225 -21.119
v 47.478 12.906 -34.971
v 52.948 12.210 -11.761
v 51.087 24.029 -37.478
v 47.116 22.134 -34.697
v 51.836 11.478 -11.001
v 56.592 14.469 -15.566
v 46.742 34.598 -36.091
v 50.158 12.661 -12.086
v 53.281 14.732 -14.376
v 54.924 13.007 -13.631
v 48.155 41.875 -23.662
v 53.116 46.154 -16.306
v 45.901 42.001 -28.810
v 52.387 46.615 -23.357
v 44.964 40.573 -27.839
v 53.397 13.883 -14.467
v 54.523 14.666 -15.638
v 47.699 -29.271 -18.224
v 47.328 -35.866 -12.565
v 46.158 -35.707 -13.827
v 51.671 12.639 -12.931
v 46.851 -33.174 -13.571
v 42.540 17.060 -18.423
v 49.854 14.418 -14.703
v 48.253 -22.112 -21.667
v 42.220 -28.818 -19.460
v 43.184 -8.311 -20.029
v 41.413 -2.454 -24.548
v 49.429 11.460 -11.803
v 45.088 -3.476 -19.845
v 49.497 10.461 -11.413
v 47.036 -2.181 -22.658
v 44.839 -0.510 -26.649
v 53.444 8.976 -10.279
v 55.708 14.576 -15.903
v 45.176 2.844 -34.328
v 45.423 1.273 -20.114
v 54.388 17.991 -18.922
v 47.967 8.517 -33.536
v 48.064 10.201 -10.638
v 46.120 6.084 -33.556
v 51.695 8.957 -10.889
v 55.486 16.203 -17.911
v 46.981 17.786 -38.798
v 54.544 13.697 -15.717
v 48.830 17.589 -25.335
v 45.711 17.626 -26.483
v 46.250 18.402 -30.853
v 45.182 17.555 -35.310
v 49.331 21.028 -5.608
v 44.848 25.379 -41.325
v 45.926 43.143 -35.600
v 47.358 12.518 -13.495
v 44.842 -31.653 -16.768
v 55.157 16.263 -18.930
v 45.155 -30.708 -14.117
v 42.557 -30.239 -14.729
v 54.841 14.888 -17.468
v 48.905 15.242 -17.413
v 40.686 -21.230 -23.565
v 38.433 -14.077 -27.030
v 43.324 -5.237 -19.229
v 46.597 10.782 -11.848
v 44.174 0.688 -36.011
v 52.517 9.570 -11.274
v 40.946 -4.277 -39.915
v 53.098 15.882 -17.868
v 40.425 -4.347 -21.693
v 41.652 -4.234 -15.671
v 51.393 13.016 -15.790
v 50.348 15.595 -18.459
v 41.861 -0.787 -24.750
v 41.607 0.781 -25.752
v 42.011 -0.721 -21.858
v 50.602 11.739 -14.294
v 43.212 -1.905 -21.083
v 51.032 10.346 -12.123
v 48.110 13.629 -15.328
v 46.185 8.391 -31.190
v 47.710 14.558 -16.603
v 48.309 8.393 -11.144
v 43.883 7.532 -32.745
v 42.685 5.575 -33.407
v 42.905 6.769 -32.511
v 41.983 12.892 -38.457
v 52.398 7.552 -11.170
v 52.550 15.311 -19.133
v 42.447 15.917 -39.680
v 42.663 20.960 -41.861
v 39.970 17.803 -37.289
v 46.358 11.837 -14.071
v 51.194 9.622 -12.873
v 45.120 16.107 -33.182
v 40.308 17.560 -26.711
v 45.120 19.815 -8.255
v 51.069 7.713 -10.910
v 41.483 32.698 -32.829
v 41.391 34.015 -33.681
v 42.759 40.831 -34.722
v 50.304 12.613 -16.812
v 45.936 9.842 -13.257
v 44.515 43.547 -32.479
v 42.286 42.454 -32.040
v 49.207 8.204 -11.779
v 54.325 14.057 -18.042
v 40.678 -26.859 -17.030
v 48.257 13.735 -17.014
v 39.372 -25.542 -19.783
v 47.273 12.070 -16.119
v 37.437 -4.977 -23.155
v 50.055 15.603 -19.685
v 37.119 -3.276 -36.903
v 39.216 -2.683 -52.318
v 45.822 8.400 -11.640
v 43.005 2.057 -36.755
v 39.005 -3.234 -41.148
v 49.110 15.197 -19.321
v 33.635 -1.474 -27.837
v 38.795 0.150 -47.648
v 40.630 0.269 -36.668
v 37.842 -0.536 -35.019
v 38.997 0.430 -35.104
v 39.221 -0.247 -32.493
v 48.351 15.177 -20.509
v 46.866 10.302 -15.293
v 50.772 8.051 -13.275
v 47.984 6.441 -11.201
v 52.223 15.858 -20.724
v 42.271 5.869 -31.287
v 53.408 14.857 -19.538
v 50.360 7.372 -12.427
v 39.575 6.925 -31.601
v 41.290 12.248 -36.590
v 47.905 6.069 -11.883
v 49.120 10.753 -15.071
v 39.097 15.769 -34.873
v 44.339 7.647 -13.574
v 52.081 14.054 -19.192
v 40.241 16.588 -29.657
v 41.786 24.263 -38.383
v 44.623 5.863 -12.621
v 41.274 26.930 -37.969
v 49.702 14.508 -18.786
v 49.539 13.433 -17.962
v 40.776 38.890 -31.576
v 53.444 14.426 -20.611
v 36.550 -7.768 -25.625
v 39.982 11.864 -17.808
v 39.974 9.999 -16.072
v 37.336 -11.129 -26.975
v 52.143 9.332 -22.066
v 51.554 14.783 -20.190
v 48.474 13.699 -18.194
v 35.654 -17.169 -21.955
v 52.545 10.077 -24.918
v 38.383 11.231 -17.633
v 41.304 9.530 -16.444
v 35.748 -6.404 -24.516
v 34.736 -6.597 -20.113
v 41.105 8.197 -14.839
v 32.383 11.894 -15.425
v 38.787 -2.882 -52.051
v 36.046 7.027 -10.568
v 49.105 12.293 -17.233
v 37.251 -1.872 -37.790
v 39.024 8.318 -16.125
v 41.963 9.083 -15.649
v 35.811 2.947 -35.310
v 37.880 0.669 -35.172
v 47.643 5.517 -13.332
v 38.540 6.727 -30.779
v 39.159 11.011 -19.020
v 38.036 8.831 -30.193
v 35.956 11.610 -31.392
v 36.647 15.336 -29.277
v 35.673 13.878 -31.567
v 41.171 9.115 -17.967
v 47.010 9.867 -15.880
v 48.183 9.134 -14.812
v 34.735 -5.012 -24.724
v 32.586 -3.121 -22.449
v 32.599 -5.452 -21.000
v 40.270 9.272 -19.156
v 37.913 9.397 -18.175
v 34.770 0.856 -32.490
v 29.584 -5.331 -20.717
v 55.167 -30.140 -0.200
v 59.769 -15.352 12.249
v 64.488 -4.612 15.316
v 48.177 6.385 -14.193
v 48.088 3.819 -10.562
v 42.742 5.518 -13.561
v 40.679 8.282 -17.297
v 43.997 7.836 -15.618
v 63.815 9.970 1.304
v 67.558 4.482 2.512
v 38.404 7.870 -17.693
v 50.907 -30.394 -4.578
v 62.083 -10.822 2.014
v 45.968 9.225 -17.108
v 54.696 12.167 -19.789
v 58.654 -1.810 -9.060
v 52.436 9.126 -16.268
v 50.779 10.906 -17.451
v 39.041 8.915 -20.285
v 44.813 9.710 -17.460
v 61.056 32.772 -24.921
v 41.073 4.086 -15.150
v 44.861 3.846 -14.060
v 59.998 -16.785 4.396
v 41.862 9.567 -18.827
v 64.944 -1.431 13.072
v 41.427 7.133 -17.305
v 43.720 -1.961 -14.484
v 40.063 8.019 -18.274
v 58.092 -18.357 -2.720
v 62.658 3.128 3.685
v 43.763 11.170 -20.382
v 44.882 10.274 -19.151
v 26.466 6.820 -13.931
v 44.916 5.902 -17.109
v 48.550 9.179 -16.893
v 41.069 5.557 -16.443
v 41.376 11.261 -22.474
v 40.648 9.963 -21.252
v 50.047 9.305 -16.921
v 58.120 6.400 -6.833
v 45.698 7.443 -17.319
v 42.505 3.511 -15.562
v 46.595 3.579 -14.788
v 55.066 11.778 -22.688
v 38.768 15.929 -20.498
v 45.843 9.481 -18.921
v 49.849 11.398 -19.281
v 38.820 7.742 -20.087
v 40.610 7.405 -18.728
v 39.002 3.078 -16.305
v 46.478 10.808 -21.603
v 38.504 7.734 -21.187
v 40.751 10.078 -25.203
v 46.091 10.427 -20.055
v 40.617 2.053 -15.729
v 42.645 10.675 -23.663
v 39.309 9.685 -23.322
v 41.175 8.235 -20.778
v 50.030 8.706 -18.358
v 43.284 3.427 -16.478
v 28.431 9.017 -15.923
v 39.686 3.386 -17.252
v 29.422 5.730 -11.382
v 36.595 7.622 -21.671
v 35.997 6.596 -21.662
v 50.274 11.435 -22.399
v 39.339 4.631 -18.517
v 36.773 7.315 -21.946
v 29.605 14.591 -21.356
v 34.523 5.753 -21.551
v 34.372 5.914 -22.104
v 45.783 5.898 -18.341
v 32.118 0.208 -27.335
v 38.561 8.139 -25.342
v 30.547 15.648 -22.774
v 29.149 10.638 -17.941
v 36.549 17.609 -25.438
v 29.491 10.282 -16.771
v 33.857 16.912 -24.933
v 42.430 4.428 -19.341
v 24.777 4.330 -13.441
v 34.973 6.485 -22.589
v 39.297 2.189 -18.313
v 40.742 1.478 -18.367
v 38.734 17.802 -28.568
v 24.469 9.487 -20.817
v 37.804 7.254 -24.536
v 28.082 7.547 -16.471
v 38.924 4.678 -20.611
v 32.623 15.684 -25.064
v 30.463 15.016 -24.164
v 24.517 10.804 -23.734
v 29.183 8.700 -19.150
v 25.857 6.407 -17.898
v 22.846 5.269 -16.950
v 35.878 16.232 -26.155
v 31.256 6.579 -16.930
v 39.322 6.735 -23.111
v 50.587 8.690 -20.688
v 39.930 7.329 -25.200
v 34.071 12.766 -22.971
v 46.765 9.756 -23.252
v 50.740 7.555 -18.201
v 37.811 16.400 -28.724
v 32.252 11.277 -22.602
v 48.434 10.683 -23.053
v 32.099 7.231 -19.712
v 27.190 13.990 -25.084
v 49.649 9.195 -21.169
v 29.231 11.752 -24.118
v 37.355 2.625 -19.687
v 34.110 7.548 -18.081
v 26.307 1.017 -14.091
v 25.859 7.095 -19.891
v 24.270 12.079 -25.882
v 47.924 7.954 -19.125
v 21.628 6.267 -19.520
v 34.573 7.448 -19.202
v 32.454 0.006 -16.067
v 35.217 12.918 -25.689
v 37.414 4.455 -22.890
v 37.390 13.789 -27.792
v 36.186 12.309 -28.406
v 39.915 8.511 -25.495
v 45.227 9.109 -23.758
v 21.069 -2.774 -15.219
v 17.210 -1.160 -17.376
v 16.826 6.921 -24.780
v 48.815 10.026 -23.218
v 25.269 12.277 -26.912
v 38.239 1.911 -19.978
v 34.371 11.081 -25.724
v 21.545 8.923 -25.744
v 23.114 9.764 -27.208
v 51.446 10.568 -23.984
v 43.000 7.913 -24.652
v 32.915 8.250 -26.538
v 26.122 -2.874 -17.295
v 15.010 2.275 -23.626
v 19.302 -3.303 -16.585
v 19.430 7.442 -26.804
v 37.586 5.618 -25.411
v 39.766 3.843 -21.928
v 27.439 9.127 -27.921
v 14.092 -4.213 -17.563
v 36.037 1.509 -20.465
v 36.084 9.754 -28.925
v 42.256 4.693 -21.367
v 16.987 5.033 -26.387
v 36.725 1.001 -20.216
v 34.606 7.735 -28.129
v 51.539 9.243 -23.423
v 37.267 5.718 -24.762
v 36.526 2.474 -21.909
v 41.066 5.803 -25.214
v 16.001 -6.012 -17.399
v 12.271 -2.296 -21.886
v 22.621 -4.940 -20.700
v 35.610 3.354 -22.937
v 38.607 5.278 -24.797
v 21.477 6.191 -28.509
v 17.627 4.667 -28.071
v 37.669 3.510 -23.697
v 20.729 -0.693 -22.571
v 36.607 1.650 -21.546
v 34.504 0.924 -22.447
v 12.543 -5.104 -19.437
v 13.484 -8.316 -17.795
v 20.268 0.480 -24.114
v 35.052 6.643 -30.751
v 34.350 0.352 -21.490
v 14.339 0.490 -26.192
v 12.812 -1.136 -23.942
v 35.726 8.931 -31.823
v 30.827 3.543 -24.343
v 35.933 3.712 -24.642
v 32.264 5.020 -26.048
v 21.923 0.170 -23.655
v 32.673 5.948 -28.263
v 29.254 5.806 -28.095
v 27.478 2.298 -26.622
v 37.019 2.006 -22.726
v 35.150 0.054 -21.632
v 34.836 2.455 -24.556
v 20.209 -1.981 -23.075
v 35.603 1.213 -23.448
v 35.182 2.601 -25.390
v 25.320 6.339 -30.126
v 31.957 1.237 -27.154
v 34.646 1.124 -25.057
v 11.293 -8.287 -17.375
v 15.323 -0.145 -27.602
v 10.535 -5.595 -20.347
v 9.949 -6.605 -19.667
v 34.891 0.132 -23.425
v 32.406 0.889 -27.453
v 10.171 -7.959 -18.915
v 24.508 4.558 -30.159
v 33.111 0.095 -24.952
v 10.490 -9.069 -17.712
v 15.111 -1.942 -24.012
v 36.116 0.177 -25.188
v 27.249 4.264 -29.376
v 34.573 0.886 -26.775
v 50.174 33.678 -31.800
v 52.350 33.477 -31.253
v 55.192 30.853 -29.119
v 17.672 3.005 -29.422
v 28.823 -1.328 -26.931
v 20.542 -1.483 -25.044
v 10.923 -5.028 -21.550
v 24.234 -4.677 -22.048
v 51.756 30.518 -31.709
v 33.640 5.739 -29.401
v 12.208 -3.567 -24.215
v 13.099 -5.937 -21.315
v 36.754 5.214 -33.015
v 16.587 0.878 -29.294
v 13.052 -3.221 -26.488
v 54.869 30.895 -30.113
v 12.178 -6.854 -21.073
v 50.783 31.490 -34.194
v 26.410 0.339 -26.502
v 49.754 32.517 -33.923
v 20.013 2.109 -29.804
v 48.814 30.838 -34.917
v 56.117 27.404 -29.242
v 12.450 -8.747 -19.365
v 21.878 -3.300 -23.858
v 13.238 -4.337 -24.687
v 11.482 -4.588 -24.386
v 22.279 -5.707 -22.716
v 33.948 4.452 -29.864
v 57.971 24.509 -26.713
v 55.449 24.801 -29.700
v 57.114 24.749 -27.513
v 13.353 -7.336 -23.312
v 58.296 25.579 -28.448
v 56.970 25.789 -28.954
v 20.945 -6.826 -22.813
v 14.321 -9.317 -20.743
v 35.361 4.190 -31.674
v 52.014 26.925 -32.919
v 27.058 2.821 -29.486
v 57.325 23.516 -27.835
v 17.855 -5.657 -24.303
v 57.915 21.970 -26.463
v 26.162 -1.220 -26.666
v 22.453 -6.961 -23.275
v 16.255 -10.114 -21.611
v 33.468 3.521 -28.242
v 23.419 -7.500 -22.885
v 58.643 22.588 -27.455
v 30.000 2.126 -29.220
v 55.698 25.167 -30.389
v 54.199 22.992 -30.490
v 59.584 24.196 -27.810
v 15.133 -6.967 -24.065
v 25.952 -7.032 -22.115
v 56.133 21.616 -28.927
v 18.716 -8.053 -23.041
v 22.711 2.366 -30.864
v 55.951 23.020 -27.873
v 57.291 21.930 -26.553
v 48.931 27.530 -35.625
v 54.846 22.459 -28.988
v 21.092 -3.415 -26.873
v 17.510 -5.189 -27.527
v 28.769 -5.888 -23.401
v 33.931 2.478 -31.325
v 17.967 -2.629 -30.562
v 14.122 -3.351 -28.424
v 29.553 -2.951 -24.987
v 27.610 -0.141 -30.028
v 22.634 -5.228 -25.964
v 56.385 21.061 -25.991
v 56.912 21.009 -25.116
v 56.256 19.099 -24.444
v 22.324 -2.859 -30.230
v 20.456 -1.265 -31.081
v 56.299 21.040 -27.570
v 57.593 21.117 -26.492
v 16.249 -5.493 -28.524
v 20.745 -6.126 -26.863
v 60.614 21.218 -25.769
v 28.677 -6.687 -24.504
v 21.988 -4.303 -27.694
v 56.024 18.112 -23.658
v 27.176 -5.370 -26.348
v 24.028 -6.310 -25.717
v 54.563 22.757 -30.774
v 26.272 -2.342 -30.491
v 54.953 19.355 -24.975
v 19.257 -5.810 -28.178
v 26.959 -3.266 -28.245
v 28.053 -3.258 -27.423
v 60.080 22.152 -29.409
v 55.362 20.345 -26.865
v 30.016 -1.548 -30.692
v 26.601 -7.922 -24.237
v 61.307 20.602 -26.058
v 57.565 19.739 -26.173
v 59.759 20.228 -25.371
v 54.893 18.522 -23.228
v 56.534 23.715 -29.760
v 31.782 0.771 -32.081
v 59.630 21.527 -28.230
v 29.150 -1.793 -28.878
v 28.035 -2.857 -29.970
v 24.347 -7.957 -27.689
v 17.493 -7.071 -30.055
v 54.700 17.208 -22.200
v 53.838 16.566 -20.887
v 19.900 -7.469 -30.602
v 18.026 -7.743 -28.802
v 19.472 -7.179 -27.985
v 23.963 -8.274 -26.222
v 51.099 16.760 -22.027
v 49.020 27.513 -36.120
v 19.014 -9.646 -27.897
v 20.446 -10.335 -28.097
v 18.924 -10.385 -29.270
v 51.784 7.590 -9.814
v 59.490 20.384 -26.875
v 58.789 22.794 -30.890
v 55.940 19.932 -26.955
v 57.738 18.186 -25.685
v 60.506 18.808 -25.999
v 54.878 18.538 -24.957
v 31.799 -1.085 -32.056
v 50.946 23.549 -34.425
v 57.813 19.932 -27.639
v 58.271 19.796 -26.401
v 54.210 17.895 -24.303
v 54.687 16.209 -22.354
v 30.960 -0.861 -25.101
v 61.030 18.291 -27.442
v 54.421 21.863 -32.658
v 55.812 18.693 -27.396
v 54.192 19.887 -28.798
v 54.369 19.425 -29.278
v 55.060 19.559 -27.867
v 57.381 18.720 -25.985
v 55.827 21.574 -30.878
v 54.079 19.011 -27.100
v 59.377 17.713 -26.679
v 56.741 16.845 -25.056
v 54.270 17.610 -25.134
v 49.708 16.303 -22.382
v 51.341 15.651 -21.903
v 50.219 14.833 -20.605
v 55.244 20.110 -30.451
v 51.954 17.193 -24.786
v 49.961 24.435 -36.653
v 49.114 15.402 -21.140
v 54.050 21.379 -31.712
v 59.273 19.456 -27.590
v 50.601 22.430 -35.499
v 60.337 20.313 -29.802
v 52.811 19.339 -31.097
v 54.961 18.758 -29.325
v 56.346 18.504 -27.060
v 49.753 16.724 -23.771
v 53.069 15.537 -22.724
v 54.570 18.512 -27.108
v 54.724 17.555 -26.186
v 57.477 18.121 -26.487
v 60.986 17.176 -26.619
v 54.468 15.464 -23.990
v 54.785 14.855 -22.212
v 53.908 19.396 -29.167
v 49.938 15.730 -23.411
v 57.020 21.270 -31.039
v 51.588 20.010 -33.169
v 58.729 18.021 -27.450
v 48.582 15.132 -22.720
v 52.022 23.272 -34.268
v 57.387 20.865 -32.142
v 56.085 17.869 -27.430
v 55.557 17.913 -27.402
v 49.108 16.077 -25.441
v 55.416 16.458 -25.882
v 48.857 14.716 -21.683
v 59.701 20.223 -31.339
v 57.315 17.726 -29.482
v 52.532 13.996 -20.878
v 52.961 17.508 -27.376
v 51.270 16.498 -26.025
v 53.458 15.864 -24.793
v 51.761 15.337 -23.242
v 51.911 14.567 -22.442
v 59.376 18.614 -30.656
v 48.601 16.981 -34.314
v 53.612 17.497 -31.255
v 53.897 16.399 -26.538
v 56.845 18.627 -30.470
v 51.860 17.792 -31.737
v 51.447 14.038 -25.359
v 54.976 16.923 -27.908
v 52.008 16.421 -28.649
v 57.847 20.156 -31.225
v 53.923 15.208 -25.858
v 49.522 14.326 -23.289
v 50.203 20.017 -35.129
v 48.939 18.882 -35.510
v 54.346 17.072 -29.067
v 52.633 19.944 -32.888
v 50.800 15.743 -28.201
v 50.614 15.451 -26.113
v 58.953 19.153 -31.220
v 49.489 16.189 -32.370
v 52.857 16.038 -29.845
v 52.212 17.776 -32.481
v 52.677 14.889 -27.271
v 59.457 17.777 -30.394
v 54.763 16.990 -30.282
v 51.157 16.732 -31.813
v 54.053 15.613 -29.874
v 59.000 17.193 -30.226
v 51.052 14.847 -26.832
v 52.791 15.338 -28.968
v 58.748 17.747 -31.696
v 33.803 8.434 -15.686
v 31.703 9.982 -18.535
v 33.765 10.200 -17.303
v 31.573 7.782 -16.183
v 35.154 9.375 -16.802
v 35.569 8.295 -16.376
v 30.568 7.503 -16.336
v 33.727 7.606 -16.819
v 34.638 9.317 -18.858
v 32.426 8.470 -19.355
v 36.247 8.300 -18.589
v 35.317 7.948 -19.733
v 35.320 6.793 -19.003
v 22.681 -5.286 -27.122
v 21.403 -6.766 -26.124
v -29.258 0.107 -28.159
v -27.868 0.298 -28.888
v -34.400 4.517 -24.873
v -70.935 0.397 21.793
v -68.526 3.623 7.784
v -71.615 3.191 19.680
v -27.842 -1.075 -27.996
v -33.126 3.209 -23.016
v -28.860 -0.889 -28.736
v -28.199 -0.636 -29.801
v -29.136 1.253 -21.805
v -70.469 -1.303 21.102
v -27.080 -1.609 -29.065
v -72.268 16.214 14.183
v -31.322 0.664 -21.448
v -71.949 5.302 20.620
v -71.286 19.899 6.420
v -43.038 18.611 -8.474
v -34.650 5.020 -26.423
v -71.440 20.695 9.501
v -66.801 14.949 5.486
v -71.211 21.209 7.589
v -64.628 -15.993 19.760
v -68.872 5.516 15.328
v -71.931 13.539 16.809
v -72.229 11.267 17.349
v -68.653 -5.070 22.271
v -39.042 16.932 -9.290
v -54.370 16.480 -11.986
v -59.773 -10.778 -14.949
v -66.625 30.373 -4.627
v -69.698 20.842 0.951
v -69.992 22.263 2.333
v -63.224 22.737 -1.514
v -68.223 27.207 -1.722
v -56.641 -20.587 9.631
v -57.492 9.456 -22.187
v -27.710 1.501 -23.564
v -66.437 20.591 -1.376
v -70.807 21.337 5.802
v -26.185 0.474 -23.446
v -68.518 0.495 17.216
v -58.456 8.350 -17.744
v -40.605 16.347 -7.694
v -63.904 6.195 -11.306
v -27.678 -2.401 -21.119
v -49.764 17.121 -10.630
v -63.377 27.856 -20.739
v -65.406 34.442 -7.482
v -59.758 41.291 -23.991
v -64.564 40.952 -8.780
v -25.599 -1.382 -22.139
v -62.127 38.805 -7.879
v -61.554 -40.483 -25.727
v -61.309 -38.454 -21.180
v -58.163 -41.746 -26.468
v -62.016 -35.628 -28.113
v -34.149 3.093 -24.464
v -59.404 -44.975 -21.486
v -62.911 -25.593 -22.143
v -61.544 -33.402 -30.007
v -41.270 17.062 -12.582
v -59.494 -31.971 -30.540
v -61.606 -30.213 -21.429
v -61.735 -27.323 -26.417
v -59.462 -26.700 -26.644
v -35.820 14.111 -8.428
v -34.528 4.582 -29.422
v -33.307 2.100 -23.725
v -61.312 -19.314 -19.456
v -60.065 -24.151 14.683
v -41.117 14.752 -7.026
v -69.189 24.118 -0.800
v -58.105 6.633 -18.022
v -67.601 17.549 2.953
v -58.277 -9.681 -21.067
v -60.815 -7.471 -16.128
v -59.918 -6.251 -11.277
v -59.331 -15.357 -24.499
v -62.670 11.134 -15.992
v -49.453 16.824 -13.716
v -59.938 12.164 -32.443
v -61.655 15.570 -30.473
v -29.006 -2.708 -22.078
v -61.689 15.700 -21.834
v -25.236 -3.180 -21.652
v -60.848 18.287 -34.985
v -62.744 26.179 -27.169
v -54.848 24.432 -4.294
v -59.104 23.355 -34.914
v -58.746 29.733 -1.353
v -60.921 26.677 -7.565
v -59.738 23.848 -14.935
v -59.954 31.144 -11.997
v -37.440 12.278 -7.427
v -60.754 31.142 -0.784
v -62.238 26.632 -1.848
v -60.288 38.852 -6.369
v -60.686 49.890 -11.525
v -59.891 48.939 -18.653
v -27.117 1.924 -27.714
v -29.988 -1.501 -23.538
v -54.738 -46.306 -21.606
v -58.371 -35.238 -29.441
v -58.124 -37.916 -23.212
v -57.790 -32.589 -29.887
v -31.495 1.717 -26.172
v -58.425 -23.522 -25.309
v -46.047 16.886 -12.398
v -56.531 -20.646 -24.903
v -54.298 -18.622 -21.880
v -27.019 0.975 -27.008
v -52.155 -18.998 -23.939
v -55.313 -14.372 -11.941
v -57.782 3.694 -10.434
v -55.332 -3.403 -20.712
v -58.771 2.968 -17.160
v -60.257 6.938 -3.499
v -55.761 16.739 -13.632
v -59.842 11.995 -23.295
v -24.867 -5.910 -22.720
v -54.608 13.567 -39.105
v -55.480 9.124 -34.046
v -56.248 16.645 -39.339
v -58.452 18.871 -12.118
v -59.249 20.729 -14.874
v -22.452 -2.244 -25.489
v -65.457 17.812 0.300
v -53.848 5.647 -10.173
v -29.166 1.461 -27.585
v -66.509 -1.721 16.268
v -27.016 -4.614 -22.782
v -59.028 34.039 -27.659
v -60.448 42.160 -7.915
v -57.016 35.148 -4.520
v -59.153 37.659 -6.616
v -53.187 37.579 -33.466
v -50.796 17.475 -19.915
v -58.319 48.734 -22.063
v -59.079 49.904 -11.039
v -58.341 45.952 -9.587
v -55.319 47.462 -26.033
v -51.350 45.403 -18.920
v -53.362 49.305 -10.414
v -19.801 -3.662 -25.497
v -54.541 -45.698 -20.953
v -36.694 15.201 -13.861
v -53.584 -33.218 4.866
v -53.863 -34.983 10.889
v -58.492 -30.131 14.956
v -27.537 -1.070 -26.262
v -44.643 10.536 -8.517
v -55.649 -28.678 14.331
v -53.553 -32.512 14.272
v -52.791 -26.629 -11.382
v -52.802 -25.990 -1.859
v -52.431 -30.562 3.785
v -55.882 -13.392 -15.325
v -48.599 -22.758 -20.297
v -53.370 -9.378 -19.278
v -23.902 -1.860 -26.541
v -60.521 34.776 -9.969
v -25.024 -4.803 -26.228
v -48.028 -37.944 -5.580
v -50.180 32.726 -34.636
v -52.978 -4.221 -25.390
v -56.144 -6.303 -22.087
v -38.609 -21.502 -19.602
v -55.126 7.743 -35.713
v -51.362 3.640 -36.890
v -58.026 31.069 -29.300
v -52.323 4.831 -29.317
v -50.784 12.729 -36.479
v -52.097 8.689 -34.527
v -48.374 10.366 -34.132
v -49.779 12.148 -8.389
v -25.465 -6.307 -24.559
v -49.019 16.041 -35.628
v -55.586 23.686 -34.694
v -55.533 25.328 -33.257
v -50.786 21.329 -6.981
v -56.456 25.656 -35.331
v -23.696 -5.002 -27.131
v -32.207 10.358 -11.104
v -32.392 9.202 -9.861
v -54.042 32.295 -24.074
v -52.101 20.951 -35.158
v -55.835 27.651 -6.304
v -54.403 26.549 -5.353
v -19.724 -8.116 -26.729
v -39.103 6.743 -9.905
v -23.794 -7.050 -24.244
v -22.185 -7.761 -25.844
v -50.784 38.392 -22.539
v -51.516 41.916 -32.983
v -23.770 -3.460 -27.286
v -56.024 29.299 -16.012
v -58.335 28.183 -32.115
v -20.211 -6.309 -28.133
v -52.204 -35.517 1.921
v -21.099 -6.220 -27.578
v -55.272 24.672 -20.310
v -46.142 18.408 -20.550
v -21.922 -8.573 -25.725
v -51.328 4.565 -18.982
v -53.209 -34.393 -2.522
v -49.503 7.529 -8.747
v -53.355 47.647 -13.475
v -52.795 49.226 -11.756
v -56.860 39.505 -13.843
v -51.037 0.157 -20.588
v -44.915 5.811 -10.819
v -48.229 1.211 -11.002
v -40.137 -2.048 -14.271
v -50.642 -32.522 6.471
v -51.014 -32.821 11.352
v -46.674 -17.514 -23.814
v -49.000 -6.386 -20.052
v -49.946 -1.521 -32.457
v -51.748 -2.670 -30.651
v -51.259 -2.737 -25.577
v -51.970 -0.935 -24.008
v -51.443 1.798 -29.659
v -55.093 14.726 -10.288
v -54.373 13.649 -10.696
v -52.724 14.060 -11.569
v -54.584 13.860 -11.817
v -49.746 -2.214 -13.376
v -51.202 0.318 -34.879
v -51.515 13.298 -10.148
v -52.054 1.315 -32.872
v -53.010 13.136 -9.777
v -47.575 2.788 -37.549
v -44.934 -1.408 -32.355
v -36.089 15.929 -19.017
v -54.442 12.665 -10.571
v -56.152 13.480 -12.155
v -48.454 1.896 -28.222
v -42.913 1.847 -22.824
v -52.063 13.003 -12.931
v -50.127 13.074 -10.938
v -56.453 14.986 -14.247
v -47.125 3.225 -21.119
v -47.374 12.906 -34.971
v -52.844 12.210 -11.761
v -50.983 24.029 -37.478
v -47.012 22.134 -34.697
v -51.732 11.478 -11.001
v -56.488 14.469 -15.566
v -46.638 34.598 -36.091
v -50.054 12.661 -12.086
v -53.177 14.732 -14.376
v -54.820 13.007 -13.631
v -48.051 41.875 -23.662
v -53.012 46.154 -16.306
v -45.797 42.001 -28.810
v -52.283 46.615 -23.357
v -44.860 40.573 -27.839
v -53.293 13.883 -14.467
v -54.419 14.666 -15.638
v -47.595 -29.271 -18.224
v -47.224 -35.866 -12.565
v -46.054 -35.707 -13.827
v -51.567 12.639 -12.931
v -46.747 -33.174 -13.571
v -42.436 17.060 -18.423
v -49.750 14.418 -14.703
v -48.149 -22.112 -21.667
v -42.116 -28.818 -19.460
v -43.080 -8.311 -20.029
v -41.309 -2.454 -24.548
v -49.325 11.460 -11.803
v -44.984 -3.476 -19.845
v -49.393 10.461 -11.413
v -46.932 -2.181 -22.658
v -44.735 -0.510 -26.649
v -53.340 8.976 -10.279
v -55.604 14.576 -15.903
v -45.072 2.844 -34.328
v -45.319 1.273 -20.114
v -54.284 17.991 -18.922
v -47.863 8.517 -33.536
v -47.960 10.201 -10.638
v -46.016 6.084 -33.556
v -51.591 8.957 -10.889
v -55.382 16.203 -17.911
v -46.877 17.786 -38.798
v -54.440 13.697 -15.717
v -48.726 17.589 -25.335
v -45.607 17.626 -26.483
v -46.146 18.402 -30.853
v -45.078 17.555 -35.310
v -49.227 21.028 -5.608
v -44.744 25.379 -41.325
v -45.822 43.143 -35.600
v -47.254 12.518 -13.495
v -44.738 -31.653 -16.768
v -55.053 16.263 -18.930
v -45.051 -30.708 -14.117
v -42.453 -30.239 -14.729
v -54.737 14.888 -17.468
v -48.801 15.242 -17.413
v -40.582 -21.230 -23.565
v -38.329 -14.077 -27.030
v -43.220 -5.237 -19.229
v -46.493 10.782 -11.848
v -44.070 0.688 -36.011
v -52.413 9.570 -11.274
v -40.842 -4.277 -39.915
v -52.994 15.882 -17.868
v -40.321 -4.347 -21.693
v -41.548 -4.234 -15.671
v -51.289 13.016 -15.790
v -50.244 15.595 -18.459
v -41.757 -0.787 -24.750
v -41.503 0.781 -25.752
v -41.907 -0.721 -21.858
v -50.498 11.739 -14.294
v -43.108 -1.905 -21.083
v -50.928 10.346 -12.123
v -48.006 13.629 -15.328
v -46.081 8.391 -31.190
v -47.606 14.558 -16.603
v -48.205 8.393 -11.144
v -43.779 7.532 -32.745
v -42.581 5.575 -33.407
v -42.801 6.769 -32.511
v -41.879 12.892 -38.457
v -52.294 7.552 -11.170
v -52.446 15.311 -19.133
v -42.343 15.917 -39.680
v -42.559 20.960 -41.861
v -39.866 17.803 -37.289
v -46.254 11.837 -14.071
v -51.090 9.622 -12.873
v -45.016 16.107 -33.182
v -40.204 17.560 -26.711
v -45.016 19.815 -8.255
v -50.965 7.713 -10.910
v -41.379 32.698 -32.829
v -41.287 34.015 -33.681
v -42.655 40.831 -34.722
v -50.200 12.613 -16.812
v -45.832 9.842 -13.257
v -44.411 43.547 -32.479
v -42.182 42.454 -32.040
v -49.103 8.204 -11.779
v -54.221 14.057 -18.042
v -40.574 -26.859 -17.030
v -48.153 13.735 -17.014
v -39.268 -25.542 -19.783
v -47.169 12.070 -16.119
v -37.333 -4.977 -23.155
v -49.951 15.603 -19.685
v -37.015 -3.276 -36.903
v -39.112 -2.683 -52.318
v -45.718 8.400 -11.640
v -42.901 2.057 -36.755
v -38.901 -3.234 -41.148
v -49.006 15.197 -19.321
v -33.531 -1.474 -27.837
v -38.691 0.150 -47.648
v -40.526 0.269 -36.668
v -37.738 -0.536 -35.019
v -38.893 0.430 -35.104
v -39.117 -0.247 -32.493
v -48.247 15.177 -20.509
v -46.762 10.302 -15.293
v -50.668 8.051 -13.275
v -47.880 6.441 -11.201
v -52.119 15.858 -20.724
v -42.167 5.869 -31.287
v -53.304 14.857 -19.538
v -50.256 7.372 -12.427
v -39.471 6.925 -31.601
v -41.186 12.248 -36.590
v -47.801 6.069 -11.883
v -49.016 10.753 -15.071
v -38.993 15.769 -34.873
v -44.235 7.647 -13.574
v -51.977 14.054 -19.192
v -40.137 16.588 -29.657
v -41.682 24.263 -38.383
v -44.519 5.863 -12.621
v -41.170 26.930 -37.969
v -49.598 14.508 -18.786
v -49.435 13.433 -17.962
v -40.672 38.890 -31.576
v -53.340 14.426 -20.611
v -36.446 -7.768 -25.625
v -39.878 11.864 -17.808
v -39.870 9.999 -16.072
v -37.232 -11.129 -26.975
v -52.039 9.332 -22.066
v -51.450 14.783 -20.190
v -48.370 13.699 -18.194
v -35.550 -17.169 -21.955
v -52.441 10.077 -24.918
v -38.279 11.231 -17.633
v -41.200 9.530 -16.444
v -35.644 -6.404 -24.516
v -34.632 -6.597 -20.113
v -41.001 8.197 -14.839
v -32.279 11.894 -15.425
v -38.683 -2.882 -52.051
v -35.942 7.027 -10.568
v -49.001 12.293 -17.233
v -37.147 -1.872 -37.790
v -38.920 8.318 -16.125
v -41.859 9.083 -15.649
v -35.707 2.947 -35.310
v -37.776 0.669 -35.172
v -47.539 5.517 -13.332
v -38.436 6.727 -30.779
v -39.055 11.011 -19.020
v -37.932 8.831 -30.193
v -35.852 11.610 -31.392
v -36.543 15.336 -29.277
v -35.569 13.878 -31.567
v -41.067 9.115 -17.967
v -46.905 9.867 -15.880
v -48.079 9.134 -14.812
v -34.631 -5.012 -24.724
v -32.482 -3.121 -22.449
v -32.495 -5.452 -21.000
v -40.166 9.272 -19.156
v -37.809 9.397 -18.175
v -34.666 0.856 -32.490
v -29.480 -5.331 -20.717
v -55.063 -30.140 -0.200
v -59.665 -15.352 12.249
v -64.384 -4.612 15.316
v -48.073 6.385 -14.193
v -47.984 3.819 -10.562
v -42.638 5.518 -13.561
v -40.575 8.282 -17.297
v -43.893 7.836 -15.618
v -63.711 9.970 1.304
v -67.454 4.482 2.512
v -38.300 7.870 -17.693
v -50.803 -30.394 -4.578
v -61.979 -10.822 2.014
v -45.864 9.225 -17.108
v -54.592 12.167 -19.789
v -58.550 -1.810 -9.060
v -52.332 9.126 -16.268
v -50.675 10.906 -17.451
v -38.937 8.915 -20.285
v -44.709 9.710 -17.460
v -60.952 32.772 -24.921
v -40.969 4.086 -15.150
v -44.757 3.846 -14.060
v -59.894 -16.785 4.396
v -41.758 9.567 -18.827
v -64.840 -1.431 13.072
v -41.323 7.133 -17.305
v -43.616 -1.961 -14.484
v -39.959 8.019 -18.274
v -57.988 -18.357 -2.720
v -62.554 3.128 3.685
v -43.659 11.170 -20.382
v -44.778 10.274 -19.151
v -26.362 6.820 -13.931
v -44.812 5.902 -17.109
v -48.446 9.179 -16.893
v -40.965 5.557 -16.443
v -41.272 11.261 -22.474
v -40.544 9.963 -21.252
v -49.943 9.305 -16.921
v -58.016 6.400 -6.833
v -45.594 7.443 -17.319
v -42.401 3.511 -15.562
v -46.491 3.579 -14.788
v -54.962 11.778 -22.688
v -38.664 15.929 -20.498
v -45.739 9.481 -18.921
v -49.745 11.398 -19.281
v -38.716 7.742 -20.087
v -40.506 7.405 -18.728
v -38.898 3.078 -16.305
v -46.374 10.808 -21.603
v -38.400 7.734 -21.187
v -40.647 10.078 -25.203
v -45.987 10.427 -20.055
v -40.513 2.053 -15.729
v -42.541 10.675 -23.663
v -39.205 9.685 -23.322
v -41.071 8.235 -20.778
v -49.926 8.706 -18.358
v -43.180 3.427 -16.478
v -28.327 9.017 -15.923
v -39.582 3.386 -17.252
v -29.318 5.730 -11.382
v -36.491 7.622 -21.671
v -35.893 6.596 -21.662
v -50.170 11.435 -22.399
v -39.235 4.631 -18.517
v -36.669 7.315 -21.946
v -29.501 14.591 -21.356
v -34.419 5.753 -21.551
v -34.268 5.914 -22.104
v -45.679 5.898 -18.341
v -32.014 0.208 -27.335
v -38.457 8.139 -25.342
v -30.443 15.648 -22.774
v -29.045 10.638 -17.941
v -36.445 17.609 -25.438
v -29.387 10.282 -16.771
v -33.753 16.912 -24.933
v -42.326 4.428 -19.341
v -24.673 4.330 -13.441
v -34.869 6.485 -22.589
v -39.193 2.189 -18.313
v -40.638 1.478 -18.367
v -38.630 17.802 -28.568
v -24.365 9.487 -20.817
v -37.700 7.254 -24.536
v -27.978 7.547 -16.471
v -38.820 4.678 -20.611
v -32.519 15.684 -25.064
v -30.359 15.016 -24.164
v -24.413 10.804 -23.734
v -29.079 8.700 -19.150
v -25.753 6.407 -17.898
v -22.742 5.269 -16.950
v -35.774 16.232 -26.155
v -31.152 6.579 -16.930
v -39.218 6.735 -23.111
v -50.483 8.690 -20.688
v -39.826 7.329 -25.200
v -33.967 12.766 -22.971
v -46.661 9.756 -23.252
v -50.636 7.555 -18.201
v -37.707 16.400 -28.724
v -32.148 11.277 -22.602
v -48.330 10.683 -23.053
v -31.995 7.231 -19.712
v -27.086 13.990 -25.084
v -49.545 9.195 -21.169
v -29.127 11.752 -24.118
v -37.251 2.625 -19.687
v -34.006 7.548 -18.081
v -26.203 1.017 -14.091
v -25.755 7.095 -19.891
v -24.166 12.079 -25.882
v -47.820 7.954 -19.125
v -21.524 6.267 -19.520
v -34.469 7.448 -19.202
v -32.350 0.006 -16.067
v -35.113 12.918 -25.689
v -37.310 4.455 -22.890
v -37.286 13.789 -27.792
v -36.082 12.309 -28.406
v -39.811 8.511 -25.495
v -45.123 9.109 -23.758
v -20.965 -2.774 -15.219
v -17.106 -1.160 -17.376
v -16.722 6.921 -24.780
v -48.711 10.026 -23.218
v -25.165 12.277 -26.912
v -38.135 1.911 -19.978
v -34.267 11.081 -25.724
v -21.441 8.923 -25.744
v -23.010 9.764 -27.208
v -51.342 10.568 -23.984
v -42.896 7.913 -24.652
v -32.811 8.250 -26.538
v -26.018 -2.874 -17.295
v -14.906 2.275 -23.626
v -19.198 -3.303 -16.585
v -19.326 7.442 -26.804
v -37.482 5.618 -25.411
v -39.662 3.843 -21.928
v -27.335 9.127 -27.921
v -13.988 -4.213 -17.563
v -35.933 1.509 -20.465
v -35.980 9.754 -28.925
v -42.152 4.693 -21.367
v -16.883 5.033 -26.387
v -36.621 1.001 -20.216
v -34.502 7.735 -28.129
v -51.435 9.243 -23.423
v -37.163 5.718 -24.762
v -36.422 2.474 -21.909
v -40.962 5.803 -25.214
v -15.897 -6.012 -17.399
v -12.167 -2.296 -21.886
v -22.517 -4.940 -20.700
v -35.506 3.354 -22.937
v -38.503 5.278 -24.797
v -21.373 6.191 -28.509
v -17.523 4.667 -28.071
v -37.565 3.510 -23.697
v -20.625 -0.693 -22.571
v -36.503 1.650 -21.546
v -34.400 0.924 -22.447
v -12.439 -5.104 -19.437
v -13.380 -8.316 -17.795
v -20.164 0.480 -24.114
v -34.948 6.643 -30.751
v -34.246 0.352 -21.490
v -14.235 0.490 -26.192
v -12.708 -1.136 -23.942
v -35.622 8.931 -31.823
v -30.723 3.543 -24.343
v -35.829 3.712 -24.642
v -32.160 5.020 -26.048
v -21.819 0.170 -23.655
v -32.569 5.948 -28.263
v -29.150 5.806 -28.095
v -27.374 2.298 -26.622
v -36.915 2.006 -22.726
v -35.046 0.054 -21.632
v -34.732 2.455 -24.556
v -20.105 -1.981 -23.075
v -35.499 1.213 -23.448
v -35.078 2.601 -25.390
v -25.216 6.339 -30.126
v -31.853 1.237 -27.154
v -34.542 1.124 -25.057
v -11.189 -8.287 -17.375
v -15.219 -0.145 -27.602
v -10.431 -5.595 -20.347
v -9.845 -6.605 -19.667
v -34.787 0.132 -23.425
v -32.302 0.889 -27.453
v -10.067 -7.959 -18.915
v -24.404 4.558 -30.159
v -33.007 0.095 -24.952
v -10.386 -9.069 -17.712
v -15.007 -1.942 -24.012
v -36.012 0.177 -25.188
v -27.145 4.264 -29.376
v -34.469 0.886 -26.775
v -50.070 33.678 -31.800
v -52.246 33.477 -31.253
v -55.088 30.853 -29.119
v -17.568 3.005 -29.422
v -28.719 -1.328 -26.931
v -20.438 -1.483 -25.044
v -10.819 -5.028 -21.550
v -24.130 -4.677 -22.048
v -51.652 30.518 -31.709
v -33.536 5.739 -29.401
v -12.104 -3.567 -24.215
v -12.995 -5.937 -21.315
v -36.650 5.214 -33.015
v -16.483 0.878 -29.294
v -12.948 -3.221 -26.488
v -54.765 30.895 -30.113
v -12.074 -6.854 -21.073
v -50.679 31.490 -34.194
v -26.306 0.339 -26.502
v -49.650 32.517 -33.923
v -19.909 2.109 -29.804
v -48.710 30.838 -34.917
v -56.013 27.404 -29.242
v -12.346 -8.747 -19.365
v -21.774 -3.300 -23.858
v -13.134 -4.337 -24.687
v -11.378 -4.588 -24.386
v -22.175 -5.707 -22.716
v -33.844 4.452 -29.864
v -57.867 24.509 -26.713
v -55.345 24.801 -29.700
v -57.010 24.749 -27.513
v -13.249 -7.336 -23.312
v -58.192 25.579 -28.448
v -56.866 25.789 -28.954
v -20.841 -6.826 -22.813
v -14.217 -9.317 -20.743
v -35.257 4.190 -31.674
v -51.910 26.925 -32.919
v -26.954 2.821 -29.486
v -57.221 23.516 -27.835
v -17.751 -5.657 -24.303
v -57.811 21.970 -26.463
v -26.058 -1.220 -26.666
v -22.349 -6.961 -23.275
v -16.151 -10.114 -21.611
v -33.364 3.521 -28.242
v -23.315 -7.500 -22.885
v -58.539 22.588 -27.455
v -29.896 2.126 -29.220
v -55.594 25.167 -30.389
v -54.095 22.992 -30.490
v -59.480 24.196 -27.810
v -15.029 -6.967 -24.065
v -25.848 -7.032 -22.115
v -56.029 21.616 -28.927
v -18.612 -8.053 -23.041
v -22.607 2.366 -30.864
v -55.847 23.020 -27.873
v -57.187 21.930 -26.553
v -48.827 27.530 -35.625
v -54.742 22.459 -28.988
v -20.988 -3.415 -26.873
v -17.406 -5.189 -27.527
v -28.665 -5.888 -23.401
v -33.827 2.478 -31.325
v -17.863 -2.629 -30.562
v -14.018 -3.351 -28.424
v -29.449 -2.951 -24.987
v -27.506 -0.141 -30.028
v -22.530 -5.228 -25.964
v -56.281 21.061 -25.991
v -56.808 21.009 -25.116
v -56.152 19.099 -24.444
v -22.220 -2.859 -30.230
v -20.352 -1.265 -31.081
v -56.195 21.040 -27.570
v -57.489 21.117 -26.492
v -16.145 -5.493 -28.524
v -20.641 -6.126 -26.863
v -60.510 21.218 -25.769
v -28.573 -6.687 -24.504
v -21.884 -4.303 -27.694
v -55.920 18.112 -23.658
v -27.072 -5.370 -26.348
v -23.924 -6.310 -25.717
v -54.459 22.757 -30.774
v -26.168 -2.342 -30.491
v -54.849 19.355 -24.975
v -19.153 -5.810 -28.178
v -26.855 -3.266 -28.245
v -27.949 -3.258 -27.423
v -59.976 22.152 -29.409
v -55.258 20.345 -26.865
v -29.912 -1.548 -30.692
v -26.497 -7.922 -24.237
v -61.203 20.602 -26.058
v -57.461 19.739 -26.173
v -59.655 20.228 -25.371
v -54.789 18.522 -23.228
v -56.430 23.715 -29.760
v -31.678 0.771 -32.081
v -59.526 21.527 -28.230
v -29.046 -1.793 -28.878
v -27.931 -2.857 -29.970
v -24.243 -7.957 -27.689
v -17.389 -7.071 -30.055
v -54.596 17.208 -22.200
v -53.734 16.566 -20.887
v -19.796 -7.469 -30.602
v -17.922 -7.743 -28.802
v -19.368 -7.179 -27.985
v -23.859 -8.274 -26.222
v -50.995 16.760 -22.027
v -48.916 27.513 -36.120
v -18.910 -9.646 -27.897
v -20.342 -10.335 -28.097
v -18.820 -10.385 -29.270
v -51.680 7.590 -9.814
v -59.386 20.384 -26.875
v -58.685 22.794 -30.890
v -55.836 19.932 -26.955
v -57.634 18.186 -25.685
v -60.402 18.808 -25.999
v -54.774 18.538 -24.957
v -31.695 -1.085 -32.056
v -50.842 23.549 -34.425
v -57.709 19.932 -27.639
v -58.167 19.796 -26.401
v -54.106 17.895 -24.303
v -54.583 16.209 -22.354
v -30.856 -0.861 -25.101
v -60.926 18.291 -27.442
v -54.317 21.863 -32.658
v -55.708 18.693 -27.396
v -54.088 19.887 -28.798
v -54.265 19.425 -29.278
v -54.956 19.559 -27.867
v -57.277 18.720 -25.985
v -55.723 21.574 -30.878
v -53.975 19.011 -27.100
v -59.273 17.713 -26.679
v -56.637 16.845 -25.056
v -54.166 17.610 -25.134
v -49.604 16.303 -22.382
v -51.237 15.651 -21.903
v -50.115 14.833 -20.605
v -55.140 20.110 -30.451
v -51.850 17.193 -24.786
v -49.857 24.435 -36.653
v -49.010 15.402 -21.140
v -53.946 21.379 -31.712
v -59.169 19.456 -27.590
v -50.497 22.430 -35.499
v -60.233 20.313 -29.802
v -52.707 19.339 -31.097
v -54.857 18.758 -29.325
v -56.242 18.504 -27.060
v -49.649 16.724 -23.771
v -52.965 15.537 -22.724
v -54.466 18.512 -27.108
v -54.620 17.555 -26.186
v -57.373 18.121 -26.487
v -60.882 17.176 -26.619
v -54.364 15.464 -23.990
v -54.681 14.855 -22.212
v -53.804 19.396 -29.167
v -49.834 15.730 -23.411
v -56.916 21.270 -31.039
v -51.484 20.010 -33.169
v -58.625 18.021 -27.450
v -48.478 15.132 -22.720
v -51.918 23.272 -34.268
v -57.283 20.865 -32.142
v -55.981 17.869 -27.430
v -55.453 17.913 -27.402
v -49.004 16.077 -25.441
v -55.312 16.458 -25.882
v -48.753 14.716 -21.683
v -59.597 20.223 -31.339
v -57.211 17.726 -29.482
v -52.428 13.996 -20.878
v -52.857 17.508 -27.376
v -51.166 16.498 -26.025
v -53.354 15.864 -24.793
v -51.657 15.337 -23.242
v -51.807 14.567 -22.442
v -59.272 18.614 -30.656
v -48.497 16.981 -34.314
v -53.508 17.497 -31.255
v -53.793 16.399 -26.538
v -56.741 18.627 -30.470
v -51.756 17.792 -31.737
v -51.343 14.038 -25.359
v -54.872 16.923 -27.908
v -51.904 16.421 -28.649
v -57.743 20.156 -31.225
v -53.819 15.208 -25.858
v -49.418 14.326 -23.289
v -50.099 20.017 -35.129
v -48.835 18.882 -35.510
v -54.242 17.072 -29.067
v -52.529 19.944 -32.888
v -50.696 15.743 -28.201
v -50.510 15.451 -26.113
v -58.849 19.153 -31.220
v -49.385 16.189 -32.370
v -52.753 16.038 -29.845
v -52.108 17.776 -32.481
v -52.573 14.889 -27.271
v -59.353 17.777 -30.394
v -54.659 16.990 -30.282
v -51.053 16.732 -31.813
v -53.949 15.613 -29.874
v -58.896 17.193 -30.226
v -50.948 14.847 -26.832
v -52.687 15.338 -28.968
v -58.644 17.747 -31.696
v -33.699 8.434 -15.686
v -31.599 9.982 -18.535
v -33.661 10.200 -17.303
v -31.469 7.782 -16.183
v -35.050 9.375 -16.802
v -35.465 8.295 -16.376
v -30.464 7.503 -16.336
v -33.623 7.606 -16.819
v -34.534 9.317 -18.858
v -32.322 8.470 -19.355
v -36.143 8.300 -18.589
v -35.213 7.948 -19.733
v -35.216 6.793 -19.003
v -22.577 -5.286 -27.122
v -21.299 -6.766 -26.124
v 5.359 -28.315 -28.209
v 4.484 -31.805 -25.188
v 0.724 -83.665 -37.242
v 1.401 -76.061 -33.779
v 1.566 -79.937 -39.445
v -5.255 -28.318 -28.207
v 1.128 -75.680 -40.419
v 1.405 -71.780 -37.540
v 0.052 -72.274 -40.133
v 1.174 -64.589 -31.421
v 1.568 -57.306 -40.840
v 0.052 -63.246 -29.992
v 2.782 -39.471 -23.779
v 0.869 -34.131 -36.427
v 1.799 -39.366 -23.100
v 3.234 -35.997 -23.989
v 1.516 -30.296 -33.778
v 0.052 -29.155 -27.260
v 3.721 -22.319 -31.577
v 0.052 -28.557 -34.158
v 4.163 -27.361 -27.870
v 0.551 -24.775 -32.693
v -4.380 -31.805 -25.188
v -0.819 -82.807 -36.780
v -0.220 -83.659 -37.686
v -0.990 -78.815 -34.286
v -1.462 -79.937 -39.445
v -1.024 -75.680 -40.419
v -1.301 -71.780 -37.540
v -1.070 -64.589 -31.421
v -0.700 -63.795 -40.639
v -1.598 -56.542 -40.986
v 0.052 -56.528 -42.316
v 1.149 -57.379 -23.806
v -2.678 -39.471 -23.778
v 0.052 -58.999 -25.500
v -0.594 -35.354 -37.030
v 0.990 -53.022 -41.566
v 1.559 -47.443 -25.571
v 1.257 -55.628 -24.051
v -0.108 -56.781 -23.920
v -1.695 -39.366 -23.100
v 0.753 -54.014 -23.202
v -3.130 -35.997 -23.989
v -0.128 -53.297 -42.483
v 0.636 -50.148 -25.240
v 0.214 -49.656 -43.417
v 1.242 -45.474 -42.632
v -1.412 -30.296 -33.778
v 0.052 -45.615 -23.545
v -3.617 -22.319 -31.576
v 0.887 -44.090 -42.947
v -4.059 -27.361 -27.870
v 0.052 -40.113 -39.742
v 0.052 -39.723 -20.622
v 0.579 -35.423 -37.099
v 0.052 -34.800 -36.675
v 1.199 -36.057 -23.991
v 0.052 -33.665 -25.541
v 0.052 -30.359 -35.313
v 0.926 -31.465 -28.011
v 0.052 -30.599 -27.176
v 0.052 -27.008 -30.902
v -1.133 -57.483 -24.066
v -1.455 -47.443 -25.571
v -1.196 -55.666 -24.098
v -0.805 -54.206 -23.101
v -0.588 -50.089 -25.308
v -1.067 -44.361 -42.775
v 0.052 -71.282 -32.161
v -0.465 -24.756 -32.735
v -1.095 -36.057 -23.991
v -0.566 -33.732 -36.464
v -0.822 -31.465 -28.011
v 59.756 -45.274 -28.654
v 59.660 -45.406 -22.856
v 62.267 -38.590 -26.576
v 59.590 -43.640 -23.262
v 62.276 -37.927 -29.919
v 56.030 -45.554 -35.573
v 55.940 -44.547 -35.016
v 57.974 -39.320 -25.905
v 59.591 -35.136 -31.336
v 61.786 -34.920 -29.654
v 58.685 -36.249 -28.762
v 58.755 -34.368 -30.127
v 55.034 -51.524 -22.477
v 57.955 -44.808 -23.736
v 57.016 -46.213 -21.377
v 55.471 -44.967 -23.810
v 58.214 -38.424 -32.259
v 48.581 -62.861 -19.848
v 53.887 -49.828 -21.365
v 53.092 -47.379 -21.756
v 53.913 -47.489 -20.538
v 53.761 -48.328 -24.093
v 51.868 -61.285 -4.560
v 52.041 -61.646 6.284
v 52.742 -56.118 -7.485
v 54.013 -52.165 -20.033
v 51.988 -54.083 -7.207
v 49.319 -55.518 -43.294
v 48.384 -54.912 -25.737
v 52.720 -49.847 -23.326
v 53.060 -51.243 -20.230
v 52.811 -50.741 -12.015
v 49.397 -50.643 -40.971
v 49.439 -65.951 7.528
v 47.873 -67.384 4.427
v 49.929 -61.664 -10.108
v 48.194 -66.694 1.202
v 45.850 -62.213 -45.428
v 48.695 -64.281 -28.813
v 48.908 -61.507 -13.159
v 49.119 -63.378 -5.397
v 50.711 -59.201 5.717
v 47.947 -61.379 6.732
v 47.265 -58.237 -46.762
v 47.735 -54.245 -7.120
v 51.403 -51.133 -11.446
v 50.326 -53.303 -9.930
v 46.409 -61.816 0.393
v 46.392 -60.513 4.715
v 41.666 -68.119 -37.941
v 41.987 -69.245 -28.168
v 41.177 -55.261 -12.367
v 44.383 -57.333 2.336
v 44.876 -55.482 1.217
v 46.651 -54.468 -43.305
v 43.977 -56.265 -37.858
v 45.609 -59.266 -47.146
v 42.711 -61.620 -39.077
v 44.407 -59.573 -40.470
v 35.925 -53.739 -22.094
v 45.607 -59.274 -38.860
v 44.146 -59.635 -38.133
v 44.438 -57.604 -38.043
v 46.450 -57.996 -35.251
v 43.833 -59.059 -34.013
v 45.126 -55.970 -35.160
v 44.945 -56.840 -47.081
v 42.782 -57.031 -42.404
v 43.303 -56.772 -33.336
v 44.310 -57.266 -23.455
v 44.079 -53.826 -12.048
v 35.174 -51.409 -20.544
v 44.139 -53.488 -5.829
v 41.473 -64.899 -43.198
v 43.272 -63.454 -43.862
v 40.981 -63.301 -42.537
v 42.543 -62.619 -33.955
v 42.378 -61.532 -33.066
v 44.008 -59.230 -43.442
v 40.142 -63.929 -36.080
v 42.803 -60.814 -27.500
v 41.148 -61.742 -25.824
v 39.767 -58.859 -26.047
v 41.990 -56.973 -25.646
v 38.971 -52.704 -1.693
v 36.771 -53.380 -22.776
v 42.612 -55.158 2.107
v 42.576 -51.869 -4.457
v 41.701 -53.478 -0.329
v 37.644 -71.383 -37.105
v 33.535 -73.348 -33.202
v 39.602 -67.690 -38.418
v 38.693 -66.775 -37.108
v 40.586 -61.071 -29.935
v 38.885 -63.564 -30.554
v 37.173 -62.217 -27.460
v 38.688 -59.438 -24.988
v 40.614 -59.326 -26.796
v 38.088 -50.371 -6.086
v 36.548 -49.439 -11.249
v 34.407 -72.315 -35.478
v 34.812 -68.056 -32.467
v 35.629 -47.884 -16.248
v 34.456 -72.587 -30.512
v 31.576 -71.711 -30.172
v 34.869 -67.750 -30.662
v 34.069 -48.886 -19.969
v 33.940 -47.630 -12.588
v 33.360 -48.398 -16.350
v -59.652 -45.274 -28.654
v -59.556 -45.406 -22.856
v -62.163 -38.590 -26.576
v -59.486 -43.640 -23.262
v -62.172 -37.927 -29.919
v -55.926 -45.554 -35.573
v -55.836 -44.547 -35.016
v -57.870 -39.320 -25.905
v -59.487 -35.136 -31.336
v -61.682 -34.920 -29.654
v -58.581 -36.249 -28.762
v -58.651 -34.368 -30.127
v -54.930 -51.524 -22.477
v -57.851 -44.808 -23.736
v -56.912 -46.213 -21.377
v -55.367 -44.967 -23.810
v -58.110 -38.424 -32.259
v -48.477 -62.861 -19.848
v -53.783 -49.828 -21.365
v -52.988 -47.379 -21.756
v -53.809 -47.489 -20.538
v -53.657 -48.328 -24.093
v -51.764 -61.285 -4.560
v -51.937 -61.646 6.284
v -52.638 -56.118 -7.485
v -53.909 -52.165 -20.033
v -51.884 -54.083 -7.207
v -49.215 -55.518 -43.294
v -48.280 -54.912 -25.737
v -52.616 -49.847 -23.326
v -52.956 -51.243 -20.230
v -52.707 -50.741 -12.015
v -49.293 -50.643 -40.971
v -49.335 -65.951 7.528
v -47.769 -67.384 4.427
v -49.825 -61.664 -10.108
v -48.090 -66.694 1.202
v -45.746 -62.213 -45.428
v -48.591 -64.281 -28.813
v -48.804 -61.507 -13.159
v -49.015 -63.378 -5.397
v -50.607 -59.201 5.717
v -47.843 -61.379 6.732
v -47.161 -58.237 -46.762
v -47.631 -54.245 -7.120
v -51.299 -51.133 -11.446
v -50.222 -53.303 -9.930
v -46.305 -61.816 0.393
v -46.288 -60.513 4.715
v -41.562 -68.119 -37.941
v -41.883 -69.245 -28.168
v -41.073 -55.261 -12.367
v -44.279 -57.333 2.336
v -44.772 -55.482 1.217
v -46.547 -54.468 -43.305
v -43.873 -56.265 -37.858
v -45.505 -59.266 -47.146
v -42.607 -61.620 -39.077
v -44.303 -59.573 -40.470
v -35.821 -53.739 -22.094
v -45.503 -59.274 -38.860
v -44.042 -59.635 -38.133
v -44.334 -57.604 -38.043
v -46.346 -57.996 -35.251
v -43.729 -59.059 -34.013
v -45.022 -55.970 -35.160
v -44.841 -56.840 -47.081
v -42.678 -57.031 -42.404
v -43.199 -56.772 -33.336
v -44.206 -57.266 -23.455
v -43.975 -53.826 -12.048
v -35.070 -51.409 -20.544
v -44.035 -53.488 -5.829
v -41.369 -64.899 -43.198
v -43.168 -63.454 -43.862
v -40.877 -63.301 -42.537
v -42.439 -62.619 -33.955
v -42.274 -61.532 -33.066
v -43.904 -59.230 -43.442
v -40.038 -63.929 -36.080
v -42.699 -60.814 -27.500
v -41.044 -61.742 -25.824
v -39.663 -58.859 -26.047
v -41.886 -56.973 -25.646
v -38.867 -52.704 -1.693
v -36.667 -53.380 -22.776
v -42.508 -55.158 2.107
v -42.472 -51.869 -4.457
v -41.597 -53.478 -0.329
v -37.540 -71.383 -37.105
v -33.431 -73.348 -33.202
v -39.498 -67.690 -38.418
v -38.589 -66.775 -37.108
v -40.482 -61.071 -29.935
v -38.781 -63.564 -30.554
v -37.069 -62.217 -27.460
v -38.584 -59.438 -24.988
v -40.510 -59.326 -26.796
v -37.984 -50.371 -6.086
v -36.444 -49.439 -11.249
v -34.303 -72.315 -35.478
v -34.708 -68.056 -32.467
v -35.525 -47.884 -16.248
v -34.352 -72.587 -30.512
v -31.472 -71.711 -30.172
v -34.765 -67.750 -30.662
v -33.965 -48.886 -19.969
v -33.836 -47.630 -12.588
v -33.256 -48.398 -16.350
f 358 330 359
f 356 355 350
f 345 406 421
f 339 316 319
f 347 344 346
f 410 594 592
f 392 393 359
f 330 331 329
f 440 441 443
f 363 401 341
f 413 411 378
f 50 317 316
f 50 288 317
f 350 351 356
f 308 258 314
f 385 376 378
f 317 288 320
f 314 333 312
f 401 367 341
f 344 372 345
f 337 351 334
f 365 355 356
f 289 320 288
f 249 328 304
f 322 323 258
f 356 339 364
f 363 341 322
f 123 144 189
f 367 402 628
f 377 410 376
f 50 258 18
f 337 318 356
f 326 249 258
f 293 189 290
f 365 400 355
f 334 354 311
f 318 316 339
f 584 608 589
f 144 18 258
f 364 348 347
f 374 375 594
f 335 336 331
f 403 407 591
f 425 423 422
f 425 422 424
f 372 370 408
f 414 415 413
f 419 420 367
f 332 357 392
f 356 351 337
f 384 388 387
f 367 420 402
f 317 319 316
f 347 346 369
f 440 444 418
f 383 373 376
f 349 374 373
f 379 394 399
f 411 413 393
f 592 405 615
f 309 333 334
f 379 399 397
f 447 572 573
f 288 50 189
f 349 354 351
f 123 18 144
f 615 425 410
f 340 317 321
f 347 365 364
f 344 345 346
f 401 363 338
f 293 324 289
f 369 346 371
f 403 369 407
f 322 341 342
f 364 339 340
f 330 358 335
f 649 361 336
f 375 349 350
f 362 396 398
f 390 357 353
f 414 439 415
f 338 322 331
f 378 411 386
f 587 616 582
f 587 582 626
f 587 626 581
f 587 581 378
f 587 378 410
f 574 427 420
f 422 406 408
f 297 237 144
f 329 258 313
f 441 440 439
f 389 380 379
f 410 377 409
f 411 392 387
f 375 374 349
f 586 579 584
f 418 417 416
f 381 379 380
f 377 376 373
f 189 289 288
f 375 350 382
f 366 348 364
f 399 400 368
f 347 368 365
f 348 366 343
f 332 392 359
f 364 365 356
f 318 339 356
f 594 410 409
f 594 409 374
f 378 386 385
f 391 385 384
f 409 377 374
f 346 345 371
f 319 317 340
f 353 313 390
f 391 387 390
f 615 421 423
f 397 403 591
f 368 347 369
f 385 388 384
f 393 358 359
f 586 587 410
f 389 594 380
f 373 383 352
f 313 383 390
f 397 399 403
f 355 394 382
f 123 189 50
f 381 380 382
f 397 592 389
f 272 316 314
f 372 408 406
f 313 310 311
f 627 402 404
f 239 362 398
f 413 415 393
f 415 395 393
f 388 386 411
f 589 608 585
f 591 405 592
f 368 369 403
f 330 332 359
f 335 362 360
f 382 394 381
f 308 309 310
f 327 328 372
f 381 394 379
f 340 321 366
f 339 319 340
f 320 321 317
f 586 590 587
f 577 588 579
f 323 342 628
f 399 368 403
f 333 318 337
f 419 417 418
f 585 607 589
f 447 418 572
f 272 50 316
f 352 349 373
f 393 362 335
f 385 391 390
f 408 370 426
f 321 343 366
f 627 326 628
f 335 331 330
f 390 387 392
f 326 370 249
f 370 404 426
f 407 405 591
f 372 406 345
f 589 590 586
f 361 239 398
f 583 593 429
f 583 429 616
f 421 422 423
f 325 297 299
f 581 626 378
f 320 343 321
f 328 370 372
f 650 649 336
f 650 336 335
f 416 415 418
f 575 588 577
f 575 577 580
f 249 304 300
f 413 429 430
f 360 362 239
f 18 123 50
f 402 420 427
f 432 441 439
f 607 595 590
f 607 590 589
f 383 385 390
f 144 249 297
f 416 395 415
f 616 429 413
f 616 413 626
f 416 338 398
f 322 342 323
f 411 393 392
f 330 329 332
f 616 587 590
f 616 590 578
f 616 578 583
f 237 290 144
f 297 293 237
f 397 591 592
f 590 595 596
f 386 388 385
f 577 617 580
f 367 401 419
f 313 258 310
f 343 289 324
f 310 258 308
f 578 593 583
f 592 615 410
f 627 370 326
f 448 420 419
f 314 312 308
f 394 400 399
f 440 443 444
f 311 354 352
f 352 313 311
f 419 338 417
f 383 376 385
f 310 309 311
f 314 258 272
f 290 189 144
f 313 353 329
f 323 326 258
f 343 320 289
f 312 333 309
f 432 439 414
f 354 334 351
f 314 316 318
f 327 305 328
f 408 425 424
f 371 405 407
f 416 417 338
f 364 340 366
f 345 421 615
f 325 344 324
f 422 421 406
f 348 343 324
f 444 572 418
f 577 579 586
f 396 395 416
f 361 331 336
f 338 331 361
f 401 338 419
f 345 615 371
f 410 378 376
f 333 337 334
f 415 439 440
f 382 380 375
f 358 393 335
f 407 369 371
f 408 424 422
f 628 402 627
f 590 428 578
f 379 397 389
f 334 311 309
f 427 404 402
f 472 471 473
f 325 324 297
f 408 426 425
f 586 584 589
f 323 628 326
f 249 370 328
f 272 258 50
f 305 300 304
f 628 342 341
f 575 580 574
f 394 355 400
f 615 405 371
f 389 592 594
f 537 502 538
f 517 452 486
f 431 461 445
f 433 435 434
f 501 502 472
f 431 460 461
f 558 523 557
f 481 463 460
f 489 488 486
f 331 322 258
f 309 308 312
f 357 390 392
f 447 572 444
f 448 418 564
f 297 249 300
f 383 313 352
f 338 363 322
f 357 332 353
f 615 423 425
f 627 404 370
f 590 596 428
f 413 432 414
f 324 293 297
f 434 438 412
f 617 427 574
f 293 290 237
f 404 427 426
f 393 395 362
f 456 454 455
f 333 314 318
f 574 420 448
f 626 581 583
f 626 583 616
f 626 616 582
f 416 398 396
f 415 440 418
f 453 459 438
f 493 499 494
f 452 451 468
f 495 456 458
f 507 630 629
f 505 629 630
f 461 464 445
f 489 486 490
f 451 434 436
f 466 438 467
f 509 489 490
f 493 494 492
f 463 461 460
f 510 499 498
f 483 465 463
f 623 600 619
f 623 619 602
f 623 602 599
f 508 482 546
f 622 565 618
f 622 618 614
f 499 509 481
f 454 476 475
f 508 466 482
f 561 538 540
f 468 451 450
f 476 456 497
f 530 523 521
f 469 438 437
f 524 544 539
f 527 498 493
f 450 449 435
f 631 632 506
f 631 506 634
f 631 634 633
f 631 633 279
f 633 634 505
f 633 505 503
f 633 503 632
f 633 632 631
f 510 498 545
f 486 487 517
f 539 544 545
f 519 518 522
f 479 476 494
f 603 608 584
f 519 622 520
f 462 481 460
f 477 473 478
f 531 530 533
f 489 514 488
f 564 512 448
f 446 445 464
f 499 479 494
f 528 521 518
f 550 613 618
f 513 514 489
f 529 532 533
f 555 519 522
f 384 387 391
f 546 482 512
f 552 618 565
f 492 518 519
f 450 446 468
f 530 529 533
f 524 542 544
f 528 535 530
f 565 556 570
f 565 570 568
f 479 499 462
f 492 494 497
f 489 509 510
f 463 465 461
f 540 504 541
f 445 435 431
f 546 480 508
f 599 523 623
f 636 635 504
f 635 636 505
f 514 516 488
f 497 495 492
f 478 506 637
f 478 637 638
f 503 638 637
f 535 537 532
f 499 493 498
f 472 477 501
f 504 540 538
f 504 543 541
f 523 531 557
f 466 484 482
f 512 547 448
f 511 509 490
f 559 560 571
f 522 518 521
f 491 517 515
f 480 473 466
f 559 558 560
f 517 554 515
f 574 448 570
f 478 638 639
f 478 639 477
f 638 503 639
f 464 465 485
f 529 536 532
f 536 529 530
f 534 524 525
f 568 567 566
f 568 566 565
f 548 613 553
f 612 603 597
f 526 525 524
f 520 527 493
f 489 510 513
f 544 513 545
f 523 530 531
f 435 445 446
f 474 502 537
f 509 511 483
f 490 485 511
f 474 537 500
f 431 412 438
f 509 499 510
f 571 563 443
f 518 495 528
f 488 516 487
f 559 571 441
f 536 535 532
f 433 434 412
f 604 556 605
f 557 538 558
f 447 573 576
f 538 502 501
f 534 525 622
f 498 527 539
f 458 535 528
f 610 606 585
f 610 585 603
f 507 543 504
f 526 527 525
f 542 534 614
f 542 548 544
f 433 431 435
f 442 459 460
f 549 547 624
f 517 551 554
f 560 538 561
f 458 456 455
f 486 488 487
f 533 557 531
f 527 526 539
f 526 524 539
f 636 504 640
f 636 640 641
f 641 640 503
f 641 503 505
f 641 505 636
f 481 483 463
f 540 541 561
f 452 517 470
f 610 604 605
f 610 605 611
f 456 495 497
f 588 597 579
f 520 493 492
f 464 461 465
f 548 553 514
f 528 495 458
f 477 472 473
f 544 548 513
f 535 496 500
f 558 430 429
f 497 494 476
f 495 518 492
f 442 460 431
f 509 483 481
f 557 532 537
f 564 563 562
f 530 535 536
f 561 480 562
f 605 556 523
f 605 523 599
f 605 599 623
f 605 623 600
f 605 600 619
f 553 613 550
f 625 482 484
f 612 604 610
f 538 477 504
f 563 561 562
f 554 569 515
f 475 479 462
f 487 552 551
f 600 623 558
f 600 558 601
f 600 601 619
f 444 443 576
f 515 569 549
f 556 555 522
f 622 519 555
f 622 555 556
f 517 487 551
f 542 613 548
f 471 458 438
f 566 554 551
f 606 607 585
f 597 603 584
f 597 584 579
f 598 621 588
f 598 588 575
f 653 239 361
f 653 361 649
f 653 649 651
f 653 651 652
f 554 567 568
f 462 499 481
f 561 563 560
f 642 630 507
f 642 507 504
f 642 504 635
f 642 635 505
f 642 505 630
f 606 610 611
f 606 611 609
f 547 570 448
f 552 565 566
f 432 559 441
f 558 432 430
f 437 452 470
f 619 602 578
f 619 578 611
f 619 611 605
f 472 474 471
f 451 436 450
f 557 537 538
f 436 434 449
f 512 564 546
f 614 613 542
f 458 455 438
f 485 468 446
f 622 556 565
f 601 558 429
f 621 598 620
f 483 511 465
f 513 548 514
f 603 585 608
f 558 538 560
f 467 625 484
f 467 438 469
f 458 471 496
f 459 442 438
f 520 492 519
f 400 365 368
f 490 468 485
f 528 530 521
f 500 537 535
f 603 612 610
f 447 576 563
f 429 593 602
f 429 602 619
f 429 619 601
f 626 413 378
f 506 478 473
f 418 563 564
f 560 563 571
f 620 574 570
f 459 457 475
f 556 521 523
f 566 551 552
f 475 476 479
f 487 516 618
f 543 507 506
f 561 543 480
f 382 350 355
f 557 533 532
f 575 574 598
f 643 637 506
f 643 506 632
f 643 632 503
f 643 503 637
f 449 434 435
f 554 568 569
f 480 543 506
f 568 570 569
f 434 451 437
f 549 569 570
f 604 570 556
f 472 502 474
f 512 625 547
f 614 618 613
f 451 452 437
f 459 453 457
f 595 607 609
f 500 496 474
f 450 435 446
f 473 438 466
f 496 535 458
f 473 471 438
f 563 418 447
f 496 471 474
f 621 598 604
f 539 545 498
f 447 444 576
f 554 566 567
f 570 604 598
f 570 598 620
f 480 506 473
f 611 428 596
f 353 332 329
f 553 516 514
f 611 578 428
f 564 562 480
f 534 622 614
f 480 466 508
f 618 516 550
f 620 598 574
f 561 541 543
f 487 618 552
f 475 462 459
f 623 523 558
f 645 640 504
f 645 504 477
f 645 477 639
f 645 639 644
f 644 639 503
f 644 503 640
f 644 640 645
f 648 634 506
f 648 506 507
f 648 507 629
f 648 629 646
f 648 646 647
f 647 646 629
f 647 629 505
f 647 505 634
f 647 634 648
f 570 547 549
f 527 520 525
f 438 434 437
f 609 607 606
f 524 534 542
f 578 602 593
f 545 513 510
f 516 553 550
f 558 559 432
f 443 563 576
f 468 490 486
f 466 467 484
f 546 564 480
f 485 446 464
f 611 596 595
f 611 595 609
f 457 454 475
f 465 511 485
f 476 454 456
f 571 443 441
f 362 395 396
f 331 258 329
f 258 249 144
f 470 517 491
f 455 453 438
f 450 436 449
f 372 344 325
f 304 328 305
f 293 289 189
f 501 477 538
f 412 431 433
f 594 375 380
f 459 462 460
f 442 431 438
f 622 525 520
f 354 349 352
f 374 377 373
f 617 574 580
f 350 349 351
f 628 341 367
f 427 617 580
f 427 580 586
f 427 586 410
f 411 387 388
f 300 299 297
f 327 372 325
f 448 419 418
f 413 430 432
f 347 348 344
f 453 455 454
f 655 650 335
f 655 335 360
f 338 361 398
f 452 468 486
f 324 344 348
f 425 426 427
f 425 427 410
f 522 521 556
f 454 457 453
f 437 470 515
f 625 512 482
f 624 625 469
f 624 469 515
f 549 624 515
f 625 624 547
f 469 437 515
f 467 469 625
f 470 491 515
f 8 301 209
f 301 203 211
f 301 211 209
f 236 227 301
f 236 301 8
f 221 34 257
f 246 266 242
f 246 284 266
f 269 270 277
f 279 270 274
f 195 265 283
f 281 276 279
f 276 281 195
f 265 195 281
f 634 648 279
f 634 279 633
f 274 281 279
f 647 646 279
f 647 279 648
f 277 641 640
f 277 640 645
f 631 279 643
f 631 643 632
f 630 642 270
f 630 270 279
f 630 279 646
f 630 646 629
f 636 641 277
f 636 277 270
f 636 270 642
f 636 642 635
f 644 276 277
f 644 277 645
f 276 275 277
f 637 643 279
f 637 279 276
f 637 276 644
f 637 644 639
f 637 639 638
f 269 277 155
f 275 155 277
f 275 195 252
f 275 276 195
f 274 286 281
f 263 286 274
f 270 315 259
f 269 315 270
f 254 315 269
f 269 155 254
f 275 252 155
f 281 286 265
f 259 263 270
f 274 270 263
f 266 264 242
f 235 242 287
f 264 287 242
f 71 235 287
f 155 252 254
f 257 211 71
f 257 34 211
f 252 195 283
f 284 225 221
f 295 284 221
f 246 225 284
f 236 8 246
f 246 8 225
f 236 246 242
f 242 227 236
f 235 227 242
f 227 203 301
f 235 203 227
f 71 203 235
f 221 225 34
f 225 209 34
f 8 209 225
f 71 211 203
f 211 34 209
f 283 291 252
f 252 291 254
f 254 291 259
f 265 286 291
f 265 291 283
f 263 259 286
f 254 259 315
f 286 259 291
f 264 295 298
f 295 221 292
f 298 292 257
f 284 295 266
f 292 221 257
f 71 298 257
f 287 298 71
f 264 298 287
f 266 295 264
f 298 295 292
f 180 159 152
f 307 191 278
f 307 278 180
f 159 180 278
f 172 159 278
f 206 33 171
f 282 152 206
f 184 306 218
f 222 191 251
f 201 86 248
f 139 247 294
f 148 139 294
f 294 244 148
f 294 131 244
f 239 653 244
f 653 651 148
f 653 148 244
f 117 239 244
f 148 651 649
f 239 117 360
f 360 234 655
f 655 234 148
f 655 148 649
f 655 649 650
f 655 650 654
f 234 360 226
f 226 94 234
f 148 234 94
f 94 139 148
f 139 280 247
f 294 247 131
f 244 131 250
f 117 244 250
f 117 250 213
f 285 117 213
f 285 226 360
f 360 117 285
f 285 303 226
f 94 303 202
f 94 226 303
f 94 202 256
f 256 280 139
f 256 139 94
f 86 222 248
f 251 191 218
f 306 184 282
f 206 152 33
f 171 86 201
f 278 191 172
f 191 86 172
f 222 86 191
f 218 191 307
f 307 180 184
f 184 218 307
f 152 184 180
f 282 184 152
f 171 172 86
f 33 159 172
f 33 172 171
f 33 152 159
f 262 250 131
f 261 285 213
f 247 280 262
f 280 256 202
f 280 202 261
f 262 213 250
f 261 303 285
f 131 247 262
f 261 213 262
f 202 303 261
f 262 280 261
f 267 251 218
f 201 273 171
f 273 201 248
f 171 273 206
f 306 282 206
f 306 206 273
f 267 306 273
f 267 218 306
f 248 222 251
f 248 251 267
f 267 273 248
f 102 112 95
f 134 95 129
f 95 112 129
f 175 126 134
f 140 56 183
f 183 181 140
f 183 271 91
f 183 91 181
f 181 91 179
f 91 67 179
f 187 91 271
f 187 67 91
f 183 187 271
f 175 187 56
f 183 56 187
f 42 140 181
f 169 42 181
f 181 179 169
f 169 179 39
f 39 179 67
f 175 134 67
f 67 187 175
f 23 175 56
f 108 56 140
f 169 39 42
f 39 67 134
f 175 23 126
f 23 56 108
f 108 140 42
f 129 112 39
f 42 39 112
f 134 129 39
f 134 126 95
f 126 23 95
f 108 42 112
f 102 108 112
f 95 23 102
f 108 102 23
f 194 212 210
f 196 223 210
f 223 215 210
f 302 217 194
f 194 210 302
f 302 210 215
f 228 198 217
f 229 231 220
f 224 223 196
f 228 224 212
f 228 212 198
f 231 228 217
f 229 220 233
f 240 245 223
f 208 245 240
f 243 208 296
f 243 207 245
f 243 245 208
f 229 207 243
f 296 208 241
f 241 204 296
f 240 238 241
f 241 208 240
f 241 238 204
f 240 223 238
f 245 207 232
f 223 245 232
f 207 229 233
f 231 243 296
f 296 228 231
f 228 296 204
f 238 224 228
f 204 238 228
f 238 223 224
f 207 233 232
f 243 231 229
f 212 224 196
f 223 232 215
f 232 233 215
f 233 220 302
f 233 302 215
f 217 302 231
f 231 302 220
f 217 212 194
f 198 212 217
f 212 196 210
f 52 75 216
f 216 60 52
f 197 75 52
f 52 15 197
f 80 127 70
f 30 115 128
f 127 135 230
f 230 132 128
f 230 128 127
f 135 120 230
f 135 110 120
f 120 205 230
f 205 132 230
f 132 205 30
f 30 128 132
f 115 127 128
f 127 115 70
f 120 219 15
f 205 120 15
f 205 214 30
f 214 11 30
f 30 60 115
f 127 110 135
f 80 110 127
f 80 21 110
f 110 21 219
f 219 120 110
f 15 214 205
f 11 60 30
f 70 115 60
f 80 70 75
f 80 75 21
f 21 75 197
f 15 21 197
f 219 21 15
f 214 15 52
f 70 60 216
f 75 70 216
f 214 52 11
f 60 11 52
f 136 165 158
f 165 164 158
f 168 260 136
f 173 138 164
f 173 164 174
f 146 167 176
f 193 150 182
f 177 167 143
f 174 150 193
f 177 185 190
f 186 176 192
f 156 174 193
f 156 193 186
f 186 192 156
f 192 190 268
f 268 156 192
f 192 176 190
f 156 268 188
f 268 190 185
f 268 185 188
f 156 188 173
f 193 182 186
f 186 182 178
f 173 188 138
f 186 178 176
f 176 178 146
f 177 190 176
f 167 177 176
f 138 185 177
f 188 185 138
f 138 177 143
f 173 174 156
f 150 165 260
f 182 150 260
f 182 260 168
f 168 178 182
f 146 178 168
f 146 168 136
f 146 136 167
f 136 158 167
f 174 164 165
f 174 165 150
f 165 136 260
f 143 167 158
f 138 158 164
f 143 158 138
f 29 3 35
f 31 35 3
f 36 29 2
f 41 36 2
f 35 41 2
f 31 3 46
f 54 37 61
f 3 51 46
f 31 48 64
f 3 76 51
f 54 61 78
f 79 59 64
f 78 59 79
f 64 25 73
f 79 73 200
f 79 200 26
f 64 73 79
f 78 79 26
f 54 78 26
f 54 26 76
f 57 76 3
f 26 200 76
f 76 200 51
f 46 51 200
f 25 46 200
f 25 200 73
f 48 25 64
f 78 61 59
f 59 61 10
f 76 57 54
f 37 54 57
f 31 46 25
f 31 25 48
f 35 31 41
f 31 64 41
f 10 41 59
f 41 64 59
f 41 10 36
f 61 36 10
f 61 37 36
f 36 37 28
f 36 28 29
f 37 57 28
f 35 2 29
f 57 3 28
f 29 28 3
f 104 81 109
f 107 111 99
f 111 107 89
f 89 83 111
f 89 109 83
f 81 83 109
f 104 109 89
f 104 89 107
f 104 107 92
f 111 113 99
f 111 83 114
f 111 114 113
f 116 114 81
f 81 114 83
f 104 116 81
f 104 92 119
f 116 104 119
f 92 107 99
f 125 99 113
f 124 114 116
f 121 119 92
f 121 92 99
f 119 121 116
f 114 124 113
f 113 124 125
f 121 99 125
f 116 121 124
f 124 121 125
f 142 137 145
f 141 130 137
f 154 137 130
f 147 137 154
f 157 154 130
f 142 141 137
f 157 130 141
f 147 145 137
f 145 147 161
f 149 161 147
f 142 145 162
f 141 142 153
f 154 149 147
f 162 145 161
f 162 153 142
f 151 255 253
f 157 253 154
f 151 162 161
f 153 151 253
f 153 162 151
f 141 153 157
f 153 253 157
f 253 255 154
f 149 154 255
f 255 151 149
f 151 161 149
f 16 106 1
f 1 106 163
f 106 14 163
f 163 160 1
f 160 20 1
f 20 17 1
f 7 9 22
f 7 22 19
f 9 7 13
f 12 24 133
f 12 133 40
f 43 13 122
f 122 40 133
f 133 43 122
f 133 32 43
f 43 9 13
f 38 13 7
f 38 4 118
f 38 40 122
f 122 13 38
f 40 38 118
f 118 27 40
f 27 12 40
f 12 6 24
f 24 32 133
f 9 43 32
f 9 32 5
f 4 38 7
f 118 4 16
f 118 16 27
f 32 24 5
f 9 5 22
f 4 7 19
f 4 14 16
f 12 27 16
f 16 6 12
f 24 6 17
f 24 17 20
f 5 24 20
f 160 22 5
f 160 5 20
f 22 160 163
f 163 19 22
f 14 4 163
f 4 19 163
f 6 16 17
f 17 16 1
f 14 106 16
f 66 53 62
f 65 63 62
f 62 53 65
f 65 53 47
f 63 65 45
f 45 170 63
f 58 63 170
f 58 44 63
f 63 44 62
f 44 55 62
f 55 66 62
f 45 65 47
f 68 166 170
f 170 45 68
f 166 69 58
f 69 49 58
f 44 49 55
f 49 66 55
f 45 47 68
f 166 58 170
f 49 44 58
f 53 74 72
f 53 72 47
f 69 68 72
f 49 74 66
f 49 69 74
f 68 47 72
f 69 166 68
f 66 74 53
f 69 72 74
f 85 82 77
f 82 87 101
f 77 100 85
f 101 105 84
f 82 84 77
f 82 101 84
f 98 87 82
f 84 100 77
f 85 98 82
f 100 96 85
f 96 84 105
f 88 87 98
f 85 96 90
f 96 100 84
f 93 103 96
f 199 101 87
f 93 97 199
f 97 101 199
f 105 93 96
f 96 103 90
f 97 105 101
f 93 105 97
f 88 98 90
f 98 85 90
f 93 199 88
f 93 88 103
f 88 199 87
f 103 88 90
f 771 716 744
f 735 734 714
f 721 696 723
f 663 669 703
f 1279 1369 976
f 686 658 687
f 701 663 703
f 823 859 873
f 751 696 748
f 683 677 704
f 809 861 827
f 950 920 953
f 880 871 872
f 726 753 723
f 669 670 671
f 936 914 940
f 903 907 879
f 766 811 767
f 886 894 875
f 713 716 742
f 656 666 664
f 703 669 671
f 701 668 661
f 679 731 729
f 739 744 715
f 686 656 659
f 685 705 704
f 778 779 754
f 729 731 732
f 683 704 693
f 728 729 755
f 741 689 774
f 760 734 735
f 727 755 752
f 915 912 914
f 727 730 728
f 722 719 747
f 1334 1333 1341
f 736 743 770
f 761 764 785
f 695 697 694
f 724 725 723
f 680 707 708
f 781 782 780
f 688 691 683
f 928 1410 1364
f 757 731 758
f 727 728 755
f 740 718 741
f 779 758 754
f 766 767 745
f 691 681 683
f 724 723 698
f 929 1405 1404
f 665 664 676
f 1346 1371 1373
f 692 699 702
f 657 656 672
f 711 730 709
f 693 752 689
f 735 736 764
f 675 681 673
f 746 717 796
f 679 750 731
f 721 723 753
f 855 841 842
f 780 778 777
f 712 716 713
f 823 843 783
f 749 699 692
f 736 765 743
f 708 707 709
f 717 751 796
f 687 717 739
f 787 808 786
f 693 704 727
f 818 781 777
f 740 766 745
f 718 719 692
f 793 788 764
f 784 760 761
f 813 829 834
f 727 752 693
f 676 677 682
f 712 715 716
f 722 692 719
f 799 747 773
f 752 755 756
f 773 747 767
f 738 743 765
f 866 868 852
f 744 746 772
f 747 799 775
f 869 849 850
f 698 697 724
f 687 739 715
f 720 718 692
f 750 802 777
f 786 766 740
f 737 713 738
f 767 747 745
f 779 759 758
f 775 753 776
f 820 821 819
f 1353 1355 955
f 764 788 812
f 727 704 708
f 806 818 819
f 740 741 787
f 756 757 759
f 813 799 773
f 779 782 803
f 687 658 717
f 834 838 816
f 819 804 806
f 749 776 726
f 686 666 656
f 796 748 772
f 966 921 890
f 779 780 782
f 761 760 735
f 752 756 801
f 827 863 828
f 760 783 734
f 739 717 746
f 841 856 854
f 767 811 789
f 736 737 765
f 798 797 815
f 1334 1365 1370
f 836 795 798
f 756 803 801
f 828 829 826
f 792 790 791
f 907 923 922
f 793 770 790
f 808 787 809
f 753 797 721
f 803 782 805
f 987 935 937
f 802 817 818
f 795 772 794
f 793 832 788
f 881 879 857
f 797 775 800
f 916 917 946
f 817 820 818
f 859 823 844
f 813 834 799
f 830 812 788
f 844 823 760
f 857 854 856
f 778 780 779
f 771 744 772
f 715 712 714
f 776 749 775
f 777 802 818
f 722 775 749
f 771 791 790
f 797 753 775
f 849 833 850
f 791 772 795
f 858 856 855
f 714 713 737
f 768 769 679
f 817 839 822
f 865 829 847
f 749 724 699
f 786 811 766
f 831 802 769
f 760 823 783
f 749 726 724
f 754 777 778
f 869 850 868
f 719 718 740
f 809 787 810
f 832 850 833
f 784 785 824
f 807 825 768
f 859 860 875
f 810 774 864
f 820 819 818
f 812 785 764
f 769 802 750
f 783 807 734
f 742 738 713
f 810 787 741
f 1330 1339 1302
f 805 822 854
f 757 756 755
f 783 843 807
f 903 892 902
f 808 826 811
f 793 790 814
f 834 853 838
f 789 773 767
f 862 886 875
f 1406 1405 929
f 736 770 763
f 846 847 828
f 871 858 872
f 862 812 830
f 929 985 1366
f 832 814 835
f 768 825 769
f 776 753 726
f 824 812 862
f 887 830 849
f 781 818 806
f 682 677 683
f 800 815 797
f 842 840 839
f 831 876 889
f 814 790 792
f 824 785 812
f 876 825 845
f 803 805 854
f 831 825 876
f 882 884 880
f 840 842 841
f 858 871 857
f 824 860 844
f 907 905 923
f 810 741 774
f 793 763 770
f 857 871 881
f 863 827 861
f 864 774 851
f 803 854 857
f 803 851 801
f 904 902 892
f 833 849 788
f 867 901 891
f 815 800 837
f 814 832 793
f 866 867 891
f 673 674 657
f 816 775 799
f 768 762 807
f 898 888 899
f 855 870 858
f 774 801 851
f 850 832 836
f 857 879 851
f 891 890 869
f 883 885 881
f 829 789 826
f 835 814 795
f 832 795 836
f 869 878 891
f 880 870 882
f 869 890 849
f 940 914 916
f 859 844 860
f 880 872 870
f 887 862 830
f 845 807 843
f 967 890 901
f 846 828 863
f 863 888 898
f 828 847 829
f 836 837 868
f 903 905 906
f 913 888 895
f 852 838 853
f 898 847 846
f 861 888 863
f 848 882 842
f 886 912 910
f 910 894 886
f 863 898 846
f 899 865 847
f 866 891 878
f 945 944 946
f 930 931 933
f 875 894 859
f 810 864 896
f 843 893 845
f 862 860 824
f 885 892 881
f 881 871 880
f 831 889 848
f 735 764 761
f 918 864 851
f 894 908 859
f 777 781 780
f 888 861 895
f 930 934 979
f 851 803 857
f 829 865 866
f 1241 873 908
f 884 885 883
f 791 771 772
f 903 881 892
f 938 936 940
f 896 864 977
f 674 671 657
f 845 1243 897
f 874 809 810
f 921 920 890
f 933 931 915
f 906 907 903
f 868 866 869
f 936 915 914
f 884 904 892
f 922 879 907
f 1332 919 899
f 880 883 881
f 926 909 896
f 947 917 950
f 814 792 791
f 1372 1375 1374
f 926 874 909
f 933 937 935
f 736 763 764
f 1366 985 983
f 915 910 912
f 978 979 1371
f 912 886 887
f 931 927 910
f 932 933 915
f 970 1381 1340
f 922 923 925
f 931 910 915
f 1373 1375 1346
f 873 859 908
f 895 861 809
f 899 888 913
f 986 996 913
f 940 941 942
f 845 825 807
f 1258 1263 1231
f 1241 1208 873
f 992 938 943
f 917 912 887
f 914 912 916
f 921 954 920
f 849 890 887
f 867 967 901
f 989 1377 1376
f 1329 943 1331
f 954 955 953
f 913 895 911
f 681 691 673
f 1302 1338 1330
f 1379 945 1342
f 899 948 1332
f 934 930 933
f 913 996 899
f 929 931 930
f 1364 1366 1367
f 1372 1374 986
f 1342 947 949
f 1330 1338 864
f 831 848 802
f 966 1357 1353
f 909 874 810
f 970 924 973
f 934 933 935
f 1162 1179 1144
f 817 821 820
f 967 1357 966
f 874 926 895
f 939 987 937
f 1373 989 1375
f 1369 975 926
f 873 893 843
f 910 908 894
f 1395 1396 1341
f 1401 1400 1344
f 948 996 1332
f 1358 1360 973
f 928 1364 1352
f 1371 935 1373
f 900 889 1317
f 1360 1358 1359
f 823 873 843
f 797 798 794
f 1306 1305 1321
f 1355 1354 955
f 845 897 876
f 922 924 879
f 1371 1310 1397
f 1340 879 970
f 1173 1167 1194
f 992 1329 989
f 928 910 927
f 970 1361 1381
f 713 714 712
f 744 716 715
f 941 916 946
f 918 1339 1330
f 930 979 978
f 816 799 834
f 808 827 828
f 924 970 879
f 911 1372 986
f 750 679 769
f 882 904 884
f 1376 1332 1374
f 930 978 983
f 1334 1370 1333
f 949 947 950
f 1380 1379 1332
f 876 897 1212
f 1399 1400 1401
f 1370 978 1371
f 675 672 665
f 937 933 932
f 983 978 1370
f 1399 1401 1321
f 929 930 985
f 941 944 1335
f 659 663 660
f 756 779 803
f 1313 1396 1318
f 919 1357 967
f 1356 1355 1353
f 1313 1341 1396
f 955 1354 1345
f 918 851 879
f 962 1019 972
f 762 768 666
f 1366 1364 929
f 1395 1350 1396
f 797 794 748
f 1338 977 864
f 886 862 887
f 1341 1333 1395
f 1332 1357 919
f 1337 1312 1338
f 928 1351 1241
f 923 900 1327
f 664 684 677
f 987 989 935
f 681 682 683
f 1397 1370 1371
f 675 665 682
f 700 667 702
f 952 950 953
f 976 1369 926
f 762 734 807
f 890 967 966
f 937 938 939
f 704 678 685
f 1365 1366 983
f 1332 1379 1345
f 1343 953 955
f 864 918 1330
f 1157 1170 1172
f 1109 1080 1104
f 1378 1335 945
f 743 716 771
f 866 853 834
f 1366 1398 1367
f 926 896 976
f 975 1400 1399
f 1366 1318 1398
f 976 977 1312
f 907 906 905
f 1396 1398 1318
f 996 986 1374
f 831 769 825
f 1381 1382 1403
f 676 682 665
f 809 827 808
f 921 966 1353
f 743 771 770
f 1375 1376 1374
f 665 672 656
f 923 905 882
f 1381 1403 1340
f 917 887 890
f 950 952 949
f 1354 1355 1356
f 1368 1399 1304
f 903 904 882
f 942 1335 1331
f 1327 1382 1359
f 903 882 905
f 711 709 707
f 923 969 925
f 1149 1104 1165
f 667 700 662
f 1339 918 879
f 1359 969 1327
f 1336 1378 1376
f 1335 942 941
f 781 804 782
f 658 659 660
f 944 945 1335
f 1310 1371 1346
f 852 837 838
f 723 696 698
f 1400 1369 1319
f 1401 1344 1321
f 850 836 868
f 705 680 706
f 737 735 714
f 1368 1304 1372
f 896 909 810
f 848 889 900
f 1350 1398 1396
f 975 1399 1368
f 892 885 884
f 710 728 711
f 678 680 705
f 670 657 671
f 829 813 789
f 976 896 977
f 737 736 735
f 928 1352 1351
f 847 898 899
f 945 946 947
f 685 678 705
f 791 795 814
f 661 667 662
f 722 749 692
f 1399 1305 1402
f 1365 1318 1366
f 746 744 739
f 1328 900 1317
f 700 690 660
f 960 1353 955
f 928 1241 908
f 786 808 811
f 911 1368 1372
f 658 696 717
f 704 677 684
f 1340 1194 879
f 724 726 725
f 752 801 774
f 960 954 921
f 839 840 822
f 798 815 836
f 663 659 669
f 822 805 817
f 862 875 860
f 684 678 704
f 700 699 690
f 1382 1381 1361
f 923 848 900
f 952 1342 949
f 1353 960 921
f 824 844 760
f 899 919 867
f 789 813 773
f 992 989 987
f 689 752 774
f 908 910 928
f 732 731 733
f 1376 1378 1379
f 953 920 954
f 969 924 925
f 1370 1365 983
f 692 688 720
f 666 768 679
f 816 837 800
f 743 738 742
f 928 1362 1410
f 970 1360 1361
f 1331 943 942
f 835 795 832
f 857 856 858
f 828 826 808
f 742 716 743
f 764 763 793
f 989 1376 1375
f 1332 1345 1356
f 748 696 721
f 781 806 804
f 1398 1350 1367
f 1399 1321 1305
f 969 1358 973
f 919 967 867
f 938 942 943
f 657 659 656
f 1367 1352 1364
f 697 690 699
f 678 684 664
f 1359 1358 969
f 1327 900 1328
f 663 701 661
f 1327 1300 1403
f 927 929 1404
f 1377 1336 1376
f 975 1368 926
f 667 668 701
f 746 796 772
f 748 794 772
f 1410 1363 1364
f 698 695 694
f 1360 1359 1361
f 701 702 667
f 941 946 944
f 935 989 1373
f 915 936 932
f 782 819 805
f 1053 1054 1029
f 1369 1279 1319
f 947 946 917
f 901 890 891
f 1332 1376 1380
f 982 951 984
f 1199 1207 1219
f 720 741 718
f 865 899 867
f 889 876 1317
f 1029 1058 1032
f 704 706 708
f 1375 1372 1346
f 1336 1335 1378
f 876 1212 1317
f 1195 1197 1186
f 1350 1395 1349
f 1407 1364 1363
f 940 942 938
f 874 895 809
f 1304 1399 1303
f 670 669 659
f 927 1404 1408
f 1408 1409 928
f 1228 1214 1289
f 913 911 986
f 1043 1009 1068
f 1019 980 972
f 1136 1135 1137
f 1045 994 1026
f 1144 1142 1145
f 1301 1422 1340
f 1195 1186 1188
f 1114 1131 1113
f 868 837 852
f 703 671 692
f 816 838 837
f 714 734 715
f 795 794 798
f 1148 1104 1149
f 1092 1042 1069
f 1383 1264 1262
f 948 899 996
f 1342 945 947
f 866 852 853
f 719 740 747
f 1286 1254 1252
f 690 658 660
f 661 662 660
f 1093 1134 1118
f 1360 970 973
f 1376 1379 1380
f 1098 1121 1135
f 1144 1145 1163
f 1301 1403 1300
f 923 1327 969
f 1052 1059 1081
f 1109 1104 1148
f 727 708 709
f 697 698 694
f 708 706 680
f 1371 979 935
f 667 661 668
f 1147 1085 1118
f 672 673 657
f 1014 1040 1013
f 699 700 702
f 884 883 880
f 695 658 690
f 1345 1354 1356
f 734 687 715
f 1003 1031 1055
f 1379 952 1345
f 1185 1184 1166
f 1238 1275 1327
f 822 840 841
f 674 691 671
f 1152 1114 1111
f 960 955 954
f 866 834 829
f 1397 1311 1347
f 748 721 797
f 731 754 758
f 1111 1110 1088
f 1109 1086 1079
f 1230 1227 1225
f 1344 1400 1319
f 926 911 895
f 1392 1327 1275
f 1218 1194 1222
f 1094 1095 1096
f 1196 1173 1194
f 1077 1051 1076
f 1245 1244 1225
f 995 1024 1023
f 1043 1068 1071
f 1202 1165 1146
f 1068 1117 1072
f 998 999 991
f 1020 1001 993
f 951 981 877
f 999 1009 1020
f 1108 1107 1106
f 1052 1081 1053
f 1182 1206 1183
f 1053 1051 1052
f 1124 1127 1142
f 1072 1075 1073
f 1323 1326 1411
f 877 963 965
f 1083 1105 1127
f 1311 1397 1310
f 1257 1231 1229
f 1229 1231 1227
f 1038 1091 1063
f 1202 1146 1178
f 1039 1014 1012
f 1129 1150 1145
f 1214 1163 1181
f 1182 1168 1184
f 1056 1061 1082
f 1073 1071 1072
f 1076 1099 1139
f 1232 1202 1227
f 1109 1106 1086
f 992 943 1329
f 1097 1122 1134
f 1218 1219 1217
f 1420 1383 1262
f 945 1379 1378
f 1242 1211 1224
f 1213 1162 1163
f 1113 1116 1091
f 1051 1077 1080
f 1414 1416 1287
f 1148 1152 1111
f 1175 1160 1139
f 1058 1029 1054
f 1185 1166 1165
f 1233 1167 1180
f 1262 1263 1261
f 1185 1165 1205
f 1204 1317 1212
f 1125 1143 1177
f 1140 1160 1176
f 1268 1266 1383
f 1215 1328 1204
f 1109 1130 1106
f 1065 1015 1040
f 1060 1088 1062
f 1331 1335 1336
f 1185 1206 1193
f 1293 1246 1295
f 1136 1134 1135
f 1083 1061 1063
f 1250 1230 1248
f 912 917 916
f 1271 1384 1385
f 1060 1031 1032
f 1189 1223 1175
f 1249 1230 1250
f 1250 1252 1254
f 1287 1416 1417
f 1276 1277 1239
f 1168 1169 1154
f 1213 1214 1203
f 1225 1209 1223
f 741 720 689
f 1097 1120 1122
f 1201 1225 1227
f 1173 1172 1170
f 1174 1173 1187
f 1166 1152 1148
f 1214 1316 1265
f 1179 1177 1143
f 1222 1238 1220
f 1244 1297 1246
f 1283 1347 1281
f 1413 1285 1415
f 1237 1222 1194
f 1119 1121 1098
f 984 951 980
f 990 964 998
f 1218 1221 1220
f 1388 1271 1387
f 1128 1080 1101
f 1306 1321 1320
f 1183 1206 1216
f 1084 1123 1078
f 1139 1159 1208
f 1147 1192 1141
f 1210 1125 1177
f 1052 1080 1079
f 1130 1109 1148
f 1147 1164 1204
f 1422 1276 1194
f 1095 1074 1075
f 1102 1082 1127
f 1245 1352 1290
f 1016 958 1006
f 1132 1150 1115
f 1285 1228 1289
f 1245 1241 1351
f 1253 1229 1230
f 1113 1064 1110
f 1119 1173 1170
f 1099 1123 1159
f 1133 1134 1136
f 1247 1283 1281
f 1314 1180 1337
f 1201 1202 1178
f 1402 1305 1309
f 1254 1256 1255
f 1130 1108 1106
f 1150 1154 1169
f 1214 1228 1203
f 1208 1159 893
f 988 964 981
f 1155 1118 1133
f 1266 1267 1264
f 1190 1210 1242
f 1078 1123 1050
f 1237 1240 1238
f 1337 1180 1280
f 1199 1198 1200
f 1145 1182 1181
f 1271 1385 1387
f 1339 1194 1233
f 1118 1134 1133
f 1182 1169 1168
f 1281 1311 1282
f 1115 1089 1063
f 1259 1315 1324
f 1262 1264 1263
f 1417 1415 1316
f 1365 1326 1318
f 1166 1184 1152
f 1007 999 997
f 1211 1280 1180
f 1099 1050 1123
f 1164 1158 1197
f 1273 1386 1390
f 1322 1242 1278
f 1178 1140 1176
f 1276 1394 1393
f 1152 1184 1153
f 1251 1252 1250
f 1224 1126 1190
f 1267 1266 1268
f 1228 1226 1210
f 1251 1250 1247
f 1316 1234 1390
f 1247 1250 1248
f 1287 1417 1418
f 1236 1386 1273
f 1205 1273 1274
f 1097 1098 1120
f 1385 1384 1268
f 1367 1411 1290
f 1151 1148 1111
f 963 991 1000
f 1325 1417 1419
f 1027 1023 1025
f 1130 1107 1108
f 1131 1153 1116
f 1151 1111 1130
f 1302 1314 1337
f 1200 1196 1207
f 1113 1091 1069
f 1001 1021 993
f 1255 1260 1259
f 1238 1240 1275
f 956 1033 1012
f 1411 1367 1323
f 1242 1279 1211
f 962 972 957
f 1092 1091 1065
f 1347 1311 1281
f 1043 1025 1024
f 1320 1321 1344
f 1218 1220 1197
f 1233 1194 1167
f 1289 1415 1285
f 962 959 1017
f 1245 1223 1241
f 1324 1258 1259
f 1350 1313 1323
f 1327 1392 1423
f 1246 1284 1247
f 964 877 981
f 1258 1324 1261
f 1156 1157 1158
f 1168 1154 1153
f 1024 995 1022
f 1234 1274 1390
f 965 994 1084
f 1232 1205 1202
f 1218 1197 1219
f 1274 1216 1205
f 1157 1138 1170
f 1140 1076 1160
f 1100 1140 1101
f 1288 1286 1287
f 1238 1197 1220
f 1261 1324 1262
f 1052 1086 1059
f 1008 1036 1004
f 1020 1024 1022
f 1311 1252 1282
f 1244 1246 1248
f 1306 1320 1307
f 1387 1389 1388
f 976 1312 1279
f 1047 1093 1066
f 1304 1303 1306
f 1004 1009 999
f 1184 1168 1153
f 1204 1328 1317
f 1194 1340 1422
f 1323 1367 1350
f 1016 1018 968
f 1393 1394 1392
f 1216 1206 1205
f 1053 1030 1051
f 1212 897 1192
f 951 877 957
f 1068 1090 1117
f 1040 1041 1042
f 1296 1245 1294
f 1416 1415 1417
f 1365 1283 1326
f 1315 1259 1260
f 1196 1195 1187
f 1017 968 1018
f 1005 1004 1036
f 1412 1304 1306
f 1007 980 1008
f 1420 1385 1268
f 1280 1312 1337
f 1265 1289 1214
f 1078 965 1084
f 1125 1124 1143
f 1163 1214 1213
f 1033 1067 1012
f 1047 1070 1093
f 1279 1242 1322
f 1230 1249 1253
f 1047 1074 1070
f 1005 1090 1068
f 1245 1351 1352
f 1159 1161 893
f 1419 1262 1324
f 1278 1242 1412
f 1135 1122 1120
f 1390 1386 1389
f 1205 1232 1235
f 691 688 692
f 1019 1008 980
f 1272 1271 1386
f 1298 1411 1246
f 1067 1064 1012
f 1119 1117 1167
f 1071 1049 1045
f 1255 1253 1254
f 1262 1419 1420
f 1418 1417 1325
f 1316 1421 1417
f 1144 1124 1142
f 1326 1323 1318
f 1061 1056 1063
f 1255 1256 1288
f 1132 1153 1154
f 1347 1283 1365
f 1036 1034 1057
f 1292 1294 1245
f 1056 1102 1103
f 1325 1315 1308
f 965 1050 1002
f 1275 1240 1239
f 994 1045 1047
f 1412 1242 1226
f 988 997 998
f 1052 1079 1086
f 1309 1303 1402
f 1173 1174 1172
f 1268 1269 1267
f 957 974 951
f 1132 1116 1153
f 1147 1141 1085
f 1015 1018 1016
f 1252 1251 1282
f 1161 1243 893
f 1035 1063 1056
f 993 963 1000
f 1182 1150 1169
f 1027 1026 1023
f 1242 1224 1190
f 1073 1049 1071
f 1013 1015 1006
f 1055 1062 1033
f 1278 1306 1307
f 1182 1145 1150
f 1306 1309 1305
f 1089 1083 1063
f 1009 1043 1020
f 1018 1008 1017
f 1237 1194 1239
f 1105 1083 1089
f 1278 1412 1306
f 961 958 1016
f 1007 1008 1004
f 1027 1025 1046
f 1269 1270 1235
f 984 980 1007
f 1037 1039 1012
f 1348 1349 1333
f 1107 1130 1111
f 1198 1196 1200
f 1272 1236 1270
f 1218 1207 1196
f 1028 1032 1031
f 1112 1088 1064
f 1230 1229 1227
f 1094 1070 1095
f 1298 1291 1411
f 1043 1071 1044
f 1102 1127 1124
f 1064 1113 1037
f 1031 1030 1028
f 1279 1312 1280
f 1226 1413 1412
f 1053 1081 1054
f 1275 1277 1391
f 1050 1003 1002
f 1082 1083 1127
f 1195 1188 1187
f 1134 1093 1097
f 1017 1008 1019
f 1315 1325 1324
f 1013 1010 1014
f 1155 1138 1156
f 965 1078 1050
f 1223 1245 1225
f 1417 1421 1420
f 1301 1299 1422
f 957 1002 956
f 1197 1199 1219
f 1011 1006 956
f 1084 1085 1141
f 1137 1121 1133
f 1087 1106 1107
f 1152 1153 1131
f 1009 1005 1068
f 1199 1195 1198
f 1148 1149 1166
f 1003 1055 1033
f 1286 1288 1256
f 957 958 962
f 1320 1344 1319
f 1135 1120 1098
f 1207 1199 1200
f 1386 1236 1272
f 1412 1413 1304
f 1072 1119 1095
f 1138 1157 1156
f 1030 1031 1050
f 1273 1205 1236
f 1075 1074 1073
f 1048 1049 1047
f 1187 1188 1174
f 999 1020 991
f 1007 982 984
f 1129 1089 1115
f 1227 1202 1201
f 1179 1162 1213
f 1045 1048 1047
f 1181 1163 1145
f 1218 1196 1194
f 1339 879 1194
f 993 995 994
f 1393 1277 1276
f 1308 1418 1325
f 1021 1022 995
f 1069 1037 1113
f 1270 1269 1271
f 1107 1111 1088
f 1140 1100 1076
f 959 958 961
f 1116 1132 1091
f 1054 1081 1059
f 1096 1093 1094
f 1232 1267 1235
f 1133 1138 1155
f 1142 1127 1105
f 1254 1249 1250
f 1082 1061 1083
f 1075 1072 1095
f 1416 1346 1413
f 1219 1207 1217
f 1148 1151 1130
f 1084 994 1085
f 1228 1285 1226
f 1306 1303 1309
f 1002 1003 956
f 1214 1183 1234
f 1392 1275 1391
f 1255 1257 1253
f 1164 1197 1238
f 1258 1261 1263
f 1123 1084 1141
f 1278 1307 1322
f 1006 958 956
f 1288 1287 1308
f 968 1017 971
f 1122 1135 1134
f 1172 1171 1157
f 964 990 963
f 1238 1327 1215
f 1252 1414 1287
f 1190 1125 1210
f 1334 1341 1348
f 1072 1117 1119
f 1327 1423 1299
f 959 961 968
f 1065 1042 1092
f 1195 1196 1198
f 1116 1113 1131
f 1073 1074 1047
f 1302 1337 1338
f 988 998 964
f 1022 1021 1020
f 1146 1104 1128
f 1129 1115 1150
f 1064 1037 1012
f 1143 1144 1179
f 995 1023 994
f 1040 1039 1041
f 1241 1223 1189
f 1139 1208 1189
f 1319 1322 1307
f 1047 1049 1073
f 1140 1178 1128
f 981 951 982
f 729 732 733
f 991 963 990
f 1316 1415 1289
f 965 963 994
f 1158 1171 1186
f 1423 1392 1394
f 1246 1326 1284
f 1024 1025 1023
f 1333 1397 1348
f 1113 1110 1114
f 1327 1328 1215
f 1050 1031 1003
f 1165 1104 1146
f 1316 1214 1234
f 1150 1132 1154
f 1040 1014 1039
f 1227 1231 1232
f 1180 1314 1233
f 1011 1010 1013
f 1267 1269 1235
f 1045 1049 1048
f 1296 1244 1245
f 1417 1420 1419
f 1065 1008 1015
f 1012 1011 956
f 1033 1112 1067
f 1325 1419 1324
f 1334 1347 1365
f 1226 1285 1413
f 997 999 998
f 1017 1019 962
f 1140 1128 1101
f 1085 1066 1118
f 1173 1196 1187
f 1100 1101 1077
f 1013 1040 1015
f 1056 1057 1034
f 1284 1283 1247
f 1180 1167 1090
f 1206 1185 1205
f 1236 1205 1235
f 1211 1126 1224
f 1393 1392 1391
f 1276 1422 1394
f 1038 1063 1035
f 1041 1039 1042
f 1080 1109 1079
f 1001 1020 1021
f 1016 1006 1015
f 1326 1283 1284
f 1008 1018 1015
f 1002 957 877
f 1422 1299 1423
f 1181 1183 1214
f 1087 1060 1032
f 1167 1173 1119
f 1228 1210 1203
f 1093 1096 1097
f 1420 1268 1383
f 1080 1128 1104
f 1310 1346 1311
f 1051 1080 1052
f 1421 1316 1420
f 994 1047 1066
f 1161 1192 1243
f 1095 1119 1098
f 1264 1267 1232
f 1301 1327 1299
f 1087 1088 1060
f 1386 1271 1388
f 1014 1011 1012
f 1179 1213 1203
f 1002 877 965
f 1239 1194 1276
f 1057 1090 1005
f 1171 1158 1157
f 1221 1218 1222
f 1147 1118 1164
f 1182 1185 1193
f 1100 1077 1076
f 1138 1133 1121
f 1290 1411 1291
f 1038 1035 1008
f 1203 1210 1177
f 1034 1008 1035
f 1319 1279 1322
f 1000 1020 993
f 1313 1318 1323
f 1389 1386 1388
f 1165 1202 1205
f 968 971 959
f 1042 1039 1069
f 877 964 963
f 988 982 997
f 1037 1069 1039
f 1160 1076 1139
f 1111 1114 1110
f 1346 1414 1311
f 1064 1088 1110
f 1068 1072 1071
f 1320 1319 1307
f 1188 1186 1174
f 1268 1384 1269
f 1316 1390 1389
f 1043 1044 1046
f 1091 1092 1069
f 1274 1273 1390
f 1014 1010 1011
f 1248 1225 1244
f 1248 1230 1225
f 1161 1159 1123
f 1126 1090 1057
f 1062 1055 1060
f 1178 1191 1201
f 1231 1257 1258
f 1059 1087 1032
f 1240 1237 1239
f 1132 1115 1091
f 1201 1191 1209
f 1059 1086 1087
f 1391 1277 1393
f 968 961 1016
f 1105 1089 1129
f 1177 1179 1203
f 897 1243 1192
f 1036 1008 1034
f 1286 1252 1287
f 1062 1112 1033
f 1059 1058 1054
f 1423 1394 1422
f 1005 1009 1004
f 1158 1155 1156
f 1197 1195 1199
f 1038 1065 1091
f 1139 1099 1159
f 1249 1254 1253
f 1066 1085 994
f 1097 1096 1098
f 1064 1067 1112
f 1106 1087 1086
f 1175 1176 1160
f 1341 1313 1349
f 1182 1193 1206
f 1304 1413 1346
f 1161 1123 1141
f 1222 1237 1238
f 1175 1191 1176
f 1103 1102 1124
f 974 957 972
f 1095 1098 1096
f 1065 1040 1042
f 1234 1183 1274
f 1301 1300 1327
f 1288 1308 1260
f 659 657 670
f 990 998 991
f 1247 1282 1251
f 1164 1215 1204
f 1145 1142 1105
f 1246 1297 1295
f 1233 1314 1339
f 1204 1212 1192
f 932 936 937
f 1349 1313 1350
f 1026 1027 1044
f 1349 1348 1341
f 1070 1094 1093
f 1256 1254 1286
f 1043 1024 1020
f 1124 1125 1103
f 1208 1241 1189
f 1191 1175 1209
f 1114 1152 1131
f 1414 1346 1416
f 1126 1211 1180
f 1003 1033 956
f 1314 1302 1339
f 1411 1326 1246
f 1017 959 971
f 1145 1105 1129
f 1057 1005 1036
f 1192 1161 1141
f 1126 1180 1090
f 1126 1057 1103
f 1020 1000 991
f 1190 1126 1125
f 1056 1103 1057
f 1107 1088 1087
f 1397 1347 1348
f 1244 1296 1297
f 1124 1144 1143
f 1245 1290 1292
f 1368 911 926
f 1029 1028 1030
f 1247 1281 1282
f 1133 1136 1137
f 1246 1293 1298
f 1183 1216 1274
f 1028 1029 1032
f 1165 1166 1149
f 1035 1056 1034
f 1058 1059 1032
f 1062 1088 1112
f 1308 1315 1260
f 1209 1175 1223
f 1044 1071 1045
f 1184 1185 1182
f 1367 1290 1352
f 993 1021 995
f 956 958 957
f 997 982 1007
f 1162 1144 1163
f 1257 1255 1259
f 1413 1415 1416
f 1382 1361 1359
f 903 879 881
f 710 729 728
f 1311 1414 1252
f 938 992 939
f 890 920 917
f 952 953 1343
f 1043 1046 1025
f 1308 1287 1418
f 1222 1220 1221
f 1345 952 1343
f 689 688 693
f 1231 1263 1232
f 1125 1126 1103
f 1357 1356 1353
f 1408 928 927
f 1076 1050 1099
f 717 696 751
f 1063 1091 1115
f 740 787 786
f 1218 1217 1207
f 711 707 710
f 872 858 870
f 841 854 822
f 656 664 665
f 1178 1146 1128
f 1253 1257 1229
f 1121 1170 1138
f 688 683 693
f 1336 1329 1331
f 1279 1280 1211
f 819 782 804
f 974 980 951
f 1174 1171 1172
f 1257 1259 1258
f 977 1338 1312
f 981 982 988
f 1383 1266 1264
f 1139 1189 1175
f 1272 1270 1271
f 1246 1247 1248
f 1051 1030 1050
f 1225 1201 1209
f 987 939 992
f 1147 1204 1192
f 1038 1008 1065
f 731 757 733
f 1095 1070 1074
f 1055 1031 1060
f 1265 1316 1289
f 1264 1232 1263
f 759 779 756
f 1090 1167 1117
f 856 841 855
f 849 830 788
f 1171 1174 1186
f 1236 1235 1270
f 800 775 816
f 1316 1389 1385
f 925 924 922
f 935 979 934
f 666 734 762
f 821 817 805
f 917 920 950
f 701 703 692
f 706 704 705
f 672 675 673
f 866 878 869
f 975 1369 1400
f 1301 1340 1403
f 1397 1333 1370
f 826 789 811
f 691 674 673
f 973 924 969
f 790 770 771
f 691 692 671
f 711 728 730
f 698 696 695
f 695 690 697
f 734 686 687
f 1362 928 1409
f 666 686 734
f 689 720 688
f 836 815 837
f 784 761 785
f 731 777 754
f 832 833 788
f 677 676 664
f 848 923 882
f 696 658 695
f 757 755 733
f 755 729 733
f 702 701 692
f 727 709 730
f 745 747 740
f 662 700 660
f 916 941 940
f 697 699 724
f 1332 1356 1357
f 1329 1336 1377
f 955 1345 1343
f 725 726 723
f 1332 996 1374
f 737 738 765
f 985 930 983
f 748 796 751
f 845 893 1243
f 1329 1377 989
f 659 658 686
f 1304 1346 1372
f 865 867 866
f 938 937 936
f 821 805 819
f 678 679 680
f 759 757 758
f 666 679 664
f 927 931 929
f 1327 1403 1382
f 1399 1402 1303
f 660 663 661
f 929 1407 1406
f 675 682 681
f 1379 1342 952
f 1137 1135 1121
f 1349 1395 1333
f 1066 1093 1118
f 1011 1013 1006
f 1026 1044 1045
f 1181 1182 1183
f 1238 1215 1164
f 1384 1271 1269
f 1119 1170 1121
f 1076 1051 1050
f 1334 1348 1347
f 1385 1389 1387
f 1027 1046 1044
f 824 760 784
f 1102 1056 1082
f 1277 1275 1239
f 958 959 962
f 994 1023 1026
f 1077 1101 1080
f 1030 1053 1029
f 1242 1210 1226
f 1316 1385 1420
f 972 980 974
f 722 747 775
f 873 1208 893
f 903 902 904
f 1407 929 1364
f 1288 1260 1255
f 1178 1176 1191
f 1004 999 1007
f 1197 1158 1186
f 1155 1158 1164
f 1155 1164 1118
f 963 993 994
f 882 870 842
f 731 750 777
f 839 817 802
f 842 870 855
f 679 710 707
f 680 679 707
f 729 710 679
f 839 802 848
f 839 848 842
f 664 679 678
f 1429 1427 1424
f 1425 1429 1424
f 1427 1429 1428
f 1429 1425 1430
f 1429 1431 1428
f 1430 1432 1429
f 1434 1435 1426
f 1435 1437 1426
f 1425 1427 1436
f 1425 1436 1426
f 1425 1426 1430
f 1428 1436 1427
f 1427 1425 1424
f 1438 1428 1431
f 1431 1432 1438
f 1430 1426 1437
f 1430 1439 1432
f 1437 1439 1430
f 1440 1432 1439
f 1432 1431 1429
f 1442 1443 1434
f 1442 1433 1441
f 1442 1426 1433
f 1426 1442 1434
f 1435 1434 1444
f 1449 1448 1450
f 1444 1449 1435
f 1433 1455 1451
f 1451 1455 1459
f 1441 1433 1451
f 1459 1446 1451
f 1433 1426 1436
f 1441 1451 1446
f 1452 1447 1453
f 1458 1453 1447
f 1449 1450 1435
f 1436 1455 1433
f 1454 1458 1462
f 1454 1462 1448
f 1453 1458 1454
f 1453 1448 1452
f 1448 1453 1454
f 1448 1462 1450
f 1450 1437 1435
f 1455 1436 1428
f 1455 1428 1438
f 1459 1455 1438
f 1447 1460 1458
f 1461 1462 1458
f 1450 1462 1437
f 1438 1457 1459
f 1457 1438 1432
f 1440 1457 1432
f 1460 1457 1440
f 1460 1461 1458
f 1460 1440 1461
f 1439 1461 1440
f 1462 1461 1439
f 1437 1462 1439
f 1443 1442 1441
f 1443 1444 1434
f 1463 1445 1443
f 1445 1444 1443
f 1444 1464 1449
f 1445 1464 1444
f 1465 1466 1446
f 1441 1446 1443
f 1465 1456 1466
f 1443 1446 1466
f 1467 1463 1466
f 1466 1463 1443
f 1445 1463 1452
f 1449 1464 1448
f 1464 1445 1448
f 1465 1446 1459
f 1456 1468 1466
f 1467 1468 1447
f 1466 1468 1467
f 1447 1452 1467
f 1445 1452 1448
f 1452 1463 1467
f 1465 1457 1456
f 1459 1457 1465
f 1468 1456 1457
f 1468 1460 1447
f 1457 1460 1468
f 1474 1472 1469
f 1470 1474 1469
f 1472 1474 1473
f 1474 1470 1475
f 1474 1476 1473
f 1475 1477 1474
f 1479 1480 1471
f 1480 1482 1471
f 1470 1472 1481
f 1470 1481 1471
f 1470 1471 1475
f 1473 1481 1472
f 1472 1470 1469
f 1483 1473 1476
f 1476 1477 1483
f 1475 1471 1482
f 1475 1484 1477
f 1482 1484 1475
f 1485 1477 1484
f 1477 1476 1474
f 1487 1488 1479
f 1487 1478 1486
f 1487 1471 1478
f 1471 1487 1479
f 1480 1479 1489
f 1494 1493 1495
f 1489 1494 1480
f 1478 1500 1496
f 1496 1500 1504
f 1486 1478 1496
f 1504 1491 1496
f 1478 1471 1481
f 1486 1496 1491
f 1497 1492 1498
f 1503 1498 1492
f 1494 1495 1480
f 1481 1500 1478
f 1499 1503 1507
f 1499 1507 1493
f 1498 1503 1499
f 1498 1493 1497
f 1493 1498 1499
f 1493 1507 1495
f 1495 1482 1480
f 1500 1481 1473
f 1500 1473 1483
f 1504 1500 1483
f 1492 1505 1503
f 1506 1507 1503
f 1495 1507 1482
f 1483 1502 1504
f 1502 1483 1477
f 1485 1502 1477
f 1505 1502 1485
f 1505 1506 1503
f 1505 1485 1506
f 1484 1506 1485
f 1507 1506 1484
f 1482 1507 1484
f 1488 1487 1486
f 1488 1489 1479
f 1508 1490 1488
f 1490 1489 1488
f 1489 1509 1494
f 1490 1509 1489
f 1510 1511 1491
f 1486 1491 1488
f 1510 1501 1511
f 1488 1491 1511
f 1512 1508 1511
f 1511 1508 1488
f 1490 1508 1497
f 1494 1509 1493
f 1509 1490 1493
f 1510 1491 1504
f 1501 1513 1511
f 1512 1513 1492
f 1511 1513 1512
f 1492 1497 1512
f 1490 1497 1493
f 1497 1508 1512
f 1510 1502 1501
f 1504 1502 1510
f 1513 1501 1502
f 1513 1505 1492
f 1502 1505 1513
f 1515 1536 1514
f 1514 1518 1520
f 1518 1519 1520
f 1514 1520 1515
f 1522 1519 1521
f 1521 1523 1522
f 1515 1517 1516
f 1516 1524 1515
f 1516 1517 1524
f 1515 1520 1525
f 1517 1515 1525
f 1526 1525 1520
f 1525 1524 1517
f 1519 1526 1520
f 1522 1527 1519
f 1523 1528 1522
f 1527 1526 1519
f 1527 1522 1530
f 1529 1527 1530
f 1522 1529 1530
f 1534 1531 1533
f 1531 1534 1518
f 1532 1514 1536
f 1514 1532 1518
f 1518 1534 1519
f 1521 1519 1534
f 1533 1521 1534
f 1533 1535 1521
f 1524 1536 1515
f 1537 1536 1524
f 1524 1525 1538
f 1538 1525 1526
f 1529 1538 1526
f 1521 1528 1523
f 1528 1521 1539
f 1526 1527 1529
f 1529 1522 1528
f 1528 1541 1540
f 1541 1528 1539
f 1542 1531 1532
f 1531 1542 1533
f 1543 1533 1542
f 1543 1535 1533
f 1531 1518 1532
f 1544 1521 1535
f 1544 1539 1521
f 1539 1544 1546
f 1537 1524 1538
f 1540 1538 1529
f 1528 1540 1529
f 1541 1539 1546
f 1543 1542 1548
f 1543 1544 1535
f 1550 1532 1536
f 1537 1551 1536
f 1551 1537 1552
f 1546 1544 1547
f 1537 1538 1552
f 1538 1545 1552
f 1540 1545 1538
f 1546 1547 1541
f 1540 1541 1547
f 1543 1548 1549
f 1532 1548 1542
f 1553 1548 1532
f 1551 1550 1536
f 1554 1551 1552
f 1547 1545 1540
f 1547 1556 1545
f 1548 1557 1549
f 1557 1548 1553
f 1549 1557 1558
f 1543 1559 1544
f 1532 1550 1553
f 1562 1550 1561
f 1561 1550 1551
f 1554 1560 1561
f 1554 1563 1560
f 1554 1561 1551
f 1564 1554 1552
f 1544 1555 1547
f 1600 1554 1606
f 1545 1564 1552
f 1556 1547 1555
f 1564 1565 1554
f 1611 1554 1565
f 1566 1565 1564
f 1564 1545 1566
f 1568 1565 1566
f 1566 1545 1556
f 1558 1569 1549
f 1572 1562 1571
f 1553 1573 1574
f 1553 1575 1557
f 1575 1553 1574
f 1558 1557 1576
f 1557 1575 1576
f 1560 1627 1571
f 1571 1562 1560
f 1561 1560 1562
f 1573 1550 1562
f 1553 1550 1573
f 1579 1627 1560
f 1560 1577 1579
f 1578 1582 1580
f 1581 1580 1582
f 1544 1559 1583
f 1560 1563 1578
f 1577 1560 1578
f 1578 1580 1577
f 1563 1584 1578
f 1584 1585 1578
f 1578 1585 1582
f 1585 1586 1582
f 1587 1586 1585
f 1586 1636 1582
f 1584 1563 1590
f 1584 1592 1585
f 1592 1584 1593
f 1594 1592 1593
f 1594 1593 1595
f 1591 1563 1554
f 1591 1590 1563
f 1597 1596 1590
f 1597 1590 1591
f 1596 1598 1590
f 1590 1598 1584
f 1584 1598 1593
f 1599 1593 1598
f 1583 1555 1544
f 1600 1597 1554
f 1601 1597 1600
f 1591 1554 1597
f 1601 1600 1602
f 1602 1606 1608
f 1600 1606 1602
f 1602 1608 1603
f 1604 1602 1603
f 1605 1602 1604
f 1606 1607 1608
f 1608 1607 1610
f 1603 1608 1610
f 1606 1554 1611
f 1606 1611 1607
f 1611 1612 1607
f 1607 1612 1614
f 1614 1609 1607
f 1614 1612 1615
f 1556 1555 1653
f 1583 1653 1555
f 1616 1611 1565
f 1567 1556 1653
f 1568 1618 1565
f 1556 1619 1566
f 1620 1571 1622
f 1570 1569 1558
f 1570 1574 1621
f 1621 1569 1570
f 1621 1543 1569
f 1543 1549 1569
f 1559 1543 1621
f 1571 1628 1622
f 1628 1624 1622
f 1625 1622 1624
f 1573 1623 1574
f 1575 1626 1576
f 1570 1576 1626
f 1570 1626 1574
f 1626 1575 1574
f 1576 1570 1558
f 1571 1627 1628
f 1627 1629 1628
f 1628 1629 1630
f 1628 1630 1624
f 1631 1627 1579
f 1627 1631 1629
f 1579 1577 1580
f 1580 1633 1634
f 1579 1580 1634
f 1580 1581 1633
f 1633 1581 1635
f 1581 1636 1635
f 1637 1588 1638
f 1635 1587 1639
f 1633 1635 1639
f 1586 1587 1636
f 1587 1635 1636
f 1636 1581 1582
f 1588 1641 1640
f 1641 1588 1637
f 1589 1642 1751
f 1638 1588 1589
f 1594 1585 1592
f 1594 1587 1585
f 1639 1587 1594
f 1598 1674 1645
f 1674 1598 1596
f 1674 1644 1645
f 1599 1598 1645
f 1594 1595 1644
f 1595 1645 1644
f 1645 1595 1599
f 1593 1599 1595
f 1640 1679 1643
f 1640 1643 1588
f 1646 1751 1642
f 1601 1602 1605
f 1605 1647 1610
f 1605 1610 1648
f 1605 1604 1647
f 1604 1603 1647
f 1588 1643 1589
f 1652 1642 1589
f 1681 1609 1650
f 1607 1609 1610
f 1610 1609 1681
f 1610 1681 1648
f 1610 1647 1603
f 1589 1643 1652
f 1643 1651 1652
f 1609 1614 1655
f 1609 1655 1650
f 1655 1654 1650
f 1650 1654 1656
f 1614 1657 1655
f 1612 1658 1615
f 1614 1615 1657
f 1655 1657 1658
f 1654 1658 1612
f 1658 1654 1655
f 1658 1657 1615
f 1652 1649 1642
f 1611 1616 1613
f 1612 1611 1613
f 1613 1659 1612
f 1659 1654 1612
f 1659 1656 1654
f 1616 1565 1660
f 1565 1618 1660
f 1617 1660 1618
f 1568 1661 1618
f 1617 1618 1661
f 1566 1661 1568
f 1617 1661 1662
f 1566 1663 1661
f 1663 1617 1662
f 1619 1556 1567
f 1620 1572 1571
f 1572 1620 1665
f 1666 1620 1622
f 1559 1621 1667
f 1666 1622 1668
f 1622 1625 1668
f 1668 1703 1666
f 1666 1705 1620
f 1572 1573 1562
f 1621 1623 1667
f 1574 1623 1621
f 1669 1624 1670
f 1625 1624 1669
f 1707 1583 1559
f 1632 1671 1670
f 1629 1670 1630
f 1630 1670 1624
f 1669 1670 1711
f 1631 1632 1629
f 1670 1629 1632
f 1631 1579 1672
f 1579 1634 1672
f 1639 1673 1633
f 1594 1644 1639
f 1639 1644 1673
f 1644 1674 1673
f 1676 1675 1596
f 1676 1596 1597
f 1675 1674 1596
f 1678 1679 1640
f 1597 1601 1680
f 1717 1676 1597
f 1597 1680 1717
f 1605 1680 1601
f 1680 1605 1681
f 1648 1681 1605
f 1680 1681 1682
f 1679 1767 1643
f 1649 1646 1642
f 1650 1656 1681
f 1681 1656 1724
f 1613 1616 1683
f 1683 1684 1613
f 1684 1685 1659
f 1684 1659 1613
f 1683 1616 1660
f 1660 1686 1683
f 1660 1617 1687
f 1653 1688 1689
f 1689 1567 1653
f 1661 1663 1662
f 1663 1566 1619
f 1619 1567 1690
f 1690 1567 1689
f 1692 1691 1664
f 1664 1572 1665
f 1693 1692 1695
f 1695 1692 1664
f 1572 1664 1573
f 1573 1664 1694
f 1694 1664 1691
f 1696 1664 1665
f 1696 1695 1664
f 1665 1697 1696
f 1665 1620 1697
f 1694 1623 1573
f 1620 1699 1697
f 1697 1699 1698
f 1668 1700 1704
f 1703 1705 1666
f 1668 1625 1701
f 1625 1702 1701
f 1697 1698 1703
f 1704 1703 1668
f 1698 1705 1703
f 1699 1620 1706
f 1706 1620 1705
f 1698 1699 1706
f 1706 1705 1698
f 1746 1559 1743
f 1559 1746 1707
f 1625 1669 1702
f 1701 1702 1709
f 1710 1708 1632
f 1670 1671 1711
f 1711 1702 1669
f 1709 1702 1711
f 1709 1671 1701
f 1671 1709 1711
f 1672 1632 1631
f 1710 1632 1672
f 1712 1710 1672
f 1634 1712 1672
f 1634 1713 1712
f 1633 1714 1634
f 1714 1713 1634
f 1714 1633 1673
f 1638 1589 1751
f 1712 1677 1710
f 1712 1713 1675
f 1675 1677 1712
f 1714 1715 1713
f 1675 1713 1715
f 1714 1673 1715
f 1710 1677 1716
f 1676 1677 1675
f 1674 1715 1673
f 1674 1675 1715
f 1716 1676 1717
f 1676 1716 1677
f 1718 1680 1682
f 1682 1719 1718
f 1646 1649 1720
f 1717 1680 1718
f 1762 1723 1768
f 1681 1724 1682
f 1724 1719 1682
f 1718 1719 1766
f 1767 1722 1643
f 1649 1652 1720
f 1683 1721 1684
f 1717 1684 1721
f 1717 1718 1684
f 1685 1684 1725
f 1684 1766 1725
f 1659 1724 1656
f 1724 1725 1719
f 1643 1722 1651
f 1652 1651 1726
f 1721 1683 1686
f 1617 1663 1687
f 1663 1771 1687
f 1763 1688 1653
f 1727 1686 1660
f 1727 1660 1687
f 1663 1619 1729
f 1690 1689 1730
f 1728 1690 1730
f 1688 1730 1689
f 1728 1730 1731
f 1731 1730 1688
f 1729 1619 1690
f 1691 1692 1693
f 1732 1733 1691
f 1691 1693 1734
f 1695 1696 1735
f 1695 1736 1693
f 1696 1697 1740
f 1737 1559 1667
f 1738 1696 1740
f 1740 1697 1703
f 1740 1703 1741
f 1741 1789 1740
f 1742 1743 1559
f 1744 1749 1743
f 1738 1739 1700
f 1704 1700 1739
f 1741 1703 1704
f 1789 1741 1704
f 1745 1746 1747
f 1707 1746 1748
f 1749 1746 1743
f 1708 1700 1668
f 1708 1671 1632
f 1668 1701 1708
f 1708 1701 1671
f 1746 1745 1748
f 1748 1750 1707
f 1700 1708 1710
f 1745 1755 1748
f 1750 1583 1707
f 1750 1752 1583
f 1710 1716 1753
f 1641 1637 1754
f 1754 1637 1755
f 1637 1638 1755
f 1755 1638 1796
f 1653 1583 1752
f 1756 1640 1641
f 1641 1757 1756
f 1757 1641 1754
f 1753 1716 1758
f 1640 1800 1678
f 1756 1800 1640
f 1678 1800 1759
f 1751 1646 1801
f 1653 1752 1761
f 1716 1717 1686
f 1758 1716 1686
f 1760 1762 1678
f 1759 1760 1678
f 1763 1653 1761
f 1679 1762 1768
f 1762 1760 1723
f 1762 1679 1678
f 1721 1686 1717
f 1768 1723 1764
f 1764 1810 1768
f 1766 1684 1718
f 1765 1760 1803
f 1719 1725 1766
f 1768 1767 1679
f 1652 1726 1769
f 1652 1769 1720
f 1761 1770 1763
f 1687 1771 1810
f 1810 1771 1768
f 1651 1722 1726
f 1763 1772 1688
f 1770 1772 1763
f 1686 1727 1810
f 1727 1687 1810
f 1774 1771 1729
f 1775 1728 1731
f 1688 1772 1776
f 1731 1688 1776
f 1777 1775 1731
f 1815 1775 1777
f 1778 1771 1663
f 1729 1778 1663
f 1729 1771 1778
f 1729 1690 1779
f 1818 1732 1780
f 1816 1732 1818
f 1732 1691 1782
f 1782 1780 1732
f 1691 1733 1694
f 1784 1737 1667
f 1734 1782 1691
f 1782 1734 1788
f 1783 1667 1623
f 1783 1623 1785
f 1783 1784 1667
f 1781 1695 1735
f 1781 1736 1695
f 1734 1693 1787
f 1693 1786 1787
f 1693 1736 1786
f 1736 1782 1786
f 1788 1734 1787
f 1694 1785 1623
f 1686 1810 1773
f 1787 1786 1788
f 1737 1742 1559
f 1735 1696 1738
f 1739 1738 1740
f 1789 1739 1740
f 1742 1744 1743
f 1739 1789 1704
f 1790 1745 1747
f 1746 1749 1747
f 1747 1749 1791
f 1710 1738 1700
f 1793 1745 1792
f 1792 1745 1790
f 1753 1738 1710
f 1793 1794 1745
f 1755 1795 1748
f 1638 1795 1796
f 1748 1795 1750
f 1750 1795 1751
f 1795 1638 1751
f 1751 1797 1750
f 1757 1754 1745
f 1755 1745 1754
f 1755 1796 1795
f 1752 1750 1797
f 1798 1752 1797
f 1797 1751 1798
f 1745 1794 1757
f 1756 1757 1794
f 1798 1761 1752
f 1799 1759 1800
f 1800 1794 1799
f 1799 1841 1759
f 1756 1794 1800
f 1801 1798 1751
f 1761 1798 1801
f 1802 1753 1765
f 1803 1760 1759
f 1794 1841 1799
f 1801 1646 1720
f 1801 1805 1761
f 1686 1765 1758
f 1758 1765 1753
f 1803 1802 1765
f 1804 1720 1769
f 1720 1805 1801
f 1805 1720 1804
f 1805 1804 1806
f 1770 1761 1805
f 1764 1765 1773
f 1810 1764 1773
f 1765 1686 1773
f 1726 1807 1769
f 1804 1769 1808
f 1769 1812 1808
f 1807 1812 1769
f 1809 1808 1812
f 1770 1805 1806
f 1768 1771 1767
f 1771 1774 1767
f 1767 1774 1722
f 1726 1722 1811
f 1811 1722 1774
f 1807 1726 1811
f 1811 1812 1807
f 1812 1814 1809
f 1775 1813 1728
f 1770 1813 1815
f 1774 1729 1779
f 1774 1779 1811
f 1728 1779 1690
f 1813 1779 1728
f 1815 1813 1775
f 1772 1770 1815
f 1776 1772 1815
f 1815 1777 1776
f 1731 1776 1777
f 1816 1818 1817
f 1819 1780 1781
f 1821 1780 1819
f 1820 1780 1821
f 1816 1733 1732
f 1818 1849 1817
f 1784 1783 1822
f 1735 1819 1781
f 1819 1738 1852
f 1780 1782 1823
f 1780 1823 1781
f 1736 1823 1782
f 1858 1694 1733
f 1694 1858 1785
f 1858 1824 1785
f 1783 1785 1824
f 1783 1824 1822
f 1737 1825 1742
f 1819 1735 1738
f 1781 1823 1736
f 1788 1786 1782
f 1744 1742 1826
f 1826 1827 1828
f 1824 1792 1833
f 1824 1833 1822
f 1833 1829 1822
f 1822 1829 1830
f 1749 1744 1831
f 1831 1744 1826
f 1828 1832 1826
f 1747 1833 1790
f 1792 1790 1833
f 1791 1833 1747
f 1829 1833 1791
f 1791 1830 1829
f 1834 1791 1749
f 1830 1791 1834
f 1834 1749 1831
f 1831 1826 1835
f 1835 1826 1836
f 1826 1832 1836
f 1838 1836 1832
f 1839 1753 1802
f 1840 1794 1793
f 1803 1759 1841
f 1839 1802 1803
f 1804 1808 1806
f 1814 1808 1809
f 1814 1806 1808
f 1814 1813 1806
f 1806 1813 1770
f 1812 1811 1779
f 1779 1813 1812
f 1814 1812 1813
f 1871 1737 1842
f 1842 1737 1784
f 1843 1845 1816
f 1846 1845 1843
f 1843 1816 1817
f 1843 1817 1849
f 1784 1822 1847
f 1850 1821 1819
f 1821 1851 1854
f 1851 1821 1850
f 1855 1851 1850
f 1852 1851 1855
f 1820 1821 1853
f 1853 1850 1820
f 1820 1850 1819
f 1853 1821 1854
f 1854 1855 1853
f 1853 1855 1850
f 1851 1879 1854
f 1856 1847 1822
f 1854 1879 1820
f 1780 1820 1857
f 1818 1780 1849
f 1780 1857 1849
f 1858 1792 1824
f 1822 1865 1859
f 1742 1827 1826
f 1852 1738 1860
f 1822 1830 1865
f 1883 1828 1861
f 1860 1738 1753
f 1838 1832 1863
f 1828 1883 1832
f 1832 1883 1863
f 1864 1863 1883
f 1834 1831 1865
f 1865 1830 1834
f 1831 1835 1865
f 1862 1865 1835
f 1837 1835 1836
f 1835 1837 1866
f 1862 1835 1866
f 1866 1837 1867
f 1837 1836 1868
f 1863 1868 1838
f 1837 1868 1867
f 1867 1868 1863
f 1863 1864 1867
f 1836 1838 1868
f 1753 1839 1870
f 1840 1793 1869
f 1803 1841 1840
f 1840 1841 1794
f 1870 1839 1803
f 1870 1803 1840
f 1842 1847 1871
f 1842 1784 1847
f 1847 1856 1871
f 1872 1871 1856
f 1873 1872 1856
f 1874 1846 1844
f 1843 1844 1846
f 1846 1874 1889
f 1871 1872 1737
f 1737 1872 1825
f 1872 1873 1825
f 1843 1875 1844
f 1844 1875 1874
f 1876 1874 1875
f 1843 1877 1875
f 1859 1856 1822
f 1819 1852 1855
f 1851 1876 1875
f 1852 1876 1851
f 1877 1879 1875
f 1851 1875 1879
f 1877 1843 1849
f 1825 1827 1742
f 1857 1820 1879
f 1877 1849 1857
f 1877 1857 1879
f 1858 1880 1869
f 1827 1878 1828
f 1828 1878 1881
f 1858 1793 1792
f 1882 1859 1865
f 1861 1828 1881
f 1883 1881 1884
f 1861 1881 1883
f 1883 1884 1885
f 1753 1916 1860
f 1858 1869 1793
f 1882 1865 1886
f 1865 1862 1886
f 1866 1886 1862
f 1866 1867 1886
f 1887 1897 1867
f 1888 1840 1869
f 1846 1889 1845
f 1874 1890 1889
f 1856 1859 1873
f 1825 1873 1859
f 1874 1894 1890
f 1858 1891 1880
f 1848 1891 1858
f 1891 1903 1880
f 1907 1893 1876
f 1876 1894 1874
f 1893 1894 1876
f 1825 1895 1827
f 1827 1895 1892
f 1878 1827 1892
f 1852 1860 1876
f 1893 1890 1894
f 1881 1878 1896
f 1896 1878 1892
f 1898 1876 1860
f 1896 1884 1881
f 1911 1884 1896
f 1916 1898 1860
f 1897 1886 1867
f 1867 1864 1887
f 1885 1887 1864
f 1897 1887 1885
f 1883 1885 1864
f 1845 1889 1900
f 1900 1889 1906
f 1845 1900 1848
f 1900 1901 1848
f 1848 1901 1902
f 1902 1903 1891
f 1891 1848 1902
f 1903 1901 1904
f 1901 1903 1902
f 1880 1903 1904
f 1723 1760 1765
f 1905 1906 1907
f 1889 1890 1906
f 1904 1901 1880
f 1825 1859 1882
f 1876 1905 1907
f 1906 1893 1907
f 1882 1895 1825
f 1895 1882 1886
f 1905 1876 1898
f 1901 1905 1898
f 1906 1890 1893
f 1869 1880 1910
f 1880 1914 1910
f 1914 1880 1901
f 1909 1892 1895
f 1908 1909 1895
f 1911 1896 1892
f 1892 1909 1911
f 1909 1912 1911
f 1912 1884 1911
f 1886 1897 1912
f 1897 1913 1912
f 1913 1885 1884
f 1885 1913 1897
f 1884 1912 1913
f 1910 1917 1869
f 1910 1914 1917
f 1917 1899 1869
f 1899 1888 1869
f 1916 1899 1914
f 1899 1917 1914
f 1916 1753 1870
f 1915 1916 1870
f 1870 1840 1915
f 1915 1840 1888
f 1906 1905 1900
f 1900 1905 1901
f 1908 1895 1912
f 1908 1912 1909
f 1916 1901 1898
f 1916 1914 1901
f 1895 1886 1912
f 1916 1888 1899
f 1915 1888 1916
f 1845 1733 1816
f 1848 1733 1845
f 1848 1858 1733
f 1855 1854 1820
f 1820 1819 1855
f 1685 1725 1724
f 1724 1659 1685
f 1723 1765 1764
f 1919 1940 1918
f 1918 1922 1924
f 1922 1923 1924
f 1918 1924 1919
f 1926 1923 1925
f 1925 1927 1926
f 1919 1921 1920
f 1920 1928 1919
f 1920 1921 1928
f 1919 1924 1929
f 1921 1919 1929
f 1930 1929 1924
f 1929 1928 1921
f 1923 1930 1924
f 1926 1931 1923
f 1927 1932 1926
f 1931 1930 1923
f 1931 1926 1934
f 1933 1931 1934
f 1926 1933 1934
f 1938 1935 1937
f 1935 1938 1922
f 1936 1918 1940
f 1918 1936 1922
f 1922 1938 1923
f 1925 1923 1938
f 1937 1925 1938
f 1937 1939 1925
f 1928 1940 1919
f 1941 1940 1928
f 1928 1929 1942
f 1942 1929 1930
f 1933 1942 1930
f 1925 1932 1927
f 1932 1925 1943
f 1930 1931 1933
f 1933 1926 1932
f 1932 1945 1944
f 1945 1932 1943
f 1946 1935 1936
f 1935 1946 1937
f 1947 1937 1946
f 1947 1939 1937
f 1935 1922 1936
f 1948 1925 1939
f 1948 1943 1925
f 1943 1948 1950
f 1941 1928 1942
f 1944 1942 1933
f 1932 1944 1933
f 1945 1943 1950
f 1947 1946 1952
f 1947 1948 1939
f 1954 1936 1940
f 1941 1955 1940
f 1955 1941 1956
f 1950 1948 1951
f 1941 1942 1956
f 1942 1949 1956
f 1944 1949 1942
f 1950 1951 1945
f 1944 1945 1951
f 1947 1952 1953
f 1936 1952 1946
f 1957 1952 1936
f 1955 1954 1940
f 1958 1955 1956
f 1951 1949 1944
f 1951 1960 1949
f 1952 1961 1953
f 1961 1952 1957
f 1953 1961 1962
f 1947 1963 1948
f 1936 1954 1957
f 1966 1954 1965
f 1965 1954 1955
f 1958 1964 1965
f 1958 1967 1964
f 1958 1965 1955
f 1968 1958 1956
f 1948 1959 1951
f 2004 1958 2010
f 1949 1968 1956
f 1960 1951 1959
f 1968 1969 1958
f 2015 1958 1969
f 1970 1969 1968
f 1968 1949 1970
f 1972 1969 1970
f 1970 1949 1960
f 1962 1973 1953
f 1976 1966 1975
f 1957 1977 1978
f 1957 1979 1961
f 1979 1957 1978
f 1962 1961 1980
f 1961 1979 1980
f 1964 2031 1975
f 1975 1966 1964
f 1965 1964 1966
f 1977 1954 1966
f 1957 1954 1977
f 1983 2031 1964
f 1964 1981 1983
f 1982 1986 1984
f 1985 1984 1986
f 1948 1963 1987
f 1964 1967 1982
f 1981 1964 1982
f 1982 1984 1981
f 1967 1988 1982
f 1988 1989 1982
f 1982 1989 1986
f 1989 1990 1986
f 1991 1990 1989
f 1990 2040 1986
f 1988 1967 1994
f 1988 1996 1989
f 1996 1988 1997
f 1998 1996 1997
f 1998 1997 1999
f 1995 1967 1958
f 1995 1994 1967
f 2001 2000 1994
f 2001 1994 1995
f 2000 2002 1994
f 1994 2002 1988
f 1988 2002 1997
f 2003 1997 2002
f 1987 1959 1948
f 2004 2001 1958
f 2005 2001 2004
f 1995 1958 2001
f 2005 2004 2006
f 2006 2010 2012
f 2004 2010 2006
f 2006 2012 2007
f 2008 2006 2007
f 2009 2006 2008
f 2010 2011 2012
f 2012 2011 2014
f 2007 2012 2014
f 2010 1958 2015
f 2010 2015 2011
f 2015 2016 2011
f 2011 2016 2018
f 2018 2013 2011
f 2018 2016 2019
f 1960 1959 2057
f 1987 2057 1959
f 2020 2015 1969
f 1971 1960 2057
f 1972 2022 1969
f 1960 2023 1970
f 2024 1975 2026
f 1974 1973 1962
f 1974 1978 2025
f 2025 1973 1974
f 2025 1947 1973
f 1947 1953 1973
f 1963 1947 2025
f 1975 2032 2026
f 2032 2028 2026
f 2029 2026 2028
f 1977 2027 1978
f 1979 2030 1980
f 1974 1980 2030
f 1974 2030 1978
f 2030 1979 1978
f 1980 1974 1962
f 1975 2031 2032
f 2031 2033 2032
f 2032 2033 2034
f 2032 2034 2028
f 2035 2031 1983
f 2031 2035 2033
f 1983 1981 1984
f 1984 2037 2038
f 1983 1984 2038
f 1984 1985 2037
f 2037 1985 2039
f 1985 2040 2039
f 2041 1992 2042
f 2039 1991 2043
f 2037 2039 2043
f 1990 1991 2040
f 1991 2039 2040
f 2040 1985 1986
f 1992 2045 2044
f 2045 1992 2041
f 1993 2046 2155
f 2042 1992 1993
f 1998 1989 1996
f 1998 1991 1989
f 2043 1991 1998
f 2002 2078 2049
f 2078 2002 2000
f 2078 2048 2049
f 2003 2002 2049
f 1998 1999 2048
f 1999 2049 2048
f 2049 1999 2003
f 1997 2003 1999
f 2044 2083 2047
f 2044 2047 1992
f 2050 2155 2046
f 2005 2006 2009
f 2009 2051 2014
f 2009 2014 2052
f 2009 2008 2051
f 2008 2007 2051
f 1992 2047 1993
f 2056 2046 1993
f 2085 2013 2054
f 2011 2013 2014
f 2014 2013 2085
f 2014 2085 2052
f 2014 2051 2007
f 1993 2047 2056
f 2047 2055 2056
f 2013 2018 2059
f 2013 2059 2054
f 2059 2058 2054
f 2054 2058 2060
f 2018 2061 2059
f 2016 2062 2019
f 2018 2019 2061
f 2059 2061 2062
f 2058 2062 2016
f 2062 2058 2059
f 2062 2061 2019
f 2056 2053 2046
f 2015 2020 2017
f 2016 2015 2017
f 2017 2063 2016
f 2063 2058 2016
f 2063 2060 2058
f 2020 1969 2064
f 1969 2022 2064
f 2021 2064 2022
f 1972 2065 2022
f 2021 2022 2065
f 1970 2065 1972
f 2021 2065 2066
f 1970 2067 2065
f 2067 2021 2066
f 2023 1960 1971
f 2024 1976 1975
f 1976 2024 2069
f 2070 2024 2026
f 1963 2025 2071
f 2070 2026 2072
f 2026 2029 2072
f 2072 2107 2070
f 2070 2109 2024
f 1976 1977 1966
f 2025 2027 2071
f 1978 2027 2025
f 2073 2028 2074
f 2029 2028 2073
f 2111 1987 1963
f 2036 2075 2074
f 2033 2074 2034
f 2034 2074 2028
f 2073 2074 2115
f 2035 2036 2033
f 2074 2033 2036
f 2035 1983 2076
f 1983 2038 2076
f 2043 2077 2037
f 1998 2048 2043
f 2043 2048 2077
f 2048 2078 2077
f 2080 2079 2000
f 2080 2000 2001
f 2079 2078 2000
f 2082 2083 2044
f 2001 2005 2084
f 2121 2080 2001
f 2001 2084 2121
f 2009 2084 2005
f 2084 2009 2085
f 2052 2085 2009
f 2084 2085 2086
f 2083 2171 2047
f 2053 2050 2046
f 2054 2060 2085
f 2085 2060 2128
f 2017 2020 2087
f 2087 2088 2017
f 2088 2089 2063
f 2088 2063 2017
f 2087 2020 2064
f 2064 2090 2087
f 2064 2021 2091
f 2057 2092 2093
f 2093 1971 2057
f 2065 2067 2066
f 2067 1970 2023
f 2023 1971 2094
f 2094 1971 2093
f 2096 2095 2068
f 2068 1976 2069
f 2097 2096 2099
f 2099 2096 2068
f 1976 2068 1977
f 1977 2068 2098
f 2098 2068 2095
f 2100 2068 2069
f 2100 2099 2068
f 2069 2101 2100
f 2069 2024 2101
f 2098 2027 1977
f 2024 2103 2101
f 2101 2103 2102
f 2072 2104 2108
f 2107 2109 2070
f 2072 2029 2105
f 2029 2106 2105
f 2101 2102 2107
f 2108 2107 2072
f 2102 2109 2107
f 2103 2024 2110
f 2110 2024 2109
f 2102 2103 2110
f 2110 2109 2102
f 2150 1963 2147
f 1963 2150 2111
f 2029 2073 2106
f 2105 2106 2113
f 2114 2112 2036
f 2074 2075 2115
f 2115 2106 2073
f 2113 2106 2115
f 2113 2075 2105
f 2075 2113 2115
f 2076 2036 2035
f 2114 2036 2076
f 2116 2114 2076
f 2038 2116 2076
f 2038 2117 2116
f 2037 2118 2038
f 2118 2117 2038
f 2118 2037 2077
f 2042 1993 2155
f 2116 2081 2114
f 2116 2117 2079
f 2079 2081 2116
f 2118 2119 2117
f 2079 2117 2119
f 2118 2077 2119
f 2114 2081 2120
f 2080 2081 2079
f 2078 2119 2077
f 2078 2079 2119
f 2120 2080 2121
f 2080 2120 2081
f 2122 2084 2086
f 2086 2123 2122
f 2050 2053 2124
f 2121 2084 2122
f 2166 2127 2172
f 2085 2128 2086
f 2128 2123 2086
f 2122 2123 2170
f 2171 2126 2047
f 2053 2056 2124
f 2087 2125 2088
f 2121 2088 2125
f 2121 2122 2088
f 2089 2088 2129
f 2088 2170 2129
f 2063 2128 2060
f 2128 2129 2123
f 2047 2126 2055
f 2056 2055 2130
f 2125 2087 2090
f 2021 2067 2091
f 2067 2175 2091
f 2167 2092 2057
f 2131 2090 2064
f 2131 2064 2091
f 2067 2023 2133
f 2094 2093 2134
f 2132 2094 2134
f 2092 2134 2093
f 2132 2134 2135
f 2135 2134 2092
f 2133 2023 2094
f 2095 2096 2097
f 2136 2137 2095
f 2095 2097 2138
f 2099 2100 2139
f 2099 2140 2097
f 2100 2101 2144
f 2141 1963 2071
f 2142 2100 2144
f 2144 2101 2107
f 2144 2107 2145
f 2145 2193 2144
f 2146 2147 1963
f 2148 2153 2147
f 2142 2143 2104
f 2108 2104 2143
f 2145 2107 2108
f 2193 2145 2108
f 2149 2150 2151
f 2111 2150 2152
f 2153 2150 2147
f 2112 2104 2072
f 2112 2075 2036
f 2072 2105 2112
f 2112 2105 2075
f 2150 2149 2152
f 2152 2154 2111
f 2104 2112 2114
f 2149 2159 2152
f 2154 1987 2111
f 2154 2156 1987
f 2114 2120 2157
f 2045 2041 2158
f 2158 2041 2159
f 2041 2042 2159
f 2159 2042 2200
f 2057 1987 2156
f 2160 2044 2045
f 2045 2161 2160
f 2161 2045 2158
f 2157 2120 2162
f 2044 2204 2082
f 2160 2204 2044
f 2082 2204 2163
f 2155 2050 2205
f 2057 2156 2165
f 2120 2121 2090
f 2162 2120 2090
f 2164 2166 2082
f 2163 2164 2082
f 2167 2057 2165
f 2083 2166 2172
f 2166 2164 2127
f 2166 2083 2082
f 2125 2090 2121
f 2172 2127 2168
f 2168 2214 2172
f 2170 2088 2122
f 2169 2164 2207
f 2123 2129 2170
f 2172 2171 2083
f 2056 2130 2173
f 2056 2173 2124
f 2165 2174 2167
f 2091 2175 2214
f 2214 2175 2172
f 2055 2126 2130
f 2167 2176 2092
f 2174 2176 2167
f 2090 2131 2214
f 2131 2091 2214
f 2178 2175 2133
f 2179 2132 2135
f 2092 2176 2180
f 2135 2092 2180
f 2181 2179 2135
f 2219 2179 2181
f 2182 2175 2067
f 2133 2182 2067
f 2133 2175 2182
f 2133 2094 2183
f 2222 2136 2184
f 2220 2136 2222
f 2136 2095 2186
f 2186 2184 2136
f 2095 2137 2098
f 2188 2141 2071
f 2138 2186 2095
f 2186 2138 2192
f 2187 2071 2027
f 2187 2027 2189
f 2187 2188 2071
f 2185 2099 2139
f 2185 2140 2099
f 2138 2097 2191
f 2097 2190 2191
f 2097 2140 2190
f 2140 2186 2190
f 2192 2138 2191
f 2098 2189 2027
f 2090 2214 2177
f 2191 2190 2192
f 2141 2146 1963
f 2139 2100 2142
f 2143 2142 2144
f 2193 2143 2144
f 2146 2148 2147
f 2143 2193 2108
f 2194 2149 2151
f 2150 2153 2151
f 2151 2153 2195
f 2114 2142 2104
f 2197 2149 2196
f 2196 2149 2194
f 2157 2142 2114
f 2197 2198 2149
f 2159 2199 2152
f 2042 2199 2200
f 2152 2199 2154
f 2154 2199 2155
f 2199 2042 2155
f 2155 2201 2154
f 2161 2158 2149
f 2159 2149 2158
f 2159 2200 2199
f 2156 2154 2201
f 2202 2156 2201
f 2201 2155 2202
f 2149 2198 2161
f 2160 2161 2198
f 2202 2165 2156
f 2203 2163 2204
f 2204 2198 2203
f 2203 2245 2163
f 2160 2198 2204
f 2205 2202 2155
f 2165 2202 2205
f 2206 2157 2169
f 2207 2164 2163
f 2198 2245 2203
f 2205 2050 2124
f 2205 2209 2165
f 2090 2169 2162
f 2162 2169 2157
f 2207 2206 2169
f 2208 2124 2173
f 2124 2209 2205
f 2209 2124 2208
f 2209 2208 2210
f 2174 2165 2209
f 2168 2169 2177
f 2214 2168 2177
f 2169 2090 2177
f 2130 2211 2173
f 2208 2173 2212
f 2173 2216 2212
f 2211 2216 2173
f 2213 2212 2216
f 2174 2209 2210
f 2172 2175 2171
f 2175 2178 2171
f 2171 2178 2126
f 2130 2126 2215
f 2215 2126 2178
f 2211 2130 2215
f 2215 2216 2211
f 2216 2218 2213
f 2179 2217 2132
f 2174 2217 2219
f 2178 2133 2183
f 2178 2183 2215
f 2132 2183 2094
f 2217 2183 2132
f 2219 2217 2179
f 2176 2174 2219
f 2180 2176 2219
f 2219 2181 2180
f 2135 2180 2181
f 2220 2222 2221
f 2223 2184 2185
f 2225 2184 2223
f 2224 2184 2225
f 2220 2137 2136
f 2222 2253 2221
f 2188 2187 2226
f 2139 2223 2185
f 2223 2142 2256
f 2184 2186 2227
f 2184 2227 2185
f 2140 2227 2186
f 2262 2098 2137
f 2098 2262 2189
f 2262 2228 2189
f 2187 2189 2228
f 2187 2228 2226
f 2141 2229 2146
f 2223 2139 2142
f 2185 2227 2140
f 2192 2190 2186
f 2148 2146 2230
f 2230 2231 2232
f 2228 2196 2237
f 2228 2237 2226
f 2237 2233 2226
f 2226 2233 2234
f 2153 2148 2235
f 2235 2148 2230
f 2232 2236 2230
f 2151 2237 2194
f 2196 2194 2237
f 2195 2237 2151
f 2233 2237 2195
f 2195 2234 2233
f 2238 2195 2153
f 2234 2195 2238
f 2238 2153 2235
f 2235 2230 2239
f 2239 2230 2240
f 2230 2236 2240
f 2242 2240 2236
f 2243 2157 2206
f 2244 2198 2197
f 2207 2163 2245
f 2243 2206 2207
f 2208 2212 2210
f 2218 2212 2213
f 2218 2210 2212
f 2218 2217 2210
f 2210 2217 2174
f 2216 2215 2183
f 2183 2217 2216
f 2218 2216 2217
f 2275 2141 2246
f 2246 2141 2188
f 2247 2249 2220
f 2250 2249 2247
f 2247 2220 2221
f 2247 2221 2253
f 2188 2226 2251
f 2254 2225 2223
f 2225 2255 2258
f 2255 2225 2254
f 2259 2255 2254
f 2256 2255 2259
f 2224 2225 2257
f 2257 2254 2224
f 2224 2254 2223
f 2257 2225 2258
f 2258 2259 2257
f 2257 2259 2254
f 2255 2283 2258
f 2260 2251 2226
f 2258 2283 2224
f 2184 2224 2261
f 2222 2184 2253
f 2184 2261 2253
f 2262 2196 2228
f 2226 2269 2263
f 2146 2231 2230
f 2256 2142 2264
f 2226 2234 2269
f 2287 2232 2265
f 2264 2142 2157
f 2242 2236 2267
f 2232 2287 2236
f 2236 2287 2267
f 2268 2267 2287
f 2238 2235 2269
f 2269 2234 2238
f 2235 2239 2269
f 2266 2269 2239
f 2241 2239 2240
f 2239 2241 2270
f 2266 2239 2270
f 2270 2241 2271
f 2241 2240 2272
f 2267 2272 2242
f 2241 2272 2271
f 2271 2272 2267
f 2267 2268 2271
f 2240 2242 2272
f 2157 2243 2274
f 2244 2197 2273
f 2207 2245 2244
f 2244 2245 2198
f 2274 2243 2207
f 2274 2207 2244
f 2246 2251 2275
f 2246 2188 2251
f 2251 2260 2275
f 2276 2275 2260
f 2277 2276 2260
f 2278 2250 2248
f 2247 2248 2250
f 2250 2278 2293
f 2275 2276 2141
f 2141 2276 2229
f 2276 2277 2229
f 2247 2279 2248
f 2248 2279 2278
f 2280 2278 2279
f 2247 2281 2279
f 2263 2260 2226
f 2223 2256 2259
f 2255 2280 2279
f 2256 2280 2255
f 2281 2283 2279
f 2255 2279 2283
f 2281 2247 2253
f 2229 2231 2146
f 2261 2224 2283
f 2281 2253 2261
f 2281 2261 2283
f 2262 2284 2273
f 2231 2282 2232
f 2232 2282 2285
f 2262 2197 2196
f 2286 2263 2269
f 2265 2232 2285
f 2287 2285 2288
f 2265 2285 2287
f 2287 2288 2289
f 2157 2320 2264
f 2262 2273 2197
f 2286 2269 2290
f 2269 2266 2290
f 2270 2290 2266
f 2270 2271 2290
f 2291 2301 2271
f 2292 2244 2273
f 2250 2293 2249
f 2278 2294 2293
f 2260 2263 2277
f 2229 2277 2263
f 2278 2298 2294
f 2262 2295 2284
f 2252 2295 2262
f 2295 2307 2284
f 2311 2297 2280
f 2280 2298 2278
f 2297 2298 2280
f 2229 2299 2231
f 2231 2299 2296
f 2282 2231 2296
f 2256 2264 2280
f 2297 2294 2298
f 2285 2282 2300
f 2300 2282 2296
f 2302 2280 2264
f 2300 2288 2285
f 2315 2288 2300
f 2320 2302 2264
f 2301 2290 2271
f 2271 2268 2291
f 2289 2291 2268
f 2301 2291 2289
f 2287 2289 2268
f 2249 2293 2304
f 2304 2293 2310
f 2249 2304 2252
f 2304 2305 2252
f 2252 2305 2306
f 2306 2307 2295
f 2295 2252 2306
f 2307 2305 2308
f 2305 2307 2306
f 2284 2307 2308
f 2127 2164 2169
f 2309 2310 2311
f 2293 2294 2310
f 2229 2263 2286
f 2280 2309 2311
f 2310 2297 2311
f 2309 2284 2305
f 2305 2284 2308
f 2286 2299 2229
f 2299 2286 2290
f 2309 2280 2302
f 2284 2309 2302
f 2310 2294 2297
f 2273 2284 2314
f 2284 2318 2314
f 2313 2296 2299
f 2312 2313 2299
f 2315 2300 2296
f 2296 2313 2315
f 2313 2316 2315
f 2316 2288 2315
f 2290 2301 2316
f 2301 2317 2316
f 2317 2289 2288
f 2289 2317 2301
f 2288 2316 2317
f 2314 2321 2273
f 2314 2318 2321
f 2321 2303 2273
f 2303 2292 2273
f 2320 2303 2318
f 2303 2321 2318
f 2320 2157 2274
f 2319 2320 2274
f 2274 2244 2319
f 2319 2244 2292
f 2310 2309 2304
f 2304 2309 2305
f 2312 2299 2316
f 2312 2316 2313
f 2320 2284 2302
f 2320 2318 2284
f 2299 2290 2316
f 2320 2292 2303
f 2319 2292 2320
f 2249 2137 2220
f 2252 2137 2249
f 2252 2262 2137
f 2259 2258 2224
f 2224 2223 2259
f 2089 2129 2128
f 2128 2063 2089
f 2127 2169 2168
f 2323 2324 2322
f 2325 2326 2322
f 2322 2326 2323
f 2326 2327 2323
f 2326 2328 2327
f 2330 2324 2323
f 2324 2330 2329
f 2327 2330 2323
f 2329 2330 2331
f 2332 2330 2327
f 2331 2330 2332
f 2332 2327 2328
f 2346 2345 2333
f 2333 2334 2346
f 2334 2333 2335
f 2345 2336 2333
f 2344 2336 2345
f 2337 2326 2325
f 2325 2322 2324
f 2325 2324 2343
f 2326 2337 2328
f 2343 2328 2337
f 2343 2324 2329
f 2329 2331 2343
f 2332 2328 2334
f 2331 2332 2334
f 2328 2346 2334
f 2336 2344 2339
f 2335 2333 2336
f 2335 2336 2340
f 2340 2336 2341
f 2340 2342 2335
f 2336 2339 2341
f 2340 2341 2342
f 2337 2325 2343
f 2343 2331 2347
f 2345 2343 2344
f 2343 2346 2328
f 2345 2346 2343
f 2343 2347 2344
f 2331 2338 2347
f 2331 2334 2338
f 2347 2338 2348
f 2344 2348 2339
f 2338 2334 2335
f 2348 2338 2335
f 2342 2348 2335
f 2348 2342 2341
f 2341 2339 2348
f 2344 2347 2348
f 2350 2351 2349
f 2352 2353 2349
f 2349 2353 2350
f 2353 2354 2350
f 2353 2355 2354
f 2357 2351 2350
f 2351 2357 2356
f 2354 2357 2350
f 2356 2357 2358
f 2359 2357 2354
f 2358 2357 2359
f 2359 2354 2355
f 2373 2372 2360
f 2360 2361 2373
f 2361 2360 2362
f 2372 2363 2360
f 2371 2363 2372
f 2364 2353 2352
f 2352 2349 2351
f 2352 2351 2370
f 2353 2364 2355
f 2370 2355 2364
f 2370 2351 2356
f 2356 2358 2370
f 2359 2355 2361
f 2358 2359 2361
f 2355 2373 2361
f 2363 2371 2366
f 2362 2360 2363
f 2362 2363 2367
f 2367 2363 2368
f 2367 2369 2362
f 2363 2366 2368
f 2367 2368 2369
f 2364 2352 2370
f 2370 2358 2374
f 2372 2370 2371
f 2370 2373 2355
f 2372 2373 2370
f 2370 2374 2371
f 2358 2365 2374
f 2358 2361 2365
f 2374 2365 2375
f 2371 2375 2366
f 2365 2361 2362
f 2375 2365 2362
f 2369 2375 2362
f 2375 2369 2368
f 2368 2366 2375
f 2371 2374 2375
f 2496 2536 2557
f 3182 3194 3167
f 2416 2411 2434
f 2635 2657 2631
f 2455 2457 2458
f 2713 2701 2700
f 2418 2414 2415
f 2688 2652 2687
f 3190 3161 3175
f 2581 2535 2582
f 2436 2437 2422
f 2619 2567 2566
f 2525 2514 2524
f 2720 2685 2707
f 3190 3179 2610
f 2487 2482 2508
f 2446 2447 2473
f 2649 2670 2647
f 3007 2928 2568
f 2509 2513 2490
f 3203 2586 2608
f 2601 2557 2605
f 2552 2569 2571
f 2417 2545 2438
f 2463 2462 2461
f 2529 2528 2525
f 2522 2475 2495
f 2431 2432 2411
f 2470 2530 2532
f 2456 2449 2476
f 2558 2520 2557
f 2513 2528 2515
f 2460 2428 2406
f 2491 2489 2490
f 2550 2549 2548
f 2461 2462 2440
f 2536 2521 2537
f 2484 2469 2483
f 2618 2589 2541
f 2513 2515 2488
f 2484 2486 2485
f 2666 2620 2544
f 2496 2493 2498
f 2636 2633 2637
f 2473 2476 2446
f 2557 2520 2496
f 2442 2443 2445
f 3166 3161 3171
f 2480 2463 2461
f 2510 2594 2569
f 3173 3196 2630
f 2511 2514 2513
f 3200 3199 2585
f 2472 2447 2452
f 2548 2549 2532
f 2510 2461 2546
f 2610 2608 2611
f 2495 2493 2494
f 2492 2516 2497
f 2502 2538 2564
f 2461 2510 2480
f 2523 2566 2505
f 2531 2556 2574
f 2483 2482 2487
f 2565 2541 2478
f 2466 2480 2469
f 2435 2507 2544
f 2573 2569 2572
f 2509 2511 2513
f 2554 2553 2574
f 2429 2506 2507
f 2526 2548 2529
f 2538 2522 2562
f 2478 2458 2457
f 2464 2465 2445
f 2520 2492 2493
f 2433 2507 2435
f 2614 3199 3203
f 2587 2537 2539
f 2497 2534 2495
f 2502 2500 2538
f 2640 2585 2588
f 2502 2477 2474
f 2562 2534 2535
f 2525 2526 2529
f 2417 2424 2442
f 2601 2577 2561
f 2597 2621 2599
f 2497 2495 2494
f 2459 2385 2438
f 2384 2383 2407
f 2635 2638 2658
f 2531 2417 2527
f 2576 2579 2578
f 3202 3198 2538
f 2520 2517 2492
f 2497 2519 2518
f 3168 3195 3170
f 2504 2459 2438
f 2607 2606 2627
f 2663 2664 2589
f 2510 2547 2526
f 3160 2561 2577
f 2391 2390 2392
f 3162 3169 3168
f 2631 2605 2584
f 2561 2559 2558
f 2429 2394 2409
f 2490 2508 2509
f 2692 3111 3100
f 2572 2575 2574
f 2653 2632 2611
f 2629 3177 3196
f 2560 2533 2558
f 2602 2689 2650
f 2525 2528 2513
f 2501 2472 2452
f 2488 2467 2485
f 2640 2588 2616
f 2587 3198 3202
f 2435 2620 2546
f 2528 2529 2530
f 3201 2585 2536
f 2455 2426 2454
f 2572 2597 2575
f 2542 2592 2523
f 2499 2501 2537
f 2588 2585 2614
f 2498 2471 2472
f 2694 2738 3102
f 2468 2484 2485
f 2467 2527 2417
f 2550 2548 2547
f 2536 2496 2521
f 2540 2452 2503
f 2679 2685 2688
f 3162 3167 3166
f 2587 2615 3198
f 2585 2640 2612
f 2471 2498 2493
f 2535 2534 2518
f 2569 2573 2571
f 2625 2623 2600
f 2534 2497 2518
f 2532 2555 2470
f 3173 3174 2630
f 2557 2561 2558
f 2538 2562 2563
f 2645 2649 2647
f 2398 2400 2420
f 2656 2605 2631
f 2498 2521 2496
f 2655 2611 2604
f 2474 2500 2502
f 2479 2429 2428
f 2559 2560 2558
f 2660 2640 2616
f 2603 2604 2580
f 2506 2566 2567
f 2679 2686 2628
f 3160 3161 3159
f 3173 2630 3164
f 2540 2539 2452
f 2712 2715 2695
f 2671 2672 2668
f 2611 2632 2610
f 2381 2378 2377
f 3199 2614 2585
f 2588 2540 2616
f 2576 2603 2580
f 2730 2740 2729
f 2593 2510 2546
f 2665 2503 2543
f 2592 2694 2619
f 2490 2487 2508
f 3167 3183 3194
f 2460 2479 2428
f 2521 2498 2499
f 2586 2583 2608
f 2678 2705 2682
f 2593 2645 2596
f 2388 2409 2393
f 2482 2481 2480
f 2547 2510 2552
f 2510 2596 2594
f 2447 2448 2450
f 3165 3158 3159
f 3043 2680 2683
f 2657 2635 2658
f 2657 2658 2637
f 3171 3161 3189
f 2434 2435 2416
f 2608 2583 2611
f 2489 2488 2485
f 2689 2690 3075
f 2511 2512 2514
f 2589 2664 2590
f 2564 2639 2661
f 2684 2706 2677
f 2423 2421 2439
f 2494 2492 2497
f 2617 2710 2662
f 3161 3178 3189
f 2389 2378 2376
f 2616 2617 2662
f 2627 2628 2603
f 2627 2630 2629
f 2492 2517 2516
f 2557 2601 2561
f 2596 2510 2593
f 2650 2626 2601
f 3097 2723 2698
f 2584 2536 2609
f 2439 2424 2423
f 2551 2550 2547
f 2531 2575 2600
f 2643 2712 2695
f 2531 2600 2624
f 2577 2601 2606
f 2491 2488 2489
f 2540 2591 2617
f 2608 2610 2633
f 2688 2708 2632
f 2394 2412 2380
f 2543 3104 2665
f 2626 2606 2601
f 2667 2620 2666
f 2538 3203 2564
f 2604 2628 2651
f 3195 3186 2709
f 3162 2607 2629
f 2636 2613 2633
f 2495 2534 2522
f 2658 2638 2637
f 2647 2646 2645
f 2692 2664 3111
f 3181 3190 3165
f 2586 3199 3200
f 2460 2541 2542
f 2710 2663 2641
f 2719 2717 2729
f 3079 2643 2694
f 2669 2672 2670
f 2538 2563 3202
f 2575 2599 2600
f 2564 2565 2502
f 2467 2442 2444
f 2570 2531 2624
f 2713 2698 2714
f 2717 2719 2701
f 2659 2639 2636
f 2553 2551 2571
f 2709 3166 3194
f 2710 2617 2591
f 2584 2609 2631
f 2477 2502 2478
f 2696 2716 2699
f 2644 2593 2546
f 3195 3193 3170
f 2381 2396 2395
f 2598 2596 2621
f 2639 2659 2661
f 3078 2591 3096
f 2693 2694 2592
f 3097 2698 2593
f 2687 2652 2686
f 2690 2637 2634
f 2544 2567 2643
f 2659 2640 2660
f 2585 2612 2609
f 2684 2680 3043
f 2672 2671 2670
f 2476 2477 2456
f 2633 2610 3190
f 2494 2493 2492
f 2401 2413 2414
f 2678 2684 2677
f 2438 2385 2417
f 2576 2580 2579
f 2622 2647 2623
f 2633 3190 3175
f 2698 2645 2593
f 2693 3101 2738
f 2507 2506 2544
f 2470 2555 2556
f 3100 2693 2692
f 2729 2728 2730
f 2622 2623 2625
f 2584 2605 2557
f 2593 2644 2718
f 2688 2654 2652
f 2578 2579 2559
f 2643 3068 2712
f 2662 2660 2616
f 2620 2644 2546
f 3043 2683 2689
f 2464 2466 2465
f 2390 2389 2388
f 2699 2697 2696
f 2565 2618 2541
f 2484 2483 2487
f 2654 2655 2652
f 2690 2602 2656
f 3169 3185 3168
f 3163 3172 3196
f 2702 2700 2701
f 2677 2706 2705
f 2689 3075 3043
f 2443 2463 2445
f 2555 2550 2553
f 2439 2421 2437
f 2699 2675 2674
f 2698 2723 2714
f 2625 2599 2621
f 2387 2386 2388
f 2650 2689 2683
f 2710 2641 2660
f 3180 3188 3178
f 3160 3159 2578
f 2671 2675 2719
f 2539 2501 2452
f 2422 2437 2421
f 2469 2481 2483
f 2435 2544 2620
f 2391 2392 2393
f 2610 2632 3158
f 2613 2564 2608
f 2661 2659 2660
f 2478 2460 2458
f 3203 3198 2614
f 2397 2411 2413
f 2392 2390 2393
f 3043 3095 2684
f 2695 2667 2666
f 2378 2389 2391
f 2680 2678 2679
f 2618 2641 2663
f 3172 3196 3177
f 2577 2607 3160
f 2488 2515 2470
f 2741 2740 2730
f 2541 2589 2590
f 2535 2518 2533
f 2479 2542 2523
f 2624 2600 2676
f 3175 3176 2633
f 2693 3100 3101
f 2715 2667 2695
f 2601 2605 2602
f 2508 2482 2509
f 2602 2650 2601
f 2722 3088 2710
f 2531 2574 2575
f 3173 3163 3196
f 2571 2573 2553
f 2384 2404 2383
f 2603 2630 2627
f 2436 2422 2418
f 3180 3171 3189
f 2387 2384 2386
f 2662 2710 2660
f 3180 3178 2607
f 2665 2642 2503
f 3166 3167 3194
f 2725 2730 2728
f 2722 2710 2691
f 2655 2604 2651
f 3172 3162 3196
f 2634 2709 2690
f 3064 3076 2708
f 2634 3176 3166
f 2395 2382 2381
f 2628 2626 2683
f 2479 2523 2505
f 2596 2645 2646
f 2421 2423 2420
f 2709 3076 2721
f 2727 2728 2729
f 3105 2726 2715
f 2517 2533 2518
f 2679 2688 2687
f 2430 2431 2412
f 2556 2551 2552
f 2632 2709 3186
f 2389 2390 2391
f 2727 2729 2717
f 3176 3161 3166
f 2380 2377 2379
f 3203 3199 2586
f 2742 2744 3094
f 2595 2597 2572
f 2459 2504 2503
f 2685 2708 2688
f 2666 2643 2695
f 2513 2488 2491
f 2569 2594 2572
f 2671 2673 2674
f 3186 3184 3168
f 2486 2487 2489
f 3111 3098 3110
f 2724 3097 3091
f 2393 2394 2380
f 2680 2679 2628
f 2602 2690 2689
f 2542 2590 2592
f 2691 3078 3099
f 2673 2671 2699
f 2400 2398 2399
f 2578 2561 3160
f 2700 2699 2716
f 2537 3201 2536
f 2716 2713 2700
f 2543 2568 3104
f 2741 2730 2725
f 2512 2524 2514
f 2644 2715 2726
f 2692 2590 2664
f 2726 3105 2718
f 2621 2646 2622
f 2556 2571 2554
f 2417 2398 2420
f 2455 2427 2425
f 3183 3167 3170
f 3089 2722 2691
f 2709 3194 3183
f 2682 2705 2707
f 3185 3169 3197
f 3162 3166 3171
f 2713 2716 2696
f 2574 2553 2573
f 2500 2522 2538
f 2450 2448 2451
f 2393 2380 2379
f 2517 2520 2533
f 3187 2632 3197
f 2428 2408 2406
f 2527 2556 2531
f 2744 2742 2741
f 2499 2537 2521
f 3158 3169 3172
f 2675 2702 2719
f 2594 2595 2572
f 2568 2648 3007
f 2376 2404 2384
f 2638 2612 2659
f 2645 2696 2668
f 2632 3197 3158
f 2453 2459 2452
f 2638 2659 2636
f 2629 2607 2627
f 2442 2445 2444
f 2413 2401 2399
f 2535 2533 2560
f 2417 2570 2545
f 3090 2664 2663
f 3079 2694 2711
f 2422 2421 2419
f 2713 2696 2698
f 2470 2527 2467
f 2440 2443 2442
f 2587 3202 2537
f 3160 2607 3178
f 2486 2489 2485
f 2380 2381 2377
f 2410 2388 2393
f 2524 2526 2525
f 2699 2702 2675
f 2515 2528 2530
f 2458 2460 2406
f 2381 2382 2378
f 2596 2595 2594
f 3162 3172 3169
f 2727 2701 2714
f 2678 2677 2705
f 2599 2625 2600
f 2477 2476 2474
f 2654 2688 2653
f 2513 2514 2525
f 2444 2485 2467
f 2634 3175 3176
f 2629 2630 3196
f 2532 2550 2555
f 3159 3161 3165
f 2407 2388 2386
f 2598 2597 2595
f 2701 2719 2702
f 2738 2694 2693
f 2709 2708 3076
f 3174 3173 3163
f 2388 2410 2390
f 2446 2449 2447
f 2713 2714 2701
f 2611 2580 2604
f 2694 3102 3103
f 2441 2439 2437
f 2433 2430 2507
f 2478 2502 2565
f 2456 2451 2448
f 2395 2396 2397
f 2451 2453 2450
f 2711 2694 3103
f 2708 2709 2632
f 2516 2519 2497
f 2398 2413 2399
f 2703 2676 2719
f 2383 2388 2407
f 2596 2646 2621
f 2928 3104 2568
f 3158 3163 3164
f 2422 2419 2418
f 2400 2402 2420
f 3101 3107 2738
f 2397 2413 2398
f 2570 2417 2531
f 2709 2721 2690
f 3184 3195 3168
f 2674 2673 2699
f 2377 2393 2379
f 3162 3168 3170
f 3197 2632 3186
f 3096 2642 2665
f 2411 2416 2414
f 2535 2560 2582
f 2556 2552 2571
f 2399 2401 2400
f 3189 3180 2607
f 2559 2579 2582
f 2592 2619 2566
f 2419 2420 2402
f 2678 2681 2685
f 2446 2476 2449
f 2722 3108 3088
f 2504 2543 2503
f 2457 2455 2454
f 2454 2453 2451
f 2480 2466 2463
f 2455 2425 2426
f 2667 2644 2620
f 2579 2580 2581
f 2551 2556 2555
f 3066 3000 3022
f 2583 2563 2535
f 2637 2633 2634
f 2559 2582 2560
f 2661 2641 2564
f 2472 2473 2447
f 2588 2539 2540
f 2723 2727 2714
f 3201 3202 2563
f 2562 2522 2534
f 2577 2606 2607
f 2445 2465 2444
f 3190 3181 2610
f 2591 2540 2503
f 2696 2697 2668
f 2638 2635 2612
f 2588 2615 2539
f 2622 2625 2621
f 3158 3165 3190
f 2727 2723 2724
f 2389 2376 2387
f 2432 2433 2434
f 2653 2688 2632
f 2439 2440 2442
f 2425 2403 2426
f 2644 2726 2718
f 3159 3164 2578
f 2380 2396 2381
f 2397 2382 2395
f 3098 2664 3090
f 3193 3195 2709
f 2424 2439 2442
f 2684 2678 2680
f 2400 2418 2402
f 2612 2640 2659
f 2536 2585 2609
f 2622 2646 2647
f 2590 2693 2592
f 2393 2377 2391
f 2405 2453 2426
f 2385 2378 2397
f 2557 2536 2584
f 2724 2728 2727
f 2388 2408 2409
f 2580 2583 2581
f 2404 2403 2406
f 3200 2585 3201
f 2628 2683 2680
f 2469 2468 2444
f 2541 2460 2478
f 2615 2588 2614
f 2669 2645 2668
f 2628 2652 2651
f 2649 2645 2669
f 2475 2522 2500
f 2421 2420 2419
f 2469 2484 2468
f 2487 2486 2484
f 2660 2641 2661
f 2556 2554 2574
f 2436 2416 2435
f 2548 2532 2530
f 2545 2570 2648
f 2694 2643 2619
f 2404 2405 2403
f 2592 2566 2523
f 2669 2670 2649
f 2656 2631 2657
f 2710 3088 2663
f 2448 2449 2456
f 2435 2546 2461
f 2447 2450 2452
f 2469 2480 2481
f 3068 2643 3079
f 3189 3191 2607
f 3088 3090 2663
f 2738 3107 3102
f 2740 2742 2729
f 2642 3096 2591
f 2608 2564 3203
f 2454 2426 2453
f 2526 2547 2548
f 2515 2530 2470
f 2627 2626 2628
f 3178 3188 3189
f 2433 2432 2431
f 2510 2509 2480
f 2512 2511 2509
f 3089 3109 3108
f 2651 2652 2655
f 2512 2526 2524
f 2671 2674 2675
f 3065 3049 3076
f 2723 3097 2724
f 3158 3172 3163
f 2429 2409 2408
f 2501 2499 2472
f 2717 2701 2727
f 2545 2568 2504
f 3162 3189 2607
f 2411 2396 2412
f 2436 2418 2415
f 2611 2583 2580
f 3064 2991 3065
f 2624 2648 2570
f 2465 2466 2469
f 2996 2995 2997
f 2711 3103 3079
f 2709 2634 3166
f 2482 2483 2481
f 2457 2477 2478
f 2586 3200 2563
f 2652 2628 2686
f 2676 2670 2671
f 2691 3099 3106
f 3091 2725 2724
f 2553 2550 2551
f 3161 3190 3181
f 2403 2405 2426
f 2653 2655 2654
f 2452 2459 2503
f 2663 2589 2618
f 2444 2468 2485
f 2639 2613 2636
f 2408 2428 2429
f 2741 2742 2740
f 2429 2507 2430
f 2474 2473 2471
f 2404 2459 2405
f 2479 2505 2429
f 2693 2590 2692
f 2631 2609 2635
f 3169 3158 3197
f 2583 2535 2581
f 3078 2691 2591
f 2495 2475 2471
f 2430 2433 2431
f 2698 2696 2645
f 2558 2533 2520
f 2378 2391 2377
f 3091 2743 2741
f 3179 3190 3165
f 3111 2664 3098
f 3108 2722 3089
f 2551 2547 2552
f 2466 2464 2463
f 3004 3006 3008
f 3052 3101 3100
f 2518 2516 2517
f 2387 2388 2389
f 2650 2683 2626
f 2572 2574 2573
f 2603 2578 3164
f 2895 2920 2893
f 2529 2548 2530
f 2720 3062 3063
f 3073 3084 3060
f 3176 3175 3161
f 2456 2454 2451
f 3193 3183 3170
f 2394 2393 2409
f 2597 2598 2621
f 2490 2489 2487
f 2782 2781 2797
f 2745 2757 2732
f 2685 2681 2682
f 3091 3093 2743
f 2772 2734 2756
f 3176 2634 2633
f 3158 3164 3159
f 2544 2643 2666
f 3081 3091 3097
f 2655 2653 2611
f 2707 2685 2682
f 2509 2482 2480
f 2552 2510 2569
f 2470 2467 2488
f 2425 2406 2403
f 2500 2474 2475
f 2567 2544 2506
f 2394 2429 2430
f 2755 2757 2756
f 2551 2555 2554
f 3180 3189 3188
f 2434 2433 2435
f 2779 2762 2780
f 2925 2901 2978
f 2759 2760 2761
f 2794 2776 2795
f 2472 2471 2473
f 2758 2780 2760
f 2764 2763 2765
f 2440 2462 2443
f 2787 2785 2766
f 2774 2775 2776
f 2754 2769 2753
f 2735 2731 2732
f 2496 2520 2493
f 2748 2750 2770
f 2796 2778 2782
f 2445 2463 2464
f 2757 2771 2756
f 2783 2780 2784
f 2771 2772 2756
f 2773 2774 2771
f 2732 2731 2751
f 2761 2774 2773
f 2582 2579 2581
f 2707 2705 2720
f 2772 2790 2754
f 2748 2768 2737
f 2805 2804 2825
f 2778 2775 2774
f 2748 2753 2769
f 2825 2829 2826
f 3027 3030 3056
f 2789 2768 2769
f 2788 2766 2768
f 2763 2786 2765
f 2791 2772 2771
f 2796 2775 2778
f 2738 3052 3053
f 2624 2930 3007
f 2848 2830 2875
f 3052 3051 2950
f 2973 2968 2924
f 2760 2762 2778
f 2792 2771 2794
f 2793 2791 2792
f 2814 2811 2813
f 2745 2764 2819
f 2768 2766 2737
f 2781 2779 2780
f 2812 2863 2819
f 2821 2797 2801
f 2765 2786 2813
f 2784 2802 2799
f 2787 2766 2818
f 3036 3039 3040
f 2762 2779 2778
f 2775 2796 2776
f 2801 2797 2799
f 2784 2780 2777
f 2749 2751 2750
f 2791 2771 2792
f 2818 2815 2787
f 2816 2811 2814
f 2840 2823 2826
f 2814 2813 2786
f 2792 2794 2793
f 2801 2800 2821
f 2764 2765 2819
f 2817 2816 2814
f 2818 2766 2820
f 2815 2814 2786
f 2800 2802 2803
f 2761 2778 2774
f 2794 2795 2793
f 2813 2810 2812
f 2799 2800 2801
f 2804 2845 2828
f 2823 2822 2803
f 2777 2827 2802
f 2800 2803 2822
f 2821 2800 2822
f 2410 2393 2390
f 2842 2841 2843
f 2824 2805 2825
f 2912 2929 2870
f 2802 2805 2803
f 2829 2825 2804
f 2802 2804 2805
f 2811 2810 2813
f 2806 2809 2836
f 2837 2834 2836
f 2816 2808 2811
f 2833 2836 2834
f 2849 2845 2848
f 3157 2968 2946
f 2856 2858 2853
f 2838 2817 2818
f 2911 2915 2916
f 2815 2818 2817
f 2850 2847 2849
f 2833 2806 2836
f 2839 2788 2789
f 2823 2821 2822
f 2826 2829 2840
f 2828 2845 2844
f 2901 2838 2820
f 2793 2867 2790
f 2855 2853 2831
f 2832 2833 2831
f 2754 2790 2789
f 2815 2786 2785
f 2813 2812 2819
f 2860 2835 2834
f 2826 2823 2824
f 2844 2843 2829
f 2844 2845 2846
f 2829 2843 2841
f 2789 2866 2865
f 2847 2844 2846
f 2803 2805 2823
f 2796 2795 2776
f 2847 2868 2842
f 2882 2855 2835
f 2869 2840 2842
f 2820 2766 2788
f 2834 2831 2833
f 2936 2963 2938
f 2829 2841 2840
f 2805 2824 2823
f 2827 2804 2802
f 2799 2802 2800
f 2495 2471 2493
f 2857 2854 2855
f 2830 2892 2890
f 2861 2832 2859
f 2839 2789 2865
f 2855 2831 2835
f 2808 2816 2809
f 2817 2838 2837
f 2851 2850 2849
f 2832 2807 2833
f 2873 2885 2874
f 2809 2807 2808
f 2869 2873 2871
f 2793 2795 2867
f 2870 2869 2872
f 2810 2811 2808
f 2873 2848 2875
f 2820 2788 2839
f 2843 2847 2842
f 2873 2875 2888
f 2789 2790 2867
f 2840 2821 2823
f 2911 2907 2910
f 2870 2840 2869
f 2873 2850 2851
f 2872 2869 2871
f 2848 2845 2827
f 2856 2853 2880
f 2806 2833 2807
f 2795 2797 2821
f 2850 2869 2868
f 2838 2818 2820
f 2830 2848 2827
f 2880 2852 2877
f 3120 3125 3115
f 2858 2832 2831
f 2864 2798 2819
f 2854 2857 2852
f 2846 2845 2849
f 2834 2862 2860
f 2857 2855 2894
f 2885 2889 2886
f 2831 2853 2858
f 2837 2816 2817
f 2875 2890 2888
f 2858 2859 2832
f 2842 2840 2841
f 2846 2849 2847
f 2872 2884 2886
f 2886 2889 2908
f 2885 2873 2888
f 2855 2854 2853
f 2827 2777 2887
f 2869 2850 2873
f 2777 2802 2784
f 2799 2783 2784
f 2910 2908 2909
f 2789 2867 2866
f 2871 2874 2872
f 2885 2884 2874
f 2862 2834 2837
f 2921 2918 2919
f 2844 2847 2843
f 2857 2878 2879
f 2907 2912 2870
f 2838 2925 2862
f 2894 2878 2857
f 2895 2878 2894
f 2927 2866 2904
f 2850 2868 2847
f 2868 2869 2842
f 2866 2927 2926
f 2862 2898 2860
f 2896 2897 2881
f 2925 2838 2901
f 2920 2918 2893
f 2880 2853 2852
f 2886 2908 2907
f 2870 2906 2821
f 2883 2865 2926
f 2859 2881 2897
f 2870 2886 2907
f 2821 2840 2870
f 2859 2897 2861
f 2789 2769 2754
f 2819 2798 2745
f 2852 2876 2877
f 2881 2859 2858
f 2902 2820 2839
f 2889 2890 2908
f 2832 2812 2807
f 2777 2798 2905
f 2908 2892 2909
f 2871 2873 2874
f 2858 2856 2881
f 2923 2946 2943
f 2861 2812 2832
f 2735 2732 2736
f 2851 2849 2848
f 2942 2941 2939
f 2961 2965 2917
f 2891 2934 2916
f 2916 2912 2911
f 2776 2794 2771
f 2917 2856 2880
f 3155 2896 2945
f 2835 2860 2882
f 2938 2921 2919
f 2855 2882 2894
f 2918 2917 2880
f 2887 2916 2830
f 2913 2911 2910
f 2898 2922 2882
f 2888 2890 2889
f 2898 2923 2922
f 2922 2895 2894
f 3130 3115 3129
f 2896 2881 2856
f 2852 2857 2876
f 2795 2904 2867
f 2889 2885 2888
f 2980 2906 3003
f 2820 2902 2901
f 2910 2907 2908
f 2891 2887 2777
f 2862 2924 2898
f 2891 2935 2934
f 2900 2863 2812
f 2912 2931 2929
f 2795 2821 2906
f 2917 2918 2921
f 2870 2954 2956
f 2978 2901 2949
f 2932 2933 2934
f 2878 2877 2876
f 2914 2934 2913
f 2929 2931 2933
f 2830 2916 2915
f 2961 2921 2937
f 3079 3053 3002
f 2933 2932 2929
f 2956 2981 3005
f 2967 2986 2966
f 2782 2778 2779
f 2917 2944 2896
f 2916 2934 2914
f 2895 2922 2923
f 2919 2942 2939
f 2985 2961 2966
f 2943 2941 2895
f 2704 2739 2764
f 2751 2752 2750
f 3156 2897 3155
f 2919 2920 2942
f 2948 2900 2899
f 2767 2739 2746
f 2947 3156 3152
f 2947 2899 2897
f 2994 2990 3016
f 3051 3100 3111
f 2944 2969 2896
f 3116 3122 3123
f 3153 2945 2974
f 2948 2976 2900
f 2932 2935 2957
f 2900 2812 2899
f 2911 2912 2907
f 2867 2904 2866
f 2982 2981 2984
f 2856 2917 2896
f 2932 2934 2935
f 2892 2830 2915
f 2958 2955 2957
f 2937 2966 2961
f 3116 3120 3121
f 2936 2940 2963
f 2777 2905 2930
f 2940 2941 2943
f 3012 2971 2991
f 2952 2926 2979
f 2986 2988 2989
f 2939 2941 2940
f 2936 2938 2939
f 3138 3149 3140
f 2986 2963 2987
f 2720 3063 3044
f 3053 3102 2738
f 3117 3150 3126
f 2870 2929 2954
f 3127 3118 2989
f 2930 2891 2777
f 2902 2883 2952
f 2946 2968 2943
f 3134 2967 3132
f 3156 2898 3152
f 2953 2906 2870
f 2957 2959 2981
f 2990 2944 2965
f 2739 2767 2737
f 2952 2883 2926
f 2951 2863 2900
f 3011 3045 2987
f 3014 2964 2971
f 3154 3155 2945
f 3037 3046 3047
f 2947 3152 2975
f 2972 2969 2994
f 2919 2918 2920
f 2991 3112 3151
f 2795 2906 2980
f 2956 2953 2870
f 3078 3096 2951
f 3097 3057 3080
f 2994 3017 2997
f 2790 2791 2793
f 3121 3148 3137
f 2795 2980 2904
f 2982 2984 2983
f 3154 2945 3153
f 2956 3005 3004
f 3116 3124 3122
f 2891 2624 2960
f 2902 2952 2950
f 2935 2960 2959
f 3114 2937 2921
f 2783 2799 2781
f 3149 3124 3147
f 2959 2957 2935
f 3050 3099 3078
f 3139 3122 3140
f 2944 2917 2965
f 2985 2966 2986
f 2963 2964 2987
f 2896 2969 2945
f 2963 2940 2964
f 3030 3027 3031
f 3006 2983 3029
f 2970 2971 2968
f 3008 3006 3029
f 2817 2814 2815
f 2999 2948 2945
f 2962 2961 3009
f 3114 3132 2967
f 2971 2970 2991
f 3014 3010 2964
f 2999 2976 2948
f 3149 3065 3140
f 3116 2988 2967
f 2924 2925 3000
f 2712 3054 3071
f 2988 3116 3150
f 3016 2996 3017
f 2975 2974 2948
f 3043 3041 3038
f 2948 2974 2945
f 2995 2992 2973
f 3134 3142 3143
f 2976 2977 2900
f 2968 2992 2970
f 2981 2982 3005
f 2956 2955 2958
f 3125 3143 3115
f 2891 2960 2935
f 2945 2972 2999
f 2998 2995 2973
f 3006 3004 3005
f 2978 3000 2925
f 2968 2971 2943
f 2930 2624 2891
f 2984 2960 2983
f 2904 3002 2927
f 2982 2983 3006
f 3015 2990 2965
f 3115 3143 3132
f 2944 2990 2969
f 3024 2903 2863
f 3020 2924 3000
f 2964 3010 2987
f 3009 2961 2985
f 3010 3014 3011
f 2986 2987 2985
f 3028 3027 3004
f 2992 3129 3144
f 3008 3028 3004
f 3012 3013 3014
f 2976 3021 2977
f 2703 3074 2676
f 3031 3029 3030
f 2997 2972 2994
f 2988 2986 2967
f 2992 3144 2970
f 2958 2981 2956
f 2924 2862 2925
f 3067 3103 3053
f 3018 2995 2998
f 3119 3113 3112
f 3066 3022 3088
f 2899 2947 2975
f 2952 2979 3053
f 3097 2953 3057
f 3049 2993 2996
f 2996 2993 2992
f 3036 3040 3062
f 3016 3017 2994
f 3042 3043 3038
f 2997 3018 2972
f 3018 3019 2999
f 3037 3047 3044
f 2973 2924 2998
f 3020 3019 3018
f 2900 2977 2951
f 2972 3018 2999
f 3055 3058 3072
f 2824 2825 2826
f 2953 2956 3004
f 3026 3025 2980
f 3022 2978 2949
f 3114 3113 3115
f 3025 2904 2980
f 3058 3055 3056
f 3019 2976 2999
f 2904 3025 3002
f 3053 2979 3002
f 2973 2992 2968
f 2970 3144 3112
f 3144 2970 3133
f 2463 2443 2462
f 3063 3040 3044
f 3017 2996 2997
f 3031 3027 3028
f 2977 3021 3066
f 3033 3058 3032
f 2956 2954 2955
f 2963 2986 2989
f 3030 3033 3032
f 3059 3072 3058
f 3002 3054 2712
f 3112 3144 3119
f 3040 3063 3062
f 3066 3019 3000
f 2962 3009 3048
f 2945 2969 2972
f 3113 3119 3115
f 3037 2987 3045
f 2987 3038 3041
f 3038 3037 3036
f 3042 3038 3036
f 3025 3054 3002
f 3002 2712 3068
f 3052 2952 3053
f 2950 2901 2902
f 2755 2735 2736
f 3028 3008 3029
f 2836 2816 2837
f 2987 3041 2985
f 3014 2971 3012
f 3093 3087 3092
f 2676 3030 3029
f 3046 3045 3011
f 3009 2985 3041
f 3058 3034 3061
f 2905 3007 2930
f 3055 3027 3056
f 2984 2981 2959
f 3049 3016 3015
f 3050 2951 3066
f 3054 3025 3026
f 3019 3020 3000
f 2924 3020 2998
f 2963 3118 2938
f 2993 3049 3065
f 3030 3074 3034
f 3086 3087 3085
f 3061 3060 3059
f 3058 3033 3034
f 3042 3035 2706
f 2908 2890 2892
f 3126 3131 3150
f 2949 2950 3023
f 3051 3111 3023
f 3090 3022 3023
f 3043 3042 3095
f 3035 3062 2706
f 2854 2852 2853
f 2749 2747 2704
f 3013 3011 3014
f 3003 2906 2953
f 3081 3085 3082
f 3047 3046 3011
f 3049 3015 2962
f 3036 3037 3044
f 3065 3137 3148
f 3047 2991 3064
f 2931 2913 2933
f 3087 3086 3092
f 3069 3070 3057
f 2913 2931 2911
f 2732 2751 2749
f 2928 3007 2905
f 2953 2718 3003
f 3057 3004 3055
f 3030 3034 3033
f 2916 2914 2931
f 2837 2838 2862
f 2936 2939 2940
f 3082 3085 3087
f 3057 3070 3080
f 3077 3050 3066
f 2407 2386 2384
f 2684 3042 2706
f 3164 3163 3173
f 2926 2865 2866
f 3097 2718 2953
f 3009 3041 3048
f 3094 3086 2729
f 3068 3079 3002
f 3071 3054 3026
f 2705 3062 2720
f 2624 2676 2960
f 3080 3070 3084
f 2532 2549 2550
f 2915 2913 2910
f 2757 2755 2736
f 3100 3051 3052
f 2439 2441 2440
f 3077 3066 3088
f 2911 2914 2915
f 3065 3076 3064
f 3083 2718 3105
f 2747 2746 2739
f 3052 2738 3101
f 2685 2720 3044
f 2744 3093 3094
f 3096 2665 3024
f 3090 3023 3098
f 3043 3048 3041
f 3084 3070 3060
f 2873 2851 2848
f 3069 3060 3070
f 3057 2953 3004
f 2962 3048 3049
f 2816 2836 2809
f 3074 3086 3073
f 3021 3019 3066
f 3089 3050 3077
f 2777 2780 2758
f 2839 2883 2902
f 3081 3084 3085
f 2757 2758 2773
f 2922 2894 2882
f 2978 3022 3000
f 3048 3043 3075
f 2747 2749 2748
f 2995 2996 2992
f 2875 2830 2890
f 3046 3037 3045
f 2712 3071 3105
f 3072 3059 3069
f 2785 2786 2763
f 2665 3104 3024
f 2705 2706 3062
f 2892 2915 2910
f 3066 2951 2977
f 3130 3120 3115
f 3132 3143 3142
f 2753 2733 2734
f 2950 2952 3052
f 2929 2932 2954
f 2757 2773 2771
f 2897 2899 2861
f 3115 3135 3144
f 2751 2753 2752
f 2737 2767 2748
f 2753 2751 2731
f 2987 3010 3011
f 3001 2951 3096
f 3091 3081 3082
f 3093 3092 3094
f 3071 3026 3003
f 2872 2874 2884
f 2819 2863 2864
f 3138 3122 3149
f 3034 3074 3061
f 3123 3151 3112
f 2877 2893 2880
f 2899 2812 2861
f 3042 2684 3095
f 2739 2704 2747
f 3139 3151 3123
f 2752 2753 2750
f 3079 3067 3053
f 2877 2878 2893
f 3084 3073 3086
f 2767 2746 2748
f 3015 3016 2990
f 2947 2897 3156
f 2971 2964 2940
f 3080 3081 3097
f 3093 3082 3087
f 3082 3093 3091
f 2760 2759 2758
f 2901 2950 2949
f 2961 2962 2965
f 2815 2785 2787
f 3127 2989 3150
f 3147 3065 3149
f 3144 3129 3115
f 2959 2960 2984
f 2734 2735 2756
f 2943 2895 2923
f 3143 2967 3145
f 3084 3081 3080
f 3002 2979 2927
f 2753 2734 2754
f 2819 2765 2813
f 3044 3064 2708
f 2734 2731 2735
f 2796 2797 2795
f 2748 2769 2768
f 2735 2755 2756
f 3116 3125 3120
f 3007 2648 2624
f 3078 2951 3050
f 2770 2750 2753
f 3003 2718 3083
f 3036 3044 3039
f 2806 2807 2809
f 3053 3103 3102
f 2982 3006 3005
f 2954 2932 2955
f 2785 2763 2766
f 3155 2923 3156
f 2790 2772 2791
f 2918 2880 2893
f 3044 3047 3064
f 2934 2933 2913
f 3147 3124 3137
f 3015 2965 2962
f 2997 2995 3018
f 2876 2857 2879
f 3044 3040 3039
f 3136 3121 3148
f 2778 2761 2760
f 2750 2748 2749
f 3051 3023 2950
f 2829 2804 2828
f 3127 3150 3117
f 2897 2896 3155
f 2970 3112 2991
f 3069 3055 3072
f 3143 2967 3134
f 3112 3113 3118
f 3118 3127 3117
f 3134 3143 3125
f 3141 3151 2991
f 3088 3022 3090
f 3094 2729 2742
f 2946 2923 3154
f 3137 3124 3121
f 3112 3126 3123
f 3108 3089 3077
f 2860 2898 2882
f 3130 2992 2993
f 3026 2980 3003
f 2903 3104 2928
f 2974 3157 3153
f 3116 3123 3126
f 3114 2938 3113
f 2914 2911 2931
f 2796 2782 2797
f 2782 2779 2781
f 2764 2766 2763
f 3111 3098 3023
f 2903 3024 3104
f 2916 2931 2912
f 2990 2994 2969
f 3013 3012 3047
f 2938 3114 2921
f 2887 2891 2916
f 2839 2865 2883
f 3126 3150 3116
f 2971 2940 2943
f 2957 2981 2958
f 2886 2870 2872
f 2892 2910 2909
f 2895 2942 2920
f 3119 3135 3115
f 2988 3150 2989
f 3152 2898 3157
f 2993 3130 3129
f 3036 3035 3042
f 2996 3016 3049
f 2913 2915 2914
f 3060 3061 3074
f 3050 3106 3099
f 3069 3057 3055
f 2760 2780 2762
f 3154 2923 3155
f 3147 3146 3124
f 3069 3059 3060
f 2937 2967 2966
f 2734 2733 2731
f 3061 3059 3058
f 3003 3083 3071
f 2884 2885 2886
f 2535 2563 2562
f 2731 2733 2753
f 2968 3157 2924
f 3004 3027 3055
f 3065 3136 3148
f 3036 3062 3035
f 2834 2835 2831
f 2830 2827 2887
f 2563 2583 2586
f 2715 2644 2667
f 3202 3201 2537
f 2413 2411 2414
f 2402 2418 2419
f 2441 2461 2440
f 2449 2448 2447
f 2668 2697 2671
f 2385 2459 2404
f 2799 2797 2781
f 2754 2734 2772
f 2539 2615 2587
f 2804 2827 2845
f 2709 3194 3182
f 2613 2639 2564
f 2637 2638 2636
f 2758 2759 2773
f 2771 2774 2776
f 2435 2461 2437
f 2993 3120 3130
f 2770 2753 2748
f 2578 2559 2561
f 2773 2759 2761
f 3162 3171 3189
f 2498 2472 2499
f 2807 2812 2810
f 2417 2442 2467
f 2807 2810 2808
f 2768 2789 2788
f 2388 2383 2408
f 2781 2780 2783
f 3133 3119 3144
f 2690 2656 2657
f 3032 3058 3030
f 2510 2512 2509
f 2401 2414 2418
f 2424 2417 2420
f 2747 2748 2746
f 3137 3065 3147
f 2518 2519 2516
f 3197 3169 3187
f 2432 2434 2411
f 2637 2690 2657
f 2542 2479 2460
f 2697 2699 2671
f 2656 2602 2605
f 2469 2444 2465
f 3161 3160 3178
f 2457 2454 2456
f 2691 2710 2591
f 2596 2598 2595
f 2415 2416 2436
f 2725 3091 2741
f 3183 3193 2709
f 2414 2416 2415
f 2741 2743 2744
f 2459 2453 2405
f 2566 2506 2505
f 2678 2682 2681
f 2384 2387 2376
f 2647 2670 2623
f 3198 3203 2538
f 2412 2396 2380
f 3165 3161 3181
f 2408 2383 2406
f 2418 2400 2401
f 2616 2540 2617
f 2615 2614 3198
f 3184 3186 3195
f 2427 2406 2425
f 2612 2635 2609
f 2397 2396 2411
f 3193 3170 3192
f 2712 3105 2715
f 2687 2686 2679
f 2610 3158 3190
f 2568 2545 2648
f 2564 2641 2565
f 2477 2457 2456
f 2630 2603 3164
f 2406 2383 2404
f 2590 2542 2541
f 2576 2578 2603
f 2527 2470 2556
f 2461 2441 2437
f 2458 2427 2455
f 2678 2685 2679
f 2453 2452 2450
f 2513 2491 2490
f 2553 2554 2555
f 2603 2628 2604
f 3185 3186 3168
f 2431 2411 2412
f 2537 2501 2539
f 2429 2505 2506
f 2991 3140 3065
f 2749 2704 2732
f 3049 3075 3076
f 3073 3060 3074
f 3028 3029 3031
f 3127 2989 3128
f 3093 2744 2743
f 3140 3122 3138
f 2979 2926 2927
f 3089 3106 3050
f 3012 2991 3047
f 2948 2899 2975
f 3092 3086 3094
f 3077 3088 3108
f 3112 3118 3117
f 3084 3086 3085
f 2998 3020 3018
f 3024 2863 3001
f 3038 2987 3037
f 2629 3196 3162
f 2599 2575 2597
f 2412 2394 2430
f 3200 3201 2563
f 3089 2691 3106
f 2427 2458 2406
f 2702 2699 2700
f 3097 2593 2718
f 2643 2567 2619
f 2724 2725 2728
f 2473 2474 2476
f 2423 2424 2420
f 2554 2571 2551
f 2474 2471 2475
f 3186 3185 3197
f 2526 2512 2510
f 3089 3106 3109
f 2613 2608 2633
f 2436 2435 2437
f 2672 2669 2668
f 2618 2565 2641
f 2626 2627 2606
f 3105 3071 3083
f 3116 2967 3143
f 3129 2992 3130
f 3123 3122 3139
f 2739 2737 2764
f 3144 2970 3135
f 3044 2708 2685
f 2898 3156 2923
f 2989 3118 2963
f 2938 2919 2939
f 3022 2949 3023
f 3021 2976 3019
f 2895 2893 2878
f 3065 3120 2993
f 3065 3148 3120
f 2504 2568 2543
f 3056 3030 3058
f 2766 2764 2737
f 3067 3079 3103
f 2955 2932 2957
f 2878 2876 2879
f 2829 2828 2844
f 3047 3011 3013
f 3048 3075 3049
f 3121 3124 3116
f 2898 2924 3157
f 2937 3114 2967
f 3112 3117 3126
f 3157 2974 3152
f 3151 3140 2991
f 3113 2938 3118
f 3157 2946 3153
f 3128 3117 3127
f 3140 3151 3139
f 3134 3132 3142
f 2721 3076 3075
f 2975 3152 2974
f 3096 3024 3001
f 2946 3154 3153
f 3120 3148 3121
f 3115 3132 3114
f 2917 2921 2961
f 2941 2942 2895
f 3116 3143 3125
f 3151 3141 3123
f 2703 2729 3086
f 3135 3119 3144
f 3122 3124 3149
f 2988 3150 3131
f 2798 2777 2745
f 2798 2864 2905
f 2905 2864 2928
f 2864 2863 2903
f 3167 3162 3170
f 2690 2721 3075
f 2438 2545 2504
f 2864 2903 2928
f 3001 2863 2951
f 2732 2704 2745
f 2732 2757 2736
f 2758 2757 2745
f 2758 2745 2777
f 2704 2764 2745
f 3074 3030 2676
f 2983 2960 2676
f 3086 3074 2703
f 3029 2983 2676
f 2642 2591 2503
f 2378 2385 2376
f 2378 2382 2397
f 2398 2417 2385
f 2398 2385 2397
f 2376 2385 2404
f 2719 2676 2671
f 2623 2676 2600
f 2729 2703 2719
f 2670 2676 2623
f 3205 3206 3204
f 3205 3207 3206
f 3214 3206 3209
f 3206 3210 3209
f 3207 3210 3206
f 3205 3204 3211
f 3212 3205 3211
f 3214 3213 3204
f 3211 3204 3213
f 3207 3205 3208
f 3216 3207 3208
f 3221 3213 3217
f 3213 3214 3217
f 3217 3214 3209
f 3204 3206 3214
f 3218 3210 3207
f 3215 3218 3207
f 3217 3209 3210
f 3218 3217 3210
f 3219 3229 3213
f 3211 3213 3229
f 3205 3212 3208
f 3212 3220 3208
f 3213 3221 3219
f 3207 3216 3215
f 3221 3217 3218
f 3218 3222 3221
f 3223 3221 3222
f 3222 3218 3215
f 3226 3227 3224
f 3224 3227 3225
f 3227 3228 3249
f 3225 3227 3249
f 3229 3212 3211
f 3212 3230 3220
f 3229 3230 3212
f 3220 3230 3252
f 3252 3208 3220
f 3252 3216 3208
f 3250 3231 3252
f 3234 3233 3232
f 3223 3236 3221
f 3223 3237 3236
f 3222 3215 3216
f 3232 3233 3238
f 3233 3235 3239
f 3240 3263 3242
f 3240 3241 3228
f 3242 3241 3240
f 3273 3226 3224
f 3243 3227 3226
f 3228 3227 3244
f 3225 3273 3224
f 3245 3273 3225
f 3228 3241 3246
f 3247 3248 3219
f 3248 3225 3249
f 3225 3248 3245
f 3248 3247 3245
f 3248 3250 3252
f 3249 3250 3248
f 3251 3247 3219
f 3219 3248 3229
f 3248 3230 3229
f 3248 3252 3230
f 3228 3250 3249
f 3228 3246 3250
f 3250 3246 3253
f 3281 3233 3234
f 3254 3233 3281
f 3235 3233 3254
f 3221 3236 3219
f 3255 3216 3252
f 3253 3231 3250
f 3252 3231 3255
f 3231 3256 3255
f 3256 3231 3253
f 3236 3237 3284
f 3222 3216 3237
f 3285 3234 3232
f 3259 3285 3232
f 3259 3232 3238
f 3235 3257 3239
f 3238 3233 3239
f 3260 3238 3239
f 3261 3260 3239
f 3263 3240 3265
f 3266 3241 3267
f 3240 3228 3244
f 3283 3258 3279
f 3241 3242 3269
f 3269 3267 3241
f 3246 3241 3266
f 3270 3266 3267
f 3270 3271 3246
f 3267 3272 3270
f 3274 3273 3277
f 3227 3243 3244
f 3226 3273 3243
f 3273 3274 3243
f 3268 3263 3297
f 3242 3268 3269
f 3263 3268 3242
f 3275 3269 3268
f 3266 3270 3246
f 3271 3272 3246
f 3270 3272 3271
f 3247 3251 3276
f 3273 3276 3277
f 3276 3273 3245
f 3247 3276 3245
f 3246 3272 3253
f 3272 3278 3253
f 3281 3278 3254
f 3268 3279 3258
f 3280 3268 3258
f 3282 3235 3254
f 3283 3219 3284
f 3284 3258 3283
f 3275 3280 3287
f 3253 3281 3256
f 3256 3281 3234
f 3282 3257 3235
f 3257 3282 3286
f 3236 3284 3219
f 3237 3258 3284
f 3237 3280 3258
f 3287 3237 3216
f 3287 3216 3255
f 3280 3237 3287
f 3256 3234 3285
f 3256 3285 3255
f 3289 3260 3290
f 3290 3261 3282
f 3289 3290 3282
f 3287 3255 3288
f 3255 3292 3288
f 3294 3259 3238
f 3291 3238 3260
f 3291 3259 3294
f 3291 3294 3238
f 3291 3260 3289
f 3260 3261 3290
f 3239 3262 3261
f 3262 3282 3261
f 3257 3262 3239
f 3286 3262 3257
f 3264 3263 3265
f 3307 3243 3274
f 3307 3274 3277
f 3265 3240 3244
f 3272 3267 3295
f 3296 3277 3276
f 3269 3275 3267
f 3295 3267 3275
f 3296 3276 3251
f 3272 3295 3278
f 3312 3315 3313
f 3298 3279 3297
f 3279 3268 3297
f 3268 3280 3275
f 3253 3278 3281
f 3254 3278 3301
f 3299 3219 3283
f 3299 3251 3219
f 3300 3278 3303
f 3278 3300 3301
f 3283 3279 3299
f 3275 3287 3295
f 3278 3295 3302
f 3254 3301 3282
f 3301 3309 3282
f 3295 3287 3302
f 3305 3255 3285
f 3303 3285 3259
f 3259 3300 3303
f 3303 3305 3285
f 3291 3310 3259
f 3310 3291 3289
f 3282 3310 3289
f 3262 3286 3282
f 3304 3287 3288
f 3287 3304 3302
f 3255 3305 3292
f 3293 3288 3292
f 3304 3288 3293
f 3305 3293 3292
f 3293 3306 3304
f 3304 3306 3302
f 3318 3263 3264
f 3296 3307 3277
f 3243 3307 3265
f 3265 3244 3243
f 3296 3251 3299
f 3308 3279 3298
f 3278 3302 3303
f 3301 3300 3309
f 3310 3300 3259
f 3309 3300 3310
f 3309 3310 3311
f 3311 3310 3282
f 3282 3309 3311
f 3303 3312 3305
f 3303 3302 3312
f 3305 3312 3313
f 3305 3314 3293
f 3306 3315 3302
f 3314 3305 3313
f 3315 3306 3331
f 3314 3316 3293
f 3316 3306 3293
f 3317 3306 3316
f 3306 3317 3331
f 3318 3264 3265
f 3320 3318 3265
f 3263 3318 3319
f 3307 3320 3265
f 3307 3296 3321
f 3263 3319 3297
f 3328 3322 3296
f 3322 3321 3296
f 3330 3297 3319
f 3328 3296 3299
f 3297 3330 3298
f 3308 3299 3279
f 3237 3223 3222
f 3313 3323 3314
f 3324 3314 3323
f 3325 3314 3324
f 3313 3315 3331
f 3316 3314 3325
f 3316 3325 3317
f 3326 3331 3317
f 3333 3319 3318
f 3320 3333 3318
f 3321 3320 3307
f 3299 3308 3327
f 3308 3298 3329
f 3329 3298 3330
f 3328 3299 3327
f 3308 3329 3327
f 3323 3313 3331
f 3325 3324 3323
f 3331 3325 3323
f 3331 3332 3325
f 3326 3332 3331
f 3326 3325 3332
f 3317 3325 3326
f 3333 3320 3321
f 3333 3321 3322
f 3333 3330 3319
f 3333 3322 3330
f 3334 3330 3322
f 3322 3328 3334
f 3334 3329 3330
f 3334 3328 3327
f 3327 3329 3334
f 3312 3302 3315
f 3336 3337 3335
f 3336 3338 3337
f 3345 3337 3340
f 3337 3341 3340
f 3338 3341 3337
f 3336 3335 3342
f 3343 3336 3342
f 3345 3344 3335
f 3342 3335 3344
f 3338 3336 3339
f 3347 3338 3339
f 3352 3344 3348
f 3344 3345 3348
f 3348 3345 3340
f 3335 3337 3345
f 3349 3341 3338
f 3346 3349 3338
f 3348 3340 3341
f 3349 3348 3341
f 3350 3360 3344
f 3342 3344 3360
f 3336 3343 3339
f 3343 3351 3339
f 3344 3352 3350
f 3338 3347 3346
f 3352 3348 3349
f 3349 3353 3352
f 3354 3352 3353
f 3353 3349 3346
f 3357 3358 3355
f 3355 3358 3356
f 3358 3359 3380
f 3356 3358 3380
f 3360 3343 3342
f 3343 3361 3351
f 3360 3361 3343
f 3351 3361 3383
f 3383 3339 3351
f 3383 3347 3339
f 3381 3362 3383
f 3365 3364 3363
f 3354 3367 3352
f 3354 3368 3367
f 3353 3346 3347
f 3363 3364 3369
f 3364 3366 3370
f 3371 3394 3373
f 3371 3372 3359
f 3373 3372 3371
f 3404 3357 3355
f 3374 3358 3357
f 3359 3358 3375
f 3356 3404 3355
f 3376 3404 3356
f 3359 3372 3377
f 3378 3379 3350
f 3379 3356 3380
f 3356 3379 3376
f 3379 3378 3376
f 3379 3381 3383
f 3380 3381 3379
f 3382 3378 3350
f 3350 3379 3360
f 3379 3361 3360
f 3379 3383 3361
f 3359 3381 3380
f 3359 3377 3381
f 3381 3377 3384
f 3412 3364 3365
f 3385 3364 3412
f 3366 3364 3385
f 3352 3367 3350
f 3386 3347 3383
f 3384 3362 3381
f 3383 3362 3386
f 3362 3387 3386
f 3387 3362 3384
f 3367 3368 3415
f 3353 3347 3368
f 3416 3365 3363
f 3390 3416 3363
f 3390 3363 3369
f 3366 3388 3370
f 3369 3364 3370
f 3391 3369 3370
f 3392 3391 3370
f 3394 3371 3396
f 3397 3372 3398
f 3371 3359 3375
f 3414 3389 3410
f 3372 3373 3400
f 3400 3398 3372
f 3377 3372 3397
f 3401 3397 3398
f 3401 3402 3377
f 3398 3403 3401
f 3405 3404 3408
f 3358 3374 3375
f 3357 3404 3374
f 3404 3405 3374
f 3399 3394 3428
f 3373 3399 3400
f 3394 3399 3373
f 3406 3400 3399
f 3397 3401 3377
f 3402 3403 3377
f 3401 3403 3402
f 3378 3382 3407
f 3404 3407 3408
f 3407 3404 3376
f 3378 3407 3376
f 3377 3403 3384
f 3403 3409 3384
f 3412 3409 3385
f 3399 3410 3389
f 3411 3399 3389
f 3413 3366 3385
f 3414 3350 3415
f 3415 3389 3414
f 3406 3411 3418
f 3384 3412 3387
f 3387 3412 3365
f 3413 3388 3366
f 3388 3413 3417
f 3367 3415 3350
f 3368 3389 3415
f 3368 3411 3389
f 3418 3368 3347
f 3418 3347 3386
f 3411 3368 3418
f 3387 3365 3416
f 3387 3416 3386
f 3420 3391 3421
f 3421 3392 3413
f 3420 3421 3413
f 3418 3386 3419
f 3386 3423 3419
f 3425 3390 3369
f 3422 3369 3391
f 3422 3390 3425
f 3422 3425 3369
f 3422 3391 3420
f 3391 3392 3421
f 3370 3393 3392
f 3393 3413 3392
f 3388 3393 3370
f 3417 3393 3388
f 3395 3394 3396
f 3438 3374 3405
f 3438 3405 3408
f 3396 3371 3375
f 3403 3398 3426
f 3427 3408 3407
f 3400 3406 3398
f 3426 3398 3406
f 3427 3407 3382
f 3403 3426 3409
f 3443 3446 3444
f 3429 3410 3428
f 3410 3399 3428
f 3399 3411 3406
f 3384 3409 3412
f 3385 3409 3432
f 3430 3350 3414
f 3430 3382 3350
f 3431 3409 3434
f 3409 3431 3432
f 3414 3410 3430
f 3406 3418 3426
f 3409 3426 3433
f 3385 3432 3413
f 3432 3440 3413
f 3426 3418 3433
f 3436 3386 3416
f 3434 3416 3390
f 3390 3431 3434
f 3434 3436 3416
f 3422 3441 3390
f 3441 3422 3420
f 3413 3441 3420
f 3393 3417 3413
f 3435 3418 3419
f 3418 3435 3433
f 3386 3436 3423
f 3424 3419 3423
f 3435 3419 3424
f 3436 3424 3423
f 3424 3437 3435
f 3435 3437 3433
f 3449 3394 3395
f 3427 3438 3408
f 3374 3438 3396
f 3396 3375 3374
f 3427 3382 3430
f 3439 3410 3429
f 3409 3433 3434
f 3432 3431 3440
f 3441 3431 3390
f 3440 3431 3441
f 3440 3441 3442
f 3442 3441 3413
f 3413 3440 3442
f 3434 3443 3436
f 3434 3433 3443
f 3436 3443 3444
f 3436 3445 3424
f 3437 3446 3433
f 3445 3436 3444
f 3446 3437 3462
f 3445 3447 3424
f 3447 3437 3424
f 3448 3437 3447
f 3437 3448 3462
f 3449 3395 3396
f 3451 3449 3396
f 3394 3449 3450
f 3438 3451 3396
f 3438 3427 3452
f 3394 3450 3428
f 3459 3453 3427
f 3453 3452 3427
f 3461 3428 3450
f 3459 3427 3430
f 3428 3461 3429
f 3439 3430 3410
f 3368 3354 3353
f 3444 3454 3445
f 3455 3445 3454
f 3456 3445 3455
f 3444 3446 3462
f 3447 3445 3456
f 3447 3456 3448
f 3457 3462 3448
f 3464 3450 3449
f 3451 3464 3449
f 3452 3451 3438
f 3430 3439 3458
f 3439 3429 3460
f 3460 3429 3461
f 3459 3430 3458
f 3439 3460 3458
f 3454 3444 3462
f 3456 3455 3454
f 3462 3456 3454
f 3462 3463 3456
f 3457 3463 3462
f 3457 3456 3463
f 3448 3456 3457
f 3464 3451 3452
f 3464 3452 3453
f 3464 3461 3450
f 3464 3453 3461
f 3465 3461 3453
f 3453 3459 3465
f 3465 3460 3461
f 3465 3459 3458
f 3458 3460 3465
f 3443 3433 3446
f 3469 3471 3468
f 3466 3471 3469
f 3474 3471 3466
f 3471 3497 3470
f 3471 3474 3497
f 3471 3470 3472
f 3479 3478 3477
f 3479 3481 3478
f 3477 3478 3480
f 3477 3480 3484
f 3484 3480 3482
f 3480 3478 3481
f 3480 3483 3482
f 3483 3480 3481
f 3482 3483 3484
f 3488 3491 3490
f 3488 3489 3491
f 3489 3488 3492
f 3490 3492 3488
f 3492 3493 3489
f 3493 3494 3495
f 3491 3467 3466
f 3491 3466 3490
f 3489 3495 3491
f 3493 3495 3489
f 3467 3495 3496
f 3474 3466 3467
f 3496 3474 3467
f 3496 3497 3474
f 3467 3491 3495
f 3497 3496 3495
f 3494 3497 3495
f 3471 3472 3499
f 3471 3499 3468
f 3494 3470 3497
f 3494 3472 3470
f 3473 3469 3468
f 3466 3469 3473
f 3490 3466 3473
f 3498 3473 3468
f 3498 3500 3473
f 3468 3499 3498
f 3504 3500 3498
f 3501 3498 3499
f 3490 3473 3502
f 3472 3494 3499
f 3494 3501 3499
f 3473 3500 3503
f 3500 3504 3503
f 3502 3473 3503
f 3501 3504 3498
f 3494 3506 3504
f 3504 3506 3507
f 3501 3494 3504
f 3667 3511 3505
f 3475 3508 3476
f 3475 3476 3509
f 3508 3475 3509
f 3511 3508 3510
f 3476 3508 3513
f 3509 3476 3512
f 3511 3513 3508
f 3513 3512 3476
f 3509 3671 3514
f 3515 3516 3514
f 3514 3516 3509
f 3510 3509 3516
f 3510 3508 3509
f 3517 3671 3509
f 3671 3518 3514
f 3517 3509 3512
f 3520 3518 3668
f 3510 3516 3525
f 3525 3516 3519
f 3515 3514 3518
f 3515 3518 3520
f 3516 3515 3520
f 3516 3520 3519
f 3521 3519 3520
f 3523 3522 3674
f 3525 3522 3524
f 3522 3523 3524
f 3526 3528 3529
f 3529 3527 3526
f 3529 3530 3531
f 3532 3529 3528
f 3675 3532 3528
f 3530 3532 3533
f 3534 3535 3537
f 3534 3536 3526
f 3527 3535 3526
f 3540 3531 3539
f 3538 3537 3535
f 3535 3540 3539
f 3527 3540 3535
f 3527 3529 3540
f 3529 3531 3540
f 3541 3539 3531
f 3539 3541 3535
f 3542 3536 3543
f 3537 3536 3534
f 3550 3536 3542
f 3536 3537 3543
f 3542 3543 3544
f 3537 3544 3543
f 3546 3545 3544
f 3537 3538 3541
f 3541 3544 3537
f 3542 3544 3545
f 3547 3550 3549
f 3550 3547 3551
f 3549 3548 3547
f 3551 3547 3548
f 3549 3552 3548
f 3550 3553 3549
f 3549 3553 3554
f 3542 3546 3550
f 3559 3554 3553
f 3549 3554 3559
f 3559 3552 3549
f 3546 3542 3545
f 3551 3548 3552
f 3555 3681 3551
f 3555 3557 3556
f 3555 3551 3557
f 3556 3557 3558
f 3556 3681 3555
f 3561 3556 3558
f 3562 3564 3560
f 3562 3563 3564
f 3556 3561 3681
f 3565 3683 3562
f 3567 3560 3564
f 3564 3571 3567
f 3571 3569 3568
f 3563 3571 3564
f 3569 3571 3563
f 3567 3571 3570
f 3683 3563 3562
f 3568 3569 3566
f 3570 3569 3563
f 3573 3569 3570
f 3563 3560 3567
f 3570 3563 3567
f 3571 3572 3570
f 3573 3683 3569
f 3560 3563 3573
f 3572 3573 3570
f 3572 3571 3568
f 3572 3568 3566
f 3575 3579 3574
f 3581 3575 3574
f 3578 3574 3579
f 3574 3577 3581
f 3574 3576 3577
f 3579 3575 3688
f 3579 3580 3578
f 3576 3583 3585
f 3584 3585 3583
f 3582 3690 3587
f 3587 3690 3590
f 3584 3583 3586
f 3588 3589 3594
f 3591 3587 3590
f 3582 3587 3596
f 3596 3587 3591
f 3590 3592 3591
f 3591 3592 3593
f 3690 3592 3590
f 3595 3589 3588
f 3596 3589 3595
f 3588 3598 3595
f 3588 3594 3598
f 3599 3604 3603
f 3599 3603 3600
f 3603 3601 3600
f 3597 3605 3599
f 3605 3604 3599
f 3603 3604 3601
f 3608 3609 3602
f 3600 3601 3602
f 3601 3610 3602
f 3608 3612 3609
f 3613 3609 3614
f 3612 3608 3610
f 3610 3614 3612
f 3610 3608 3602
f 3609 3612 3614
f 3616 3615 3614
f 3616 3617 3615
f 3614 3615 3619
f 3621 3481 3620
f 3479 3620 3481
f 3622 3623 3618
f 3479 3477 3632
f 3621 3625 3481
f 3481 3625 3483
f 3483 3625 3484
f 3485 3627 3486
f 3624 3486 3627
f 3624 3628 3486
f 3628 3627 3485
f 3627 3628 3629
f 3629 3628 3631
f 3632 3477 3630
f 3484 3630 3477
f 3624 3632 3628
f 3631 3628 3632
f 3722 3640 3633
f 3634 3633 3635
f 3636 3634 3635
f 3723 3634 3636
f 3634 3723 3633
f 3635 3633 3638
f 3636 3637 3639
f 3733 3636 3635
f 3641 3642 3643
f 3644 3645 3487
f 3644 3487 3642
f 3643 3642 3487
f 3641 3644 3642
f 3641 3646 3644
f 3646 3645 3644
f 3645 3649 3487
f 3648 3487 3650
f 3647 3645 3646
f 3487 3649 3650
f 3647 3649 3645
f 3651 3653 3652
f 3655 3651 3652
f 3651 3655 3739
f 3654 3653 3651
f 3736 3657 3654
f 3657 3658 3654
f 3653 3654 3656
f 3739 3654 3651
f 3659 3660 3657
f 3487 3648 3643
f 3661 3648 3650
f 3648 3661 3643
f 3661 3641 3643
f 3660 3662 3656
f 3663 3652 3662
f 3658 3660 3656
f 3664 3662 3660
f 3490 3665 3492
f 3665 3490 3746
f 3493 3492 3665
f 3665 3494 3493
f 3507 3503 3504
f 3506 3494 3507
f 3507 3494 3666
f 3503 3505 3511
f 3505 3503 3667
f 3502 3503 3511
f 3503 3507 3667
f 3667 3507 3511
f 3507 3513 3511
f 3513 3668 3512
f 3669 3513 3507
f 3669 3668 3513
f 3511 3510 3670
f 3668 3518 3671
f 3671 3517 3512
f 3671 3512 3668
f 3670 3510 3525
f 3519 3521 3672
f 3520 3672 3521
f 3672 3520 3668
f 3525 3519 3673
f 3525 3673 3522
f 3522 3673 3674
f 3519 3672 3673
f 3672 3674 3673
f 3672 3669 3674
f 3524 3675 3525
f 3524 3676 3675
f 3676 3524 3523
f 3677 3676 3523
f 3533 3677 3523
f 3533 3523 3674
f 3675 3528 3526
f 3675 3676 3532
f 3533 3531 3530
f 3533 3532 3676
f 3533 3676 3677
f 3526 3536 3550
f 3531 3533 3541
f 3541 3546 3544
f 3678 3550 3551
f 3550 3546 3553
f 3541 3553 3546
f 3679 3561 3553
f 3551 3552 3559
f 3680 3551 3681
f 3558 3557 3561
f 3557 3559 3553
f 3683 3566 3569
f 3565 3562 3560
f 3683 3684 3566
f 3681 3561 3685
f 3682 3683 3565
f 3680 3681 3565
f 3685 3682 3681
f 3684 3683 3682
f 3685 3684 3682
f 3684 3686 3566
f 3686 3572 3566
f 3686 3684 3685
f 3685 3561 3686
f 3949 3976 3948
f 3577 3565 3560
f 3565 3577 3585
f 3577 3560 3573
f 3577 3573 3581
f 3572 3687 3573
f 3572 3688 3575
f 3573 3687 3581
f 3572 3575 3687
f 3572 3686 3688
f 3576 3574 3578
f 3576 3585 3577
f 3581 3687 3575
f 3689 3579 3688
f 3689 3580 3579
f 3679 3689 3688
f 3582 3596 3585
f 3576 3586 3583
f 3576 3578 3586
f 3584 3586 3691
f 3585 3690 3582
f 3584 3689 3585
f 3691 3586 3580
f 3930 3926 3929
f 3578 3580 3586
f 3689 3691 3580
f 3584 3691 3689
f 3585 3689 3690
f 3596 3595 3693
f 3593 3596 3591
f 3596 3694 3589
f 3694 3692 3589
f 3596 3593 3694
f 3692 3594 3589
f 3593 3592 3690
f 3689 3593 3690
f 3695 3605 3597
f 3697 3595 3696
f 3693 3595 3697
f 3697 3696 3695
f 3598 3700 3595
f 3808 3798 3796
f 3698 3605 3699
f 3605 3695 3699
f 3700 3696 3595
f 3594 3700 3598
f 3692 3700 3594
f 3602 3599 3600
f 3599 3602 3701
f 3599 3701 3695
f 3599 3695 3597
f 3698 3606 3605
f 3606 3604 3605
f 3607 3604 3606
f 3702 3607 3606
f 3702 3698 3699
f 3702 3606 3698
f 3704 3610 3601
f 3610 3704 3703
f 3704 3604 3607
f 3604 3704 3601
f 3607 3611 3704
f 3704 3611 3703
f 3702 3703 3611
f 3607 3702 3611
f 3609 3613 3602
f 3613 3614 3619
f 3602 3613 3701
f 3710 3701 3613
f 3613 3619 3710
f 3614 3610 3616
f 3616 3610 3703
f 3617 3616 3703
f 3774 3775 3767
f 3703 3702 3617
f 3617 3619 3615
f 3617 3705 3711
f 3707 3618 3623
f 3708 3618 3707
f 3707 3706 3708
f 3708 3706 3716
f 3710 3706 3701
f 3716 3706 3710
f 3619 3711 3710
f 3620 3709 3623
f 3623 3621 3620
f 3709 3707 3623
f 3712 3713 3618
f 3708 3712 3618
f 3623 3714 3621
f 3623 3622 3715
f 3622 3618 3715
f 3715 3618 3713
f 3623 3715 3714
f 3713 3626 3715
f 3708 3713 3712
f 3708 3716 3713
f 3624 3629 3479
f 3479 3629 3620
f 3629 3624 3627
f 3709 3620 3629
f 3709 3629 3717
f 3626 3625 3621
f 3626 3630 3625
f 3714 3626 3621
f 3732 3719 3725
f 3717 3719 3732
f 3717 3629 3631
f 3654 3658 3656
f 3757 3631 3630
f 3625 3630 3484
f 3722 3633 3723
f 3721 3722 3723
f 3724 3640 3722
f 3724 3722 3721
f 3720 3726 3725
f 3719 3720 3725
f 3725 3726 3721
f 3646 3728 3729
f 3729 3728 3730
f 3728 3731 3730
f 3633 3640 3638
f 3639 3723 3636
f 3732 3723 3731
f 3636 3733 3637
f 3731 3723 3639
f 3733 3635 3638
f 3485 3486 3628
f 3638 3640 3733
f 3734 3640 3724
f 3733 3640 3734
f 3639 3637 3733
f 3724 3733 3734
f 3736 3641 3743
f 3727 3641 3736
f 3728 3641 3727
f 3641 3728 3646
f 3729 3647 3646
f 3729 3737 3649
f 3650 3649 3737
f 3647 3729 3649
f 3661 3650 3737
f 3737 3729 3738
f 3738 3729 3730
f 3739 3655 3652
f 3739 3652 3740
f 3741 3739 3740
f 3741 3727 3739
f 3742 3740 3745
f 3740 3663 3745
f 3741 3740 3742
f 3739 3736 3654
f 3652 3663 3740
f 3739 3727 3736
f 3657 3736 3659
f 3658 3657 3660
f 3743 3659 3736
f 3660 3659 3744
f 3743 3641 3661
f 3743 3744 3659
f 3743 3661 3744
f 3664 3663 3662
f 3745 3663 3664
f 3747 3746 3490
f 3746 3747 3748
f 4038 4039 4071
f 3748 3665 3746
f 3750 3749 3748
f 3502 3747 3490
f 3750 3747 3502
f 3507 3666 3669
f 3670 3525 3675
f 3670 3675 3678
f 3678 3675 3526
f 3678 3526 3550
f 3678 3551 3680
f 3679 3751 3689
f 4046 4045 4047
f 3585 3596 3693
f 3692 3694 3593
f 3692 3593 3689
f 3693 3697 3695
f 3696 3700 3699
f 3699 3700 3692
f 3695 3696 3699
f 3751 3699 3689
f 3701 3706 3707
f 3701 3707 3709
f 3752 3710 3711
f 3716 3710 3752
f 3752 3711 3718
f 3713 3752 3718
f 3716 3752 3713
f 3718 3757 3626
f 3719 3717 3753
f 3754 3719 3753
f 3717 3755 3709
f 3717 3732 3755
f 3717 3631 3757
f 3753 3717 3757
f 3754 3753 3756
f 3753 3757 3756
f 3732 3721 3723
f 3721 3735 3724
f 3754 3720 3719
f 3756 3726 3720
f 3726 3735 3721
f 3754 3756 3720
f 3726 3756 3735
f 4002 4043 4001
f 3731 3728 3727
f 3758 3733 3724
f 3733 3758 3639
f 3724 3735 3758
f 3718 3758 3756
f 3738 3730 3731
f 3758 3738 3731
f 3661 3737 3738
f 3758 3661 3738
f 3758 3731 3639
f 3741 3759 3727
f 3761 3760 3759
f 3771 3727 3760
f 3760 3727 3759
f 3771 3760 3761
f 3741 3742 3759
f 3761 3759 3762
f 3742 3745 3664
f 3759 3742 3763
f 3763 3742 3664
f 3763 3664 3762
f 3759 3763 3762
f 3764 3761 3762
f 3744 3762 3664
f 3750 3766 3767
f 3767 3749 3750
f 3767 3766 3765
f 3748 3749 3768
f 3749 3767 3768
f 3766 3750 3502
f 3502 3511 3670
f 3679 3541 3669
f 3585 3680 3565
f 3695 3701 3693
f 3705 3702 3751
f 3727 3732 3731
f 3770 3771 3772
f 3772 3773 3770
f 3770 3727 3771
f 3781 3727 3770
f 3771 3761 3772
f 3773 3772 3761
f 3761 3764 3773
f 3765 3774 3767
f 3768 3767 3775
f 3765 3766 3502
f 3776 3502 3670
f 3776 3670 3777
f 3670 3778 3777
f 3778 3670 3678
f 3680 3585 3693
f 3701 3709 3693
f 3732 3727 3755
f 3727 3781 3779
f 3780 3782 3781
f 3781 3770 3773
f 3781 3784 3780
f 3784 3781 3785
f 3782 3780 3784
f 3783 3782 3784
f 3784 3787 3783
f 3773 3785 3781
f 3785 3773 3764
f 3785 3764 3786
f 3784 3785 3786
f 3787 3784 3786
f 3765 3775 3774
f 3791 3788 3775
f 3775 3788 3768
f 3788 3789 3768
f 3666 3768 3789
f 3776 3765 3502
f 3776 3775 3765
f 3776 3791 3775
f 3792 3679 3669
f 3793 3678 3680
f 3755 3693 3709
f 3782 3779 3781
f 3797 3794 3798
f 3794 3796 3798
f 3795 3794 3782
f 3795 3782 3783
f 3795 3783 3801
f 3794 3779 3782
f 3795 3796 3794
f 3799 3796 3795
f 3801 3783 3800
f 3801 3799 3795
f 3799 3801 3808
f 3783 3787 3800
f 3769 3787 3661
f 3802 3790 3789
f 3802 3788 3791
f 3790 3802 3791
f 3776 3777 3790
f 3777 3804 3790
f 3804 3820 3790
f 3791 3776 3790
f 3820 3803 3790
f 3803 3789 3790
f 3803 3666 3789
f 3792 3669 3666
f 3778 3678 3793
f 3727 3779 3805
f 3769 3661 3758
f 3809 3807 3806
f 3794 3797 3779
f 3797 3808 3806
f 3798 3808 3797
f 3806 3807 3797
f 3797 3807 3779
f 3796 3799 3808
f 3809 3806 3808
f 3809 3808 3810
f 3801 3800 3787
f 3808 3801 3810
f 3810 3801 3787
f 3769 3810 3787
f 3812 3813 3814
f 3812 3815 3813
f 3817 3815 3818
f 3815 3812 3819
f 3819 3818 3815
f 3819 3812 3816
f 3817 3818 3820
f 3813 3815 3804
f 3804 3815 3822
f 3822 3815 3817
f 3894 3892 3908
f 3820 3804 3822
f 3817 3820 3822
f 3813 3804 3777
f 3803 3821 3666
f 3821 3792 3666
f 3680 3693 3793
f 3711 3705 3718
f 3805 3755 3727
f 3809 3811 3807
f 3811 3824 3807
f 3825 3824 3811
f 3810 3825 3811
f 3826 3824 3825
f 3809 3810 3811
f 3907 3905 3894
f 3825 3810 3826
f 3904 3906 3903
f 3827 3814 3828
f 3828 3814 3831
f 3900 3898 3899
f 3828 3829 3827
f 3816 3812 3814
f 3830 3816 3814
f 3819 3830 3818
f 3819 3816 3830
f 3813 3831 3814
f 3679 3832 3751
f 3751 3823 3705
f 3705 3823 3718
f 3833 3755 3805
f 3835 3836 3779
f 3807 3824 3779
f 3824 3835 3779
f 3835 3824 3838
f 3824 3826 3838
f 3835 3838 3836
f 3839 3838 3826
f 3769 3851 3826
f 3841 3842 3828
f 3828 3842 3840
f 3843 3840 3842
f 3843 3844 3840
f 3828 3831 3841
f 3829 3828 3844
f 3840 3844 3828
f 3829 3830 3827
f 3829 3844 3830
f 3845 3777 3778
f 3792 3821 3846
f 3846 3679 3792
f 3846 3832 3679
f 3769 3718 3834
f 3837 3847 3836
f 3837 3851 3847
f 3848 3847 3851
f 3779 3836 3847
f 3849 3779 3847
f 3836 3839 3851
f 3839 3836 3838
f 3851 3837 3836
f 3851 3850 3848
f 3834 3851 3769
f 3850 3851 3866
f 3853 3854 3855
f 3852 3842 3841
f 3855 3852 3841
f 3855 3841 3831
f 3852 3855 3857
f 3856 3843 3842
f 3852 3856 3842
f 3843 3856 3844
f 3844 3856 3821
f 3865 3848 3866
f 3856 3852 3857
f 3813 3777 3831
f 3845 3831 3777
f 3778 3858 3845
f 3751 3832 3823
f 3833 3693 3755
f 3849 3864 3860
f 3863 3864 3847
f 3848 3863 3847
f 3847 3864 3849
f 3864 3863 3848
f 3862 3860 3864
f 3865 3862 3864
f 3881 3862 3865
f 3861 3860 3862
f 3827 3830 3814
f 3848 3850 3866
f 3834 3866 3851
f 3834 3881 3866
f 3866 3881 3865
f 3854 3867 3855
f 3855 3867 3857
f 3853 3855 3868
f 3855 3831 3868
f 3853 3868 3854
f 3868 3869 3854
f 3870 3868 3831
f 3856 3857 3869
f 3869 3867 3854
f 3857 3867 3869
f 3869 3871 3821
f 3858 3793 3872
f 3872 3793 3693
f 3718 3873 3834
f 3833 3805 3859
f 3834 3873 3874
f 3805 3779 3859
f 3859 3779 3849
f 3849 3875 3859
f 3876 3879 3878
f 3877 3876 3878
f 3860 3861 3876
f 3876 3849 3860
f 3876 3861 3862
f 3879 3880 3878
f 3881 3880 3879
f 3862 3881 3876
f 3876 3881 3879
f 3882 3881 3834
f 3880 3881 3899
f 3831 3883 3870
f 3870 3885 3868
f 3868 3885 3869
f 3883 3886 3870
f 3870 3886 3885
f 3885 3886 3869
f 3869 3886 3871
f 3883 3831 3887
f 3888 3821 3871
f 3845 3858 3887
f 3858 3778 3793
f 3832 3846 3889
f 3872 3693 3833
f 3890 3823 3832
f 3823 3873 3718
f 3895 3893 3896
f 3893 3892 3894
f 3802 3789 3788
f 3893 3895 3892
f 3877 3849 3876
f 3877 3897 3893
f 3849 3877 3893
f 3896 3893 3897
f 3896 3897 3898
f 3898 3897 3877
f 3880 3877 3878
f 3877 3880 3898
f 3899 3898 3880
f 3882 3899 3881
f 3884 3887 3901
f 3884 3901 3902
f 3902 3883 3884
f 3902 3886 3883
f 3887 3884 3883
f 3831 3845 3887
f 3888 3846 3821
f 3890 3873 3823
f 3891 3833 3859
f 3903 3849 3905
f 3904 3903 3905
f 3893 3894 3849
f 3849 3894 3905
f 3905 3933 3904
f 3907 3894 3908
f 3933 3905 3907
f 3910 3908 3895
f 3892 3895 3908
f 3900 3910 3896
f 3895 3896 3910
f 3908 3910 3909
f 3907 3908 3909
f 3896 3898 3900
f 3732 3725 3721
f 3535 3541 3538
f 3918 3917 3914
f 3914 3915 3919
f 3918 3914 3919
f 3919 3917 3918
f 3913 3921 3920
f 3887 3915 3914
f 3913 3915 3921
f 3921 3915 3887
f 3887 3922 3921
f 3917 3901 3914
f 3901 3887 3914
f 3902 3901 3917
f 3917 4136 3902
f 3889 3846 3888
f 3858 3872 3923
f 3890 3832 3889
f 3924 3872 3833
f 3928 3925 3926
f 3859 3875 3891
f 3928 3926 3927
f 3926 3903 3929
f 3925 3903 3926
f 3931 3929 3903
f 3931 3930 3929
f 3931 3906 3932
f 3931 3903 3906
f 3906 3904 3933
f 3933 3907 3909
f 3682 3565 3681
f 3937 3935 3936
f 3936 3939 3937
f 3940 3939 3938
f 3938 3941 3940
f 3940 3941 3942
f 3949 3946 3945
f 3946 3948 3947
f 3949 3948 3946
f 3952 3946 3950
f 3950 3946 3947
f 3913 3951 3915
f 3919 3915 3951
f 3913 3916 3951
f 3952 3916 3913
f 3916 3952 3951
f 3919 3951 3917
f 3945 3920 3953
f 3945 3953 3949
f 3920 3945 3946
f 3952 3920 3946
f 3921 3922 3920
f 3952 3913 3920
f 3954 3951 3952
f 3917 3951 4136
f 3871 3951 3954
f 3924 3923 3872
f 3955 3873 3890
f 3924 3833 3891
f 3955 3874 3873
f 3958 3957 3925
f 3849 3903 3875
f 3874 3882 3834
f 3959 3961 3960
f 3999 3958 3959
f 3999 3959 3960
f 3959 3958 3928
f 3958 3925 3928
f 3959 3928 3961
f 3962 3961 3928
f 3962 3928 3963
f 3928 3927 3964
f 3964 3927 3926
f 3926 3965 3964
f 3963 3928 3964
f 3966 3926 3930
f 3965 3926 3966
f 3964 3965 3966
f 3966 3931 3932
f 3966 3930 3931
f 3967 3935 3934
f 3936 3935 3967
f 3934 3968 3967
f 3936 3938 3939
f 3967 3938 3936
f 3969 3938 3967
f 3934 3935 3937
f 3934 3937 3970
f 3934 3970 3968
f 3971 3941 3938
f 3970 3937 3944
f 3970 3973 3968
f 3939 3940 3972
f 3937 3939 3972
f 3940 3942 3972
f 3942 3941 3971
f 3977 3944 3943
f 3970 3944 3974
f 3973 3970 3974
f 3937 3943 3944
f 3937 3975 3943
f 3978 3944 3977
f 3944 3979 3974
f 3978 3979 3944
f 3980 3977 3943
f 3978 3977 3980
f 3943 3975 3980
f 3976 3981 3983
f 3982 4024 3981
f 4016 3981 4024
f 3983 3981 4016
f 3976 3949 3981
f 3981 3949 3953
f 3953 3922 3981
f 3479 3632 3624
f 3948 3950 3947
f 3976 3984 3948
f 3950 3948 3984
f 3984 3976 3983
f 3984 3983 3954
f 3950 3954 3952
f 3978 3980 3985
f 3954 3950 3984
f 3920 3922 3953
f 3871 3954 3986
f 3987 3988 3887
f 3989 3871 3986
f 3987 3887 3990
f 3858 3990 3887
f 3989 3888 3871
f 3989 3889 3888
f 3990 3858 3923
f 3924 3991 3923
f 3889 3955 3890
f 3994 3993 3992
f 3992 3995 3994
f 3993 3994 3996
f 3997 3994 3995
f 3996 3994 3997
f 3998 3874 3955
f 3995 3957 3999
f 3995 3999 4044
f 4000 3875 3925
f 3874 3998 3882
f 4001 4044 3999
f 3957 3958 3999
f 4001 3999 3960
f 3925 3875 3903
f 3911 3962 3964
f 3960 3961 3962
f 3962 3963 3964
f 3911 3964 3966
f 3938 3969 3971
f 3967 3968 3969
f 3969 4003 3971
f 3942 4005 4004
f 4003 3942 3971
f 4007 4004 4005
f 4007 4006 4004
f 4008 4006 4007
f 4013 4008 4007
f 4009 4013 4007
f 4009 4010 4013
f 3972 3975 3937
f 3975 3972 3942
f 3942 4004 3975
f 4012 3975 4004
f 4004 4006 4012
f 4008 4012 4006
f 4008 4013 4012
f 4011 4012 4013
f 3975 4012 4011
f 4013 4014 4015
f 4015 4011 4013
f 4010 4014 4013
f 4018 4016 4017
f 4018 3983 4016
f 3535 3534 3526
f 3530 3529 3532
f 4022 4021 3982
f 4017 4020 4023
f 4021 4020 4017
f 4023 4020 4022
f 4021 4022 4020
f 3982 4021 4016
f 3982 4016 4024
f 3985 3979 3978
f 3922 4022 3982
f 3981 3922 3982
f 4025 3979 3985
f 4025 3985 4026
f 4026 3985 4027
f 3985 3980 4028
f 4028 4027 3985
f 3954 4029 3986
f 3988 3922 3887
f 3987 4031 3988
f 4032 3955 3889
f 4066 4033 4034
f 4033 4066 4035
f 4036 3992 4037
f 4034 4033 4035
f 4073 4034 4035
f 4037 3992 4075
f 3992 3993 4074
f 4074 4075 3992
f 4036 3995 3992
f 3956 3924 3891
f 4038 3993 3996
f 4038 4074 3993
f 4038 3996 4040
f 4040 4041 4042
f 4039 4038 4040
f 4042 4039 4040
f 3957 3995 3925
f 3875 4000 3956
f 3956 3891 3875
f 3882 3998 3912
f 4041 4040 3996
f 3996 3997 4041
f 4042 4041 3997
f 4042 3995 4044
f 4042 4044 4043
f 4042 3997 3995
f 4043 4002 4042
f 4043 4044 4001
f 4002 4001 3960
f 3911 3933 3909
f 4003 3969 3968
f 3942 4003 4005
f 3968 4005 4003
f 4005 3968 4010
f 4007 4005 4009
f 4010 4009 4005
f 4010 4045 4014
f 4045 4046 4048
f 4014 4048 4015
f 4014 4045 4048
f 4048 4049 4015
f 4050 4049 4046
f 4049 4048 4046
f 4050 4046 4051
f 4051 4047 4052
f 4046 4047 4051
f 4047 4017 4052
f 4047 4029 4017
f 4017 4029 4018
f 3973 3974 4019
f 3968 3973 4019
f 4015 4049 4011
f 4050 4051 4049
f 4052 4053 4051
f 4052 4023 4053
f 4017 4023 4052
f 4053 4022 4051
f 4053 4023 4022
f 4017 4016 4021
f 3954 3983 4018
f 4018 4029 3954
f 3975 4011 3980
f 4011 4028 3980
f 4051 4011 4049
f 4019 4025 4026
f 4051 4022 4054
f 4028 4011 4055
f 4022 3922 4030
f 4026 4027 4056
f 4057 4056 4027
f 4028 4055 4027
f 4027 4055 4057
f 4057 4058 4056
f 3988 4031 3922
f 3989 3986 4032
f 4032 3889 3989
f 3990 3923 3991
f 4064 4060 4065
f 4064 4065 4063
f 4060 4062 4065
f 4065 4062 4036
f 4034 4063 4066
f 4068 4063 4034
f 4063 4065 4069
f 4066 4063 4069
f 4036 4069 4065
f 4070 3991 3924
f 4066 4069 4035
f 4069 4036 4037
f 4035 4069 4037
f 4071 4034 4073
f 4036 4067 4072
f 3924 3956 4070
f 3955 4032 3998
f 4037 4073 4035
f 4037 4074 4073
f 4075 4074 4037
f 4036 4072 3995
f 4071 4074 4038
f 4073 4074 4071
f 4039 4042 4071
f 4077 4071 4042
f 3925 3995 4072
f 4078 3911 3912
f 3912 3998 4076
f 4045 4010 3968
f 4045 4029 4047
f 4045 3968 4029
f 4019 4080 3968
f 4054 4011 4051
f 4054 4022 4030
f 4058 4080 4026
f 4054 4055 4011
f 4026 4056 4058
f 4055 4054 4081
f 4054 4082 4081
f 4083 4057 4055
f 4083 4058 4057
f 4081 4082 4084
f 4054 4030 4082
f 4030 4031 4082
f 4085 4086 4055
f 4083 4055 4097
f 4055 4081 4085
f 3922 4031 4030
f 4055 4086 4097
f 4082 4031 4087
f 3987 4059 4031
f 4059 3987 3990
f 3990 4088 4059
f 4089 4090 4117
f 4090 4061 4091
f 4061 4090 4089
f 4092 4091 4061
f 4061 4089 4062
f 3990 3991 4088
f 4060 4092 4061
f 4062 4089 4093
f 4061 4062 4060
f 4092 4060 4064
f 4068 4064 4063
f 4068 4124 4064
f 4036 4062 4067
f 4067 4062 4093
f 4067 4093 4094
f 4034 4071 4068
f 4094 4072 4067
f 4094 4000 4072
f 4000 4122 4070
f 4000 4070 3956
f 4068 4071 4077
f 4000 3925 4072
f 4077 4042 4078
f 4042 3911 4078
f 3912 4076 4078
f 4080 4029 3968
f 4096 4079 4029
f 4097 4098 4083
f 4085 4081 4099
f 4082 4087 4084
f 4097 4086 4100
f 4081 4084 4099
f 4059 4087 4031
f 4101 4100 4086
f 4102 4101 4086
f 4101 4102 4103
f 4101 4104 4100
f 4104 4105 4100
f 4099 4086 4085
f 4087 4106 4084
f 4107 4108 4109
f 4109 4101 4103
f 4108 4101 4109
f 4101 4108 4110
f 4101 4110 4104
f 4099 4102 4086
f 4059 4088 4087
f 4109 4112 4107
f 4087 4088 4106
f 4103 4114 4113
f 4113 4109 4103
f 4109 4113 4112
f 4116 4113 4115
f 4116 4112 4113
f 4103 4102 4114
f 4089 4117 4115
f 4089 4115 4113
f 4113 4114 4089
f 4090 4091 4120
f 4117 4090 4118
f 4118 4090 4120
f 4102 4119 4114
f 4114 4093 4089
f 4120 4091 4092
f 4106 4122 4123
f 4070 4106 4088
f 4124 4125 4092
f 4088 3991 4070
f 4092 4064 4124
f 4124 4068 4125
f 4106 4070 4122
f 4068 4077 4125
f 4122 4000 4126
f 3998 4032 4134
f 4078 4127 4077
f 3998 4134 4076
f 4076 4127 4078
f 4029 4080 4096
f 4095 4096 4080
f 4098 4095 4083
f 4100 4098 4097
f 4128 4098 4129
f 4095 4129 4096
f 4110 4108 4130
f 4130 4108 4107
f 4110 4105 4104
f 4112 4130 4107
f 4099 4111 4102
f 4110 4131 4105
f 4099 4132 4111
f 4084 4123 4099
f 4123 4132 4099
f 4116 4133 4112
f 4130 4112 4133
f 4084 4106 4123
f 4118 4120 4117
f 4121 4117 4120
f 4115 4117 4116
f 4116 4117 4121
f 4133 4116 4121
f 4093 4114 4119
f 4102 4111 4119
f 4119 4111 4126
f 4111 4132 4126
f 4029 4079 3986
f 4121 4120 4125
f 4119 4126 4093
f 4132 4123 4126
f 4092 4125 4120
f 4134 3986 4079
f 4077 4121 4125
f 4121 4077 4127
f 4126 4094 4093
f 4126 4123 4122
f 4134 4127 4076
f 4134 4032 3986
f 4000 4094 4126
f 4129 4095 4128
f 4096 4129 4135
f 4129 4131 4135
f 4096 4135 4079
f 4129 4105 4131
f 4130 4135 4131
f 4130 4127 4135
f 4079 4135 4134
f 4121 4127 4133
f 4127 4130 4133
f 4127 4134 4135
f 3865 3864 3848
f 3750 3748 3747
f 3630 3631 3632
f 3714 3715 3626
f 3653 3656 3662
f 3662 3652 3653
f 3563 3683 3573
f 3559 3557 3551
f 3826 3810 3769
f 3899 3882 3912
f 3966 3906 3911
f 3910 3899 3911
f 3664 3660 3744
f 3787 3764 3661
f 3762 3744 3661
f 3764 3762 3661
f 3960 3962 3911
f 4002 3960 3911
f 4042 4002 3911
f 3909 3910 3911
f 3933 3911 3906
f 3669 3533 3674
f 3758 3718 3769
f 3626 3713 3718
f 3553 3541 3679
f 3702 3699 3751
f 3561 3688 3686
f 3756 3757 3718
f 3699 3692 3689
f 3672 3668 3669
f 3541 3533 3669
f 3666 3665 3748
f 3821 3803 3820
f 3902 4136 3871
f 4136 3951 3871
f 3820 3830 3821
f 4095 4080 4058
f 3979 4025 4019
f 3979 4019 3974
f 4128 4095 4098
f 4129 4100 4105
f 4129 4098 4100
f 4110 4130 4131
f 3494 3665 3666
f 3617 3711 3619
f 3617 3702 3705
f 3679 3688 3561
f 3786 3764 3787
f 3818 3830 3820
f 3869 3821 3856
f 3830 3844 3821
f 3912 3911 3899
f 3899 3910 3900
f 3906 3966 3932
f 4058 4083 4095
f 3851 3839 3826
f 3626 3757 3630
f 3553 3561 3557
f 3756 3758 3735
f 3666 3748 3768
f 3902 3871 3886
f 4019 4026 4080
f 4142 4138 4137
f 4138 4139 4137
f 4140 4141 4142
f 4142 4146 4143
f 4144 4145 4146
f 4144 4147 4149
f 4147 4148 4149
f 4144 4142 4137
f 4146 4142 4144
f 4137 4152 4147
f 4147 4152 4148
f 4147 4144 4137
f 4153 4154 4152
f 4137 4153 4152
f 4155 4156 4153
f 4153 4137 4155
f 4137 4160 4155
f 4139 4161 4137
f 4142 4143 4140
f 4164 4162 4146
f 4163 4146 4162
f 4163 4143 4146
f 4164 4145 4165
f 4145 4169 4165
f 4145 4164 4146
f 4166 4150 4167
f 4142 4141 4138
f 4149 4168 4169
f 4149 4169 4144
f 4145 4144 4169
f 4166 4151 4150
f 4171 4150 4172
f 4171 4172 4173
f 4149 4148 4168
f 4170 4204 4174
f 4152 4154 4176
f 4154 4177 4176
f 4175 4170 4174
f 4175 4157 4170
f 4159 4151 4166
f 4170 4159 4166
f 4151 4178 4150
f 4172 4150 4178
f 4179 4153 4156
f 4177 4154 4179
f 4154 4153 4179
f 4180 4175 4174
f 4170 4157 4159
f 4182 4181 4184
f 4183 4184 4181
f 4182 4184 4156
f 4156 4184 4179
f 4180 4157 4175
f 4181 4182 4185
f 4182 4156 4155
f 4180 4186 4157
f 4157 4186 4158
f 4159 4157 4158
f 4151 4159 4178
f 4159 4188 4178
f 4189 4185 4182
f 4186 4190 4158
f 4158 4191 4159
f 4159 4191 4188
f 4172 4178 4188
f 4189 4182 4193
f 4190 4194 4158
f 4158 4194 4191
f 4192 4195 4139
f 4182 4155 4193
f 4191 4194 4188
f 4139 4195 4161
f 4155 4160 4196
f 4137 4197 4160
f 4197 4137 4161
f 4198 4140 4143
f 4140 4200 4141
f 4150 4201 4167
f 4202 4163 4164
f 4164 4163 4162
f 4203 4202 4164
f 4203 4204 4170
f 4166 4167 4170
f 4150 4171 4201
f 4171 4205 4201
f 4164 4165 4206
f 4206 4165 4169
f 4164 4206 4204
f 4164 4204 4203
f 4205 4171 4207
f 4208 4138 4141
f 4171 4173 4207
f 4148 4152 4176
f 4168 4148 4176
f 4206 4168 4174
f 4206 4174 4204
f 4209 4176 4177
f 4176 4174 4168
f 4209 4174 4176
f 4184 4187 4179
f 4184 4183 4187
f 4179 4209 4177
f 4209 4187 4186
f 4209 4179 4187
f 4180 4174 4186
f 4209 4186 4174
f 4183 4181 4211
f 4183 4211 4187
f 4187 4212 4186
f 4211 4181 4185
f 4211 4185 4213
f 4213 4185 4189
f 4214 4213 4189
f 4190 4186 4215
f 4216 4172 4188
f 4172 4216 4173
f 4189 4193 4214
f 4193 4155 4196
f 4215 4194 4190
f 4217 4193 4196
f 4218 4193 4217
f 4216 4188 4220
f 4188 4219 4220
f 4196 4160 4221
f 4221 4160 4223
f 4161 4225 4197
f 4198 4227 4228
f 4140 4228 4230
f 4140 4198 4228
f 4230 4228 4231
f 4231 4232 4230
f 4228 4229 4231
f 4230 4232 4200
f 4232 4236 4200
f 4233 4234 4200
f 4230 4200 4140
f 4143 4235 4198
f 4239 4141 4200
f 4200 4234 4239
f 4199 4235 4143
f 4241 4238 4240
f 4237 4238 4242
f 4141 4239 4243
f 4242 4238 4244
f 4245 4199 4143
f 4245 4202 4247
f 4245 4143 4202
f 4167 4241 4246
f 4248 4167 4246
f 4238 4201 4244
f 4163 4202 4143
f 4203 4167 4248
f 4241 4167 4238
f 4238 4167 4201
f 4202 4248 4247
f 4202 4203 4248
f 4244 4201 4205
f 4203 4170 4167
f 4173 4210 4250
f 4187 4213 4212
f 4187 4211 4213
f 4214 4212 4213
f 4212 4215 4186
f 4251 4215 4212
f 4216 4210 4173
f 4253 4212 4214
f 4251 4212 4253
f 4210 4216 4254
f 4195 4192 4252
f 4218 4214 4193
f 4253 4214 4218
f 4194 4215 4255
f 4254 4216 4256
f 4217 4253 4218
f 4256 4216 4220
f 4195 4257 4222
f 4196 4259 4217
f 4253 4217 4258
f 4259 4196 4221
f 4258 4262 4261
f 4258 4217 4262
f 4161 4195 4222
f 4259 4221 4300
f 4263 4194 4255
f 4263 4224 4194
f 4224 4188 4194
f 4188 4224 4219
f 4223 4264 4221
f 4265 4264 4223
f 4222 4225 4161
f 4223 4306 4265
f 4309 4306 4223
f 4266 4309 4223
f 4160 4197 4267
f 4267 4197 4226
f 4198 4268 4269
f 4198 4270 4227
f 4270 4198 4269
f 4272 4198 4235
f 4227 4270 4273
f 4273 4275 4227
f 4275 4273 4274
f 4271 4273 4270
f 4276 4274 4273
f 4274 4276 4275
f 4284 4273 4271
f 4277 4228 4227
f 4275 4277 4227
f 4278 4277 4275
f 4228 4277 4229
f 4277 4278 4285
f 4232 4237 4236
f 4280 4281 4283
f 4283 4281 4282
f 4280 4283 4284
f 4276 4283 4240
f 4240 4285 4278
f 4229 4285 4231
f 4285 4229 4277
f 4285 4237 4286
f 4231 4237 4232
f 4231 4285 4286
f 4231 4286 4237
f 4233 4200 4236
f 4236 4237 4242
f 4287 4236 4242
f 4288 4234 4287
f 4234 4233 4236
f 4236 4287 4234
f 4242 4289 4287
f 4288 4239 4234
f 4287 4289 4288
f 4239 4288 4289
f 4239 4289 4290
f 4239 4290 4292
f 4243 4239 4291
f 4293 4291 4239
f 4291 4293 4243
f 4324 4235 4199
f 4279 4324 4199
f 4240 4283 4282
f 4285 4240 4238
f 4285 4238 4237
f 4242 4292 4289
f 4290 4289 4292
f 4239 4292 4293
f 4242 4332 4292
f 4330 4243 4293
f 4279 4199 4295
f 4279 4295 4296
f 4246 4241 4282
f 4240 4282 4241
f 4332 4242 4249
f 4295 4199 4297
f 4296 4295 4248
f 4297 4248 4295
f 4246 4282 4296
f 4296 4248 4246
f 4249 4242 4244
f 4245 4247 4199
f 4297 4199 4247
f 4297 4247 4248
f 4244 4205 4249
f 4249 4205 4207
f 4249 4207 4298
f 4173 4250 4207
f 4192 4299 4252
f 4253 4255 4251
f 4255 4253 4258
f 4215 4251 4255
f 4257 4195 4252
f 4259 4260 4262
f 4217 4259 4262
f 4260 4259 4300
f 4301 4262 4300
f 4300 4262 4260
f 4258 4261 4255
f 4261 4302 4255
f 4255 4302 4263
f 4303 4300 4221
f 4262 4301 4261
f 4301 4303 4261
f 4304 4263 4302
f 4305 4221 4265
f 4310 4221 4264
f 4221 4305 4303
f 4303 4305 4261
f 4305 4265 4306
f 4261 4305 4307
f 4309 4265 4310
f 4310 4306 4309
f 4311 4264 4265
f 4311 4310 4264
f 4310 4311 4306
f 4224 4263 4312
f 4308 4225 4222
f 4309 4311 4265
f 4309 4313 4311
f 4344 4313 4309
f 4344 4309 4266
f 4314 4312 4263
f 4160 4266 4223
f 4266 4160 4267
f 4266 4267 4315
f 4268 4272 4316
f 4268 4317 4269
f 4316 4317 4268
f 4316 4319 4317
f 4317 4319 4318
f 4321 4269 4317
f 4320 4321 4317
f 4320 4317 4318
f 4270 4321 4271
f 4270 4269 4321
f 4321 4320 4323
f 4271 4321 4322
f 4268 4198 4272
f 4324 4316 4272
f 4316 4324 4325
f 4316 4281 4319
f 4326 4281 4316
f 4319 4320 4318
f 4323 4320 4319
f 4281 4280 4284
f 4284 4319 4281
f 4276 4273 4284
f 4284 4271 4322
f 4327 4284 4322
f 4328 4324 4279
f 4272 4235 4324
f 4325 4324 4328
f 4326 4282 4281
f 4276 4284 4283
f 4276 4240 4275
f 4278 4275 4240
f 4243 4331 4294
f 4329 4294 4362
f 4279 4296 4328
f 4292 4332 4293
f 4332 4330 4293
f 4330 4331 4243
f 4332 4331 4330
f 4243 4294 4329
f 4243 4333 4208
f 4208 4141 4243
f 4249 4298 4334
f 4207 4250 4298
f 4336 4298 4250
f 4250 4337 4336
f 4192 4138 4338
f 4192 4338 4299
f 4337 4250 4210
f 4210 4339 4337
f 4300 4303 4301
f 4307 4302 4261
f 4302 4307 4304
f 4220 4219 4340
f 4340 4256 4220
f 4305 4342 4307
f 4306 4342 4305
f 4306 4341 4342
f 4304 4307 4342
f 4342 4343 4304
f 4343 4263 4304
f 4313 4306 4311
f 4341 4343 4342
f 4263 4343 4314
f 4313 4345 4306
f 4344 4347 4345
f 4347 4346 4345
f 4345 4341 4306
f 4345 4346 4314
f 4347 4266 4348
f 4347 4348 4346
f 4341 4345 4314
f 4314 4346 4349
f 4348 4266 4352
f 4348 4349 4346
f 4312 4314 4349
f 4224 4312 4350
f 4347 4344 4266
f 4266 4351 4352
f 4355 4353 4354
f 4315 4353 4352
f 4355 4352 4351
f 4353 4355 4351
f 4349 4348 4352
f 4353 4356 4352
f 4356 4349 4352
f 4356 4351 4357
f 4358 4354 4353
f 4224 4350 4219
f 4351 4354 4358
f 4357 4351 4358
f 4226 4360 4382
f 4321 4323 4322
f 4323 4327 4322
f 4325 4326 4316
f 4284 4323 4319
f 4284 4327 4323
f 4325 4328 4326
f 4296 4282 4326
f 4326 4328 4296
f 4362 4361 4329
f 4362 4365 4361
f 4363 4333 4329
f 4364 4333 4363
f 4365 4362 4294
f 4361 4365 4366
f 4331 4365 4294
f 4331 4332 4365
f 4332 4367 4365
f 4365 4367 4366
f 4367 4361 4366
f 4329 4333 4243
f 4329 4361 4363
f 4367 4363 4361
f 4367 4249 4363
f 4368 4208 4333
f 4333 4369 4368
f 4369 4333 4364
f 4208 4368 4335
f 4370 4335 4368
f 4369 4370 4368
f 4367 4332 4249
f 4298 4371 4334
f 4372 4334 4371
f 4336 4371 4298
f 4138 4208 4338
f 4210 4254 4339
f 4254 4373 4339
f 4308 4257 4374
f 4222 4257 4308
f 4343 4341 4314
f 4375 4349 4356
f 4356 4357 4375
f 4375 4376 4349
f 4312 4349 4376
f 4375 4357 4376
f 4377 4357 4358
f 4377 4376 4357
f 4350 4312 4376
f 4219 4350 4378
f 4359 4226 4225
f 4379 4377 4358
f 4396 4379 4380
f 4381 4379 4396
f 4226 4380 4358
f 4249 4364 4363
f 4369 4364 4383
f 4364 4334 4383
f 4384 4335 4370
f 4383 4370 4369
f 4400 4384 4370
f 4384 4400 4385
f 4384 4386 4335
f 4384 4385 4386
f 4386 4387 4335
f 4387 4388 4335
f 4364 4249 4334
f 4372 4400 4334
f 4252 4299 4389
f 4252 4390 4257
f 4391 4254 4256
f 4391 4256 4340
f 4392 4308 4374
f 4225 4308 4392
f 4393 4394 4350
f 4340 4219 4395
f 4359 4225 4392
f 4376 4377 4381
f 4381 4377 4379
f 4376 4381 4350
f 4381 4396 4397
f 4393 4350 4397
f 4378 4350 4394
f 4382 4396 4380
f 4398 4396 4382
f 4393 4396 4398
f 4393 4397 4396
f 4394 4393 4398
f 4394 4398 4399
f 4226 4421 4360
f 4360 4398 4382
f 4398 4360 4399
f 4383 4334 4400
f 4387 4386 4401
f 4388 4403 4402
f 4400 4372 4385
f 4401 4386 4385
f 4385 4372 4401
f 4388 4387 4401
f 4372 4371 4401
f 4404 4388 4401
f 4404 4401 4371
f 4404 4371 4405
f 4388 4402 4338
f 4403 4388 4404
f 4402 4403 4405
f 4407 4371 4336
f 4339 4373 4409
f 4252 4389 4390
f 4390 4410 4374
f 4390 4374 4257
f 4391 4340 4412
f 4374 4411 4392
f 4395 4413 4340
f 4414 4394 4399
f 4414 4378 4394
f 4219 4378 4415
f 4416 4399 4417
f 4378 4414 4399
f 4378 4399 4416
f 4416 4418 4378
f 4418 4415 4378
f 4416 4419 4418
f 4420 4418 4419
f 4421 4417 4360
f 4421 4416 4417
f 4419 4416 4421
f 4226 4359 4422
f 4419 4421 4422
f 4424 4425 4402
f 4424 4423 4438
f 4438 4425 4424
f 4403 4404 4405
f 4402 4405 4406
f 4405 4423 4406
f 4423 4424 4406
f 4405 4371 4438
f 4405 4438 4423
f 4438 4440 4425
f 4338 4442 4426
f 4336 4337 4407
f 4299 4408 4389
f 4373 4254 4427
f 4428 4391 4412
f 4429 4392 4411
f 4219 4415 4432
f 4340 4413 4412
f 4429 4430 4392
f 4415 4418 4432
f 4432 4418 4420
f 4219 4432 4395
f 4432 4420 4433
f 4432 4431 4434
f 4420 4419 4433
f 4436 4433 4435
f 4433 4436 4431
f 4436 4434 4431
f 4422 4435 4419
f 4419 4435 4433
f 4422 4436 4435
f 4448 4436 4422
f 4448 4422 4437
f 4437 4422 4452
f 4441 4425 4440
f 4439 4440 4438
f 4439 4441 4440
f 4441 4443 4442
f 4587 4784 4806
f 4438 4371 4407
f 4444 4407 4337
f 4426 4299 4338
f 4391 4427 4254
f 4391 4446 4427
f 4428 4446 4391
f 4410 4411 4374
f 4432 4434 4395
f 4436 4448 4434
f 4449 4434 4448
f 4448 4450 4449
f 4451 4434 4449
f 4451 4449 4450
f 4451 4395 4434
f 4454 4413 4451
f 4451 4413 4395
f 4437 4450 4448
f 4454 4451 4450
f 4450 4437 4454
f 4422 4455 4452
f 4452 4455 4456
f 4453 4437 4452
f 4452 4456 4453
f 4453 4456 4455
f 4438 4407 4439
f 4407 4443 4439
f 4439 4443 4441
f 4457 4442 4443
f 4443 4444 4457
f 4469 4458 4457
f 4407 4444 4443
f 4444 4337 4409
f 4337 4339 4409
f 4445 4409 4373
f 4389 4408 4459
f 4460 4445 4373
f 4390 4389 4461
f 4459 4461 4389
f 4427 4460 4373
f 4447 4412 4413
f 4447 4413 4464
f 4453 4454 4437
f 4413 4454 4463
f 4454 4453 4463
f 4413 4463 4464
f 4465 4464 4463
f 4359 4392 4430
f 4463 4453 4455
f 4455 4466 4463
f 4463 4466 4465
f 4758 4753 4757
f 4430 4466 4455
f 4466 4464 4465
f 4464 4466 4430
f 4464 4430 4478
f 4429 4467 4430
f 4468 4469 4457
f 4468 4470 4469
f 4468 4457 4444
f 4469 4470 4458
f 4470 4468 4471
f 4408 4299 4426
f 4475 4444 4409
f 4446 4462 4427
f 4476 4447 4464
f 4476 4464 4478
f 4478 4477 4476
f 4479 4476 4477
f 4447 4476 4479
f 4478 4479 4477
f 4478 4480 4479
f 4480 4478 4467
f 4467 4478 4430
f 4471 4468 4472
f 4468 4481 4472
f 4481 4491 4472
f 4472 4491 4482
f 4481 4468 4444
f 4483 4445 4460
f 4461 4459 4484
f 4462 4460 4427
f 4390 4461 4410
f 4410 4461 4485
f 4410 4485 4411
f 4486 4479 4480
f 4479 4488 4447
f 4479 4486 4487
f 4488 4479 4487
f 4489 4488 4490
f 4447 4488 4489
f 4487 4486 4490
f 4488 4487 4490
f 4490 4486 4499
f 4634 4627 4630
f 4486 4467 4499
f 4473 4472 4482
f 4491 4473 4482
f 4492 4473 4491
f 4493 4491 4481
f 4492 4491 4493
f 4481 4503 4493
f 4481 4444 4503
f 4473 4492 4502
f 4494 4503 4444
f 4475 4409 4445
f 4408 4484 4459
f 4412 4495 4428
f 4412 4447 4495
f 4496 4489 4490
f 4489 4496 4447
f 4447 4496 4497
f 4490 4499 4496
f 4498 4496 4499
f 4499 4500 4498
f 4429 4500 4499
f 4492 4501 4502
f 4493 4501 4492
f 4503 4501 4493
f 4503 4504 4501
f 4503 4494 4515
f 4501 4505 4502
f 4473 4502 4505
f 4474 4505 4506
f 4505 4501 4504
f 4505 4504 4506
f 4560 4592 4558
f 4503 4515 4504
f 4494 4444 4475
f 4475 4483 4509
f 4508 4484 4408
f 4483 4475 4445
f 4495 4510 4428
f 4429 4511 4500
f 4495 4447 4497
f 4496 4498 4512
f 4496 4512 4497
f 4513 4519 4512
f 4512 4498 4500
f 4500 4513 4512
f 4500 4523 4513
f 4519 4513 4523
f 4523 4500 4514
f 4507 4506 4515
f 4515 4506 4504
f 4516 4517 4507
f 4507 4515 4516
f 4516 4515 4494
f 4518 4517 4516
f 4517 4474 4506
f 4475 4509 4494
f 4474 4508 4408
f 4659 4483 4460
f 4766 4485 4461
f 4411 4511 4429
f 4519 4520 4497
f 4495 4497 4521
f 4512 4519 4497
f 4519 4523 4524
f 4520 4519 4525
f 4519 4524 4525
f 4525 4524 4514
f 4523 4514 4524
f 4527 4514 4526
f 4514 4500 4526
f 4516 4494 4518
f 4529 4518 4494
f 4529 4531 4518
f 4529 4528 4531
f 4518 4531 4530
f 4530 4474 4518
f 4474 4517 4518
f 4532 4474 4561
f 4455 4422 4359
f 4509 4483 4534
f 4485 4581 4585
f 4485 4585 4411
f 4497 4520 4521
f 4525 4514 4527
f 4525 4521 4520
f 4525 4535 4521
f 4535 4525 4527
f 4527 4553 4535
f 4553 4527 4537
f 4432 4433 4431
f 4536 4526 4522
f 4526 4537 4527
f 4537 4526 4536
f 4500 4522 4526
f 4537 4536 4538
f 4538 4536 4522
f 4528 4539 4531
f 4528 4529 4494
f 4539 4528 4540
f 4530 4531 4539
f 4539 4540 4530
f 4561 4474 4530
f 4530 4540 4561
f 4509 4541 4494
f 4508 4474 4532
f 4508 4532 4533
f 4542 4509 4534
f 4534 4483 4543
f 4659 4543 4483
f 4544 4659 4460
f 4461 4484 4545
f 4461 4545 4671
f 4460 4462 4546
f 4766 4461 4547
f 4548 4462 4446
f 4548 4546 4462
f 4446 4549 4548
f 4549 4446 4582
f 4446 4428 4582
f 4428 4510 4551
f 4521 4553 4537
f 4554 4521 4537
f 4495 4521 4555
f 4521 4554 4555
f 4555 4556 4495
f 4554 4558 4555
f 4537 4557 4558
f 4554 4537 4558
f 4537 4538 4557
f 4806 4807 4786
f 4559 4558 4557
f 4560 4558 4559
f 4559 4522 4560
f 4494 4540 4528
f 4540 4562 4561
f 4562 4564 4561
f 4562 4563 4564
f 4565 4563 4562
f 4610 4565 4562
f 4561 4564 4566
f 4564 4607 4566
f 4567 4532 4561
f 4567 4563 4532
f 4566 4607 4605
f 4566 4567 4561
f 4567 4564 4563
f 4562 4540 4494
f 4562 4494 4610
f 4563 4568 4532
f 4541 4610 4494
f 4569 4570 4541
f 4568 4613 4532
f 4614 4541 4572
f 4571 4569 4541
f 4541 4509 4572
f 4533 4620 4573
f 4574 4572 4509
f 4574 4509 4624
f 4628 4627 4575
f 4628 4575 4573
f 4577 4543 4659
f 4659 4544 4578
f 4544 4460 4579
f 4460 4580 4579
f 4428 4550 4582
f 4550 4581 4582
f 4582 4581 4583
f 4551 4550 4428
f 4550 4584 4585
f 4585 4581 4550
f 4358 4380 4379
f 4551 4510 4587
f 4588 4587 4510
f 4495 4556 4590
f 4206 4169 4168
f 4556 4558 4592
f 4556 4555 4558
f 4593 4556 4592
f 4593 4590 4556
f 4592 4594 4590
f 4592 4590 4593
f 4590 4594 4595
f 4597 4560 4598
f 4592 4560 4597
f 4592 4597 4594
f 4598 4560 4522
f 4595 4594 4598
f 4598 4594 4597
f 4511 4709 4598
f 4601 4600 4565
f 4600 4599 4603
f 4606 4565 4610
f 4605 4563 4565
f 4565 4609 4605
f 4604 4609 4565
f 4565 4600 4604
f 4606 4601 4565
f 4604 4601 4606
f 4605 4567 4566
f 4760 4762 4761
f 4607 4563 4605
f 4608 4567 4605
f 4608 4605 4609
f 4563 4608 4609
f 4612 4563 4609
f 4606 4609 4604
f 4611 4606 4610
f 4606 4611 4609
f 4612 4568 4563
f 4610 4568 4611
f 4611 4568 4612
f 4611 4612 4609
f 4570 4610 4541
f 4532 4570 4569
f 4570 4532 4613
f 4642 4644 4732
f 4641 4731 4640
f 4570 4568 4610
f 4613 4568 4570
f 4571 4541 4614
f 4571 4614 4615
f 4532 4571 4533
f 4571 4615 4533
f 4614 4572 4615
f 4615 4572 4617
f 4617 4533 4615
f 4618 4533 4617
f 4617 4572 4616
f 4619 4617 4616
f 4618 4620 4533
f 4719 4616 4572
f 4720 4573 4620
f 4574 4573 4621
f 4574 4621 4572
f 4721 4722 4573
f 4630 4624 4509
f 4623 4624 4633
f 4633 4624 4630
f 4623 4625 4624
f 4626 4623 4633
f 4574 4624 4573
f 4624 4625 4573
f 4573 4625 4628
f 4621 4573 4722
f 4623 4629 4625
f 4630 4509 4631
f 4712 4710 4715
f 4575 4627 4634
f 4631 4634 4630
f 4632 4634 4631
f 4595 4598 4709
f 4632 4635 4634
f 4631 4509 4725
f 4636 4509 4542
f 4636 4725 4509
f 4636 4729 4637
f 4638 4542 4534
f 4641 4638 4534
f 4637 4639 4576
f 4639 4640 4576
f 4534 4642 4731
f 4643 4534 4543
f 4534 4643 4642
f 4645 4644 4643
f 4646 4484 4576
f 4644 4642 4643
f 4576 4731 4642
f 4640 4731 4576
f 4576 4732 4646
f 4647 4543 4648
f 4643 4543 4647
f 4649 4543 4577
f 4650 4645 4643
f 4649 4648 4543
f 4646 4648 4484
f 4651 4647 4648
f 4644 4645 4651
f 4646 4651 4648
f 4650 4647 4651
f 4645 4650 4651
f 4577 4659 4652
f 4652 4653 4577
f 4655 4484 4648
f 4653 4656 4655
f 4656 4658 4655
f 4657 4655 4648
f 4659 4660 4652
f 4658 4663 4484
f 4664 4660 4663
f 4658 4664 4663
f 4663 4667 4484
f 4665 4578 4544
f 4665 4666 4578
f 4661 4659 4578
f 4647 4650 4643
f 4668 4669 4544
f 4669 4745 4544
f 4668 4670 4669
f 4671 4544 4745
f 4672 4544 4579
f 4668 4544 4672
f 4751 4673 4672
f 4675 4673 4751
f 4673 4675 4676
f 4460 4546 4580
f 4579 4580 4680
f 4677 4579 4679
f 4579 4678 4672
f 4679 4579 4680
f 4675 4679 4680
f 4675 4680 4671
f 4751 4679 4675
f 4680 4580 4681
f 4759 4547 4680
f 4760 4546 4548
f 4546 4760 4682
f 4549 4683 4548
f 4683 4685 4548
f 4548 4685 4686
f 4765 4548 4684
f 4760 4548 4765
f 4585 4552 4411
f 4686 4684 4548
f 4549 4688 4774
f 4683 4549 4774
f 4485 4772 4586
f 4549 4582 4583
f 4689 4549 4583
f 4688 4549 4689
f 4550 4551 4584
f 4691 4551 4690
f 4691 4584 4551
f 4695 4691 4690
f 4584 4692 4585
f 4586 4583 4581
f 4586 4693 4583
f 4583 4693 4689
f 4690 4551 4695
f 4695 4551 4587
f 4697 4585 4696
f 4585 4697 4552
f 4607 4567 4608
f 4588 4510 4698
f 4601 4604 4716
f 4699 4698 4495
f 4699 4700 4701
f 4495 4698 4510
f 4699 4703 4702
f 4411 4589 4511
f 4589 4704 4707
f 4411 4552 4589
f 4596 4495 4590
f 4495 4596 4705
f 4495 4700 4699
f 4700 4495 4797
f 4797 4495 4705
f 4700 4706 4591
f 4700 4511 4701
f 4700 4591 4511
f 4707 4701 4511
f 4703 4699 4701
f 4706 4708 4591
f 4569 4571 4532
f 4595 4596 4590
f 4595 4709 4710
f 4596 4595 4710
f 4710 4711 4596
f 4710 4712 4711
f 4713 4596 4711
f 4711 4709 4591
f 4591 4714 4711
f 4557 4538 4559
f 4710 4709 4715
f 4709 4711 4712
f 4712 4715 4709
f 4599 4716 4602
f 4600 4716 4599
f 4717 4599 4602
f 4602 4716 4718
f 4717 4602 4718
f 4603 4599 4717
f 4600 4601 4716
f 4718 4603 4717
f 4718 4600 4603
f 4604 4600 4718
f 4618 4617 4619
f 4616 4620 4618
f 4616 4618 4619
f 4719 4572 4621
f 4720 4719 4622
f 4720 4620 4616
f 4719 4720 4616
f 4622 4719 4621
f 4720 4721 4573
f 4720 4622 4721
f 4625 4723 4628
f 4722 4622 4621
f 4623 4626 4629
f 4629 4723 4625
f 4622 4722 4721
f 4629 4626 4724
f 4723 4627 4628
f 4630 4627 4633
f 4723 4633 4627
f 4626 4633 4724
f 4724 4633 4723
f 4629 4724 4723
f 4631 4725 4635
f 4632 4631 4635
f 4635 4575 4634
f 4635 4725 4575
f 4725 4727 4575
f 4725 4726 4727
f 4442 4457 4458
f 4726 4725 4636
f 4637 4726 4636
f 4726 4637 4727
f 4727 4637 4575
f 4636 4728 4729
f 4728 4636 4542
f 4728 4542 4638
f 4730 4639 4637
f 4637 4729 4730
f 4638 4639 4730
f 4728 4638 4729
f 4638 4730 4729
f 4639 4638 4641
f 4641 4534 4731
f 4641 4640 4639
f 4576 4642 4732
f 4644 4651 4646
f 4644 4646 4732
f 4649 4657 4648
f 4654 4649 4577
f 4654 4657 4649
f 4653 4654 4577
f 4733 4653 4652
f 4657 4653 4655
f 4653 4733 4656
f 4654 4653 4657
f 4662 4652 4660
f 4659 4661 4660
f 4652 4662 4733
f 4661 4663 4660
f 4661 4734 4663
f 4660 4664 4662
f 4662 4664 4735
f 4733 4658 4656
f 4735 4664 4658
f 4662 4735 4733
f 4733 4735 4658
f 4736 4661 4578
f 4666 4736 4578
f 4666 4738 4736
f 4734 4661 4738
f 4738 4661 4736
f 4734 4737 4739
f 4666 4667 4738
f 4663 4739 4667
f 4737 4738 4739
f 4739 4738 4667
f 4734 4739 4663
f 4665 4740 4666
f 4544 4741 4740
f 4742 4741 4544
f 4740 4665 4544
f 4743 4666 4740
f 4743 4545 4666
f 4742 4544 4671
f 4743 4740 4744
f 4744 4741 4742
f 4741 4744 4740
f 4744 4742 4743
f 4666 4545 4667
f 4545 4742 4671
f 4743 4742 4545
f 4745 4747 4671
f 4746 4745 4669
f 4746 4669 4670
f 4747 4745 4670
f 4670 4745 4746
f 4668 4672 4674
f 4674 4672 4673
f 4674 4748 4668
f 4673 4676 4674
f 4668 4748 4670
f 4674 4676 4749
f 4747 4676 4671
f 4676 4675 4671
f 4748 4747 4670
f 4749 4676 4747
f 4748 4749 4747
f 4677 4750 4579
f 4678 4579 4750
f 4681 4580 4758
f 4678 4751 4672
f 4678 4752 4751
f 4679 4751 4677
f 4752 4677 4751
f 4546 4753 4580
f 4753 4546 4754
f 4753 4754 4755
f 4753 4755 4756
f 4753 4756 4757
f 4680 4681 4759
f 4759 4756 4755
f 4756 4759 4803
f 4757 4756 4803
f 4682 4754 4546
f 4760 4761 4682
f 4547 4761 4764
f 4762 4763 4761
f 4761 4755 4754
f 4754 4682 4761
f 4764 4761 4763
f 4755 4761 4759
f 4547 4759 4761
f 4765 4762 4760
f 4762 4765 4767
f 4773 4766 4762
f 4762 4766 4764
f 4764 4763 4762
f 4773 4762 4767
f 4764 4766 4547
f 4683 4768 4769
f 4685 4683 4686
f 4683 4772 4686
f 4770 4683 4769
f 4804 4771 4683
f 4684 4686 4765
f 4767 4686 4687
f 4686 4772 4687
f 4767 4765 4686
f 4683 4771 4772
f 4766 4773 4687
f 4767 4687 4773
f 4774 4688 4781
f 4775 4774 4781
f 4775 4776 4774
f 4776 4683 4774
f 4768 4683 4776
f 4777 4776 4775
f 4778 4768 4776
f 4776 4777 4778
f 4775 4586 4779
f 4775 4779 4777
f 4586 4772 4771
f 4771 4780 4586
f 4781 4688 4689
f 4689 4694 4781
f 4781 4782 4775
f 4782 4781 4694
f 4775 4782 4586
f 4779 4586 4780
f 4691 4692 4584
f 4783 4585 4692
f 4696 4585 4783
f 4353 4351 4356
f 4693 4694 4689
f 4693 4586 4694
f 4782 4694 4586
f 4315 4355 4354
f 4806 4784 4788
f 4587 4697 4695
f 4786 4697 4587
f 4353 4315 4267
f 4691 4695 4692
f 4696 4783 4695
f 4695 4783 4692
f 4695 4697 4696
f 4351 4266 4315
f 4697 4787 4788
f 4588 4698 4789
f 4588 4789 4552
f 4785 4784 4588
f 4784 4587 4588
f 4790 4588 4552
f 4790 4785 4588
f 4552 4788 4790
f 4697 4788 4552
f 4698 4699 4791
f 4791 4699 4702
f 4791 4702 4794
f 4702 4703 4793
f 4792 4698 4791
f 4794 4702 4793
f 4793 4801 4794
f 4792 4795 4698
f 4698 4795 4589
f 4589 4795 4796
f 4789 4589 4552
f 4345 4313 4344
f 4589 4796 4704
f 4706 4700 4797
f 4706 4797 4798
f 4706 4798 4799
f 4706 4799 4708
f 4708 4799 4800
f 4701 4707 4704
f 4701 4704 4703
f 4703 4704 4793
f 4704 4801 4793
f 4596 4713 4705
f 4713 4714 4705
f 4713 4711 4714
f 4591 4802 4714
f 4797 4705 4802
f 4798 4797 4802
f 4802 4705 4714
f 4800 4802 4591
f 4800 4591 4708
f 4798 4802 4800
f 4798 4800 4799
f 4737 4734 4738
f 4674 4749 4748
f 4750 4752 4678
f 4677 4752 4750
f 4803 4759 4681
f 4758 4803 4681
f 4758 4757 4803
f 4770 4804 4683
f 4770 4769 4780
f 4770 4780 4804
f 4769 4768 4778
f 4769 4778 4780
f 4779 4780 4778
f 4779 4778 4777
f 4805 4804 4780
f 4805 4780 4771
f 4805 4771 4804
f 4806 4786 4587
f 4809 4807 4806
f 4808 4697 4786
f 4806 4788 4787
f 4806 4787 4809
f 4807 4808 4786
f 4809 4808 4807
f 4809 4697 4808
f 4787 4697 4809
f 4785 4790 4810
f 4784 4785 4811
f 4785 4810 4811
f 4811 4788 4784
f 4811 4790 4788
f 4811 4810 4790
f 4791 4794 4792
f 4796 4795 4812
f 4812 4795 4792
f 4812 4792 4801
f 4792 4794 4801
f 4796 4812 4704
f 4704 4812 4801
f 4758 4580 4753
f 4567 4607 4564
f 4406 4424 4402
f 4789 4698 4589
f 4563 4607 4608
f 4604 4718 4716
f 4521 4535 4553
f 4486 4480 4467
f 4399 4360 4417
f 4383 4400 4370
f 4397 4350 4381
f 4354 4351 4315
f 4315 4352 4355
f 4221 4310 4265
f 4225 4226 4197
f 4192 4139 4138
f 4441 4442 4425
f 4426 4470 4472
f 4426 4472 4473
f 4473 4505 4474
f 4507 4517 4506
f 4575 4637 4484
f 4430 4455 4359
f 4680 4547 4461
f 4667 4545 4484
f 4687 4772 4485
f 4484 4655 4658
f 4522 4500 4511
f 4586 4581 4485
f 4573 4575 4508
f 4499 4467 4429
f 4671 4680 4461
f 4575 4484 4508
f 4598 4522 4511
f 4511 4591 4709
f 4533 4573 4508
f 4766 4687 4485
f 4522 4559 4538
f 4637 4576 4484
f 4358 4353 4226
f 4382 4380 4226
f 4422 4421 4226
f 4353 4267 4226
f 4402 4425 4442
f 4402 4442 4338
f 4442 4458 4470
f 4472 4470 4471
f 4335 4338 4208
f 4474 4408 4426
f 4338 4335 4388
f 4442 4470 4426
f 4473 4474 4426
f 4511 4589 4707
f 4868 4890 4900
f 4942 4947 4937
f 5474 4845 4823
f 5097 5081 5427
f 5023 5097 5022
f 4872 4871 4852
f 5081 5095 5427
f 4931 4929 4888
f 4852 4871 4848
f 4998 4956 4971
f 4875 4876 4858
f 5049 5067 5030
f 5057 5060 5058
f 5487 4818 5111
f 5049 5030 4983
f 4833 4894 4903
f 5407 4833 5112
f 4851 5494 4852
f 5455 4918 4903
f 5094 5458 5063
f 4923 4817 4902
f 5046 5079 5090
f 5064 5459 5066
f 4940 4909 4893
f 4935 5028 4981
f 4919 4912 4956
f 5187 5185 5186
f 4884 4893 4904
f 5008 4987 5009
f 5406 4850 4853
f 4887 4896 4898
f 5076 5062 5065
f 4820 4847 4885
f 4974 4938 4936
f 5056 5039 5055
f 4813 4817 4922
f 4842 4839 4882
f 4867 4846 4845
f 4901 4902 4874
f 4972 4982 4975
f 4900 4913 4957
f 5005 4973 4977
f 4997 4941 5020
f 5049 4983 5022
f 4883 4865 4925
f 5465 4826 4827
f 5457 5063 5458
f 4955 4951 4950
f 5030 5006 4983
f 5476 4939 4893
f 4974 4976 4942
f 5034 5041 5033
f 5065 5091 5089
f 4889 4888 4891
f 5044 5016 5047
f 4877 4875 4833
f 5038 5052 5042
f 4898 4899 4906
f 4928 4965 4968
f 4962 4927 4921
f 5034 5461 5462
f 5019 5021 5018
f 4958 4957 4961
f 4888 4930 4891
f 4846 4847 4844
f 4878 4950 4876
f 5028 5050 5026
f 4820 4844 4847
f 5476 4937 4946
f 5027 5000 4975
f 4912 4917 4916
f 5037 5032 5011
f 4926 4883 4925
f 4993 4992 4994
f 4850 5406 4820
f 4926 4928 4966
f 5469 5470 5471
f 4977 4978 5009
f 4876 4857 4858
f 5461 5040 5463
f 5099 5083 5084
f 4992 5013 5033
f 4839 4842 4818
f 5073 5055 5072
f 4845 4843 5467
f 4816 4963 4902
f 5059 5072 5054
f 5089 5091 5103
f 4848 5476 5471
f 4862 4835 4836
f 4913 4900 4854
f 4960 4990 4989
f 5043 5058 5060
f 4873 4817 4813
f 4866 4867 4894
f 4959 4962 4921
f 5072 5055 5054
f 5116 5132 4837
f 4924 4813 4922
f 5055 5035 5056
f 5007 5010 4977
f 4903 4904 4905
f 4901 4938 4902
f 5089 5103 5092
f 4947 4946 4937
f 4855 4894 4833
f 5023 5002 5024
f 4932 4970 4999
f 5018 5021 4997
f 5102 5086 5101
f 4888 4898 4931
f 4910 4850 4820
f 4919 4956 4985
f 5056 5041 5462
f 4995 5015 5043
f 5494 5495 4852
f 5017 5077 5088
f 4933 4850 4910
f 4917 4955 4878
f 5024 5003 5025
f 4819 4835 5129
f 4950 4951 4908
f 5434 5103 5437
f 5420 5421 5466
f 5490 4823 5467
f 5069 5052 5084
f 4818 5478 5111
f 5471 4884 4867
f 4933 4886 4866
f 4839 4840 4882
f 5088 5078 5065
f 4861 4865 4860
f 4976 4974 5001
f 5434 5430 5429
f 4956 4910 4885
f 4961 4957 4913
f 5106 5098 5100
f 4987 5007 5009
f 5062 5076 5075
f 5043 5059 5054
f 4977 5010 5005
f 5017 5087 5045
f 5033 5012 4992
f 5471 5476 4884
f 4899 4896 4897
f 5063 5457 5019
f 4896 4870 4897
f 4945 4958 4986
f 5032 5005 5011
f 4926 4925 4927
f 4848 4871 5476
f 5018 5045 5019
f 5011 4990 5037
f 4825 5465 4827
f 4952 4939 4946
f 4980 4943 4941
f 5466 4824 5420
f 4860 4865 4883
f 4954 4947 4914
f 4955 4985 4951
f 5074 5057 5042
f 4981 4999 4934
f 4853 4894 4855
f 4881 4842 4882
f 4828 5474 4829
f 4819 4834 4836
f 5093 5096 5433
f 4928 4968 5058
f 5076 5078 5077
f 5087 5102 5092
f 5086 5102 5087
f 4949 4914 4948
f 4918 4910 4911
f 4878 4877 4918
f 4871 4873 4813
f 4862 4882 4840
f 4977 5009 5007
f 5437 5433 5436
f 4868 4900 4899
f 4888 4889 4869
f 4978 5050 5031
f 5082 5051 5098
f 4879 4925 4865
f 4951 4996 4933
f 4834 4857 4859
f 5008 4935 4986
f 5000 5027 5001
f 5029 5099 5098
f 4957 4958 4900
f 5475 5470 5469
f 4894 4884 4903
f 5092 5102 5065
f 5461 5058 5036
f 5057 5463 5462
f 5013 5034 5033
f 4962 4965 4927
f 5052 5038 4991
f 5052 4991 5006
f 5406 4853 4855
f 5098 5099 5082
f 4830 4851 5405
f 5102 5101 5065
f 5012 5032 5037
f 5468 5465 4825
f 4939 4940 4893
f 4941 5021 4980
f 4910 5455 4944
f 5103 5104 5092
f 4992 5012 4994
f 4983 4914 4979
f 4966 4924 4926
f 5065 5089 5092
f 5036 5038 5462
f 5073 5053 5055
f 4978 5008 5009
f 5008 4978 5031
f 4872 4856 4854
f 5080 5106 5105
f 5070 5071 5099
f 4840 4841 4863
f 5464 5466 4843
f 5058 5463 5057
f 4896 4899 4898
f 4863 4841 4864
f 4932 4892 4891
f 4910 4944 4933
f 5361 5392 5402
f 5033 5041 5035
f 4966 4964 4963
f 4887 4898 4888
f 5427 5095 5431
f 4954 4914 4983
f 5103 5091 5435
f 5062 5044 5061
f 4984 4991 4960
f 4836 4834 4859
f 4903 4918 4877
f 5468 5490 5467
f 4862 4836 4882
f 4828 4829 5489
f 4992 5015 4995
f 5022 5002 5023
f 4995 5043 5054
f 4972 4936 4892
f 4989 4990 5011
f 4982 5005 5004
f 5055 5039 5054
f 5042 5068 5071
f 5114 4840 4839
f 4985 4955 4919
f 5473 5472 5470
f 4915 4876 4914
f 5079 5092 5090
f 4934 4969 4929
f 4902 4873 4874
f 4937 4813 4816
f 5467 5421 5438
f 5039 5056 5040
f 5026 4981 5028
f 5465 5408 4826
f 4910 4912 4911
f 5046 5019 5045
f 4943 4909 4941
f 5465 5467 5408
f 4822 5114 5115
f 4993 4964 4992
f 4936 4901 4892
f 4949 4943 4980
f 5006 5030 5051
f 4844 4843 4846
f 4895 4887 4870
f 5026 5050 4978
f 5005 5029 5004
f 5060 5059 5043
f 4816 4938 4937
f 4880 4913 4854
f 4828 4827 5474
f 5466 5421 5467
f 4972 4932 4973
f 4938 4816 4902
f 5017 5086 5087
f 4982 4972 4973
f 5063 5046 5090
f 4879 4921 4925
f 5059 5074 5072
f 5082 5084 5051
f 4861 5478 4865
f 4968 4967 5014
f 5027 5065 5061
f 4834 5126 4832
f 4980 5025 5003
f 4954 4983 4953
f 4880 4854 4856
f 5097 5023 5081
f 5014 4994 5012
f 4821 5493 4856
f 4896 4895 4870
f 5070 5073 5074
f 5027 5004 5029
f 5098 5051 5067
f 5080 5105 5091
f 4871 4813 4937
f 4900 4958 4945
f 5436 5434 5437
f 5129 4835 4837
f 4964 4913 4920
f 5038 4990 4991
f 4978 4999 5026
f 5027 5029 5098
f 4856 5493 4860
f 4886 4885 4866
f 5061 5044 5047
f 5430 5096 5429
f 5098 5067 5100
f 5027 5061 5047
f 4979 5002 4983
f 5053 5012 5035
f 4822 5116 4838
f 5022 5067 5049
f 5017 5045 5018
f 5471 5470 5472
f 4982 5004 4975
f 4997 5020 5017
f 4836 4859 4879
f 5103 5434 5429
f 4841 4822 4864
f 4976 5020 4941
f 5057 5074 5059
f 4952 4959 4915
f 4964 4923 4963
f 4849 5489 4829
f 4901 4890 4892
f 5012 5033 5035
f 5100 5022 5097
f 4905 4908 4903
f 4979 4914 4949
f 5429 5094 5104
f 4942 4940 4939
f 5073 5072 5074
f 5436 5433 5430
f 4888 4869 4887
f 5457 5025 4980
f 4974 4942 4938
f 4815 4816 4813
f 5492 4825 4828
f 5473 4826 4848
f 4916 4917 4918
f 5005 5010 5011
f 4893 4909 4904
f 4988 5007 4987
f 5491 4849 4823
f 5063 5104 5094
f 5435 5433 5437
f 5020 5016 5075
f 4848 5471 5472
f 5477 4894 4867
f 5031 5050 5028
f 4874 4900 4890
f 4830 4831 4851
f 4909 4943 4949
f 5020 5075 5077
f 4996 4971 4886
f 4874 4873 4872
f 5112 4833 4832
f 4879 4865 4881
f 4940 4942 4976
f 5469 5474 5475
f 5002 5022 4983
f 5476 4871 4937
f 5456 4866 4894
f 4930 4970 4891
f 4962 4960 4989
f 5044 5062 5075
f 4870 4868 4897
f 4959 4857 4915
f 5068 5042 5052
f 4939 5476 4946
f 5065 5027 5080
f 5475 4826 5473
f 4909 4948 4904
f 4935 4907 4945
f 5472 5473 4848
f 4854 4874 4872
f 5077 5078 5088
f 4910 4820 4885
f 4856 4872 5495
f 5492 5488 5468
f 5323 5391 5394
f 5084 5082 5099
f 4944 4908 4951
f 4818 4842 5478
f 4933 4996 4886
f 4976 5047 5016
f 4926 4924 4922
f 4892 4890 4891
f 4940 4941 4909
f 5003 5024 5002
f 4944 5455 4908
f 4821 4830 5478
f 4966 4815 4924
f 5024 5025 5093
f 4908 4876 4950
f 4967 4965 4962
f 4876 4948 4914
f 5047 4976 5001
f 5037 5038 5036
f 4880 4860 4920
f 5015 4928 5058
f 4997 5017 5018
f 5065 5062 5061
f 4820 4814 4824
f 5435 5091 5428
f 5471 4845 5469
f 4940 4976 4941
f 4839 4818 5114
f 5087 5079 5045
f 4837 5132 5129
f 4912 4916 4911
f 4961 4913 4964
f 4974 5000 5001
f 5433 5432 5093
f 5004 5027 4975
f 4967 4962 4989
f 4863 4862 4840
f 4938 4901 4936
f 4959 4921 4857
f 4994 5014 4967
f 5459 4951 4985
f 4993 4961 4964
f 4896 4887 4895
f 4949 4948 4909
f 4917 4912 4955
f 5054 5013 4995
f 5010 4988 5011
f 5456 4933 4866
f 5438 5408 5467
f 4985 4956 4998
f 4830 4821 4831
f 4922 4817 4923
f 5407 5406 4855
f 5068 5052 5069
f 4990 4960 4991
f 5428 5431 5435
f 5085 5101 5017
f 5063 5092 5104
f 4887 4869 4870
f 4982 4973 5005
f 4868 4869 4889
f 5070 5053 5073
f 5023 5024 5081
f 5106 5100 5105
f 5432 5433 5435
f 4987 4958 4961
f 4971 4996 5064
f 4968 4965 4967
f 5428 5091 5105
f 4922 4920 4883
f 5032 5012 5053
f 5037 4990 5038
f 5405 4826 5408
f 4833 4875 4858
f 4831 4821 4856
f 5025 5457 5096
f 5025 5096 5093
f 4860 4883 4920
f 5044 5075 5016
f 5429 5104 5103
f 5081 5024 5095
f 5038 5042 5462
f 5405 4851 4852
f 4920 4922 4923
f 4929 4969 4930
f 5008 5031 4935
f 4960 4962 4959
f 4914 4942 4952
f 4836 4879 4881
f 4956 4912 4910
f 5466 5467 4843
f 4966 4963 4815
f 5105 5427 5431
f 4998 4971 5048
f 5430 5434 5436
f 4837 4864 4838
f 5066 5048 5064
f 4877 4833 4903
f 4934 4898 4935
f 4913 4880 4920
f 4894 4853 4850
f 4863 4837 4835
f 4992 4964 5015
f 4840 5114 4841
f 4867 4866 4846
f 5021 4941 4997
f 4953 4984 4946
f 4956 4886 4971
f 4907 4899 4900
f 5046 5045 5079
f 4993 4967 4989
f 4879 4859 4857
f 5041 5034 5462
f 4922 4883 4926
f 4862 4863 4835
f 5085 5065 5101
f 4932 4978 4977
f 5041 5056 5035
f 4981 5026 4999
f 4911 4916 4918
f 4820 4824 4844
f 4956 4885 4886
f 5058 5461 5463
f 5036 5012 5037
f 4972 4975 4936
f 4948 4876 4904
f 4912 4919 4955
f 4915 4914 4952
f 5034 5040 5461
f 4831 5495 5494
f 4934 4999 4969
f 5017 5101 5086
f 4924 4815 4813
f 4988 4961 4989
f 5464 4843 4844
f 5015 5058 5043
f 5042 5057 5462
f 5071 5074 5042
f 4970 4969 4999
f 5056 5462 5463
f 5095 5093 5432
f 5466 5464 4824
f 5066 4985 5048
f 4882 4836 4881
f 5011 4988 4989
f 4994 4967 4993
f 4857 4876 4915
f 4874 4890 4901
f 4954 4953 4947
f 5300 5299 5327
f 5478 4842 4865
f 5130 5175 5155
f 5459 5064 4996
f 5051 5084 5052
f 4908 4905 4876
f 5087 5092 5079
f 4832 4857 4834
f 5040 5034 5013
f 4861 4860 5493
f 4986 4958 4987
f 5052 5006 5051
f 5393 5391 5322
f 5454 5450 5449
f 5206 5241 5422
f 5303 5304 5283
f 5340 5358 5356
f 5291 5288 5308
f 4830 5147 5125
f 5341 5441 5354
f 5114 5134 5135
f 5226 5267 5266
f 5120 5122 5443
f 5378 5403 5404
f 5325 5271 5295
f 5312 5343 5385
f 5214 5174 5213
f 5142 5143 5162
f 5310 5263 5261
f 5184 5228 5194
f 5284 5283 5302
f 5148 5405 5144
f 5114 5136 5115
f 5289 5261 5258
f 5444 5139 5445
f 5283 5258 5255
f 5393 5414 5391
f 5297 5279 5320
f 5453 5447 5448
f 5216 5261 5219
f 5319 5318 5293
f 5231 5232 5194
f 5192 5166 5191
f 5229 5269 5273
f 4856 4860 4880
f 5159 5129 5131
f 5239 5236 5237
f 5127 5126 5154
f 5158 5130 5129
f 5228 5231 5194
f 5382 5397 5380
f 5270 5239 5272
f 5231 5225 5266
f 5268 5233 5271
f 5204 5247 5172
f 5379 5409 5393
f 5251 5250 5279
f 5371 5372 5370
f 5439 5334 5356
f 5288 5290 5307
f 5412 5411 5394
f 5300 5306 5305
f 5237 5238 5272
f 5406 5149 5146
f 5336 5339 5350
f 5407 5112 5127
f 5179 5221 5161
f 5288 5291 5310
f 5322 5323 5298
f 5405 5408 5121
f 5212 5214 5213
f 5357 5355 5358
f 5361 5388 5344
f 5315 5312 5375
f 5352 5291 5308
f 5365 5328 5349
f 5478 5161 5138
f 5288 5307 5308
f 5324 5274 5348
f 5159 5135 5158
f 5169 5107 5110
f 5109 5198 5260
f 5313 5292 5316
f 5419 5418 5415
f 5294 5229 5274
f 5449 5180 5454
f 5171 5154 5172
f 5268 5271 5278
f 5229 5188 5268
f 5410 5417 5413
f 5424 5425 5361
f 5181 5162 5143
f 5312 5313 5343
f 5108 5109 5260
f 5275 5298 5246
f 5334 5309 5356
f 5191 5166 5183
f 5230 5162 5182
f 5391 5415 5394
f 5289 5288 5261
f 5242 5282 5255
f 5189 5454 5180
f 5222 5263 5224
f 5227 5318 5182
f 5166 5193 5164
f 5336 5287 5286
f 5156 5216 5179
f 5321 5379 5322
f 5285 5306 5286
f 5241 5204 5422
f 5228 5184 5225
f 5357 5370 5372
f 5346 5293 5281
f 5446 5120 5443
f 5454 5144 5450
f 5403 5413 5409
f 5229 5273 5274
f 5201 5199 5204
f 5359 5345 5342
f 5263 5108 5260
f 5275 5279 5297
f 5158 5135 5178
f 5158 5178 5130
f 5411 5392 5394
f 5326 5329 5232
f 5279 5275 5210
f 5452 5117 5141
f 5222 5221 5179
f 5344 5388 5377
f 5446 5445 5481
f 5303 5232 5329
f 5261 5216 5209
f 5375 5374 5373
f 5363 5378 5325
f 5199 5173 5214
f 5151 5127 5190
f 5145 5452 5124
f 5135 5136 5114
f 5374 5375 5376
f 5201 5172 5200
f 5413 5414 5393
f 5116 5131 5132
f 5184 5183 5165
f 5272 5311 5345
f 5139 5142 5141
f 5306 5285 5284
f 5244 5243 5250
f 5252 5247 5248
f 5325 5359 5363
f 5211 5249 5210
f 5450 5451 5448
f 5127 5154 5171
f 5256 5257 5280
f 5232 5242 5203
f 5442 5118 5140
f 5295 5296 5325
f 5246 5205 5245
f 5384 5385 5400
f 5239 5249 5236
f 5215 5281 5253
f 5407 5127 5151
f 4814 5118 5420
f 5263 5260 5261
f 5162 5190 5163
f 5445 5438 5421
f 5364 5281 5426
f 5288 5310 5261
f 5170 5168 5169
f 5334 5335 5331
f 5350 5301 5287
f 5325 5296 5345
f 5134 5114 5111
f 5180 5200 5189
f 5282 5303 5283
f 5340 5352 5357
f 5320 5347 5365
f 5369 5339 5372
f 4819 5128 4834
f 5249 5211 5256
f 5251 5210 5244
f 5369 5367 5366
f 5253 5206 5208
f 5353 5341 5333
f 5317 5318 5319
f 5190 5199 5180
f 5276 5238 5240
f 5416 5419 5401
f 5175 5161 5221
f 5417 5419 5415
f 5176 5152 5150
f 5232 5277 5326
f 5291 5352 5340
f 5236 5243 5454
f 5312 5386 5375
f 5237 5205 5238
f 5397 5382 5381
f 5218 5222 5179
f 5355 5356 5358
f 5192 5191 5183
f 5217 5153 5175
f 5209 5150 5196
f 5169 5168 5167
f 5138 5178 5134
f 5297 5298 5275
f 5423 5206 5146
f 5327 5330 5300
f 5119 5140 5118
f 5207 5214 5212
f 5447 5453 5452
f 5350 5349 5301
f 5203 5196 5195
f 5412 5418 5416
f 5258 5261 5209
f 5481 5445 5117
f 5164 5186 5185
f 5418 5419 5416
f 5312 5385 5384
f 5206 5207 5208
f 5163 5142 5162
f 5375 5386 5376
f 5231 5266 5294
f 5214 5207 5206
f 5291 5340 5310
f 5342 5345 5311
f 5333 5341 5354
f 5109 5234 5235
f 5453 5448 5451
f 5345 5296 5272
f 5113 5478 4830
f 5259 5223 5262
f 5272 5238 5315
f 5185 5187 5184
f 5259 5217 5223
f 5316 5292 5238
f 5423 5162 5230
f 5411 5401 5402
f 5182 5162 5181
f 5235 5233 5197
f 5344 5377 5343
f 5281 5293 5253
f 5209 5216 5176
f 5404 5403 5398
f 5279 5280 5301
f 5367 5369 5381
f 5450 5144 5451
f 5246 5245 5210
f 5425 5424 5394
f 5444 5445 5421
f 4814 5406 5119
f 5277 5294 5324
f 5245 5200 5172
f 5330 5327 5351
f 5448 5449 5450
f 5184 5187 5226
f 5197 5170 5198
f 5379 5393 5322
f 5401 5411 5416
f 5401 5390 5402
f 5302 5273 5305
f 5306 5335 5286
f 5224 5356 5265
f 5447 5452 5141
f 5328 5279 5301
f 5318 5230 5182
f 5223 5224 5262
f 5224 5223 5222
f 5205 5200 5245
f 5332 5439 5338
f 5318 5317 5230
f 5442 5139 5444
f 5180 5163 5460
f 5268 5188 5233
f 5325 5378 5404
f 5205 5246 5240
f 5257 5285 5286
f 5158 5129 5159
f 5128 5155 5153
f 5344 5314 5361
f 5358 5340 5357
f 5112 5126 5127
f 5282 5283 5255
f 5299 5271 5325
f 5445 5141 5117
f 5423 5146 5190
f 5424 5316 5276
f 5256 5280 5243
f 5281 5215 5252
f 5351 5353 5333
f 5331 5335 5330
f 5123 5124 5452
f 5236 5189 5237
f 5398 5403 5409
f 5323 5394 5424
f 5190 5180 5460
f 5397 5381 5369
f 5253 5227 5181
f 5286 5287 5257
f 5366 5367 5350
f 5396 5365 5349
f 5420 5444 5421
f 5180 5199 5200
f 5250 5243 5280
f 5356 5355 5441
f 5380 5349 5382
f 5265 5264 5262
f 5370 5352 5353
f 5282 5242 5232
f 5265 5309 5264
f 5424 5276 5323
f 5170 5197 5186
f 5172 5154 5153
f 5315 5373 5311
f 5422 5204 5199
f 5239 5244 5210
f 5237 5189 5205
f 5387 5390 5401
f 5361 5402 5390
f 5274 5324 5294
f 5342 5311 5373
f 5244 5234 5243
f 5163 5449 5141
f 5368 5397 5369
f 5164 5185 5165
f 5197 5198 5235
f 5347 5320 5279
f 5326 5324 5348
f 5246 5276 5240
f 5447 5449 5448
f 5174 5214 5173
f 5278 5271 5299
f 5123 5122 5120
f 5438 5445 5408
f 5444 5118 5442
f 5426 5281 5248
f 5164 5195 5196
f 5315 5375 5373
f 5206 5119 5146
f 5483 5446 5479
f 5238 5276 5316
f 5210 5249 5239
f 5444 5420 5118
f 5216 5219 5218
f 5173 5127 5171
f 5129 5130 4819
f 5443 5122 5121
f 5229 5187 5188
f 5449 5163 5180
f 5483 5123 5120
f 5374 5363 5360
f 5303 5282 5232
f 5398 5395 5320
f 5371 5370 5353
f 5268 5269 5229
f 5218 5179 5216
f 5310 5340 5356
f 5404 5398 5396
f 5146 5119 5406
f 5182 5181 5227
f 5362 5364 5426
f 5273 5300 5305
f 5261 5260 5219
f 5417 5410 5389
f 5196 5254 5209
f 5250 5280 5279
f 5222 5218 5220
f 5363 5387 5389
f 5385 5377 5390
f 5270 5233 5235
f 5398 5409 5395
f 5320 5365 5398
f 5194 5202 5195
f 5190 5146 5149
f 5452 5453 5122
f 5198 5170 5169
f 5107 5218 5110
f 5237 5272 5239
f 5142 5140 5143
f 5156 5179 5161
f 5289 5290 5288
f 5251 5244 5250
f 5220 5107 5108
f 5243 5249 5256
f 5131 5133 5160
f 5172 5210 5245
f 5439 5441 5338
f 5264 5285 5259
f 5239 5234 5244
f 5454 5189 5236
f 5160 5133 5137
f 5308 5307 5332
f 5308 5337 5352
f 5293 5227 5253
f 5119 5118 4814
f 5163 5141 5142
f 5203 5194 5232
f 5295 5233 5270
f 5267 5294 5266
f 5276 5298 5323
f 5141 5445 5139
f 5336 5440 5339
f 5410 5403 5389
f 5454 5243 5234
f 5256 5217 5259
f 5445 5446 5443
f 5426 5317 5362
f 5383 5399 5363
f 5401 5419 5417
f 5355 5440 5441
f 5396 5380 5397
f 5273 5302 5304
f 5112 4832 5126
f 5378 5389 5403
f 5213 5252 5208
f 5172 5174 5171
f 5278 5300 5269
f 5446 5481 5479
f 5361 5314 5424
f 5169 5110 5198
f 5368 5351 5327
f 4830 5125 5113
f 5222 5223 5221
f 5175 5221 5217
f 5159 5131 5160
f 5196 5242 5255
f 5135 5159 5136
f 5460 5163 5190
f 5148 5144 5167
f 5339 5440 5355
f 5234 5109 5107
f 5325 5327 5299
f 5127 5199 5190
f 5395 5409 5379
f 5316 5424 5314
f 5175 5153 5155
f 5277 5231 5294
f 5277 5232 5231
f 5152 5176 5156
f 5119 5181 5143
f 5335 5334 5336
f 5423 5190 5162
f 5177 5178 5138
f 5126 5128 5153
f 5418 5412 5415
f 5396 5325 5404
f 5363 5359 5360
f 5333 5354 5332
f 5176 5150 5209
f 5293 5346 5319
f 5274 5329 5348
f 5149 5151 5190
f 5381 5382 5367
f 5347 5328 5365
f 5213 5174 5252
f 5313 5314 5343
f 5208 5212 5213
f 5396 5398 5365
f 5175 5177 5161
f 5368 5369 5372
f 5387 5401 5389
f 5176 5216 5156
f 5150 5168 5170
f 5324 5326 5277
f 5334 5307 5309
f 5248 5230 5317
f 5137 5115 5136
f 5272 5315 5311
f 5130 5177 5175
f 5350 5287 5336
f 5157 5156 5161
f 5183 5194 5192
f 5270 5235 5239
f 5339 5369 5366
f 5187 5229 5267
f 5164 5196 5186
f 5195 5164 5193
f 5414 5413 5417
f 5380 5396 5349
f 5309 5307 5290
f 5368 5372 5371
f 5411 5402 5392
f 5144 5454 5167
f 5361 5390 5388
f 5134 5111 5138
f 5133 5115 5137
f 5159 5160 5136
f 5410 5413 5403
f 5385 5343 5377
f 5412 5394 5415
f 5355 5357 5372
f 5354 5440 5332
f 5253 5181 5206
f 5292 5312 5315
f 5219 5198 5110
f 5344 5343 5314
f 5337 5308 5338
f 5443 5121 5408
f 5366 5350 5339
f 5481 5117 5482
f 5318 5227 5293
f 5223 5217 5221
f 5321 5320 5395
f 5317 5426 5248
f 5303 5329 5274
f 5256 5211 5153
f 5354 5441 5440
f 5247 5204 5248
f 5284 5258 5283
f 5292 5313 5312
f 5371 5353 5351
f 5100 5427 5105
f 5290 5264 5309
f 5377 5388 5390
f 5189 5200 5205
f 5482 5117 5145
f 5215 5253 5208
f 5325 5396 5327
f 5405 5121 5144
f 5335 5336 5286
f 4830 5405 5147
f 5395 5379 5321
f 5122 5453 5121
f 5442 5140 5139
f 5363 5390 5387
f 5325 5345 5359
f 5119 5143 5140
f 5208 5252 5215
f 5218 5219 5110
f 5305 5284 5302
f 5283 5304 5302
f 5202 5203 5195
f 5307 5334 5331
f 5356 5441 5439
f 5422 5214 5206
f 5211 5210 5172
f 5364 5346 5281
f 5152 5156 5484
f 5111 5478 5138
f 5174 5172 5247
f 5409 5413 5393
f 5278 5299 5300
f 5241 5248 5204
f 5178 5177 5130
f 5342 5373 5360
f 5199 5201 5200
f 4819 5130 5128
f 5010 5007 4988
f 5301 5349 5328
f 5071 5068 5069
f 5360 5373 5374
f 5319 5362 5317
f 5204 5172 5201
f 5312 5384 5399
f 5310 5224 5263
f 4834 5128 5126
f 5449 5447 5141
f 5341 5353 5337
f 5188 5187 5186
f 4930 4969 4970
f 5320 5321 5297
f 5428 5105 5431
f 4976 5016 5020
f 5467 5465 5468
f 4963 4923 4902
f 5048 4985 4998
f 5002 4979 5003
f 4822 5115 5116
f 4835 4819 4836
f 4938 4942 4937
f 4818 5487 5114
f 4868 4870 4869
f 4920 4923 4964
f 4874 4854 4900
f 4959 4984 4960
f 4907 4935 4898
f 5076 5065 5078
f 4877 4878 4875
f 5098 5106 5027
f 5248 5241 5230
f 5260 5198 5219
f 5154 5126 5153
f 5349 5350 5382
f 5168 5150 5152
f 5173 5199 5127
f 5224 5265 5262
f 5233 5188 5197
f 5406 5151 5149
f 5467 4823 4845
f 5080 5091 5065
f 5455 4910 4918
f 4931 4898 4934
f 5415 5391 5414
f 5353 5352 5337
f 5153 5211 5172
f 5192 5193 5166
f 5351 5333 5331
f 4876 4875 4878
f 4867 4845 5471
f 4891 4890 4889
f 5114 4822 4841
f 5013 5054 5039
f 4931 4934 4929
f 4961 4993 4989
f 5022 5100 5067
f 5338 5441 5341
f 5332 5440 5439
f 5184 5165 5185
f 5338 5308 5332
f 5123 5452 5122
f 5173 5171 5174
f 5164 5165 5166
f 5170 5196 5150
f 5145 5117 5452
f 4849 4829 5474
f 4814 5420 4824
f 5032 5053 5029
f 4983 5006 4984
f 4986 4987 5008
f 4843 4845 4846
f 4979 4949 5003
f 5067 5051 5030
f 5364 5362 5346
f 5100 5097 5427
f 4831 4856 5495
f 5020 5077 5017
f 5108 5107 5109
f 5264 5259 5262
f 5292 5315 5238
f 5347 5279 5328
f 5183 5166 5165
f 5280 5257 5287
f 5333 5332 5331
f 4986 4935 4945
f 4946 4959 4952
f 4953 4983 4984
f 4894 5477 4884
f 5443 5408 5445
f 5378 5363 5389
f 5314 5313 5316
f 5321 5322 5297
f 5275 5246 5210
f 5168 5486 5148
f 5249 5243 5236
f 5257 5256 5259
f 5385 5390 5400
f 5103 5435 5437
f 5475 5473 5470
f 4921 4879 4857
f 5474 4827 5475
f 5095 5024 5093
f 5027 5106 5080
f 4999 4978 4932
f 5015 4966 4928
f 4899 4897 4868
f 5070 5029 5053
f 4893 4884 5476
f 4884 4904 4903
f 5255 5258 5254
f 5256 5153 5217
f 5229 5294 5267
f 5405 5148 5147
f 5383 5312 5399
f 5451 5144 5121
f 5206 5181 5119
f 5305 5306 5284
f 5425 5394 5392
f 5453 5451 5121
f 5241 5423 5230
f 4868 4889 4890
f 5432 5435 5431
f 5140 5142 5139
f 5226 5187 5267
f 5183 5184 5194
f 5374 5376 5363
f 5069 5083 5071
f 5429 5096 5094
f 5405 4848 4826
f 5335 5306 5330
f 4873 4871 4872
f 5259 5285 5257
f 4815 4963 4816
f 4906 4899 4907
f 4858 4857 4832
f 5431 5095 5432
f 5036 5014 5012
f 5053 5035 5055
f 4849 5474 4823
f 5021 5019 5457
f 5028 4935 5031
f 5430 5433 5096
f 5456 4894 4850
f 5490 5491 4823
f 5458 5094 5096
f 4947 4953 4946
f 4975 5000 4936
f 4878 4955 4950
f 5458 5096 5457
f 4942 4914 4947
f 4968 5014 5058
f 5457 4980 5021
f 5461 5036 5462
f 4905 4904 4876
f 5464 4844 4824
f 4927 4965 4928
f 4872 4852 5495
f 4820 5406 4814
f 5310 5356 5224
f 5208 5207 5212
f 5270 5296 5295
f 5416 5411 5412
f 5322 5391 5323
f 5271 5233 5295
f 5167 5234 5107
f 5136 5160 5137
f 5064 5048 4971
f 5368 5371 5351
f 5235 5234 5239
f 5332 5307 5331
f 5070 5074 5071
f 5000 4974 4936
f 4942 4939 4952
f 5390 5363 5400
f 5362 5319 5346
f 4873 4902 4817
f 5196 5203 5242
f 5280 5287 5301
f 5258 5285 5289
f 5422 5199 5214
f 5401 5417 5389
f 4885 4847 4866
f 5407 4855 4833
f 5360 5359 5342
f 5337 5338 5341
f 5206 5423 5241
f 5123 5480 5124
f 5263 5220 5108
f 5367 5382 5350
f 5407 5151 5406
f 5027 5047 5001
f 5284 5285 5258
f 5254 5196 5255
f 5289 5285 5264
f 5046 5063 5019
f 5174 5247 5252
f 5225 5226 5266
f 5125 5486 5152
f 5272 5296 5270
f 5276 5246 5298
f 5329 5326 5348
f 5225 5184 5226
f 5130 5155 5128
f 5278 5269 5268
f 5400 5363 5399
f 5263 5222 5220
f 4984 5006 4991
f 5029 5005 5032
f 5063 5090 5092
f 5066 5459 4985
f 4828 4825 4827
f 5492 5468 4825
f 4827 4826 5475
f 4891 4970 4932
f 5070 5099 5029
f 4864 4822 4838
f 4900 4945 4907
f 5469 4845 5474
f 4881 4865 4842
f 4959 4946 4984
f 5327 5396 5397
f 5252 5248 5281
f 5454 5234 5167
f 5220 5218 5107
f 5134 5178 5135
f 5240 5238 5205
f 5290 5289 5264
f 5228 5225 5231
f 5468 5488 5490
f 5258 5209 5254
f 5334 5440 5336
f 5386 5312 5383
f 5386 5363 5376
f 5298 5297 5322
f 5251 5279 5210
f 5265 5356 5309
f 5177 5138 5161
f 5235 5198 5109
f 5157 5113 5484
f 5170 5186 5196
f 5273 5304 5274
f 5167 5107 5169
f 5400 5399 5384
f 5330 5306 5300
f 5368 5327 5397
f 5383 5363 5386
f 5274 5304 5303
f 5372 5339 5355
f 4861 5493 4821
f 5439 5440 5334
f 5195 5193 5192
f 5357 5352 5370
f 5168 5148 5167
f 5300 5273 5269
f 5392 5361 5425
f 5330 5351 5331
f 5145 5124 5480
f 5478 4861 4821
f 5455 4903 4908
f 5088 5085 5017
f 5099 5071 5083
f 5083 5069 5084
f 4884 5477 4867
f 4929 4930 4888
f 4932 4972 4892
f 4995 5013 4992
f 4980 5003 4949
f 4928 4926 4927
f 5197 5188 5186
f 4981 4934 4935
f 5116 4837 4838
f 5414 5417 5415
f 5125 5485 5486
f 5147 5148 5485
f 5152 5486 5168
f 5483 5120 5446
f 5113 5152 5484
f 5485 5148 5486
f 5157 5484 5156
f 5125 5152 5113
f 5039 5040 5013
f 5015 4964 4966
f 4996 4951 5459
f 5192 5194 5195
f 5203 5202 5194
f 5111 5114 5487
f 5129 5132 5131
f 5077 5075 5076
f 5478 5113 5157
f 4863 4864 4837
f 4852 4848 5405
f 5036 5058 5014
f 4951 4933 4944
f 5040 5056 5463
f 4932 4977 4973
f 4833 4858 4832
f 5085 5088 5065
f 4927 4925 4921
f 4988 4987 4961
f 4907 4898 4906
f 5115 5133 5116
f 5147 5485 5125
f 5116 5133 5131
f 4851 4831 5494
f 4918 4917 4878
f 4846 4866 4847
f 5456 4850 4933
f 5059 5060 5057
f 5157 5161 5478
f 5507 5499 5501
f 5501 5511 5521
f 5518 5522 5507
f 5517 5512 5515
f 5512 5517 5535
f 5548 5544 5526
f 5499 5507 5537
f 5548 5526 5592
f 5512 5528 5527
f 5528 5512 5535
f 5527 5534 5530
f 5570 5535 5516
f 5549 5554 5550
f 5527 5528 5570
f 5568 5527 5530
f 5551 5549 5552
f 5549 5555 5552
f 5552 5555 5556
f 5549 5550 5555
f 5550 5559 5555
f 5556 5555 5560
f 5560 5558 5556
f 5558 5560 5561
f 5603 5561 5560
f 5555 5559 5565
f 5858 5802 5853
f 5574 5560 5555
f 5591 5548 5592
f 5592 5586 5591
f 5586 5592 5529
f 5592 5526 5529
f 5529 5584 5586
f 5525 5653 5573
f 5565 5525 5572
f 5565 5574 5555
f 5629 5594 5548
f 5548 5546 5544
f 5554 5549 5551
f 5594 5595 5546
f 5594 5546 5548
f 5548 5591 5593
f 5629 5548 5593
f 5585 5693 5677
f 5676 5587 5683
f 5666 5945 5628
f 5628 5660 5666
f 5587 5589 5657
f 5587 5657 5631
f 5683 5587 5631
f 5586 5630 5591
f 5629 5631 5657
f 5630 5593 5591
f 5630 5631 5593
f 5629 5593 5631
f 5634 5637 5545
f 5629 5636 5635
f 5532 5577 5618
f 5615 5577 5532
f 5545 5595 5634
f 5595 5594 5703
f 5595 5638 5634
f 5703 5594 5635
f 5635 5594 5629
f 5635 5636 5639
f 5598 5600 5641
f 5585 5619 5582
f 5551 5600 5598
f 5644 5649 5645
f 5577 5582 5619
f 5765 5712 5713
f 5606 5605 5608
f 5608 5605 5574
f 5655 5608 5574
f 5578 5582 5577
f 5606 5763 5653
f 5577 5617 5618
f 5664 5618 5669
f 5618 5617 5668
f 5670 5669 5618
f 5618 5668 5670
f 5577 5619 5617
f 5619 5673 5617
f 5585 5682 5619
f 5682 5673 5619
f 5569 5538 5532
f 5674 5682 5585
f 5675 5682 5674
f 5674 5585 5677
f 5664 5532 5618
f 5677 5675 5674
f 5693 5666 5675
f 5693 5675 5677
f 5666 5682 5675
f 5660 5682 5666
f 5631 5684 5683
f 5684 5630 5586
f 5584 5684 5586
f 5631 5630 5684
f 5632 5637 5690
f 5638 5637 5634
f 5703 5750 5595
f 5703 5635 5704
f 5704 5635 5639
f 5710 5644 5643
f 5649 5644 5711
f 5711 5644 5710
f 5532 5664 5667
f 5712 5608 5655
f 5605 5603 5574
f 5715 5716 5717
f 5715 5717 5718
f 5717 5716 5661
f 5713 5661 5716
f 5655 5571 5662
f 5726 5715 5718
f 5714 5715 5726
f 5729 5714 5724
f 5724 5714 5726
f 5605 5606 5603
f 5718 5717 5733
f 5603 5560 5574
f 5713 5712 5655
f 5726 5665 5724
f 5728 5724 5665
f 5664 5726 5718
f 5664 5718 5667
f 5667 5718 5733
f 5532 5667 5734
f 5559 5603 5565
f 5664 5665 5726
f 5669 5728 5664
f 5617 5673 5668
f 5673 5739 5668
f 5621 5742 5697
f 5697 5742 5681
f 5684 5676 5683
f 5655 5662 5713
f 5788 5833 5676
f 5682 5660 5741
f 5600 5561 5559
f 5559 5561 5603
f 5611 5706 5661
f 5661 5706 5717
f 5601 5561 5600
f 5561 5601 5558
f 5569 5612 5538
f 5689 5749 5750
f 5637 5751 5690
f 5751 5637 5752
f 5753 5751 5752
f 5749 5753 5752
f 5638 5749 5752
f 5648 5649 5711
f 5574 5572 5571
f 5638 5752 5637
f 5750 5638 5595
f 5574 5565 5572
f 5565 5606 5525
f 5659 5695 5701
f 5565 5603 5606
f 5599 5552 5556
f 5601 5599 5558
f 5700 5532 5738
f 5756 5654 5764
f 5763 5606 5608
f 5556 5558 5599
f 6248 5624 5708
f 5608 5712 5763
f 5715 5714 5766
f 5766 5716 5715
f 5569 5700 5612
f 5713 5716 5768
f 5716 5766 5768
f 5728 5802 5729
f 5729 5766 5714
f 5550 5600 5559
f 5601 5600 5551
f 5771 5733 5770
f 5770 5733 5717
f 5717 5706 5770
f 5770 5706 5814
f 5620 5614 5621
f 5728 5669 5774
f 5802 5728 5774
f 5599 5601 5551
f 5952 5708 5723
f 5667 5733 5734
f 5624 5723 5708
f 5641 5550 5554
f 5738 5532 5734
f 5574 5571 5655
f 5641 5600 5550
f 5661 5713 5662
f 5661 5662 5611
f 5700 5569 5532
f 5653 5525 5606
f 5611 5662 5571
f 5599 5551 5552
f 5551 5598 5554
f 5554 5598 5641
f 5538 5615 5532
f 5739 5673 5782
f 5784 5785 5786
f 5682 5741 5782
f 5673 5682 5782
f 5786 5787 5742
f 5784 5786 5742
f 5660 5789 5741
f 5632 5745 5660
f 5790 5745 5632
f 5632 5690 5790
f 5670 5668 5739
f 5777 5670 5817
f 5749 5638 5750
f 5792 5760 5758
f 5758 5760 5757
f 5777 5669 5670
f 5764 5792 5756
f 5728 5665 5664
f 5792 5794 5760
f 5708 5707 5929
f 5676 5833 5542
f 5700 5738 5706
f 5814 5706 5775
f 5795 5844 5794
f 5763 5764 5654
f 5763 5712 5798
f 5712 5765 5799
f 5765 5713 5800
f 5804 5729 5802
f 5800 5713 5768
f 5806 5800 5768
f 5770 5810 5771
f 5811 5733 5771
f 5810 5770 5812
f 5774 5669 5777
f 5802 5774 5853
f 5774 5777 5779
f 5734 5733 5811
f 5775 5738 5734
f 5779 5777 5817
f 5817 5820 5779
f 5779 5820 5774
f 5821 5774 5820
f 5820 5822 5821
f 5817 5739 5823
f 5817 5823 5820
f 5670 5739 5817
f 5823 5782 5826
f 5782 5823 5739
f 5782 5827 5826
f 5786 5831 5787
f 5831 5828 5787
f 5786 5832 5831
f 5785 5832 5786
f 5789 5827 5782
f 5741 5789 5782
f 5681 5742 5878
f 5742 5787 5878
f 5880 5681 5878
f 5835 5681 5880
f 5660 5745 5789
f 5689 5681 5835
f 5745 5837 5836
f 5753 5749 5689
f 5837 5745 5790
f 5837 5790 5841
f 5753 5841 5751
f 5841 5840 5751
f 5790 5690 5840
f 5751 5840 5690
f 5794 5792 5764
f 5764 5795 5794
f 5795 5764 5844
f 5764 5798 5846
f 5846 5844 5764
f 5764 5763 5798
f 5846 5798 5663
f 5798 5712 5799
f 5848 5800 5806
f 5765 5800 5848
f 5858 5853 5851
f 5802 5854 5804
f 5858 5854 5802
f 5804 5850 5856
f 5766 5729 5856
f 5768 5766 5806
f 5706 5738 5775
f 5861 5859 5860
f 5788 5684 5584
f 5771 5810 5811
f 5812 5770 5814
f 5775 5812 5814
f 5734 5812 5775
f 5810 5812 5811
f 5812 5734 5811
f 5788 5676 5684
f 5853 5821 5857
f 5821 5853 5774
f 5870 5857 5821
f 5822 5867 5821
f 5823 5822 5820
f 5821 5867 5870
f 5870 5867 5822
f 5822 5871 5870
f 5822 5823 5871
f 5828 5823 5826
f 5871 5823 5828
f 5826 5827 5828
f 5871 5828 5874
f 5831 5874 5828
f 5831 5832 5877
f 5877 5874 5831
f 5827 5878 5828
f 5828 5878 5787
f 5827 5789 5878
f 5880 5878 5789
f 5745 5836 5789
f 5789 5836 5880
f 5836 5835 5880
f 5689 5835 5883
f 5835 5836 5883
f 5836 5837 5883
f 5883 5753 5689
f 5837 5841 5883
f 5883 5841 5753
f 5840 5841 5790
f 5663 5844 5846
f 5798 5892 5663
f 5799 5892 5798
f 5892 5799 5888
f 5888 5799 5885
f 5888 5885 5896
f 5854 5850 5804
f 5806 5766 5848
f 5885 5848 5896
f 5918 5896 5848
f 5851 5900 5858
f 5858 5900 5907
f 5850 5854 5903
f 5858 5903 5854
f 5903 5858 5859
f 5903 5923 5850
f 5848 5766 5856
f 5851 5857 5900
f 5900 5857 5906
f 5900 5906 5907
f 5859 5858 5860
f 5858 5907 5860
f 5861 5860 5907
f 5923 5861 5907
f 5909 5870 5911
f 5857 5870 5909
f 5911 5870 5871
f 5871 5912 5911
f 6048 5911 5912
f 5874 5912 5871
f 5914 5912 5874
f 5913 5874 5877
f 5914 5874 5913
f 6029 5913 5877
f 5888 5896 5892
f 5856 5850 6255
f 5897 5892 5896
f 5918 5856 5998
f 5918 5919 5920
f 5919 5918 5998
f 5848 5856 5918
f 5897 5896 5920
f 5896 5918 5920
f 5923 5903 5859
f 5923 5859 5861
f 5857 6142 5906
f 6048 5912 5914
f 5923 5907 5906
f 6167 5923 6142
f 5923 5906 6142
f 5709 5897 5920
f 5920 5919 5924
f 5709 5920 5924
f 5692 5697 5681
f 5575 5580 5538
f 5692 5705 5589
f 5756 5650 5654
f 5566 5645 5649
f 5927 5950 5626
f 5643 5566 5948
f 5566 5649 5648
f 5575 5540 5568
f 5531 5710 5652
f 5940 5663 5610
f 5589 5588 5692
f 5584 5624 5671
f 5519 5950 5955
f 5945 5545 5628
f 5531 5648 5710
f 5543 5578 5580
f 5756 5757 5701
f 5540 5934 5512
f 5701 5757 5659
f 5936 5757 5760
f 5531 5518 5566
f 5628 5632 5660
f 5512 5934 5500
f 5705 5703 5704
f 5540 5527 5568
f 5568 5526 5543
f 5807 5892 5897
f 5572 5611 5571
f 5663 5794 5844
f 5611 5700 5706
f 5509 5520 5933
f 5936 5794 5651
f 5500 5501 5512
f 5925 5701 5695
f 5584 5567 5788
f 5933 5520 5519
f 5624 5610 5723
f 5965 5613 5610
f 5632 5545 5637
f 5511 5519 5521
f 5613 5570 5516
f 5709 5807 5897
f 5577 5615 5578
f 5651 5940 5950
f 5546 5545 5945
f 5945 5544 5546
f 5945 5543 5526
f 5543 5945 5583
f 5538 5580 5615
f 5621 5588 5587
f 5697 5692 5588
f 5652 5710 5643
f 5589 5636 5629
f 5945 5666 5693
f 5526 5544 5945
f 5540 5575 5538
f 5948 5500 5937
f 5632 5628 5545
f 5589 5705 5636
f 5589 5587 5588
f 5583 5693 5585
f 5750 5705 5689
f 5636 5705 5639
f 5588 5621 5697
f 5519 5626 5950
f 5639 5705 5704
f 5703 5705 5750
f 5587 5620 5621
f 5526 5568 5530
f 5582 5583 5585
f 5543 5580 5568
f 5545 5546 5595
f 5945 5693 5583
f 5589 5629 5657
f 5954 5609 5701
f 5940 5610 5955
f 5934 5609 5937
f 5518 5500 5566
f 5612 5611 5572
f 5517 5516 5535
f 5788 5513 5833
f 5651 5927 5531
f 5512 5509 5515
f 5500 5507 5501
f 5613 5955 5610
f 5689 5705 5681
f 5516 5509 5933
f 5529 5965 5624
f 5723 5610 5663
f 5757 5756 5758
f 5926 5927 5522
f 5925 5695 5643
f 5936 5659 5757
f 5654 5653 5763
f 5934 5540 5573
f 5659 5936 5695
f 5644 5566 5643
f 5940 5955 5950
f 5568 5580 5575
f 5934 5573 5609
f 5611 5612 5700
f 5540 5538 5612
f 5936 5760 5794
f 5788 5567 5539
f 5583 5578 5543
f 5794 5663 5940
f 5705 5692 5681
f 5807 5663 5892
f 5612 5572 5540
f 5651 5695 5936
f 5710 5648 5711
f 5540 5525 5573
f 5567 5584 5647
f 5584 5671 5647
f 5643 5948 5925
f 5566 5644 5645
f 5615 5580 5578
f 5937 5500 5934
f 5654 5650 5609
f 5578 5583 5582
f 5529 5613 5965
f 5509 5516 5515
f 5623 5529 5534
f 5651 5531 5652
f 5609 5573 5653
f 5952 5723 5663
f 5520 5509 5521
f 5584 5529 5624
f 5518 5531 5522
f 5566 5500 5948
f 5613 5516 5933
f 5652 5643 5695
f 5613 5623 5570
f 5516 5517 5515
f 5566 5648 5531
f 5652 5695 5651
f 5756 5701 5650
f 5525 5540 5572
f 5540 5512 5527
f 5653 5654 5609
f 5663 5807 5952
f 5965 5610 5624
f 5537 5501 5499
f 5701 5609 5650
f 5500 5518 5507
f 5955 5613 5933
f 5933 5519 5955
f 5613 5529 5623
f 5626 5537 5507
f 5531 5927 5926
f 5521 5512 5501
f 5701 5925 5954
f 5954 5948 5937
f 5954 5925 5948
f 5927 5651 5950
f 5926 5522 5531
f 5512 5521 5509
f 5530 5529 5526
f 5519 5520 5521
f 5522 5927 5626
f 5651 5794 5940
f 5537 5511 5501
f 5529 5530 5534
f 5535 5570 5528
f 5609 5954 5937
f 5570 5534 5527
f 5534 5570 5623
f 5522 5626 5507
f 5537 5519 5511
f 5537 5626 5519
f 5765 5848 5799
f 5848 5885 5799
f 5853 5857 5851
f 5576 5633 5614
f 5958 6006 6020
f 6167 6099 6095
f 6095 6158 6167
f 6240 6208 6193
f 5680 5901 5988
f 6113 6105 6069
f 6204 6196 6239
f 6002 5730 6004
f 5524 5542 5576
f 6022 6355 6351
f 6144 6197 6117
f 6235 6220 6217
f 5994 6017 6000
f 6140 6082 6136
f 6224 6231 6199
f 6166 6093 6175
f 6136 6092 6118
f 6204 6235 6217
f 5524 5576 5614
f 5776 5633 5784
f 5590 5901 5680
f 6087 6074 6097
f 6184 5924 6194
f 5680 5899 5679
f 5958 5680 5988
f 5730 6002 5970
f 5536 6148 5622
f 6171 6186 6165
f 6022 6032 6037
f 5988 6038 6006
f 5958 6013 5986
f 5958 6019 6013
f 6010 5832 6002
f 6092 6136 6082
f 6002 6004 6021
f 5877 5832 6010
f 6020 6019 5958
f 6208 6236 6196
f 6000 6016 6015
f 6039 6042 6011
f 6016 6026 6015
f 5877 6010 6029
f 6013 6019 6022
f 6003 6001 5899
f 6029 6010 6002
f 6039 6011 6018
f 6001 6018 6011
f 6015 6021 6004
f 6032 6018 6357
f 6355 6022 6037
f 6045 6015 6026
f 6016 6035 6030
f 6177 6184 5699
f 6000 6033 6016
f 6019 6042 6039
f 6018 6032 6039
f 6019 6039 6032
f 6098 6140 6155
f 6033 6040 6055
f 6045 6026 6057
f 6357 6043 6032
f 6187 6217 6199
f 6037 6032 6043
f 6052 6006 6051
f 6033 6055 6035
f 6134 6233 6198
f 6026 6030 6062
f 6247 6246 6235
f 6021 6048 6047
f 6045 6072 6048
f 5523 5513 5539
f 6062 6076 6026
f 6074 6066 6053
f 6074 6053 6064
f 5911 6072 6099
f 6082 6070 6092
f 6093 6070 6081
f 6072 6076 6095
f 6066 6074 6087
f 6070 6093 6092
f 6104 6076 6062
f 6113 6069 6059
f 6098 6064 6082
f 6103 6089 6094
f 6089 6110 6094
f 6064 6098 6097
f 6105 6104 6062
f 6100 6105 5533
f 6099 6072 6095
f 6086 6113 6059
f 6087 6117 6133
f 6097 6117 6087
f 5533 6105 6106
f 6102 6104 6105
f 6086 6087 6133
f 6094 6135 6103
f 6126 6097 6098
f 6110 6089 6103
f 6122 6119 6116
f 6093 6116 6118
f 6140 6098 6082
f 5616 6157 6174
f 6125 6122 6116
f 6175 6081 6186
f 6076 6139 6095
f 6103 6135 6110
f 5562 5679 5642
f 6150 6123 6086
f 6117 6143 6133
f 6098 6155 6126
f 6136 6118 6119
f 6125 6116 6093
f 6117 6097 6126
f 6221 6198 6233
f 6136 6119 6146
f 6162 6197 6144
f 5622 6148 5656
f 6117 6126 6144
f 5788 5539 5513
f 6166 6153 6093
f 6093 6153 6125
f 6167 6142 6099
f 6144 6126 6155
f 6140 6141 6156
f 6162 6155 6141
f 6162 6141 6146
f 6156 6155 6140
f 6242 6184 6225
f 6141 6155 6156
f 6239 6196 6236
f 6148 6173 5656
f 6177 6165 6083
f 6146 6153 6162
f 6113 6123 6169
f 6157 6165 6174
f 6197 6143 6117
f 6184 6242 5699
f 6166 6162 6153
f 6176 6195 6167
f 6177 6174 6165
f 6062 6030 6069
f 6171 5640 6193
f 6187 6169 6123
f 6169 6187 6179
f 6224 6199 6217
f 6144 6155 6162
f 6197 6196 6143
f 6194 6261 6198
f 6183 6162 6166
f 6119 6118 6116
f 6194 6198 6211
f 5536 6106 6148
f 6187 6196 6205
f 6017 6058 6059
f 6208 6197 6162
f 6134 6198 6261
f 6215 6362 6200
f 6261 5998 6134
f 6183 6208 6162
f 6198 6214 6211
f 5998 6224 6134
f 5542 5833 5604
f 5642 5523 5562
f 6175 6183 6166
f 5698 5970 5785
f 6224 6233 6134
f 6059 6040 6017
f 6179 6199 6231
f 6205 6196 6204
f 6214 6220 6235
f 5671 5624 6248
f 5998 5856 6224
f 6225 6214 6242
f 6214 6225 6211
f 6065 6051 6083
f 6241 6209 5685
f 5699 6242 6246
f 6235 6204 6239
f 6236 6208 6240
f 6069 6055 6059
f 5685 5699 6246
f 6234 6224 6217
f 6214 6235 6242
f 6233 6224 6234
f 6224 6255 6231
f 6241 5685 6245
f 5923 6231 6255
f 6235 6246 6242
f 5685 6246 6245
f 6247 6236 6240
f 6245 6247 6240
f 6247 6239 6236
f 6246 6247 6245
f 6086 6058 6066
f 6076 6057 6026
f 6184 6211 6225
f 6133 6150 6086
f 6015 6004 6000
f 5730 5642 5994
f 6087 6086 6066
f 6171 6183 6186
f 6017 5994 6011
f 6017 6011 6058
f 5679 5899 5642
f 6029 6002 6047
f 6011 6053 6058
f 5576 5542 5604
f 6053 6066 6058
f 5547 6157 6137
f 6033 6000 6017
f 6128 6113 6169
f 6053 6011 6042
f 5730 6000 6004
f 6183 6175 6186
f 6064 6097 6074
f 6006 6038 6051
f 5671 5702 5647
f 6235 6239 6247
f 5523 5642 5557
f 6154 5640 6171
f 6106 6105 6128
f 5614 5633 5776
f 6154 6171 6165
f 5562 5590 5680
f 6196 6187 6150
f 5988 6044 6038
f 6038 6044 6063
f 5576 5761 5698
f 5761 5970 5698
f 5671 6248 5702
f 6135 6094 6110
f 5523 5539 5562
f 5702 5929 5707
f 5647 5702 5707
f 6026 6016 6030
f 5523 5557 5513
f 6179 6231 6195
f 6093 6118 6092
f 5924 6261 6194
f 6064 6042 6020
f 5730 5994 6000
f 6214 6221 6220
f 6214 6198 6221
f 6192 6219 6193
f 5970 6002 5832
f 6215 6361 5658
f 5658 6361 5678
f 6016 6033 6035
f 6119 6153 6146
f 5539 5567 5590
f 6011 5994 6001
f 6063 6184 6083
f 5899 5994 5642
f 6069 6030 6035
f 6123 6113 6086
f 6105 6113 6128
f 6174 6177 5687
f 5958 5899 5680
f 6040 6059 6055
f 6175 6093 6081
f 6199 6179 6187
f 6064 6020 6052
f 6006 6052 6020
f 5680 5679 5562
f 6021 6045 6048
f 6057 6072 6045
f 5899 6001 5994
f 6042 6064 6053
f 6081 6070 6065
f 6070 6052 6065
f 5785 5970 5832
f 6058 6086 6059
f 6069 6105 6062
f 5590 5647 5686
f 6052 6070 6082
f 6045 6021 6015
f 5761 5576 5604
f 5557 5730 5761
f 5761 5604 5557
f 6042 6019 6020
f 6081 6065 6083
f 6186 6081 6083
f 6083 6165 6186
f 6072 6057 6076
f 6119 6122 6125
f 6143 6196 6150
f 6032 6022 6019
f 5604 5513 5557
f 6052 6051 6065
f 5576 5698 5633
f 6140 6136 6141
f 6204 6217 6187
f 5911 6099 5909
f 6100 6102 6105
f 5988 6006 5958
f 6150 6187 6123
f 5533 6106 5536
f 5547 6154 6157
f 5986 6003 5899
f 5567 5647 5590
f 5761 5730 5970
f 6044 5924 6063
f 5924 6184 6063
f 6171 6193 6183
f 6193 6208 6183
f 6083 6184 6177
f 6195 6231 5923
f 6064 6052 6082
f 6176 6179 6195
f 6035 6055 6069
f 6017 6040 6033
f 5909 6099 6142
f 5547 6137 5581
f 5547 5622 6154
f 5958 5986 5899
f 6119 6125 6153
f 6204 6187 6205
f 6063 6051 6038
f 6146 6141 6136
f 6196 6197 6208
f 6076 6104 6139
f 5698 5785 5633
f 5784 5633 5785
f 5901 6044 5988
f 5539 5590 5562
f 5686 5901 5590
f 6212 6219 6192
f 6184 6194 6211
f 5557 5642 5730
f 6133 6143 6150
f 6083 6051 6063
f 6002 6021 6047
f 5911 6048 6072
f 6224 5856 6255
f 5913 6047 6048
f 5952 5807 5709
f 5929 5702 6248
f 5850 5923 6255
f 5914 5913 6048
f 5923 6167 6195
f 6044 5901 5709
f 5709 5924 6044
f 5707 5952 5709
f 5729 5724 5728
f 5856 5729 5804
f 5919 5998 6261
f 5924 5919 6261
f 6234 6217 6220
f 5621 5776 5742
f 5621 5614 5776
f 5784 5742 5776
f 5513 5604 5833
f 5929 6248 5708
f 5952 5707 5708
f 5909 6142 5857
f 5686 5647 5707
f 5901 5686 5709
f 5913 6029 6047
f 5510 5597 5564
f 5506 5510 5503
f 6102 5503 5498
f 5510 5564 5503
f 5625 5646 5607
f 5553 6176 5563
f 6106 6128 5596
f 5646 5597 5658
f 5503 6102 6100
f 5672 5658 5597
f 5563 6104 5514
f 6240 6219 5694
f 5514 6104 6102
f 5596 6128 6169
f 5498 5514 6102
f 5506 5533 5536
f 5541 5510 5506
f 5553 5498 5503
f 5506 5547 5541
f 5553 5563 5514
f 6361 6209 5696
f 6137 5541 5581
f 5541 6137 5616
f 5607 5596 5625
f 5541 5627 5579
f 5579 5672 5597
f 5627 5616 5672
f 6173 5646 5691
f 5627 5672 5579
f 5687 5616 6174
f 6209 6200 6362
f 5694 5696 6241
f 5672 6215 5658
f 5672 5687 6215
f 5696 6209 6241
f 5687 5688 6215
f 5691 5678 5694
f 6212 5691 5694
f 6215 5688 5685
f 6361 5696 5694
f 5625 6169 6179
f 6209 6362 5685
f 5553 5514 5498
f 5622 6192 5640
f 5646 5658 5678
f 5564 5602 5553
f 5563 6139 6104
f 6173 5691 5656
f 5503 5564 5553
f 5616 5687 5672
f 6192 5622 5656
f 5646 5678 5691
f 5646 5625 5602
f 5596 6169 5625
f 5579 5510 5541
f 5503 6100 5506
f 5536 5547 5506
f 5602 6176 5553
f 5579 5597 5510
f 5541 5547 5581
f 5541 5616 5627
f 5622 5640 6154
f 5564 5597 5646
f 5564 5646 5602
f 6009 6005 6107
f 6107 6088 6112
f 5951 5987 5992
f 5805 5793 5781
f 5881 5797 5891
f 6085 6025 6067
f 5834 5824 5869
f 5815 5743 5740
f 5951 5953 5931
f 5971 5942 5960
f 5808 5759 5783
f 6041 5984 6034
f 5719 5720 5721
f 5725 5736 5721
f 5731 5743 5727
f 5727 5720 5722
f 5731 5727 5722
f 5721 5736 5735
f 5743 5725 5727
f 5721 5735 5722
f 5743 5736 5725
f 5981 6025 6061
f 5754 5737 5722
f 5731 5732 5748
f 5754 5722 5735
f 5953 5949 5921
f 5746 5735 5736
f 5773 5737 5754
f 5744 5737 5773
f 5762 5747 5754
f 5737 5744 5748
f 5748 5759 5740
f 5767 5736 5743
f 5805 5755 5747
f 5773 5754 5755
f 5735 5762 5754
f 5762 5735 5791
f 5746 5791 5735
f 5740 5759 5815
f 5746 5736 5767
f 5767 5769 5778
f 6120 6109 6111
f 5805 5747 5762
f 5767 5743 5815
f 5759 5748 5783
f 5759 5813 5815
f 5746 5767 5791
f 5778 5801 5767
f 5772 5780 5803
f 5895 5886 5915
f 5744 5783 5748
f 5781 5755 5805
f 5805 5762 5809
f 5796 5755 5781
f 5773 5755 5796
f 5797 5762 5818
f 5796 5783 5773
f 5783 5744 5773
f 5819 5778 5769
f 5767 5829 5791
f 5928 5968 5908
f 5809 5825 5805
f 5818 5762 5816
f 5813 5759 5808
f 5825 5793 5805
f 5732 5737 5748
f 5879 5930 5852
f 5803 5780 5830
f 5780 5772 5824
f 5829 5816 5791
f 5829 5801 5839
f 5780 5815 5830
f 5780 5842 5769
f 5852 5778 5819
f 5825 5796 5793
f 5801 5778 5852
f 5818 5816 5845
f 5808 5838 5813
f 5813 5830 5815
f 5783 5796 5843
f 5845 5797 5818
f 5852 5875 5801
f 5824 5834 5780
f 5801 5875 5839
f 5803 5830 5864
f 5983 5963 5949
f 5849 5855 5862
f 5843 5825 5868
f 5797 5881 5809
f 5845 5891 5797
f 5830 5813 5873
f 5809 5881 5825
f 5819 5842 5865
f 5869 5824 5864
f 5847 5829 5863
f 5842 5834 5869
f 5825 5881 5890
f 5876 5808 5843
f 5808 5882 5838
f 5879 5852 5865
f 5884 5876 5868
f 5886 5887 5894
f 5890 5881 5876
f 5891 5876 5881
f 5842 5869 5872
f 5902 5838 5882
f 5902 5882 5847
f 5863 5902 5847
f 5895 5898 5887
f 5898 5895 5905
f 5830 5873 5864
f 5876 5884 6311
f 5910 5886 5894
f 5902 5873 5838
f 5872 5879 5865
f 6005 6073 6068
f 5916 5917 5873
f 5852 5930 5875
f 5902 5916 5873
f 5917 5864 5873
f 5921 5886 5910
f 5864 5908 5869
f 5908 5879 5872
f 5976 5991 5972
f 5895 5915 5905
f 5915 5931 5905
f 5864 5917 5928
f 5864 5928 5908
f 5922 5904 5935
f 5905 5931 5898
f 6311 5890 5876
f 5931 5904 5898
f 5769 5767 5815
f 5922 5943 5910
f 5942 5971 5972
f 5938 5916 5944
f 5916 5938 5917
f 5921 5949 5915
f 5944 5915 5949
f 5931 5915 5951
f 5947 5879 5908
f 5957 5944 5949
f 5921 5910 5943
f 5961 5932 5946
f 5960 5942 5964
f 5956 5949 5963
f 5956 5971 5957
f 5953 5973 5943
f 5944 5957 5938
f 5949 5953 5974
f 5974 5953 5951
f 5917 5938 5959
f 5947 5967 5946
f 5943 5977 5921
f 5865 5852 5819
f 5977 5973 5921
f 5980 5946 5967
f 5938 5966 5959
f 5962 5982 5978
f 5963 5982 5962
f 5979 5956 5976
f 5946 5980 5975
f 5983 5982 5963
f 5977 5943 5993
f 5943 5973 5993
f 5973 5989 5993
f 5974 5983 5949
f 5957 5971 5966
f 5951 5961 5987
f 5961 5975 5987
f 5981 5962 5978
f 5968 5928 5959
f 5939 5941 5942
f 5973 5977 5989
f 5974 5951 5992
f 5947 5968 5985
f 5971 5960 5966
f 5993 5990 5977
f 5995 5996 5990
f 5989 5977 5990
f 5968 5959 5985
f 5960 5964 5997
f 5985 5980 5967
f 5999 5978 5982
f 5993 5989 6007
f 6007 5989 5990
f 6014 5974 5992
f 5997 5959 5966
f 6012 5999 5982
f 5990 5993 5995
f 5996 6007 5990
f 5993 6007 5995
f 5996 5995 6007
f 5964 5984 6041
f 5992 5987 6008
f 5980 6009 5975
f 5964 6041 5997
f 5975 6008 5987
f 5975 6009 6008
f 5720 5719 5722
f 5981 5978 6025
f 5980 5985 6009
f 5983 6014 6023
f 5984 6028 6024
f 5997 6005 5959
f 6024 6034 5984
f 6036 5992 6008
f 5978 5999 6049
f 6060 5991 6054
f 5991 6031 6054
f 6115 6107 6112
f 6061 6050 5981
f 6031 6027 6054
f 6036 6008 6056
f 5725 5721 5727
f 5999 6025 6049
f 6067 6025 5999
f 6050 6041 6027
f 6075 6071 6036
f 6054 6077 6060
f 5999 6012 6067
f 6071 6079 6036
f 6075 6036 6056
f 5839 5863 5829
f 6034 6077 6054
f 5891 5845 5882
f 6067 6012 6078
f 6014 6079 6084
f 5842 5872 5865
f 6080 6061 6025
f 6046 6088 6078
f 6090 6079 6071
f 6071 6096 6091
f 6078 6088 6085
f 6067 6078 6085
f 6079 6090 6107
f 6088 6046 6101
f 5887 5898 5904
f 6079 6109 6084
f 6090 6091 6108
f 6108 6075 6090
f 6096 6075 6108
f 6107 6111 6079
f 6073 6080 6068
f 6084 6109 6101
f 5882 5808 5876
f 6101 6112 6088
f 5876 5843 5868
f 5964 5942 5941
f 6112 6101 6109
f 6079 6111 6109
f 6109 6114 6112
f 6111 6107 6115
f 5947 5930 5879
f 5981 6027 5976
f 6023 6014 6046
f 6120 6111 6127
f 5803 5864 5824
f 6127 6111 6115
f 6129 6127 6115
f 6115 6121 6129
f 5943 5922 5935
f 5824 5772 5803
f 5722 5719 5721
f 5961 5946 5975
f 6068 6080 6085
f 5916 5902 5863
f 6090 6071 6091
f 5985 5959 6005
f 6009 6107 6056
f 5847 5882 5845
f 5721 5720 5727
f 6050 6027 5981
f 5916 5875 5932
f 5949 5956 5957
f 5767 5801 5829
f 5983 6023 5982
f 6025 5978 6049
f 5847 5845 5816
f 5982 6023 6012
f 6068 6088 6107
f 5890 5866 5825
f 6090 6056 6107
f 6115 6112 6121
f 5815 5780 5769
f 5731 5740 5743
f 5976 6027 6031
f 5842 5819 5769
f 6071 6075 6096
f 6112 6114 6121
f 5904 5922 5894
f 6068 6085 6088
f 5916 5839 5875
f 6046 6014 6084
f 5722 5732 5731
f 5825 5843 5796
f 5932 5961 5951
f 5910 5894 5922
f 5979 5971 5956
f 5930 5932 5875
f 5932 5930 5946
f 5935 5904 5931
f 5991 5969 5972
f 5808 5783 5843
f 5967 5947 5985
f 5816 5829 5847
f 5916 5863 5839
f 5959 5928 5917
f 5893 5991 6060
f 5872 5869 5908
f 5887 5904 5894
f 5976 5972 5979
f 5991 5976 6031
f 6050 6073 6041
f 5953 5921 5973
f 6005 6068 6107
f 6041 6054 6027
f 6034 6054 6041
f 5935 5931 5953
f 5972 5971 5979
f 6078 6023 6046
f 6114 6109 6124
f 6073 6005 5997
f 5951 5915 5932
f 6061 6080 6050
f 5983 5974 6014
f 6014 6036 6079
f 5985 6005 6009
f 5813 5838 5873
f 5781 5793 5796
f 5876 5891 5882
f 5939 5942 5972
f 5943 5935 5953
f 6073 6050 6080
f 6077 5893 6060
f 5754 5747 5755
f 6041 6073 5997
f 5915 5886 5921
f 5981 5976 5956
f 6046 6084 6101
f 5762 5791 5816
f 5960 5997 5966
f 5842 5780 5834
f 5915 5944 5932
f 5930 5947 5946
f 5969 5939 5972
f 5797 5809 5762
f 5722 5737 5732
f 6036 6014 5992
f 6023 6078 6012
f 6090 6075 6056
f 5966 5938 5957
f 5968 5947 5908
f 5748 5740 5731
f 5916 5932 5944
f 6085 6080 6025
f 6056 6008 6009
f 5895 5887 5886
f 5956 5962 5981
f 5963 5962 5956
f 6096 6108 6091
f 6077 6034 6024
f 5969 5991 5893
f 5964 6028 5984
f 5964 5941 6028
f 5941 5939 6024
f 5939 5889 6024
f 6024 6028 5941
f 6121 6114 6124
f 6124 6120 6127
f 6129 6121 6124
f 6176 6158 5563
f 5893 5889 5969
f 5893 6077 5889
f 6127 6129 6124
f 5889 6077 6024
f 5939 5969 5889
f 6300 6268 6292
f 6207 6251 6227
f 6335 6347 6317
f 6131 6132 6130
f 6298 6321 6326
f 6316 5884 6295
f 6346 6339 6343
f 6160 6216 6138
f 6130 6132 6138
f 6132 6131 6145
f 6131 6149 6147
f 6291 6273 6307
f 6181 6190 6138
f 6132 6152 6160
f 6152 6145 6180
f 6170 6159 6161
f 6159 6172 6161
f 6149 6151 6147
f 6172 6159 6170
f 6273 6314 6307
f 6189 6161 6172
f 6164 6163 6178
f 6161 6189 6170
f 6138 6190 6151
f 6250 6163 6164
f 6164 6185 6230
f 6172 6202 6201
f 6189 6207 6170
f 6189 6172 6201
f 6202 6203 6218
f 6334 6333 6312
f 6223 6191 6188
f 6188 6201 6223
f 6181 6256 6190
f 6227 6202 6172
f 6226 6228 6210
f 6222 6232 6182
f 6178 6182 6232
f 6188 6191 6206
f 6201 6207 6189
f 6206 6207 6201
f 6207 6227 6172
f 6202 6218 6201
f 6237 6229 6213
f 6238 6243 6237
f 6203 6229 6218
f 6203 6213 6229
f 6190 6244 6151
f 6210 6249 6226
f 6218 6223 6201
f 6222 6163 6250
f 6207 6206 6251
f 6203 6254 6213
f 6229 6259 6254
f 6238 5866 6243
f 5866 6238 5868
f 6178 6232 6257
f 6206 6191 6251
f 6251 6191 6223
f 5868 5825 5866
f 6160 6269 6216
f 6223 6270 6265
f 6226 6253 6228
f 6228 6252 6268
f 6253 6252 6228
f 6254 6259 6213
f 6223 6265 6267
f 6262 6226 6249
f 6228 6268 6258
f 6218 6290 6270
f 6203 6227 6290
f 6251 6223 6267
f 6243 5866 6275
f 6168 6244 6302
f 6256 6283 6190
f 6277 6181 6216
f 6282 6262 6249
f 6254 6290 6218
f 6272 6213 6252
f 6216 6269 6281
f 6277 6266 6181
f 6258 6282 6249
f 6252 6253 6271
f 6268 6252 6273
f 6252 6213 6273
f 6275 6274 6243
f 5849 5862 6280
f 5849 6280 6276
f 6190 6279 6244
f 6265 6181 6266
f 5884 5868 6238
f 6168 6302 6263
f 6265 6266 6267
f 6260 6295 6238
f 6275 5866 5890
f 6302 6244 6279
f 6268 6291 6287
f 6273 6291 6268
f 6275 6276 6280
f 6276 5855 5849
f 6269 6180 6263
f 6268 6287 6292
f 6276 5862 5855
f 6222 6250 6284
f 6298 6230 6185
f 6299 6283 6256
f 6285 6299 6256
f 6293 6253 6262
f 6292 6252 6271
f 6259 6278 6273
f 6295 6260 6289
f 5890 6276 6275
f 5890 6311 6276
f 6303 6250 6230
f 6230 6298 6303
f 6290 6266 6296
f 6290 6267 6266
f 6290 6296 6270
f 6287 6291 6305
f 6252 6292 6272
f 6297 6288 6274
f 6297 6274 6275
f 6280 6301 6297
f 6280 6297 6275
f 6280 5862 6308
f 6327 6314 6320
f 6287 6305 6264
f 6276 6308 5862
f 6281 6269 6263
f 6287 6304 6292
f 6292 6271 6300
f 6280 6308 6301
f 6276 6311 6316
f 6309 6250 6303
f 6266 6277 6296
f 6278 6314 6273
f 6260 6294 6289
f 6292 6304 6307
f 6230 6250 6164
f 6277 6281 6332
f 6316 6289 6315
f 6300 6271 6282
f 6315 6294 6314
f 6315 6289 6294
f 6328 6316 6315
f 6328 6308 6276
f 6281 6283 6332
f 6332 6283 6299
f 6321 6298 6185
f 6302 6279 6283
f 6271 6293 6262
f 6313 6314 6278
f 6301 6328 6297
f 6298 6326 6303
f 6304 6310 6305
f 6307 6314 6294
f 6323 6297 6315
f 6328 6315 6297
f 6316 6295 6289
f 6303 6326 6309
f 6185 6286 6321
f 6285 6322 6299
f 6320 6312 6324
f 6308 6328 6301
f 6309 6284 6250
f 6330 6329 6299
f 6312 6325 6331
f 6324 6312 6331
f 6332 6299 6329
f 6333 6325 6312
f 6306 6297 6334
f 6296 6277 6319
f 6299 6322 6318
f 6322 6336 6318
f 6337 6331 6325
f 6334 6297 6323
f 6227 6203 6202
f 6335 6317 6309
f 6309 6326 6335
f 6321 6286 6310
f 6314 6327 6315
f 6181 6285 6256
f 6324 6339 6320
f 6334 6345 6333
f 6338 6322 6319
f 6332 6338 6319
f 6340 6310 6317
f 6329 6338 6332
f 6330 6338 6329
f 6336 6322 6342
f 6341 6343 6324
f 6345 6339 6333
f 6324 6343 6339
f 6344 6310 6340
f 6321 6347 6335
f 6346 6337 6325
f 6325 6333 6346
f 6340 6347 6344
f 6327 6339 6323
f 6318 6336 6342
f 6341 6337 6343
f 6345 6323 6339
f 6152 6180 6160
f 6317 6347 6340
f 6257 6232 6284
f 6346 6343 6337
f 6315 6327 6323
f 6163 6222 6182
f 6147 6168 6145
f 6317 6310 6257
f 6334 6313 6306
f 6243 6229 6237
f 6180 6168 6263
f 6313 6278 6288
f 6237 6260 6238
f 6296 6319 6285
f 6149 6131 6130
f 6330 6299 6318
f 6264 6257 6287
f 6295 5884 6238
f 6269 6160 6180
f 6258 6268 6282
f 6138 6151 6130
f 6268 6300 6282
f 6294 6260 6272
f 6152 6132 6145
f 6249 6210 6258
f 6306 6313 6288
f 6283 6279 6190
f 6229 6254 6218
f 6318 6338 6330
f 6338 6318 6342
f 6210 6228 6258
f 6282 6271 6262
f 6259 6229 6243
f 6260 6213 6272
f 6185 6178 6264
f 6151 6149 6130
f 6145 6168 6180
f 6288 6297 6306
f 6284 6317 6257
f 6302 6283 6281
f 6291 6307 6304
f 6257 6304 6287
f 6305 6286 6264
f 6344 6347 6310
f 6260 6237 6213
f 6281 6263 6302
f 6277 6332 6319
f 6145 6131 6147
f 6257 6310 6304
f 6172 6170 6207
f 6257 6264 6178
f 6138 6216 6181
f 6334 6312 6313
f 6227 6251 6290
f 6232 6222 6284
f 6203 6290 6254
f 6262 6253 6226
f 6320 6314 6312
f 6243 6288 6278
f 6264 6286 6185
f 6213 6259 6273
f 6270 6296 6265
f 6243 6278 6259
f 6327 6320 6339
f 6265 6285 6181
f 6311 5884 6316
f 6335 6326 6321
f 6201 6188 6206
f 6337 6341 6331
f 6310 6286 6305
f 6272 6307 6294
f 6322 6338 6342
f 6151 6244 6147
f 6251 6267 6290
f 6347 6321 6310
f 6346 6333 6339
f 6345 6334 6323
f 6132 6160 6138
f 6218 6270 6223
f 6274 6288 6243
f 6277 6216 6281
f 6293 6271 6253
f 6164 6178 6185
f 6331 6341 6324
f 6317 6284 6309
f 6182 6178 6163
f 6168 6147 6244
f 6304 6305 6291
f 6265 6296 6285
f 6276 6316 6328
f 6292 6307 6272
f 6313 6312 6314
f 6285 6319 6322
f 6353 6348 6355
f 6349 6350 6356
f 6350 6003 6348
f 6351 6348 6003
f 6350 6348 6352
f 6350 6349 6003
f 6354 6351 5986
f 5986 6013 6354
f 6003 6349 6001
f 6356 6350 6352
f 6352 6353 6037
f 6355 6037 6353
f 6358 6356 6352
f 6037 6358 6352
f 6001 6349 6018
f 6360 6358 6037
f 6356 6357 6349
f 6359 6356 6358
f 6018 6349 6357
f 6356 6043 6357
f 6356 6359 6043
f 6360 6359 6358
f 6043 6359 6360
f 6003 5986 6351
f 6348 6353 6352
f 5709 5686 5707
f 5676 5542 5524
f 5587 5524 5620
f 5676 5524 5587
f 5620 5524 5614
f 6234 5508 5505
f 5504 5505 5496
f 5496 5505 5497
f 5502 5496 5497
f 5504 5496 5502
f 5505 5508 5497
f 5508 6220 5502
f 6233 5502 6221
f 5497 5508 5502
f 6240 6193 6219
f 6013 6022 6354
f 6095 6139 6158
f 6148 6106 5607
f 6167 6158 6176
f 6157 6154 6165
f 6177 5699 5687
f 6148 5646 6173
f 6179 6176 5625
f 5656 6212 6192
f 6212 5656 5691
f 6209 6361 6200
f 6215 6200 6361
f 6157 5616 6137
f 6219 6212 5694
f 5699 5685 5688
f 6241 6245 6240
f 5622 5547 5536
f 6193 5640 6192
f 6351 6354 6022
f 5602 5625 6176
f 5596 5607 6106
f 6100 5533 5506
f 5646 6148 5607
f 6362 6215 5685
f 6241 6240 5694
f 5694 5678 6361
f 5688 5687 5699
f 6124 6109 6120
f 6139 5563 6158
f 6360 6037 6043
f 6355 6348 6351
f 6220 6221 5502
f 6233 5504 5502
f 5504 6233 5505
f 5508 6234 6220
f 5505 6233 6234
f 5756 5792 5758
f 6374 6366 6368
f 6368 6378 6388
f 6385 6389 6374
f 6384 6379 6382
f 6379 6384 6402
f 6415 6411 6393
f 6366 6374 6404
f 6415 6393 6459
f 6379 6395 6394
f 6395 6379 6402
f 6394 6401 6397
f 6437 6402 6383
f 6416 6421 6417
f 6394 6395 6437
f 6435 6394 6397
f 6418 6416 6419
f 6416 6422 6419
f 6419 6422 6423
f 6416 6417 6422
f 6417 6426 6422
f 6423 6422 6427
f 6427 6425 6423
f 6425 6427 6428
f 6470 6428 6427
f 6422 6426 6432
f 6725 6669 6720
f 6441 6427 6422
f 6458 6415 6459
f 6459 6453 6458
f 6453 6459 6396
f 6459 6393 6396
f 6396 6451 6453
f 6392 6520 6440
f 6432 6392 6439
f 6432 6441 6422
f 6496 6461 6415
f 6415 6413 6411
f 6421 6416 6418
f 6461 6462 6413
f 6461 6413 6415
f 6415 6458 6460
f 6496 6415 6460
f 6452 6560 6544
f 6543 6454 6550
f 6533 6812 6495
f 6495 6527 6533
f 6454 6456 6524
f 6454 6524 6498
f 6550 6454 6498
f 6453 6497 6458
f 6496 6498 6524
f 6497 6460 6458
f 6497 6498 6460
f 6496 6460 6498
f 6501 6504 6412
f 6496 6503 6502
f 6399 6444 6485
f 6482 6444 6399
f 6412 6462 6501
f 6462 6461 6570
f 6462 6505 6501
f 6570 6461 6502
f 6502 6461 6496
f 6502 6503 6506
f 6465 6467 6508
f 6452 6486 6449
f 6418 6467 6465
f 6511 6516 6512
f 6444 6449 6486
f 6632 6579 6580
f 6473 6472 6475
f 6475 6472 6441
f 6522 6475 6441
f 6445 6449 6444
f 6473 6630 6520
f 6444 6484 6485
f 6531 6485 6536
f 6485 6484 6535
f 6537 6536 6485
f 6485 6535 6537
f 6444 6486 6484
f 6486 6540 6484
f 6452 6549 6486
f 6549 6540 6486
f 6436 6405 6399
f 6541 6549 6452
f 6542 6549 6541
f 6541 6452 6544
f 6531 6399 6485
f 6544 6542 6541
f 6560 6533 6542
f 6560 6542 6544
f 6533 6549 6542
f 6527 6549 6533
f 6498 6551 6550
f 6551 6497 6453
f 6451 6551 6453
f 6498 6497 6551
f 6499 6504 6557
f 6505 6504 6501
f 6570 6617 6462
f 6570 6502 6571
f 6571 6502 6506
f 6577 6511 6510
f 6516 6511 6578
f 6578 6511 6577
f 6399 6531 6534
f 6579 6475 6522
f 6472 6470 6441
f 6582 6583 6584
f 6582 6584 6585
f 6584 6583 6528
f 6580 6528 6583
f 6522 6438 6529
f 6593 6582 6585
f 6581 6582 6593
f 6596 6581 6591
f 6591 6581 6593
f 6472 6473 6470
f 6585 6584 6600
f 6470 6427 6441
f 6580 6579 6522
f 6593 6532 6591
f 6595 6591 6532
f 6531 6593 6585
f 6531 6585 6534
f 6534 6585 6600
f 6399 6534 6601
f 6426 6470 6432
f 6531 6532 6593
f 6536 6595 6531
f 6484 6540 6535
f 6540 6606 6535
f 6488 6609 6564
f 6564 6609 6548
f 6551 6543 6550
f 6522 6529 6580
f 6655 6700 6543
f 6549 6527 6608
f 6467 6428 6426
f 6426 6428 6470
f 6478 6573 6528
f 6528 6573 6584
f 6468 6428 6467
f 6428 6468 6425
f 6436 6479 6405
f 6556 6616 6617
f 6504 6618 6557
f 6618 6504 6619
f 6620 6618 6619
f 6616 6620 6619
f 6505 6616 6619
f 6515 6516 6578
f 6441 6439 6438
f 6505 6619 6504
f 6617 6505 6462
f 6441 6432 6439
f 6432 6473 6392
f 6526 6562 6568
f 6432 6470 6473
f 6466 6419 6423
f 6468 6466 6425
f 6567 6399 6605
f 6623 6521 6631
f 6630 6473 6475
f 6423 6425 6466
f 7115 6491 6575
f 6475 6579 6630
f 6582 6581 6633
f 6633 6583 6582
f 6436 6567 6479
f 6580 6583 6635
f 6583 6633 6635
f 6595 6669 6596
f 6596 6633 6581
f 6417 6467 6426
f 6468 6467 6418
f 6638 6600 6637
f 6637 6600 6584
f 6584 6573 6637
f 6637 6573 6681
f 6487 6481 6488
f 6595 6536 6641
f 6669 6595 6641
f 6466 6468 6418
f 6819 6575 6590
f 6534 6600 6601
f 6491 6590 6575
f 6508 6417 6421
f 6605 6399 6601
f 6441 6438 6522
f 6508 6467 6417
f 6528 6580 6529
f 6528 6529 6478
f 6567 6436 6399
f 6520 6392 6473
f 6478 6529 6438
f 6466 6418 6419
f 6418 6465 6421
f 6421 6465 6508
f 6405 6482 6399
f 6606 6540 6649
f 6651 6652 6653
f 6549 6608 6649
f 6540 6549 6649
f 6653 6654 6609
f 6651 6653 6609
f 6527 6656 6608
f 6499 6612 6527
f 6657 6612 6499
f 6499 6557 6657
f 6537 6535 6606
f 6644 6537 6684
f 6616 6505 6617
f 6659 6627 6625
f 6625 6627 6624
f 6644 6536 6537
f 6631 6659 6623
f 6595 6532 6531
f 6659 6661 6627
f 6575 6574 6796
f 6543 6700 6409
f 6567 6605 6573
f 6681 6573 6642
f 6662 6711 6661
f 6630 6631 6521
f 6630 6579 6665
f 6579 6632 6666
f 6632 6580 6667
f 6671 6596 6669
f 6667 6580 6635
f 6673 6667 6635
f 6637 6677 6638
f 6678 6600 6638
f 6677 6637 6679
f 6641 6536 6644
f 6669 6641 6720
f 6641 6644 6646
f 6601 6600 6678
f 6642 6605 6601
f 6646 6644 6684
f 6684 6687 6646
f 6646 6687 6641
f 6688 6641 6687
f 6687 6689 6688
f 6684 6606 6690
f 6684 6690 6687
f 6537 6606 6684
f 6690 6649 6693
f 6649 6690 6606
f 6649 6694 6693
f 6653 6698 6654
f 6698 6695 6654
f 6653 6699 6698
f 6652 6699 6653
f 6656 6694 6649
f 6608 6656 6649
f 6548 6609 6745
f 6609 6654 6745
f 6747 6548 6745
f 6702 6548 6747
f 6527 6612 6656
f 6556 6548 6702
f 6612 6704 6703
f 6620 6616 6556
f 6704 6612 6657
f 6704 6657 6708
f 6620 6708 6618
f 6708 6707 6618
f 6657 6557 6707
f 6618 6707 6557
f 6661 6659 6631
f 6631 6662 6661
f 6662 6631 6711
f 6631 6665 6713
f 6713 6711 6631
f 6631 6630 6665
f 6713 6665 6530
f 6665 6579 6666
f 6715 6667 6673
f 6632 6667 6715
f 6725 6720 6718
f 6669 6721 6671
f 6725 6721 6669
f 6671 6717 6723
f 6633 6596 6723
f 6635 6633 6673
f 6573 6605 6642
f 6728 6726 6727
f 6655 6551 6451
f 6638 6677 6678
f 6679 6637 6681
f 6642 6679 6681
f 6601 6679 6642
f 6677 6679 6678
f 6679 6601 6678
f 6655 6543 6551
f 6720 6688 6724
f 6688 6720 6641
f 6737 6724 6688
f 6689 6734 6688
f 6690 6689 6687
f 6688 6734 6737
f 6737 6734 6689
f 6689 6738 6737
f 6689 6690 6738
f 6695 6690 6693
f 6738 6690 6695
f 6693 6694 6695
f 6738 6695 6741
f 6698 6741 6695
f 6698 6699 6744
f 6744 6741 6698
f 6694 6745 6695
f 6695 6745 6654
f 6694 6656 6745
f 6747 6745 6656
f 6612 6703 6656
f 6656 6703 6747
f 6703 6702 6747
f 6556 6702 6750
f 6702 6703 6750
f 6703 6704 6750
f 6750 6620 6556
f 6704 6708 6750
f 6750 6708 6620
f 6707 6708 6657
f 6530 6711 6713
f 6665 6759 6530
f 6666 6759 6665
f 6759 6666 6755
f 6755 6666 6752
f 6755 6752 6763
f 6721 6717 6671
f 6673 6633 6715
f 6752 6715 6763
f 6785 6763 6715
f 6718 6767 6725
f 6725 6767 6774
f 6717 6721 6770
f 6725 6770 6721
f 6770 6725 6726
f 6770 6790 6717
f 6715 6633 6723
f 6718 6724 6767
f 6767 6724 6773
f 6767 6773 6774
f 6726 6725 6727
f 6725 6774 6727
f 6728 6727 6774
f 6790 6728 6774
f 6776 6737 6778
f 6724 6737 6776
f 6778 6737 6738
f 6738 6779 6778
f 6915 6778 6779
f 6741 6779 6738
f 6781 6779 6741
f 6780 6741 6744
f 6781 6741 6780
f 6896 6780 6744
f 6755 6763 6759
f 6723 6717 7122
f 6764 6759 6763
f 6785 6723 6865
f 6785 6786 6787
f 6786 6785 6865
f 6715 6723 6785
f 6764 6763 6787
f 6763 6785 6787
f 6790 6770 6726
f 6790 6726 6728
f 6724 7009 6773
f 6915 6779 6781
f 6790 6774 6773
f 7034 6790 7009
f 6790 6773 7009
f 6576 6764 6787
f 6787 6786 6791
f 6576 6787 6791
f 6559 6564 6548
f 6442 6447 6405
f 6559 6572 6456
f 6623 6517 6521
f 6433 6512 6516
f 6794 6817 6493
f 6510 6433 6815
f 6433 6516 6515
f 6442 6407 6435
f 6398 6577 6519
f 6807 6530 6477
f 6456 6455 6559
f 6451 6491 6538
f 6386 6817 6822
f 6812 6412 6495
f 6398 6515 6577
f 6410 6445 6447
f 6623 6624 6568
f 6407 6801 6379
f 6568 6624 6526
f 6803 6624 6627
f 6398 6385 6433
f 6495 6499 6527
f 6379 6801 6367
f 6572 6570 6571
f 6407 6394 6435
f 6435 6393 6410
f 6674 6759 6764
f 6439 6478 6438
f 6530 6661 6711
f 6478 6567 6573
f 6376 6387 6800
f 6803 6661 6518
f 6367 6368 6379
f 6792 6568 6562
f 6451 6434 6655
f 6800 6387 6386
f 6491 6477 6590
f 6832 6480 6477
f 6499 6412 6504
f 6378 6386 6388
f 6480 6437 6383
f 6576 6674 6764
f 6444 6482 6445
f 6518 6807 6817
f 6413 6412 6812
f 6812 6411 6413
f 6812 6410 6393
f 6410 6812 6450
f 6405 6447 6482
f 6488 6455 6454
f 6564 6559 6455
f 6519 6577 6510
f 6456 6503 6496
f 6812 6533 6560
f 6393 6411 6812
f 6407 6442 6405
f 6815 6367 6804
f 6499 6495 6412
f 6456 6572 6503
f 6456 6454 6455
f 6450 6560 6452
f 6617 6572 6556
f 6503 6572 6506
f 6455 6488 6564
f 6386 6493 6817
f 6506 6572 6571
f 6570 6572 6617
f 6454 6487 6488
f 6393 6435 6397
f 6449 6450 6452
f 6410 6447 6435
f 6412 6413 6462
f 6812 6560 6450
f 6456 6496 6524
f 6821 6476 6568
f 6807 6477 6822
f 6801 6476 6804
f 6385 6367 6433
f 6479 6478 6439
f 6384 6383 6402
f 6655 6380 6700
f 6518 6794 6398
f 6379 6376 6382
f 6367 6374 6368
f 6480 6822 6477
f 6556 6572 6548
f 6383 6376 6800
f 6396 6832 6491
f 6590 6477 6530
f 6624 6623 6625
f 6793 6794 6389
f 6792 6562 6510
f 6803 6526 6624
f 6521 6520 6630
f 6801 6407 6440
f 6526 6803 6562
f 6511 6433 6510
f 6807 6822 6817
f 6435 6447 6442
f 6801 6440 6476
f 6478 6479 6567
f 6407 6405 6479
f 6803 6627 6661
f 6655 6434 6406
f 6450 6445 6410
f 6661 6530 6807
f 6572 6559 6548
f 6674 6530 6759
f 6479 6439 6407
f 6518 6562 6803
f 6577 6515 6578
f 6407 6392 6440
f 6434 6451 6514
f 6451 6538 6514
f 6510 6815 6792
f 6433 6511 6512
f 6482 6447 6445
f 6804 6367 6801
f 6521 6517 6476
f 6445 6450 6449
f 6396 6480 6832
f 6376 6383 6382
f 6490 6396 6401
f 6518 6398 6519
f 6476 6440 6520
f 6819 6590 6530
f 6387 6376 6388
f 6451 6396 6491
f 6385 6398 6389
f 6433 6367 6815
f 6480 6383 6800
f 6519 6510 6562
f 6480 6490 6437
f 6383 6384 6382
f 6433 6515 6398
f 6519 6562 6518
f 6623 6568 6517
f 6392 6407 6439
f 6407 6379 6394
f 6520 6521 6476
f 6530 6674 6819
f 6832 6477 6491
f 6404 6368 6366
f 6568 6476 6517
f 6367 6385 6374
f 6822 6480 6800
f 6800 6386 6822
f 6480 6396 6490
f 6493 6404 6374
f 6398 6794 6793
f 6388 6379 6368
f 6568 6792 6821
f 6821 6815 6804
f 6821 6792 6815
f 6794 6518 6817
f 6793 6389 6398
f 6379 6388 6376
f 6397 6396 6393
f 6386 6387 6388
f 6389 6794 6493
f 6518 6661 6807
f 6404 6378 6368
f 6396 6397 6401
f 6402 6437 6395
f 6476 6821 6804
f 6437 6401 6394
f 6401 6437 6490
f 6389 6493 6374
f 6404 6386 6378
f 6404 6493 6386
f 6632 6715 6666
f 6715 6752 6666
f 6720 6724 6718
f 6443 6500 6481
f 6825 6873 6887
f 7034 6966 6962
f 6962 7025 7034
f 7107 7075 7060
f 6547 6768 6855
f 6980 6972 6936
f 7071 7063 7106
f 6869 6597 6871
f 6391 6409 6443
f 6889 7222 7218
f 7011 7064 6984
f 7102 7087 7084
f 6861 6884 6867
f 7007 6949 7003
f 7091 7098 7066
f 7033 6960 7042
f 7003 6959 6985
f 7071 7102 7084
f 6391 6443 6481
f 6643 6500 6651
f 6457 6768 6547
f 6954 6941 6964
f 7051 6791 7061
f 6547 6766 6546
f 6825 6547 6855
f 6597 6869 6837
f 6403 7015 6489
f 7038 7053 7032
f 6889 6899 6904
f 6855 6905 6873
f 6825 6880 6853
f 6825 6886 6880
f 6877 6699 6869
f 6959 7003 6949
f 6869 6871 6888
f 6744 6699 6877
f 6887 6886 6825
f 7075 7103 7063
f 6867 6883 6882
f 6906 6909 6878
f 6883 6893 6882
f 6744 6877 6896
f 6880 6886 6889
f 6870 6868 6766
f 6896 6877 6869
f 6906 6878 6885
f 6868 6885 6878
f 6882 6888 6871
f 6899 6885 7224
f 7222 6889 6904
f 6912 6882 6893
f 6883 6902 6897
f 7044 7051 6566
f 6867 6900 6883
f 6886 6909 6906
f 6885 6899 6906
f 6886 6906 6899
f 6965 7007 7022
f 6900 6907 6922
f 6912 6893 6924
f 7224 6910 6899
f 7054 7084 7066
f 6904 6899 6910
f 6919 6873 6918
f 6900 6922 6902
f 7001 7100 7065
f 6893 6897 6929
f 7114 7113 7102
f 6888 6915 6914
f 6912 6939 6915
f 6390 6380 6406
f 6929 6943 6893
f 6941 6933 6920
f 6941 6920 6931
f 6778 6939 6966
f 6949 6937 6959
f 6960 6937 6948
f 6939 6943 6962
f 6933 6941 6954
f 6937 6960 6959
f 6971 6943 6929
f 6980 6936 6926
f 6965 6931 6949
f 6970 6956 6961
f 6956 6977 6961
f 6931 6965 6964
f 6972 6971 6929
f 6967 6972 6400
f 6966 6939 6962
f 6953 6980 6926
f 6954 6984 7000
f 6964 6984 6954
f 6400 6972 6973
f 6969 6971 6972
f 6953 6954 7000
f 6961 7002 6970
f 6993 6964 6965
f 6977 6956 6970
f 6989 6986 6983
f 6960 6983 6985
f 7007 6965 6949
f 6483 7024 7041
f 6992 6989 6983
f 7042 6948 7053
f 6943 7006 6962
f 6970 7002 6977
f 6429 6546 6509
f 7017 6990 6953
f 6984 7010 7000
f 6965 7022 6993
f 7003 6985 6986
f 6992 6983 6960
f 6984 6964 6993
f 7088 7065 7100
f 7003 6986 7013
f 7029 7064 7011
f 6489 7015 6523
f 6984 6993 7011
f 6655 6406 6380
f 7033 7020 6960
f 6960 7020 6992
f 7034 7009 6966
f 7011 6993 7022
f 7007 7008 7023
f 7029 7022 7008
f 7029 7008 7013
f 7023 7022 7007
f 7109 7051 7092
f 7008 7022 7023
f 7106 7063 7103
f 7015 7040 6523
f 7044 7032 6950
f 7013 7020 7029
f 6980 6990 7036
f 7024 7032 7041
f 7064 7010 6984
f 7051 7109 6566
f 7033 7029 7020
f 7043 7062 7034
f 7044 7041 7032
f 6929 6897 6936
f 7038 6507 7060
f 7054 7036 6990
f 7036 7054 7046
f 7091 7066 7084
f 7011 7022 7029
f 7064 7063 7010
f 7061 7128 7065
f 7050 7029 7033
f 6986 6985 6983
f 7061 7065 7078
f 6403 6973 7015
f 7054 7063 7072
f 6884 6925 6926
f 7075 7064 7029
f 7001 7065 7128
f 7082 7229 7067
f 7128 6865 7001
f 7050 7075 7029
f 7065 7081 7078
f 6865 7091 7001
f 6409 6700 6471
f 6509 6390 6429
f 7042 7050 7033
f 6565 6837 6652
f 7091 7100 7001
f 6926 6907 6884
f 7046 7066 7098
f 7072 7063 7071
f 7081 7087 7102
f 6538 6491 7115
f 6865 6723 7091
f 7092 7081 7109
f 7081 7092 7078
f 6932 6918 6950
f 7108 7076 6552
f 6566 7109 7113
f 7102 7071 7106
f 7103 7075 7107
f 6936 6922 6926
f 6552 6566 7113
f 7101 7091 7084
f 7081 7102 7109
f 7100 7091 7101
f 7091 7122 7098
f 7108 6552 7112
f 6790 7098 7122
f 7102 7113 7109
f 6552 7113 7112
f 7114 7103 7107
f 7112 7114 7107
f 7114 7106 7103
f 7113 7114 7112
f 6953 6925 6933
f 6943 6924 6893
f 7051 7078 7092
f 7000 7017 6953
f 6882 6871 6867
f 6597 6509 6861
f 6954 6953 6933
f 7038 7050 7053
f 6884 6861 6878
f 6884 6878 6925
f 6546 6766 6509
f 6896 6869 6914
f 6878 6920 6925
f 6443 6409 6471
f 6920 6933 6925
f 6414 7024 7004
f 6900 6867 6884
f 6995 6980 7036
f 6920 6878 6909
f 6597 6867 6871
f 7050 7042 7053
f 6931 6964 6941
f 6873 6905 6918
f 6538 6569 6514
f 7102 7106 7114
f 6390 6509 6424
f 7021 6507 7038
f 6973 6972 6995
f 6481 6500 6643
f 7021 7038 7032
f 6429 6457 6547
f 7063 7054 7017
f 6855 6911 6905
f 6905 6911 6930
f 6443 6628 6565
f 6628 6837 6565
f 6538 7115 6569
f 7002 6961 6977
f 6390 6406 6429
f 6569 6796 6574
f 6514 6569 6574
f 6893 6883 6897
f 6390 6424 6380
f 7046 7098 7062
f 6960 6985 6959
f 6791 7128 7061
f 6931 6909 6887
f 6597 6861 6867
f 7081 7088 7087
f 7081 7065 7088
f 7059 7086 7060
f 6837 6869 6699
f 7082 7228 6525
f 6525 7228 6545
f 6883 6900 6902
f 6986 7020 7013
f 6406 6434 6457
f 6878 6861 6868
f 6930 7051 6950
f 6766 6861 6509
f 6936 6897 6902
f 6990 6980 6953
f 6972 6980 6995
f 7041 7044 6554
f 6825 6766 6547
f 6907 6926 6922
f 7042 6960 6948
f 7066 7046 7054
f 6931 6887 6919
f 6873 6919 6887
f 6547 6546 6429
f 6888 6912 6915
f 6924 6939 6912
f 6766 6868 6861
f 6909 6931 6920
f 6948 6937 6932
f 6937 6919 6932
f 6652 6837 6699
f 6925 6953 6926
f 6936 6972 6929
f 6457 6514 6553
f 6919 6937 6949
f 6912 6888 6882
f 6628 6443 6471
f 6424 6597 6628
f 6628 6471 6424
f 6909 6886 6887
f 6948 6932 6950
f 7053 6948 6950
f 6950 7032 7053
f 6939 6924 6943
f 6986 6989 6992
f 7010 7063 7017
f 6899 6889 6886
f 6471 6380 6424
f 6919 6918 6932
f 6443 6565 6500
f 7007 7003 7008
f 7071 7084 7054
f 6778 6966 6776
f 6967 6969 6972
f 6855 6873 6825
f 7017 7054 6990
f 6400 6973 6403
f 6414 7021 7024
f 6853 6870 6766
f 6434 6514 6457
f 6628 6597 6837
f 6911 6791 6930
f 6791 7051 6930
f 7038 7060 7050
f 7060 7075 7050
f 6950 7051 7044
f 7062 7098 6790
f 6931 6919 6949
f 7043 7046 7062
f 6902 6922 6936
f 6884 6907 6900
f 6776 6966 7009
f 6414 7004 6448
f 6414 6489 7021
f 6825 6853 6766
f 6986 6992 7020
f 7071 7054 7072
f 6930 6918 6905
f 7013 7008 7003
f 7063 7064 7075
f 6943 6971 7006
f 6565 6652 6500
f 6651 6500 6652
f 6768 6911 6855
f 6406 6457 6429
f 6553 6768 6457
f 7079 7086 7059
f 7051 7061 7078
f 6424 6509 6597
f 7000 7010 7017
f 6950 6918 6930
f 6869 6888 6914
f 6778 6915 6939
f 7091 6723 7122
f 6780 6914 6915
f 6819 6674 6576
f 6796 6569 7115
f 6717 6790 7122
f 6781 6780 6915
f 6790 7034 7062
f 6911 6768 6576
f 6576 6791 6911
f 6574 6819 6576
f 6596 6591 6595
f 6723 6596 6671
f 6786 6865 7128
f 6791 6786 7128
f 7101 7084 7087
f 6488 6643 6609
f 6488 6481 6643
f 6651 6609 6643
f 6380 6471 6700
f 6796 7115 6575
f 6819 6574 6575
f 6776 7009 6724
f 6553 6514 6574
f 6768 6553 6576
f 6780 6896 6914
f 6377 6464 6431
f 6373 6377 6370
f 6969 6370 6365
f 6377 6431 6370
f 6492 6513 6474
f 6420 7043 6430
f 6973 6995 6463
f 6513 6464 6525
f 6370 6969 6967
f 6539 6525 6464
f 6430 6971 6381
f 7107 7086 6561
f 6381 6971 6969
f 6463 6995 7036
f 6365 6381 6969
f 6373 6400 6403
f 6408 6377 6373
f 6420 6365 6370
f 6373 6414 6408
f 6420 6430 6381
f 7228 7076 6563
f 7004 6408 6448
f 6408 7004 6483
f 6474 6463 6492
f 6408 6494 6446
f 6446 6539 6464
f 6494 6483 6539
f 7040 6513 6558
f 6494 6539 6446
f 6554 6483 7041
f 7076 7067 7229
f 6561 6563 7108
f 6539 7082 6525
f 6539 6554 7082
f 6563 7076 7108
f 6554 6555 7082
f 6558 6545 6561
f 7079 6558 6561
f 7082 6555 6552
f 7228 6563 6561
f 6492 7036 7046
f 7076 7229 6552
f 6420 6381 6365
f 6489 7059 6507
f 6513 6525 6545
f 6431 6469 6420
f 6430 7006 6971
f 7040 6558 6523
f 6370 6431 6420
f 6483 6554 6539
f 7059 6489 6523
f 6513 6545 6558
f 6513 6492 6469
f 6463 7036 6492
f 6446 6377 6408
f 6370 6967 6373
f 6403 6414 6373
f 6469 7043 6420
f 6446 6464 6377
f 6408 6414 6448
f 6408 6483 6494
f 6489 6507 7021
f 6431 6464 6513
f 6431 6513 6469
f 6876 6872 6974
f 6974 6955 6979
f 6818 6854 6859
f 6672 6660 6648
f 6748 6664 6758
f 6952 6892 6934
f 6701 6691 6736
f 6682 6610 6607
f 6818 6820 6798
f 6838 6809 6827
f 6675 6626 6650
f 6908 6851 6901
f 6586 6587 6588
f 6592 6603 6588
f 6598 6610 6594
f 6594 6587 6589
f 6598 6594 6589
f 6588 6603 6602
f 6610 6592 6594
f 6588 6602 6589
f 6610 6603 6592
f 6848 6892 6928
f 6621 6604 6589
f 6598 6599 6615
f 6621 6589 6602
f 6820 6816 6788
f 6613 6602 6603
f 6640 6604 6621
f 6611 6604 6640
f 6629 6614 6621
f 6604 6611 6615
f 6615 6626 6607
f 6634 6603 6610
f 6672 6622 6614
f 6640 6621 6622
f 6602 6629 6621
f 6629 6602 6658
f 6613 6658 6602
f 6607 6626 6682
f 6613 6603 6634
f 6634 6636 6645
f 6987 6976 6978
f 6672 6614 6629
f 6634 6610 6682
f 6626 6615 6650
f 6626 6680 6682
f 6613 6634 6658
f 6645 6668 6634
f 6639 6647 6670
f 6762 6753 6782
f 6611 6650 6615
f 6648 6622 6672
f 6672 6629 6676
f 6663 6622 6648
f 6640 6622 6663
f 6664 6629 6685
f 6663 6650 6640
f 6650 6611 6640
f 6686 6645 6636
f 6634 6696 6658
f 6795 6835 6775
f 6676 6692 6672
f 6685 6629 6683
f 6680 6626 6675
f 6692 6660 6672
f 6599 6604 6615
f 6746 6797 6719
f 6670 6647 6697
f 6647 6639 6691
f 6696 6683 6658
f 6696 6668 6706
f 6647 6682 6697
f 6647 6709 6636
f 6719 6645 6686
f 6692 6663 6660
f 6668 6645 6719
f 6685 6683 6712
f 6675 6705 6680
f 6680 6697 6682
f 6650 6663 6710
f 6712 6664 6685
f 6719 6742 6668
f 6691 6701 6647
f 6668 6742 6706
f 6670 6697 6731
f 6850 6830 6816
f 6716 6722 6729
f 6710 6692 6735
f 6664 6748 6676
f 6712 6758 6664
f 6697 6680 6740
f 6676 6748 6692
f 6686 6709 6732
f 6736 6691 6731
f 6714 6696 6730
f 6709 6701 6736
f 6692 6748 6757
f 6743 6675 6710
f 6675 6749 6705
f 6746 6719 6732
f 6751 6743 6735
f 6753 6754 6761
f 6757 6748 6743
f 6758 6743 6748
f 6709 6736 6739
f 6769 6705 6749
f 6769 6749 6714
f 6730 6769 6714
f 6762 6765 6754
f 6765 6762 6772
f 6697 6740 6731
f 6743 6751 7178
f 6777 6753 6761
f 6769 6740 6705
f 6739 6746 6732
f 6872 6940 6935
f 6783 6784 6740
f 6719 6797 6742
f 6769 6783 6740
f 6784 6731 6740
f 6788 6753 6777
f 6731 6775 6736
f 6775 6746 6739
f 6843 6858 6839
f 6762 6782 6772
f 6782 6798 6772
f 6731 6784 6795
f 6731 6795 6775
f 6789 6771 6802
f 6772 6798 6765
f 7178 6757 6743
f 6798 6771 6765
f 6636 6634 6682
f 6789 6810 6777
f 6809 6838 6839
f 6805 6783 6811
f 6783 6805 6784
f 6788 6816 6782
f 6811 6782 6816
f 6798 6782 6818
f 6814 6746 6775
f 6824 6811 6816
f 6788 6777 6810
f 6828 6799 6813
f 6827 6809 6831
f 6823 6816 6830
f 6823 6838 6824
f 6820 6840 6810
f 6811 6824 6805
f 6816 6820 6841
f 6841 6820 6818
f 6784 6805 6826
f 6814 6834 6813
f 6810 6844 6788
f 6732 6719 6686
f 6844 6840 6788
f 6847 6813 6834
f 6805 6833 6826
f 6829 6849 6845
f 6830 6849 6829
f 6846 6823 6843
f 6813 6847 6842
f 6850 6849 6830
f 6844 6810 6860
f 6810 6840 6860
f 6840 6856 6860
f 6841 6850 6816
f 6824 6838 6833
f 6818 6828 6854
f 6828 6842 6854
f 6848 6829 6845
f 6835 6795 6826
f 6806 6808 6809
f 6840 6844 6856
f 6841 6818 6859
f 6814 6835 6852
f 6838 6827 6833
f 6860 6857 6844
f 6862 6863 6857
f 6856 6844 6857
f 6835 6826 6852
f 6827 6831 6864
f 6852 6847 6834
f 6866 6845 6849
f 6860 6856 6874
f 6874 6856 6857
f 6881 6841 6859
f 6864 6826 6833
f 6879 6866 6849
f 6857 6860 6862
f 6863 6874 6857
f 6860 6874 6862
f 6863 6862 6874
f 6831 6851 6908
f 6859 6854 6875
f 6847 6876 6842
f 6831 6908 6864
f 6842 6875 6854
f 6842 6876 6875
f 6587 6586 6589
f 6848 6845 6892
f 6847 6852 6876
f 6850 6881 6890
f 6851 6895 6891
f 6864 6872 6826
f 6891 6901 6851
f 6903 6859 6875
f 6845 6866 6916
f 6927 6858 6921
f 6858 6898 6921
f 6982 6974 6979
f 6928 6917 6848
f 6898 6894 6921
f 6903 6875 6923
f 6592 6588 6594
f 6866 6892 6916
f 6934 6892 6866
f 6917 6908 6894
f 6942 6938 6903
f 6921 6944 6927
f 6866 6879 6934
f 6938 6946 6903
f 6942 6903 6923
f 6706 6730 6696
f 6901 6944 6921
f 6758 6712 6749
f 6934 6879 6945
f 6881 6946 6951
f 6709 6739 6732
f 6947 6928 6892
f 6913 6955 6945
f 6957 6946 6938
f 6938 6963 6958
f 6945 6955 6952
f 6934 6945 6952
f 6946 6957 6974
f 6955 6913 6968
f 6754 6765 6771
f 6946 6976 6951
f 6957 6958 6975
f 6975 6942 6957
f 6963 6942 6975
f 6974 6978 6946
f 6940 6947 6935
f 6951 6976 6968
f 6749 6675 6743
f 6968 6979 6955
f 6743 6710 6735
f 6831 6809 6808
f 6979 6968 6976
f 6946 6978 6976
f 6976 6981 6979
f 6978 6974 6982
f 6814 6797 6746
f 6848 6894 6843
f 6890 6881 6913
f 6987 6978 6994
f 6670 6731 6691
f 6994 6978 6982
f 6996 6994 6982
f 6982 6988 6996
f 6810 6789 6802
f 6691 6639 6670
f 6589 6586 6588
f 6828 6813 6842
f 6935 6947 6952
f 6783 6769 6730
f 6957 6938 6958
f 6852 6826 6872
f 6876 6974 6923
f 6714 6749 6712
f 6588 6587 6594
f 6917 6894 6848
f 6783 6742 6799
f 6816 6823 6824
f 6634 6668 6696
f 6850 6890 6849
f 6892 6845 6916
f 6714 6712 6683
f 6849 6890 6879
f 6935 6955 6974
f 6757 6733 6692
f 6957 6923 6974
f 6982 6979 6988
f 6682 6647 6636
f 6598 6607 6610
f 6843 6894 6898
f 6709 6686 6636
f 6938 6942 6963
f 6979 6981 6988
f 6771 6789 6761
f 6935 6952 6955
f 6783 6706 6742
f 6913 6881 6951
f 6589 6599 6598
f 6692 6710 6663
f 6799 6828 6818
f 6777 6761 6789
f 6846 6838 6823
f 6797 6799 6742
f 6799 6797 6813
f 6802 6771 6798
f 6858 6836 6839
f 6675 6650 6710
f 6834 6814 6852
f 6683 6696 6714
f 6783 6730 6706
f 6826 6795 6784
f 6760 6858 6927
f 6739 6736 6775
f 6754 6771 6761
f 6843 6839 6846
f 6858 6843 6898
f 6917 6940 6908
f 6820 6788 6840
f 6872 6935 6974
f 6908 6921 6894
f 6901 6921 6908
f 6802 6798 6820
f 6839 6838 6846
f 6945 6890 6913
f 6981 6976 6991
f 6940 6872 6864
f 6818 6782 6799
f 6928 6947 6917
f 6850 6841 6881
f 6881 6903 6946
f 6852 6872 6876
f 6680 6705 6740
f 6648 6660 6663
f 6743 6758 6749
f 6806 6809 6839
f 6810 6802 6820
f 6940 6917 6947
f 6944 6760 6927
f 6621 6614 6622
f 6908 6940 6864
f 6782 6753 6788
f 6848 6843 6823
f 6913 6951 6968
f 6629 6658 6683
f 6827 6864 6833
f 6709 6647 6701
f 6782 6811 6799
f 6797 6814 6813
f 6836 6806 6839
f 6664 6676 6629
f 6589 6604 6599
f 6903 6881 6859
f 6890 6945 6879
f 6957 6942 6923
f 6833 6805 6824
f 6835 6814 6775
f 6615 6607 6598
f 6783 6799 6811
f 6952 6947 6892
f 6923 6875 6876
f 6762 6754 6753
f 6823 6829 6848
f 6830 6829 6823
f 6963 6975 6958
f 6944 6901 6891
f 6836 6858 6760
f 6831 6895 6851
f 6831 6808 6895
f 6808 6806 6891
f 6806 6756 6891
f 6891 6895 6808
f 6988 6981 6991
f 6991 6987 6994
f 6996 6988 6991
f 7043 7025 6430
f 6760 6756 6836
f 6760 6944 6756
f 6994 6996 6991
f 6756 6944 6891
f 6806 6836 6756
f 7167 7135 7159
f 7074 7118 7094
f 7202 7214 7184
f 6998 6999 6997
f 7165 7188 7193
f 7183 6751 7162
f 7213 7206 7210
f 7027 7083 7005
f 6997 6999 7005
f 6999 6998 7012
f 6998 7016 7014
f 7158 7140 7174
f 7048 7057 7005
f 6999 7019 7027
f 7019 7012 7047
f 7037 7026 7028
f 7026 7039 7028
f 7016 7018 7014
f 7039 7026 7037
f 7140 7181 7174
f 7056 7028 7039
f 7031 7030 7045
f 7028 7056 7037
f 7005 7057 7018
f 7117 7030 7031
f 7031 7052 7097
f 7039 7069 7068
f 7056 7074 7037
f 7056 7039 7068
f 7069 7070 7085
f 7201 7200 7179
f 7090 7058 7055
f 7055 7068 7090
f 7048 7123 7057
f 7094 7069 7039
f 7093 7095 7077
f 7089 7099 7049
f 7045 7049 7099
f 7055 7058 7073
f 7068 7074 7056
f 7073 7074 7068
f 7074 7094 7039
f 7069 7085 7068
f 7104 7096 7080
f 7105 7110 7104
f 7070 7096 7085
f 7070 7080 7096
f 7057 7111 7018
f 7077 7116 7093
f 7085 7090 7068
f 7089 7030 7117
f 7074 7073 7118
f 7070 7121 7080
f 7096 7126 7121
f 7105 6733 7110
f 6733 7105 6735
f 7045 7099 7124
f 7073 7058 7118
f 7118 7058 7090
f 6735 6692 6733
f 7027 7136 7083
f 7090 7137 7132
f 7093 7120 7095
f 7095 7119 7135
f 7120 7119 7095
f 7121 7126 7080
f 7090 7132 7134
f 7129 7093 7116
f 7095 7135 7125
f 7085 7157 7137
f 7070 7094 7157
f 7118 7090 7134
f 7110 6733 7142
f 7035 7111 7169
f 7123 7150 7057
f 7144 7048 7083
f 7149 7129 7116
f 7121 7157 7085
f 7139 7080 7119
f 7083 7136 7148
f 7144 7133 7048
f 7125 7149 7116
f 7119 7120 7138
f 7135 7119 7140
f 7119 7080 7140
f 7142 7141 7110
f 6716 6729 7147
f 6716 7147 7143
f 7057 7146 7111
f 7132 7048 7133
f 6751 6735 7105
f 7035 7169 7130
f 7132 7133 7134
f 7127 7162 7105
f 7142 6733 6757
f 7169 7111 7146
f 7135 7158 7154
f 7140 7158 7135
f 7142 7143 7147
f 7143 6722 6716
f 7136 7047 7130
f 7135 7154 7159
f 7143 6729 6722
f 7089 7117 7151
f 7165 7097 7052
f 7166 7150 7123
f 7152 7166 7123
f 7160 7120 7129
f 7159 7119 7138
f 7126 7145 7140
f 7162 7127 7156
f 6757 7143 7142
f 6757 7178 7143
f 7170 7117 7097
f 7097 7165 7170
f 7157 7133 7163
f 7157 7134 7133
f 7157 7163 7137
f 7154 7158 7172
f 7119 7159 7139
f 7164 7155 7141
f 7164 7141 7142
f 7147 7168 7164
f 7147 7164 7142
f 7147 6729 7175
f 7194 7181 7187
f 7154 7172 7131
f 7143 7175 6729
f 7148 7136 7130
f 7154 7171 7159
f 7159 7138 7167
f 7147 7175 7168
f 7143 7178 7183
f 7176 7117 7170
f 7133 7144 7163
f 7145 7181 7140
f 7127 7161 7156
f 7159 7171 7174
f 7097 7117 7031
f 7144 7148 7199
f 7183 7156 7182
f 7167 7138 7149
f 7182 7161 7181
f 7182 7156 7161
f 7195 7183 7182
f 7195 7175 7143
f 7148 7150 7199
f 7199 7150 7166
f 7188 7165 7052
f 7169 7146 7150
f 7138 7160 7129
f 7180 7181 7145
f 7168 7195 7164
f 7165 7193 7170
f 7171 7177 7172
f 7174 7181 7161
f 7190 7164 7182
f 7195 7182 7164
f 7183 7162 7156
f 7170 7193 7176
f 7052 7153 7188
f 7152 7189 7166
f 7187 7179 7191
f 7175 7195 7168
f 7176 7151 7117
f 7197 7196 7166
f 7179 7192 7198
f 7191 7179 7198
f 7199 7166 7196
f 7200 7192 7179
f 7173 7164 7201
f 7163 7144 7186
f 7166 7189 7185
f 7189 7203 7185
f 7204 7198 7192
f 7201 7164 7190
f 7094 7070 7069
f 7202 7184 7176
f 7176 7193 7202
f 7188 7153 7177
f 7181 7194 7182
f 7048 7152 7123
f 7191 7206 7187
f 7201 7212 7200
f 7205 7189 7186
f 7199 7205 7186
f 7207 7177 7184
f 7196 7205 7199
f 7197 7205 7196
f 7203 7189 7209
f 7208 7210 7191
f 7212 7206 7200
f 7191 7210 7206
f 7211 7177 7207
f 7188 7214 7202
f 7213 7204 7192
f 7192 7200 7213
f 7207 7214 7211
f 7194 7206 7190
f 7185 7203 7209
f 7208 7204 7210
f 7212 7190 7206
f 7019 7047 7027
f 7184 7214 7207
f 7124 7099 7151
f 7213 7210 7204
f 7182 7194 7190
f 7030 7089 7049
f 7014 7035 7012
f 7184 7177 7124
f 7201 7180 7173
f 7110 7096 7104
f 7047 7035 7130
f 7180 7145 7155
f 7104 7127 7105
f 7163 7186 7152
f 7016 6998 6997
f 7197 7166 7185
f 7131 7124 7154
f 7162 6751 7105
f 7136 7027 7047
f 7125 7135 7149
f 7005 7018 6997
f 7135 7167 7149
f 7161 7127 7139
f 7019 6999 7012
f 7116 7077 7125
f 7173 7180 7155
f 7150 7146 7057
f 7096 7121 7085
f 7185 7205 7197
f 7205 7185 7209
f 7077 7095 7125
f 7149 7138 7129
f 7126 7096 7110
f 7127 7080 7139
f 7052 7045 7131
f 7018 7016 6997
f 7012 7035 7047
f 7155 7164 7173
f 7151 7184 7124
f 7169 7150 7148
f 7158 7174 7171
f 7124 7171 7154
f 7172 7153 7131
f 7211 7214 7177
f 7127 7104 7080
f 7148 7130 7169
f 7144 7199 7186
f 7012 6998 7014
f 7124 7177 7171
f 7039 7037 7074
f 7124 7131 7045
f 7005 7083 7048
f 7201 7179 7180
f 7094 7118 7157
f 7099 7089 7151
f 7070 7157 7121
f 7129 7120 7093
f 7187 7181 7179
f 7110 7155 7145
f 7131 7153 7052
f 7080 7126 7140
f 7137 7163 7132
f 7110 7145 7126
f 7194 7187 7206
f 7132 7152 7048
f 7178 6751 7183
f 7202 7193 7188
f 7068 7055 7073
f 7204 7208 7198
f 7177 7153 7172
f 7139 7174 7161
f 7189 7205 7209
f 7018 7111 7014
f 7118 7134 7157
f 7214 7188 7177
f 7213 7200 7206
f 7212 7201 7190
f 6999 7027 7005
f 7085 7137 7090
f 7141 7155 7110
f 7144 7083 7148
f 7160 7138 7120
f 7031 7045 7052
f 7198 7208 7191
f 7184 7151 7176
f 7049 7045 7030
f 7035 7014 7111
f 7171 7172 7158
f 7132 7163 7152
f 7143 7183 7195
f 7159 7174 7139
f 7180 7179 7181
f 7152 7186 7189
f 7220 7215 7222
f 7216 7217 7223
f 7217 6870 7215
f 7218 7215 6870
f 7217 7215 7219
f 7217 7216 6870
f 7221 7218 6853
f 6853 6880 7221
f 6870 7216 6868
f 7223 7217 7219
f 7219 7220 6904
f 7222 6904 7220
f 7225 7223 7219
f 6904 7225 7219
f 6868 7216 6885
f 7227 7225 6904
f 7223 7224 7216
f 7226 7223 7225
f 6885 7216 7224
f 7223 6910 7224
f 7223 7226 6910
f 7227 7226 7225
f 6910 7226 7227
f 6870 6853 7218
f 7215 7220 7219
f 6576 6553 6574
f 6543 6409 6391
f 6454 6391 6487
f 6543 6391 6454
f 6487 6391 6481
f 7101 6375 6372
f 6371 6372 6363
f 6363 6372 6364
f 6369 6363 6364
f 6371 6363 6369
f 6372 6375 6364
f 6375 7087 6369
f 7100 6369 7088
f 6364 6375 6369
f 7107 7060 7086
f 6880 6889 7221
f 6962 7006 7025
f 7015 6973 6474
f 7034 7025 7043
f 7024 7021 7032
f 7044 6566 6554
f 7015 6513 7040
f 7046 7043 6492
f 6523 7079 7059
f 7079 6523 6558
f 7076 7228 7067
f 7082 7067 7228
f 7024 6483 7004
f 7086 7079 6561
f 6566 6552 6555
f 7108 7112 7107
f 6489 6414 6403
f 7060 6507 7059
f 7218 7221 6889
f 6469 6492 7043
f 6463 6474 6973
f 6967 6400 6373
f 6513 7015 6474
f 7229 7082 6552
f 7108 7107 6561
f 6561 6545 7228
f 6555 6554 6566
f 6991 6976 6987
f 7006 6430 7025
f 7227 6904 6910
f 7222 7215 7218
f 7087 7088 6369
f 7100 6371 6369
f 6371 7100 6372
f 6375 7101 7087
f 6372 7100 7101
f 6623 6659 6625
f 7254 7232 7234
f 7234 7232 7233
f 7234 7233 7236
f 7236 7237 7238
f 7236 7233 7237
f 7239 7237 7233
f 7238 7237 7240
f 7240 7237 7239
f 7242 7244 7245
f 7242 7245 7231
f 7230 7242 7231
f 7230 7246 7242
f 7248 7246 7230
f 7248 7249 7246
f 7250 7230 7231
f 7231 7247 7250
f 7250 7251 7248
f 7248 7230 7250
f 7254 7256 7253
f 7257 7238 7258
f 7255 7233 7232
f 7254 7234 7236
f 7254 7236 7238
f 7257 7258 7255
f 7259 7255 7258
f 7299 7239 7233
f 7238 7240 7260
f 7259 7260 7261
f 7241 7239 7299
f 7264 7273 7271
f 7264 7252 7273
f 7235 7252 7264
f 7235 7264 7278
f 7280 7282 7235
f 7280 7278 7249
f 7252 7282 7247
f 7282 7280 7300
f 7263 7239 7241
f 7280 7235 7278
f 7270 7293 7295
f 7240 7262 7260
f 7267 7262 7240
f 7239 7268 7240
f 7263 7269 7239
f 7269 7263 7270
f 7267 7274 7262
f 7268 7239 7275
f 7239 7269 7275
f 7276 7274 7267
f 7267 7277 7276
f 7267 7240 7277
f 7240 7268 7277
f 7269 7272 7275
f 7233 7255 7299
f 7299 7255 7259
f 7275 7279 7268
f 7276 7277 7281
f 7293 7241 7259
f 7277 7268 7243
f 7283 7281 7277
f 7277 7285 7283
f 7268 7242 7243
f 7268 7279 7242
f 7242 7279 7244
f 7284 7244 7279
f 7285 7277 7243
f 7265 7293 7270
f 7285 7286 7283
f 7246 7243 7242
f 7244 7287 7245
f 7244 7284 7287
f 7274 7261 7262
f 7284 7288 7287
f 7302 7243 7289
f 7285 7243 7286
f 7245 7290 7231
f 7287 7290 7245
f 7288 7290 7287
f 7290 7288 7291
f 7246 7249 7289
f 7243 7246 7289
f 7247 7231 7291
f 7290 7291 7231
f 7250 7247 7292
f 7250 7292 7251
f 7251 7249 7248
f 7259 7297 7295
f 7294 7297 7259
f 7295 7296 7272
f 7298 7274 7276
f 7274 7298 7261
f 7261 7298 7294
f 7275 7296 7297
f 7275 7272 7296
f 7297 7294 7279
f 7276 7281 7298
f 7283 7298 7281
f 7298 7266 7294
f 7298 7283 7266
f 7259 7261 7294
f 7294 7264 7279
f 7264 7271 7279
f 7284 7279 7271
f 7294 7266 7264
f 7266 7283 7286
f 7278 7264 7266
f 7271 7273 7301
f 7271 7301 7284
f 7284 7301 7288
f 7266 7286 7302
f 7278 7266 7302
f 7301 7273 7303
f 7273 7252 7303
f 7288 7301 7303
f 7303 7291 7288
f 7302 7289 7278
f 7278 7289 7249
f 7247 7291 7252
f 7303 7252 7291
f 7282 7292 7247
f 7249 7251 7300
f 7293 7259 7295
f 7241 7299 7259
f 7256 7257 7255
f 7243 7302 7286
f 7261 7260 7262
f 7295 7297 7296
f 7254 7238 7257
f 7254 7257 7256
f 7269 7270 7272
f 7263 7265 7270
f 7282 7252 7235
f 7241 7265 7263
f 7260 7259 7258
f 7238 7260 7258
f 7232 7253 7255
f 7256 7255 7253
f 7232 7254 7253
f 7292 7300 7251
f 7282 7300 7292
f 7300 7280 7249
f 7297 7279 7275
f 7295 7272 7270
f 7241 7293 7265
f 7304 7305 7306
f 7305 7307 7306
f 7304 7308 7309
f 7309 7308 7310
f 7306 7308 7304
f 7307 7311 7306
f 7308 7312 7310
f 7306 7313 7308
f 7311 7314 7306
f 7308 7313 7312
f 7312 7313 7315
f 7314 7313 7306
f 7316 7305 7304
f 7305 7316 7318
f 7307 7318 7317
f 7305 7318 7307
f 7311 7307 7317
f 7311 7317 7319
f 7310 7312 7320
f 7320 7311 7319
f 7314 7320 7312
f 7311 7320 7314
f 7315 7314 7312
f 7313 7314 7315
f 7304 7321 7316
f 7324 7318 7316
f 7324 7316 7322
f 7319 7317 7318
f 7319 7318 7325
f 7325 7320 7319
f 7310 7320 7325
f 7327 7328 7326
f 7321 7329 7316
f 7329 7339 7328
f 7328 7327 7330
f 7309 7331 7304
f 7328 7335 7329
f 7328 7330 7335
f 7316 7329 7322
f 7334 7322 7329
f 7333 7322 7334
f 7322 7333 7323
f 7334 7329 7335
f 7331 7309 7336
f 7323 7325 7318
f 7333 7325 7323
f 7324 7323 7318
f 7324 7322 7323
f 7326 7337 7327
f 7326 7338 7337
f 7326 7339 7340
f 7341 7342 7304
f 7346 7345 7327
f 7304 7347 7341
f 7342 7321 7304
f 7339 7329 7321
f 7339 7326 7328
f 7345 7330 7327
f 7331 7347 7304
f 7348 7330 7345
f 7325 7332 7310
f 7335 7349 7334
f 7334 7349 7350
f 7330 7348 7350
f 7310 7336 7309
f 7332 7325 7333
f 7334 7332 7333
f 7335 7330 7349
f 7350 7349 7330
f 7339 7344 7340
f 7340 7344 7351
f 7340 7338 7326
f 7338 7352 7337
f 7342 7341 7353
f 7337 7346 7327
f 7339 7321 7343
f 7339 7343 7344
f 7355 7344 7343
f 7356 7351 7344
f 7346 7352 7345
f 7356 7357 7345
f 7352 7356 7345
f 7331 7336 7358
f 7358 7370 7331
f 7334 7350 7332
f 7336 7359 7358
f 7336 7310 7359
f 7353 7354 7342
f 7321 7342 7354
f 7337 7352 7346
f 7341 7347 7360
f 7360 7378 7341
f 7361 7362 7364
f 7365 7361 7364
f 7355 7343 7321
f 7363 7355 7321
f 7356 7344 7355
f 7340 7351 7338
f 7338 7351 7352
f 7351 7356 7352
f 7347 7331 7370
f 7370 7360 7347
f 7366 7364 7371
f 7371 7364 7362
f 7366 7371 7359
f 7366 7367 7365
f 7366 7369 7367
f 7365 7367 7361
f 7367 7368 7361
f 7367 7369 7368
f 7369 7366 7359
f 7359 7310 7369
f 7369 7310 7372
f 7332 7372 7310
f 7372 7332 7373
f 7332 7350 7373
f 7350 7348 7373
f 7373 7348 7374
f 7373 7374 7375
f 7348 7345 7357
f 7374 7348 7376
f 7341 7377 7353
f 7377 7341 7378
f 7360 7370 7382
f 7360 7382 7378
f 7378 7382 7379
f 7379 7362 7361
f 7382 7362 7379
f 7383 7379 7361
f 7368 7381 7361
f 7380 7361 7381
f 7370 7371 7382
f 7382 7371 7362
f 7381 7368 7387
f 7368 7372 7387
f 7369 7372 7368
f 7388 7356 7355
f 7370 7358 7371
f 7358 7359 7371
f 7372 7373 7387
f 7375 7389 7373
f 7356 7392 7357
f 7388 7390 7356
f 7376 7357 7391
f 7374 7376 7391
f 7376 7348 7357
f 7391 7357 7392
f 7390 7392 7356
f 7354 7353 7393
f 7354 7393 7394
f 7377 7395 7353
f 7378 7379 7377
f 7377 7379 7395
f 7396 7395 7379
f 7383 7396 7379
f 7383 7361 7380
f 7396 7383 7398
f 7381 7383 7380
f 7397 7383 7381
f 7397 7398 7383
f 7401 7384 7397
f 7385 7398 7384
f 7398 7397 7384
f 7384 7386 7385
f 7384 7401 7386
f 7399 7398 7385
f 7385 7386 7400
f 7399 7385 7400
f 7400 7363 7321
f 7397 7381 7387
f 7397 7387 7401
f 7387 7386 7401
f 7386 7387 7400
f 7387 7373 7389
f 7390 7388 7392
f 7374 7402 7403
f 7391 7402 7374
f 7402 7391 7392
f 7392 7388 7402
f 7395 7393 7353
f 7393 7395 7404
f 7407 7354 7394
f 7404 7395 7396
f 7399 7405 7398
f 7409 7321 7354
f 7321 7409 7399
f 7321 7399 7400
f 7389 7400 7387
f 7389 7363 7400
f 7403 7388 7355
f 7402 7388 7403
f 7365 7364 7366
f 7375 7374 7406
f 7404 7394 7393
f 7408 7409 7407
f 7407 7409 7354
f 7405 7396 7398
f 7396 7405 7404
f 7405 7399 7409
f 7389 7375 7363
f 7375 7412 7363
f 7355 7411 7403
f 7410 7375 7406
f 7412 7410 7406
f 7363 7411 7355
f 7406 7374 7411
f 7403 7411 7374
f 7412 7406 7411
f 7408 7394 7404
f 7394 7408 7407
f 7404 7405 7408
f 7409 7408 7405
f 7375 7410 7412
f 7412 7411 7363
f 7413 7414 7415
f 7414 7416 7415
f 7413 7417 7418
f 7418 7417 7419
f 7415 7417 7413
f 7416 7420 7415
f 7417 7421 7419
f 7415 7422 7417
f 7420 7423 7415
f 7417 7422 7421
f 7421 7422 7424
f 7423 7422 7415
f 7425 7414 7413
f 7414 7425 7427
f 7416 7427 7426
f 7414 7427 7416
f 7420 7416 7426
f 7420 7426 7428
f 7419 7421 7429
f 7429 7420 7428
f 7423 7429 7421
f 7420 7429 7423
f 7424 7423 7421
f 7422 7423 7424
f 7413 7430 7425
f 7433 7427 7425
f 7433 7425 7431
f 7428 7426 7427
f 7428 7427 7434
f 7434 7429 7428
f 7419 7429 7434
f 7436 7437 7435
f 7430 7438 7425
f 7438 7448 7437
f 7437 7436 7439
f 7418 7440 7413
f 7437 7444 7438
f 7437 7439 7444
f 7425 7438 7431
f 7443 7431 7438
f 7442 7431 7443
f 7431 7442 7432
f 7443 7438 7444
f 7440 7418 7445
f 7432 7434 7427
f 7442 7434 7432
f 7433 7432 7427
f 7433 7431 7432
f 7435 7446 7436
f 7435 7447 7446
f 7435 7448 7449
f 7450 7451 7413
f 7455 7454 7436
f 7413 7456 7450
f 7451 7430 7413
f 7448 7438 7430
f 7448 7435 7437
f 7454 7439 7436
f 7440 7456 7413
f 7457 7439 7454
f 7434 7441 7419
f 7444 7458 7443
f 7443 7458 7459
f 7439 7457 7459
f 7419 7445 7418
f 7441 7434 7442
f 7443 7441 7442
f 7444 7439 7458
f 7459 7458 7439
f 7448 7453 7449
f 7449 7453 7460
f 7449 7447 7435
f 7447 7461 7446
f 7451 7450 7462
f 7446 7455 7436
f 7448 7430 7452
f 7448 7452 7453
f 7464 7453 7452
f 7465 7460 7453
f 7455 7461 7454
f 7465 7466 7454
f 7461 7465 7454
f 7440 7445 7467
f 7467 7479 7440
f 7443 7459 7441
f 7445 7468 7467
f 7445 7419 7468
f 7462 7463 7451
f 7430 7451 7463
f 7446 7461 7455
f 7450 7456 7469
f 7469 7487 7450
f 7470 7471 7473
f 7474 7470 7473
f 7464 7452 7430
f 7472 7464 7430
f 7465 7453 7464
f 7449 7460 7447
f 7447 7460 7461
f 7460 7465 7461
f 7456 7440 7479
f 7479 7469 7456
f 7475 7473 7480
f 7480 7473 7471
f 7475 7480 7468
f 7475 7476 7474
f 7475 7478 7476
f 7474 7476 7470
f 7476 7477 7470
f 7476 7478 7477
f 7478 7475 7468
f 7468 7419 7478
f 7478 7419 7481
f 7441 7481 7419
f 7481 7441 7482
f 7441 7459 7482
f 7459 7457 7482
f 7482 7457 7483
f 7482 7483 7484
f 7457 7454 7466
f 7483 7457 7485
f 7450 7486 7462
f 7486 7450 7487
f 7469 7479 7491
f 7469 7491 7487
f 7487 7491 7488
f 7488 7471 7470
f 7491 7471 7488
f 7492 7488 7470
f 7477 7490 7470
f 7489 7470 7490
f 7479 7480 7491
f 7491 7480 7471
f 7490 7477 7496
f 7477 7481 7496
f 7478 7481 7477
f 7497 7465 7464
f 7479 7467 7480
f 7467 7468 7480
f 7481 7482 7496
f 7484 7498 7482
f 7465 7501 7466
f 7497 7499 7465
f 7485 7466 7500
f 7483 7485 7500
f 7485 7457 7466
f 7500 7466 7501
f 7499 7501 7465
f 7463 7462 7502
f 7463 7502 7503
f 7486 7504 7462
f 7487 7488 7486
f 7486 7488 7504
f 7505 7504 7488
f 7492 7505 7488
f 7492 7470 7489
f 7505 7492 7507
f 7490 7492 7489
f 7506 7492 7490
f 7506 7507 7492
f 7510 7493 7506
f 7494 7507 7493
f 7507 7506 7493
f 7493 7495 7494
f 7493 7510 7495
f 7508 7507 7494
f 7494 7495 7509
f 7508 7494 7509
f 7509 7472 7430
f 7506 7490 7496
f 7506 7496 7510
f 7496 7495 7510
f 7495 7496 7509
f 7496 7482 7498
f 7499 7497 7501
f 7483 7511 7512
f 7500 7511 7483
f 7511 7500 7501
f 7501 7497 7511
f 7504 7502 7462
f 7502 7504 7513
f 7516 7463 7503
f 7513 7504 7505
f 7508 7514 7507
f 7518 7430 7463
f 7430 7518 7508
f 7430 7508 7509
f 7498 7509 7496
f 7498 7472 7509
f 7512 7497 7464
f 7511 7497 7512
f 7474 7473 7475
f 7484 7483 7515
f 7513 7503 7502
f 7517 7518 7516
f 7516 7518 7463
f 7514 7505 7507
f 7505 7514 7513
f 7514 7508 7518
f 7498 7484 7472
f 7484 7521 7472
f 7464 7520 7512
f 7519 7484 7515
f 7521 7519 7515
f 7472 7520 7464
f 7515 7483 7520
f 7512 7520 7483
f 7521 7515 7520
f 7517 7503 7513
f 7503 7517 7516
f 7513 7514 7517
f 7518 7517 7514
f 7484 7519 7521
f 7521 7520 7472
